группа,territory_id,month,category,направление,величина,1,2,3,4,5,6,размер,"восстановление, мес."
шок,14,2023-09,Маркетплейсы,вниз,-0.15465534801864145,0.6192430163483237,1.0,0.6069925502439885,0.8763406461096974,0.24793759680347538,0.26289916214122955,10–20%,5
шок,15,2023-08,Все категории,вниз,-0.07581010674469901,-0.3561568017903515,-0.29340804664311076,-0.3259310944945451,0.74320616295302,0.9533302408513696,0.5903364265790334,5–10%,2
шок,15,2024-09,Транспорт,вниз,-0.1693818395885467,0.7533795105419209,1.7123444535933348,1.3108578729526443,,,,10–20%,
шок,15,2024-11,Транспорт,вниз,-0.1624312461549744,0.5813334120816083,,,,,,10–20%,
шок,18,2023-07,Маркетплейсы,вверх,0.3022586754591021,0.7010009235818591,-0.03752392448201632,-0.28021283819422743,0.006861315540456206,-0.3281298316144486,-0.11218308511655294,20–40%,2
шок,31,2024-04,Общественное питание,вниз,-0.283834811945729,0.9606232975152439,0.790732899501877,0.2259938277809742,-0.08595660424035002,0.20876064861625096,0.2312308756896482,20–40%,3
шок,35,2023-11,Общественное питание,вниз,-0.23598338104648509,-1.6000021004412106,-1.1626278128214094,-1.2701269657859224,-0.8222782879326668,-0.938899826004795,1.3398907038784478,20–40%,7
шок,35,2023-12,Общественное питание,вверх,0.6135572863900798,0.8317792560453776,0.8731250507069553,0.7008756983786409,0.7457300998625236,-0.13072708818995554,-0.3425522825584842,>40%,5
шок,35,2024-05,Общественное питание,вниз,-0.537756693938559,1.2416834470137808,1.2654865758250147,1.1701235017142393,1.353885733547689,1.0779279023914357,1.0943747695130654,>40%,7
шок,47,2023-12,Общественное питание,вверх,0.7121865257744258,0.95405284697912,1.0873568723874258,0.9252687269286479,1.0602695262104653,0.08028224436500446,-0.0007821552023008226,>40%,5
шок,47,2024-02,Общественное питание,вверх,0.09493733072728716,-0.21592836347069985,0.7968002384474677,-6.554720308991303,-7.1628369755286245,-6.354566302463061,-5.362794988522668,5–10%,1
шок,47,2024-05,Общественное питание,вниз,-0.6979337375606418,1.0827198485827785,0.9727737948582657,0.837866831388522,0.8753981911869279,0.8303441581917526,0.9443446976208552,>40%,7
шок,54,2023-12,Общественное питание,вверх,0.9415288062404557,0.921186289052574,0.9095071156856449,0.8978300027196948,1.0080706982677972,0.18922447136183704,-0.024885990036942404,>40%,5
шок,54,2024-05,Общественное питание,вниз,-0.7709673105132699,1.2614782292003757,1.2673474471906854,1.1360635159844432,1.144234970182852,0.9549837533901089,0.9820691581507562,>40%,7
шок,69,2023-10,Продовольствие,вверх,0.09492775086543581,1.1334703926300507,1.4682403148263847,0.8462245218344006,1.0535056111330035,1.150496346978664,1.173322397277971,5–10%,7
шок,72,2024-04,Продовольствие,вверх,0.17490169819939894,0.4221648904582405,0.26291422912021184,0.49084149673768385,-0.26372915799030805,0.09828565104580482,0.45986377533981787,10–20%,2
шок,78,2024-08,Все категории,вниз,-0.12873950578511106,-0.504759490697041,0.892007178043275,0.5920422146977239,0.7490855760530055,,,10–20%,
шок,78,2024-10,Общественное питание,вниз,-0.6667463679057102,1.0745351375024563,1.3753923246070663,,,,,>40%,
шок,82,2023-10,Маркетплейсы,вверх,0.359069581258483,-0.4565248637317316,0.10243381452505862,0.4368860096330398,-0.24537296270455647,-0.37315056738749336,-0.12479141473367475,20–40%,2
шок,185,2023-10,Общественное питание,вверх,0.1142545636715866,-4.589106063999484,0.0,0.0,-5.236666778658386,-4.279626250720092,-0.7222558210033684,10–20%,2
шок,185,2023-11,Общественное питание,вниз,-0.6385808746564798,0.17891948883224704,0.17891948883224704,1.1158612320546153,0.9446280300041519,0.30814513113228464,0.2961292171015069,>40%,1
шок,185,2024-06,Здоровье,вниз,-0.35731073568816374,0.6650214030228002,1.2260191556904296,0.6464254246347686,0.9020078596521695,0.2878548945623369,0.42917709068523446,20–40%,5
шок,185,2024-12,Все категории,вверх,0.11491288629847496,,,,,,,10–20%,
шок,188,2023-12,Маркетплейсы,вверх,0.30286153578163244,0.7310947823692467,0.46067818342689804,0.23148643790131712,0.3558804206428156,0.0,0.312660384041022,20–40%,3
шок,188,2024-08,Продовольствие,вверх,0.12970940677818632,0.11588384837517143,0.03348474423292599,-0.4442420150392805,0.05849221417825876,,,10–20%,1
шок,188,2024-11,Все категории,вниз,-0.09821077729256089,1.0192273901992568,,,,,,5–10%,
шок,191,2024-07,Здоровье,вверх,0.41437881913101027,0.07689807551770651,-0.00032166963679783653,0.004311905558995726,-0.5453179808506546,-0.21192710503153728,,>40%,1
шок,191,2024-10,Все категории,вниз,-0.066077452466768,-1.1198830130656598,0.7433113999352488,,,,,5–10%,
шок,195,2023-10,Здоровье,вниз,-0.1943666511671731,-0.26452842996772247,0.4659602991732884,-0.3526417415228069,-0.2550284534201225,0.17771986892098462,-0.2854245511665468,10–20%,1
шок,204,2023-08,Все категории,вверх,0.1521883242735722,0.8139130464159399,0.8677167676196451,0.559672571469252,0.22747936563120422,0.5477669115260687,0.7147932144566739,10–20%,4
шок,209,2023-08,Транспорт,вверх,0.15180656809661297,1.112419850716971,1.3327649976749008,1.050813319660372,0.8840264200120145,1.2196133478251863,1.3861337468676016,10–20%,7
шок,209,2024-04,Транспорт,вниз,-0.13016731668413062,1.0225425594961663,1.326479452481966,1.2716755725757516,0.37950084416029983,0.4860346641454731,0.7378401741829541,10–20%,7
шок,210,2023-09,Маркетплейсы,вниз,-0.08793617672870013,1.1063690449053039,0.7091407296720863,1.2206060832055732,2.2557630398557214,1.511030256278593,1.4706102992676928,5–10%,7
шок,218,2023-10,Здоровье,вниз,-0.2786223340365499,0.5980859896088042,0.3850194668243442,0.13145776456554464,0.08426355382868787,0.17016232100464423,-0.10685078299260535,20–40%,3
шок,218,2024-07,Маркетплейсы,вверх,0.09478746129850002,0.08040445002172628,0.419683322748812,-0.2648966521184641,0.3229796252140861,0.0692084123191862,,5–10%,1
шок,218,2024-09,Здоровье,вниз,-0.2835472156881709,0.9706063274533998,0.8753183994651844,1.1729034009355372,,,,20–40%,
шок,219,2023-08,Все категории,вниз,-0.08305133059887027,0.6315474134937542,0.935621869149475,0.398758443766247,0.9242899250083217,1.4989609125407388,0.648595907509053,5–10%,7
шок,222,2024-07,Маркетплейсы,вверх,0.07666322344347698,1.122856069621426,1.0326177650787975,0.8750922605842986,0.8493877909923621,0.810262825248448,,5–10%,
шок,226,2023-11,Маркетплейсы,вниз,-0.631277452904417,0.020187380990223793,0.17283555198676356,0.13641641453146353,0.07390932079798194,0.30975529697323734,0.19106084698814366,>40%,1
шок,228,2024-12,Маркетплейсы,вниз,-0.1732523257630767,,,,,,,10–20%,
шок,243,2024-05,Маркетплейсы,вниз,-0.6909565264212416,-0.38420348578092745,-0.33603830115492017,-0.3813306457738023,-0.31054879285870224,-0.30977572879532933,0.5656556372947943,>40%,4
шок,290,2023-10,Продовольствие,вниз,-0.053974953695774985,-0.04583111882408035,0.18024852773464087,0.4748540178093137,0.7057934307097848,0.09345233307882414,0.20881998784276548,5–10%,1
шок,297,2024-03,Все категории,вверх,0.12973809083957377,0.32526002817553945,0.17031739245373934,-0.02970540582768956,-0.07677896877006453,-0.23872298257202124,0.09737685882743218,10–20%,1
шок,300,2024-06,Общественное питание,вверх,0.19830856055449075,1.0073670302192312,0.777309066410154,0.7589053610307184,0.7776366482179355,0.3499694830154696,1.0255231339448851,10–20%,7
шок,304,2023-09,Здоровье,вниз,-0.3604071012524539,0.061269996543992025,0.39520963369853535,-0.33952857224213406,-0.12211722448758892,0.2450291751594622,-0.09669617749834723,20–40%,1
шок,314,2023-07,Транспорт,вниз,-0.050429162821688855,0.8670614141326469,1.4978758297516406,1.3986567054573884,1.7797426367559401,2.7545237301747276,4.338918815942806,5–10%,7
шок,316,2023-07,Общественное питание,вверх,0.0913692467698537,1.0181469533981768,2.139102569953842,0.5054207328848763,0.03410006363169655,0.5077600013282657,-2.293597688461755,5–10%,4
шок,316,2023-08,Все категории,вниз,-0.09117362993139189,0.2617764614164981,0.6236946395314618,0.8384571106845911,1.4130014560704713,1.4979115083924552,2.0449955173258414,5–10%,1
шок,316,2023-09,Общественное питание,вверх,0.1024208703471281,-0.4574010004863016,-0.8778642751174559,-0.4553141485103267,-2.954394083894109,-2.2006256914823843,-4.032715294176433,10–20%,7
шок,319,2023-07,Транспорт,вниз,-0.11174036188166703,-0.7675568313465513,-0.3682778230940788,-1.5471433520932543,-2.25913334017345,-3.1592106110481564,-1.014260306036809,10–20%,7
шок,321,2023-12,Общественное питание,вниз,-0.41037699909593695,0.7705226966115402,0.6493508884282141,0.3645726384812153,0.48901803627039975,-0.07295075272395274,0.3551305777672022,>40%,5
шок,323,2023-08,Продовольствие,вниз,-0.09900389722043101,0.9014161154343818,1.381915481439455,1.4682399662813328,0.7310737759763953,1.8916888271462085,1.5332215991164377,5–10%,7
шок,324,2023-11,Продовольствие,вниз,-0.057686530235054434,1.4026486099165236,1.698300664264156,1.835591322667063,1.6173979122544335,0.019996353818503527,1.0646674852528182,5–10%,5
шок,326,2023-07,Транспорт,вниз,-0.07638420998569728,1.6608024288876315,1.0688002905300262,-0.5599850047613875,0.3777130096033088,0.7153138049005163,0.5052420359331712,5–10%,7
шок,329,2023-11,Продовольствие,вниз,-0.05523736797761636,0.421234168989969,1.875460533438059,1.8221031708696567,1.9410942725989058,1.9329903633489802,2.213009279023256,5–10%,7
шок,331,2024-01,Транспорт,вниз,-0.4992233758408986,0.33673734508624914,-0.01182605654260382,-0.25047843074482834,0.1070560488473139,0.007328265737721768,-0.32933312879419474,>40%,2
шок,332,2024-09,Здоровье,вниз,-0.11162153116732298,-1.1418394217419001,0.34782984476558704,-1.293300694281286,,,,10–20%,
шок,334,2023-07,Общественное питание,вверх,0.2776624270121557,0.33289061073609105,0.6538556285227864,1.4253105155969508,0.27452069211744506,0.2641248831544339,1.1741027355717677,20–40%,1
шок,334,2023-08,Общественное питание,вниз,-0.18523121210561388,0.5188719826881025,-0.637542391760128,1.087496772730259,1.1030801375131798,-0.2609807902177382,0.8990086851616005,10–20%,5
шок,335,2023-09,Общественное питание,вниз,-0.3855013432026926,0.8845154843996017,0.9728634803104322,0.31727764288704097,0.40629228519150806,0.9537973259013435,1.2557831821408498,20–40%,3
шок,335,2024-09,Здоровье,вниз,-0.09892738906406429,0.013028944889205094,0.08921244612209735,1.6721065005139755,,,,5–10%,1
шок,336,2023-11,Маркетплейсы,вниз,-0.4656528024905304,0.21081631473957935,-0.08080186662431199,-0.5674215641753919,-0.2435299551913165,0.08954946459034147,0.08932636669693474,>40%,1
шок,336,2023-12,Продовольствие,вверх,0.09172360516957312,-0.29446018620452874,-0.0704691626146389,0.03368478619557166,0.4959484485925099,0.3864039944405097,0.5935486239527321,5–10%,1
шок,336,2024-01,Продовольствие,вниз,-0.1187325550271563,0.826961828585357,0.746500529025732,0.38939131290349965,0.4740169007118001,0.31399295272187483,0.4670194476383155,10–20%,5
шок,339,2023-07,Маркетплейсы,вниз,-0.8002036541334938,0.5883382434705188,0.31680821706936363,0.4979651428365326,0.1438375657355929,0.3461732611069345,0.12881301224413494,>40%,2
шок,339,2023-08,Транспорт,вниз,-0.1627423542346511,1.0466859343319472,0.6736100539860574,0.6166438068932113,1.3732483605034123,1.2222265779583963,1.1946027803925026,10–20%,7
шок,340,2023-10,Маркетплейсы,вниз,-0.5044708974052794,-0.46267911811487195,-0.5579337118836679,-0.9671363709536609,-0.5984087137661079,-0.22848032807024513,-0.0018582156900738133,>40%,5
шок,341,2023-07,Здоровье,вверх,0.29082802750904513,1.0725031021594509,-0.024938312243030742,0.10700888663595225,0.11664182124430529,-0.18361726881720325,-0.2892185594339416,20–40%,2
шок,341,2023-08,Транспорт,вверх,0.2135191939732719,1.3373189257506612,-2.2117321981714504,-0.45588797661015124,0.028056571144801586,-0.6566135252375596,0.07694889381593949,20–40%,4
шок,341,2023-10,Транспорт,вниз,-0.757790535349784,0.5052637563527436,0.36890490130752845,0.5618212816232117,0.3551287338295277,-0.17531284191852417,0.1646782101885253,>40%,5
шок,341,2024-07,Маркетплейсы,вверх,0.344150737837321,0.7516472126607784,0.022373973486064277,0.7486628668418539,0.040462295452323487,0.01584859945819815,,20–40%,2
шок,342,2023-08,Продовольствие,вниз,-0.05049168124370773,0.5107903851292032,0.8911789604945451,0.6466304154481549,1.2243481289770664,1.71343431761629,1.3039124351844291,5–10%,7
шок,342,2024-07,Продовольствие,вниз,-0.08845236754889463,0.7496505553784301,0.5540648543909904,0.580110207214663,0.8822706920802755,0.7514914849756145,,5–10%,
шок,343,2023-07,Транспорт,вверх,0.14853944988992662,-0.5822379870636086,-1.0453115230749375,-0.711033343212337,-0.6237864492385561,-0.47345133708772064,-0.4892082396026414,10–20%,7
шок,343,2023-08,Транспорт,вниз,-0.23502476019337326,1.2926699648203506,1.0814007483082573,1.026259300127192,0.9312450776271783,0.9412036948792917,0.5738035066218048,20–40%,7
шок,343,2023-09,Транспорт,вниз,-0.0687846882977059,0.278131540960219,0.08972324899588095,-0.2349230554458344,-0.20089627289496265,-1.456235844494009,-0.3726397874043633,5–10%,1
шок,348,2024-03,Транспорт,вверх,0.13259889905505862,0.5171382847217391,1.09037423880593,0.6515788742225969,-0.49821062121926135,-1.2613230347621436,0.027283773619420915,10–20%,6
шок,366,2023-10,Транспорт,вниз,-0.20886264620769168,0.051338865139601085,0.30337763388889577,0.29306845904651285,0.5865457579136147,0.22997302494238586,0.30097219795070207,20–40%,1
шок,367,2024-11,Общественное питание,вверх,0.2546761364706036,1.4224566099469316,,,,,,20–40%,
шок,370,2023-09,Транспорт,вниз,-0.22543703783518865,0.3453344316745482,0.8113062193009447,0.4646852563081818,0.3497949391005097,1.0215980803794045,1.0727809992079604,20–40%,7
шок,370,2024-10,Общественное питание,вниз,-0.24785222534048312,1.3030429151628908,1.6017923540438657,,,,,20–40%,
шок,370,2024-12,Общественное питание,вниз,-0.07404571324587028,,,,,,,5–10%,
шок,376,2024-04,Транспорт,вниз,-0.5198849847196785,0.62308805661434,0.43210496373141716,0.5107194038548581,0.7323716654943124,0.7569270121670205,0.5029826354517289,>40%,7
шок,393,2024-10,Здоровье,вниз,-0.21203372033445422,0.5175311478200676,0.3112630550398217,,,,,20–40%,2
шок,396,2024-12,Транспорт,вниз,-0.267894063697927,,,,,,,20–40%,
шок,401,2023-07,Общественное питание,вверх,0.3483917025270884,0.5489841854911836,-0.1700794968668211,-0.43642156292698175,0.32468246282909374,0.19965524574117519,-0.3572000439912065,20–40%,2
шок,401,2023-08,Здоровье,вниз,-0.39653855133924143,0.5166047873079723,-0.3589385986301059,0.349951361033667,0.28407060981512594,0.49764577706657154,0.9154990808407938,20–40%,4
шок,401,2024-04,Все категории,вниз,-0.09803655789405141,0.4950902849854254,1.1280091379699595,-0.23861799482179197,-0.010826787278450076,0.4380397471631746,1.5594340339378459,5–10%,3
шок,401,2024-07,Все категории,вверх,0.13397942002352003,0.8333186850476113,0.5048702563056191,-0.31568588506403333,-1.0333124695961728,-0.11130076031915057,,10–20%,3
шок,402,2023-11,Общественное питание,вниз,-0.17708997127482995,-0.6138481573602536,0.06112753064185314,-1.2831957750754057,-0.21308696757396917,-0.20856107129424264,-0.50201549840608,10–20%,2
шок,402,2024-12,Здоровье,вниз,-1.3379277828214304,,,,,,,>40%,
шок,403,2024-12,Транспорт,вниз,-0.15177182639250564,,,,,,,10–20%,
шок,405,2024-04,Общественное питание,вверх,0.07369881516694576,0.5704968403754379,1.390931887229745,1.049914142043566,1.214364151756097,2.55306578944364,1.0265115246964303,5–10%,7
шок,408,2024-07,Продовольствие,вверх,0.05097871466520587,-2.0740795578970994,-2.091248758024417,-0.9705052252529642,-2.3303066073493595,-0.3748732113894546,,5–10%,
шок,408,2024-08,Продовольствие,вниз,-0.15671262464017843,1.00558515152388,0.6410065803895256,1.0833508192050627,0.4472471142971885,,,10–20%,
шок,408,2024-09,Общественное питание,вверх,0.3430038351499247,0.24554001698203892,0.11932788458951606,0.6666551711215977,,,,20–40%,1
шок,408,2024-10,Маркетплейсы,вниз,-0.23474074419501356,-0.059432230076188516,0.31481827109957805,,,,,20–40%,1
шок,413,2023-11,Общественное питание,вниз,-0.0726211699248216,-0.5588463971524877,-2.5257036104323065,-0.867814975675125,-0.13197843391904612,-1.4186200560067896,0.48396146185909344,5–10%,4
шок,413,2024-01,Продовольствие,вниз,-0.14168398921462355,0.8936336271865783,0.7108684025568045,0.41099449653247694,0.498781863784937,0.4665079442316351,0.6815643061969211,10–20%,7
шок,413,2024-02,Транспорт,вниз,-0.20601448951225887,0.6918246334343867,1.1345121956374982,0.7412287786662841,0.9044724993970773,0.8541783645434251,1.089346049500381,20–40%,7
шок,413,2024-06,Здоровье,вверх,0.4311947622721073,0.6137532257098853,0.48263878163007684,0.08781656902439781,0.5639570069290047,0.6768837830792273,0.5090975544067841,>40%,3
шок,414,2023-08,Все категории,вверх,0.08781981447367926,1.9685248025914057,0.47893565285728723,0.6458737416325127,0.5509085513280434,0.09782813735391012,-0.13292589258742601,5–10%,5
шок,416,2023-11,Общественное питание,вверх,0.17643609022086704,-0.6161231096084329,0.06135407235513356,-1.3134245507584876,-0.21387667862893872,-0.20933400914921146,-0.5038759931766988,10–20%,2
шок,416,2024-03,Все категории,вверх,0.11475694506044398,1.0477998953234513,0.34776421796137813,-0.14338994812051123,0.341157095967372,0.12670175686610083,-0.14377811524787923,10–20%,3
шок,416,2024-09,Транспорт,вверх,0.10799357473924598,0.6085330332375548,1.0073066860208713,-0.6829426440600367,,,,10–20%,
шок,429,2023-10,Продовольствие,вниз,-0.15974591347621292,1.1683141662852647,0.9796263958937999,0.7039030922700641,0.48245026516369544,0.4343357078901468,0.33233254118843025,10–20%,6
шок,433,2024-03,Здоровье,вниз,-0.3335683959475517,0.2293780656871607,0.5264043364651131,0.9103483053115793,0.4505842574313471,0.6845280206154403,0.4728956110544707,20–40%,1
шок,433,2024-06,Продовольствие,вниз,-0.11122102049492355,-0.019569108894284412,0.13075517526004263,-0.07665147920215781,-0.022655631568071526,0.07110209920632617,0.5649874032948058,10–20%,1
шок,436,2023-10,Общественное питание,вверх,0.3389087726789546,0.4155550587931221,0.056793128207691154,0.32017107507542203,-0.46536387636804644,-0.2849031462267664,0.20043398940150806,20–40%,2
шок,440,2023-10,Все категории,вверх,0.121541487890104,1.2546946753052879,0.6835524115610594,0.8711910806659073,0.6379249100438672,0.530101797467856,0.41205324724311165,10–20%,7
шок,445,2023-11,Маркетплейсы,вниз,-0.28204720616465284,0.45561102789785346,0.5436252664407918,-0.07623388525009568,-0.051792597943689046,0.14414256231364372,-0.42305332717283606,20–40%,3
шок,449,2023-11,Здоровье,вниз,-0.3526795050616709,1.2064109907325862,1.1118320196167544,0.43394643498605445,-0.05906155377121864,-0.19423073812083302,-0.0829769508929719,20–40%,4
шок,449,2024-03,Здоровье,вверх,0.17387381346636488,1.2741724017299108,1.0485091472493921,0.8001755793664794,0.8395673215641054,0.5988992872215277,0.775905765446016,10–20%,7
шок,451,2023-07,Маркетплейсы,вниз,-0.20326977347078845,0.25928553236972707,1.1278664233322246,1.2363890796974624,0.7532039607284942,0.8749000923537782,-0.2842497274356087,20–40%,1
шок,492,2023-07,Здоровье,вверх,0.26657546458536974,0.23316975466226786,-0.1445785598594818,-0.9145194950044456,0.8794725541202082,-2.292786879823852,0.522064399761047,20–40%,1
шок,503,2023-09,Общественное питание,вниз,-0.6711796945160176,0.7558353861266238,0.9834916490617097,0.45438631525080964,1.5581671938240362,1.2380864461390781,-0.1053897836620057,>40%,6
шок,522,2023-07,Здоровье,вниз,-0.15995440746501632,0.49505614510015156,-0.4722082195765317,0.39529916931772013,-0.13755251903165597,-0.2561466250672579,-0.908808629401117,10–20%,4
шок,525,2024-05,Все категории,вниз,-0.10651197046024308,1.6600521415306426,1.598776828933235,1.5415739457471158,1.131509479586474,0.8505673965166712,0.5434375303879054,10–20%,7
шок,525,2024-06,Все категории,вниз,-0.07030345420093198,0.9071659513817927,0.8205017629231849,0.19924104674746915,-0.2263951498389183,-0.6917066711628855,-1.3839228243846797,5–10%,3
шок,556,2023-10,Маркетплейсы,вниз,-0.2304219970794481,-3.2169107047741705,-5.084139718658048,-5.3629973425284945,-5.2716568294136685,-4.989900261917453,-6.209774565357532,20–40%,7
шок,556,2023-11,Маркетплейсы,вверх,0.9716689860997674,1.4427954833783643,1.5089238990345786,1.4872633708637035,1.4204474984817663,1.70972901019578,1.6174384927127259,>40%,7
шок,558,2024-11,Все категории,вверх,0.1458294865918699,0.6355789092964548,,,,,,10–20%,
шок,578,2024-06,Продовольствие,вверх,0.06747088188839001,0.32744840521161367,0.7979181031636349,0.7134669271905472,1.3994880710415336,1.1790798845427255,0.912265386736229,5–10%,1
шок,580,2023-08,Все категории,вниз,-0.07165251535451134,0.5528124584760084,0.8598531510667314,0.740043410585452,1.8008662459973086,1.5485875055178933,1.302670040756605,5–10%,7
шок,580,2024-03,Транспорт,вверх,0.25296568533059727,1.7247292140288053,0.508451334576043,0.36583226711830663,0.2848015525839517,0.3091023175782405,0.20080416984003338,20–40%,4
шок,587,2023-11,Продовольствие,вверх,0.0889700325004057,0.4539401107578537,-0.5389620597442262,-1.1343555916055776,-0.8742206685233177,-0.9648826125823481,-0.7603780167354952,5–10%,7
шок,592,2023-10,Продовольствие,вниз,-0.08009222504243674,0.5773268576363728,1.1092759039569262,1.316250568223184,0.8532940207040234,0.5971408105517694,1.2229024624620446,5–10%,7
шок,593,2024-01,Общественное питание,вниз,-0.12484825391847831,-1.5312668226469706,0.43049104915885533,-0.6041874564119504,-1.7524844613276274,-2.5781526727329975,-2.44365560299924,10–20%,7
шок,594,2024-05,Здоровье,вниз,-0.1154677253877896,0.4756930470741885,1.0316407393525686,-0.43891245499696585,0.3328881038364304,0.42126825298011084,0.3280260329851005,10–20%,4
шок,599,2023-12,Общественное питание,вверх,0.35985976813063747,0.183263317352211,0.22179231265302018,-0.16765594296983646,-0.2160977786511831,-0.3755505363785126,-0.13811607998378914,20–40%,1
шок,599,2024-01,Общественное питание,вниз,-0.2939106732414194,0.9528256828432126,1.4296602170290649,1.488971665517337,1.6842032023333369,1.3934920570655847,1.0505164973114784,20–40%,7
шок,602,2023-07,Все категории,вниз,-0.10944493343451,1.363886279900003,0.8982875462405452,0.8982627955396663,0.7153914693285875,0.8402383826623645,1.196255169251742,10–20%,7
шок,602,2024-11,Продовольствие,вниз,-0.1632591901595628,0.05234304292419809,,,,,,10–20%,1
шок,605,2023-07,Транспорт,вверх,0.06346002546751706,0.003273483757079628,-0.8499008325203613,-0.16618893280487929,-0.008037440751659002,0.8669582938378881,-0.5222362366511089,5–10%,1
шок,606,2023-09,Транспорт,вниз,-0.1422143651443557,0.09438897432737305,0.3960032138396768,-0.21235809442504724,-0.04556268878396885,0.08679903961378983,0.9677491243272738,10–20%,1
шок,606,2024-10,Все категории,вниз,-0.11404976086062568,0.589133524590543,0.8034333503627428,,,,,10–20%,
шок,614,2023-10,Маркетплейсы,вверх,0.3431178119770113,0.33026745876823044,0.5399211183056547,0.47975125766918636,0.5399211183056547,0.4402618016112198,0.12214094718136413,20–40%,1
шок,615,2023-07,Здоровье,вниз,-0.26178802218247554,0.7925455313385081,0.14100593212558568,-0.2491052363999569,-0.622845110420442,-0.13030801337105238,-0.6769367034374258,20–40%,2
шок,615,2024-12,Транспорт,вверх,0.12606970262238892,,,,,,,10–20%,
шок,618,2023-08,Здоровье,вверх,0.21420819745145714,0.9129542611926788,-0.13228516067830037,0.9686779027914852,0.0,-1.426319559634875,-0.2838673876577646,20–40%,2
шок,618,2023-12,Общественное питание,вниз,-0.6251741969737399,0.8453365251674958,1.3050388901222105,1.4337116553640157,1.4698059700787678,1.730645885325622,0.36137958887253435,>40%,7
шок,618,2024-06,Маркетплейсы,вниз,-0.40175701965728905,0.42733113703713016,-0.20153095877294422,-0.2576249756034108,0.17673591115000023,0.21264724670271296,0.5959676642926687,>40%,2
шок,619,2023-09,Маркетплейсы,вниз,-0.40169615786430324,0.5399698074937107,0.49260762852582646,0.07819937895942142,0.06243781101905913,0.6385156896027439,0.1941453314491703,>40%,3
шок,619,2024-11,Все категории,вниз,-0.10522771093241268,-0.19746856303109617,,,,,,10–20%,1
шок,621,2023-07,Общественное питание,вверх,0.32219939444249057,1.1877339576283061,0.8580841598930309,0.6084309877939598,1.210420063944216,1.5044056939987311,0.963838502507138,20–40%,7
шок,678,2023-09,Маркетплейсы,вниз,-0.06410006221916831,1.106728492807938,0.25803216164536497,2.8271598244231217,1.7802602239406395,4.363807126042559,4.820700349103197,5–10%,2
шок,685,2023-08,Общественное питание,вверх,0.9215331208669761,1.2652844359741304,1.3112951973207803,1.2637843484884128,1.3939885945184456,1.2469687263354066,1.3021891469435138,>40%,7
шок,691,2024-09,Транспорт,вниз,-0.48598559464995894,0.3878358927728297,0.22158959562345595,0.432056416464333,,,,>40%,2
шок,699,2024-12,Общественное питание,вверх,1.1544496983529449,,,,,,,>40%,
шок,708,2024-02,Маркетплейсы,вверх,0.3126734547517138,1.168853153093081,1.5613353455610626,1.7591697105967314,1.5458494175195223,1.6706643119318736,1.6819515280389132,20–40%,7
шок,716,2024-03,Здоровье,вверх,0.21251768118288172,1.0514637029487666,1.488839674483894,1.4598040307978126,1.4932358307168114,1.3928229020833698,0.4737061545104748,20–40%,7
шок,718,2023-09,Транспорт,вниз,-0.3363119583431242,1.6418121540894728,1.664515949828421,1.1607265703551988,1.1862505475586733,1.4802688043942545,1.1192915648427233,20–40%,7
шок,720,2023-09,Общественное питание,вниз,-0.1778903420856235,1.0540864439637394,2.0207601796137324,1.442304780439506,0.6775257943475319,0.7093078756058151,1.1105978567957027,10–20%,7
шок,726,2023-07,Все категории,вверх,0.13189134328426277,0.9131114229203408,-0.5099614117527127,-0.47069565553173753,-1.0839070463922702,-0.7114933716767152,-1.0652206047483699,10–20%,7
шок,726,2023-09,Все категории,вниз,-0.1876909877563726,0.9724077677092359,1.4033143073603958,1.1416174597769648,1.390183256588709,1.1174186377964022,1.2441329560587187,10–20%,7
шок,746,2024-01,Общественное питание,вниз,-0.7647588177570626,1.3398861258405776,1.1250638894430842,0.8448283001738884,0.6267868180581907,0.6777981136426607,0.6511014932479057,>40%,7
шок,764,2023-10,Здоровье,вниз,-0.7280411145867136,0.9735308037416764,1.226547851917513,1.062924263566508,0.6933276496689259,0.48591210680869273,0.3425756062878442,>40%,7
шок,779,2023-12,Продовольствие,вниз,-0.05623906676431467,0.37779114327058055,0.5785024897436206,0.7041571672792281,1.1541309954631684,0.682462093343709,0.5964616457633057,5–10%,7
шок,788,2023-12,Общественное питание,вниз,-0.3086678651656216,1.0240348350805366,0.6623121304591513,1.4438633293633474,1.1617245793057422,1.3944107002965933,1.4177262455112014,20–40%,7
шок,790,2024-05,Продовольствие,вниз,-0.07025778720287512,0.8853290227228497,0.6186472140706467,1.1784241568698102,0.746510429452876,0.7296218995930891,0.5140360699135114,5–10%,7
шок,796,2024-11,Маркетплейсы,вверх,0.19436515312385794,0.6036103134577083,,,,,,10–20%,
шок,798,2024-05,Общественное питание,вниз,-0.3360458730125906,0.531358232458102,0.5146988876441827,1.0124889841854086,1.191310116395462,1.5822711321043175,1.1563978510091475,20–40%,7
шок,801,2023-10,Продовольствие,вверх,0.05866312580249122,1.2329302886254805,0.7354769428886198,0.6464431698983286,0.9475517973466353,0.9953599090881579,0.4916520262058154,5–10%,7
шок,801,2024-03,Общественное питание,вверх,0.24621735441228854,0.9461455146904363,0.7217436479212053,0.2751550390891464,0.24847723263659088,-1.2703752541077684,-2.0215722354838443,20–40%,3
шок,846,2023-10,Продовольствие,вниз,-0.07071368690253443,0.5324886593468546,0.14652425504666078,-0.09279429610953137,-0.1442955259441462,-0.4691363908636572,-0.38381534653876215,5–10%,2
шок,849,2023-12,Продовольствие,вниз,-0.0953694905647069,0.07669730593845885,-0.45843438227027816,-0.42147122059620606,-0.5251193451329151,-0.5786897304877154,-0.7362266441814467,5–10%,1
шок,855,2023-09,Общественное питание,вниз,-0.5012907664654982,0.11239821211857384,0.6803994384463209,0.3013109796119124,0.6997725264520994,0.566133073027281,0.1271081121614667,>40%,1
шок,870,2024-07,Транспорт,вверх,0.3486991808080493,0.8354412766474526,0.8173283410796276,1.0200547498885808,1.1063642306117947,1.0143373543331085,,20–40%,
шок,884,2023-11,Здоровье,вниз,-0.3089954104127637,1.0495319557296479,0.4626337329973373,0.23537296901038768,0.46856242065694004,0.867716864971905,0.5327957214006495,20–40%,3
шок,888,2024-12,Маркетплейсы,вверх,0.21829782393108843,,,,,,,20–40%,
шок,891,2024-05,Продовольствие,вниз,-0.12922144232934407,1.5049901274529671,2.1316067156049225,2.200699205958426,2.0494983933961164,1.4230466160799793,0.7447561656499132,10–20%,7
шок,899,2024-05,Все категории,вниз,-0.09608633635605734,0.6797324742610803,0.5977398556101573,0.6815650910032949,0.6612665360961225,0.6551457600692095,0.3401460733137411,5–10%,7
шок,902,2023-10,Здоровье,вниз,-0.615417593438802,1.0053089103191173,0.9137662192366288,0.5801248772910566,0.4291788950623064,0.35249258907074804,0.38020689429348753,>40%,7
шок,907,2024-11,Маркетплейсы,вниз,-0.5414757223616027,0.6028107093290693,,,,,,>40%,
шок,912,2024-03,Общественное питание,вверх,0.19013480443978636,0.47991658259763015,-0.05936665521321136,0.00845741367715412,-0.0970224764988484,0.2689476788835649,0.6870426291569094,10–20%,2
шок,917,2023-07,Здоровье,вверх,0.11935444159648245,0.889801758528003,0.02012348079089292,0.07202339244125289,-0.27878918287961524,-0.1958912200621058,-0.28882858624516516,10–20%,2
шок,922,2024-07,Общественное питание,вниз,-0.5539420138495146,0.919033824761419,1.0356477075959785,0.8650627238248796,1.0,1.160810387778039,,>40%,
шок,930,2024-07,Все категории,вниз,-0.05950856261861048,1.0543315042284995,1.6890567209528438,0.21129982273799258,-1.0926910149403815,-0.5039608901965065,,5–10%,3
шок,1005,2023-10,Маркетплейсы,вверх,0.12548676666181002,0.18578280856552123,-0.19776890283807355,0.3032867118517805,-0.026208095796474876,0.0990290911720143,-0.22236637088591593,10–20%,1
шок,1015,2024-10,Все категории,вверх,0.08624239356775121,0.9790210029258567,0.8836485753119826,,,,,5–10%,
шок,1020,2024-06,Общественное питание,вниз,-0.5431012959761308,1.2337223638451507,1.4336610604423545,1.0600771715133965,1.2989887524976742,1.0995058465476941,0.5065093006795651,>40%,7
шок,1033,2023-10,Продовольствие,вниз,-0.07851480462283789,0.7501061747243174,1.367780496610497,1.1824692706045075,1.132150014319494,1.1458945295667848,0.6666812079124649,5–10%,7
шок,1059,2024-03,Общественное питание,вверх,0.6523123861216087,1.121280420848957,0.9947942482594584,1.4488412807056754,1.564937913604504,1.1327137206082152,1.0230654324668542,>40%,7
шок,1059,2024-04,Общественное питание,вверх,0.07911272071381603,-0.042923265800874126,3.700855237505019,4.65811307093071,1.0942716036044864,0.1901826552496878,-0.11985092769466049,5–10%,1
шок,1060,2023-07,Здоровье,вверх,0.2940163616861664,-0.029283633350263,0.3268364883144505,0.27355865130906043,0.09876586610683567,0.1986312687274914,0.05236429502500835,20–40%,1
шок,1062,2024-10,Общественное питание,вниз,-0.3575550693748104,1.269754110437065,-1.313256595219936,,,,,20–40%,
шок,1065,2024-08,Общественное питание,вниз,-0.4326160971741144,0.9861198404775481,1.2043635406115525,0.913518884718316,1.6355232175600007,,,>40%,
шок,1066,2024-05,Общественное питание,вверх,0.4251525185783711,1.2131937861503783,1.4869172067432934,0.2618906693096214,0.13277393081610045,0.18240587308293116,0.02195554257027576,>40%,3
шок,1066,2024-08,Общественное питание,вниз,-0.5208231177152669,1.1053991358946473,1.0648841423412787,1.195861166601329,1.3221514506706,,,>40%,
шок,1068,2024-08,Общественное питание,вниз,-0.4765704356806859,1.2634176088638815,0.9456410461155823,0.8649968169756758,1.1144914967544985,,,>40%,
шок,1115,2024-02,Общественное питание,вниз,-0.853181326221681,0.8051322389507698,0.8245843467169763,0.6494668900553378,0.7126243199855046,0.4701155669092891,0.4198708743417404,>40%,7
шок,1117,2024-05,Транспорт,вниз,-0.19006229814368236,0.5357826852368224,0.39134486698924226,0.08872453777748303,-0.023429646124148797,-0.5338713835432604,0.044464709695212185,10–20%,3
шок,1117,2024-11,Все категории,вверх,0.06975337313292407,-0.4952339149614364,,,,,,5–10%,
шок,1118,2024-12,Маркетплейсы,вниз,-0.37062163958188776,,,,,,,20–40%,
шок,1124,2023-07,Маркетплейсы,вниз,-0.2906749738409715,-0.48237802850811834,0.13009930837636313,-0.4083338918436167,0.26502060525028476,0.2469801272597569,0.0615407545664652,20–40%,2
шок,1124,2024-05,Транспорт,вверх,0.3838450339729391,-0.516520574562299,-0.24222455145268038,0.4448246518896172,-0.12299747519077271,-0.3368767410335793,0.14668777819039702,20–40%,2
шок,1124,2024-06,Транспорт,вниз,-0.5821088914635268,0.8191280568753335,0.3660849430088468,0.7405092248846635,0.8815421059614909,0.5626776425739476,0.5128056548150709,>40%,7
шок,1151,2023-09,Общественное питание,вниз,-0.2159307293512578,1.3783257298047247,1.3056106724975374,2.2624200706382847,2.139841826376562,1.917852152639934,1.4890189304920727,20–40%,7
шок,1151,2023-11,Здоровье,вниз,-0.12719230245659485,1.5305824275522504,1.1191575271926644,1.3498245249416174,1.5307903363031938,1.9292626209209334,1.0707496181517284,10–20%,7
шок,1152,2024-03,Транспорт,вверх,0.4931638378676171,0.5314733971470019,0.24100842914228368,0.12580485046670434,0.21288604794599955,0.7188939543840052,0.5919068673344244,>40%,2
шок,1153,2024-04,Общественное питание,вниз,-0.3387570023881965,1.269622359293446,1.6694276952684775,2.0757372283158406,1.6603847641040308,1.9175270662429462,1.9181175604884055,20–40%,7
шок,1154,2024-11,Маркетплейсы,вниз,-0.16939169544615318,0.07619884002527577,,,,,,10–20%,1
шок,1165,2024-12,Транспорт,вверх,0.11967868013002914,,,,,,,10–20%,
шок,1166,2024-11,Маркетплейсы,вниз,-0.1494274708790737,0.29630113512378436,,,,,,10–20%,1
шок,1178,2023-07,Здоровье,вниз,-0.6638373700127511,0.6685349459759884,1.0099581267986448,1.1752054575084234,1.0808484502373314,1.3184936443864117,1.2401948131688112,>40%,7
шок,1179,2024-02,Все категории,вниз,-0.1699376330297362,1.0773173319538463,1.4067667943035524,1.5354703654373885,1.5375681137513182,1.0693499086995355,0.6102920022418035,10–20%,7
шок,1179,2024-03,Транспорт,вниз,-0.31892270828794267,0.961651948150699,1.5055919618060474,1.7220949434032313,1.2421321055866583,0.3347491869033717,-0.3744496648332276,20–40%,7
шок,1184,2024-03,Транспорт,вниз,-0.19625036848853217,0.057041390520910944,1.3955301930196273,-0.037482146543415015,0.06809653363049024,0.3307696583409188,-0.6992374703106113,10–20%,1
шок,1184,2024-10,Здоровье,вверх,0.23501598683235514,0.5651128992731259,0.6356842475445218,,,,,20–40%,
шок,1189,2023-11,Общественное питание,вверх,0.4377229274763046,1.1982375290714307,1.3042045679027952,1.2587649979314561,1.0631486756718302,1.16409857966843,0.1881529014177468,>40%,6
шок,1194,2024-06,Здоровье,вниз,-0.4150701676557498,0.798186130235855,1.2065011533494978,1.1679434665795698,1.270825714437644,1.0858142988061554,1.0016222034192008,>40%,7
шок,1194,2024-07,Продовольствие,вниз,-0.0831617153316877,0.2340703565015684,0.58263300897692,0.8332135521803042,0.8681026771958741,0.9680740316145684,,5–10%,1
шок,1201,2023-08,Маркетплейсы,вверх,0.3084051327529487,-0.39899136166880295,0.49052987882778326,-0.5570319033606411,-0.012917467093785412,0.25430895688649413,-0.10298958819058651,20–40%,4
шок,1201,2023-09,Маркетплейсы,вниз,-0.4314561166156956,0.3641695975624106,1.1129674893083812,0.7240341111795824,0.533020477141474,0.7884177260929421,0.6030437080778361,>40%,7
шок,1201,2023-10,Продовольствие,вверх,0.07854318100796931,1.5296058105450019,0.5344699234292922,0.5380870818885034,0.935407210363137,0.5029130763418443,0.36926450404261846,5–10%,7
шок,1208,2023-09,Маркетплейсы,вверх,0.24153419540847665,1.3446419100220492,1.1669794519413852,1.5096596222662695,1.6053922842013877,1.2510456193563142,1.0770058901538984,20–40%,7
шок,1214,2023-08,Все категории,вниз,-0.10346785376440515,0.7598999279353758,0.4854811283052175,0.6619502698180082,0.2775062583666405,1.6259771912831327,1.2122868202446757,10–20%,4
шок,1217,2023-10,Продовольствие,вниз,-0.20646948738816917,0.9637930698233095,0.6379110474829417,0.7457883724197643,0.6161419151935404,0.331514782670111,0.42445879319635005,20–40%,5
шок,1221,2023-08,Все категории,вверх,0.140410541059385,0.5005481345480308,0.863084423079165,0.41739684569200236,1.0284310039562279,0.7679582043907726,0.9352901517237505,10–20%,7
шок,1253,2024-05,Продовольствие,вниз,-0.07378097883083257,0.8365204470427772,0.9143579007951915,0.722194632732243,0.8745128031208276,0.7169095937540522,0.5339988619507581,5–10%,7
шок,1267,2024-02,Маркетплейсы,вверх,1.4026802850414848,0.9407989657168444,1.2457280461469862,1.155669330588588,1.2320721156991818,1.2051292320201423,1.191012964574732,>40%,7
шок,1271,2024-04,Общественное питание,вниз,-0.9508611953942694,0.6290435163036074,0.7544356470298944,0.8142647734442237,0.9409076745237608,0.9598455771759103,1.0517130330431383,>40%,7
шок,1279,2023-11,Продовольствие,вниз,-0.07482372065082288,1.5124522911742284,0.301037549109711,-0.10540422878494499,-0.24197732047562004,0.1728853816932396,0.3231223950814521,5–10%,2
шок,1282,2023-09,Маркетплейсы,вниз,-0.3144533690640543,-2.173371779370206,-3.56980458559215,-3.3484858300600093,-3.655368800641898,-3.7088102991604024,-4.11665257610512,20–40%,7
шок,1286,2023-09,Продовольствие,вверх,0.13976878241586377,1.7335126289557237,1.891933362894987,1.7455041680584482,1.8007966484369422,1.982526298566424,1.0583813816772099,10–20%,7
шок,1286,2023-10,Продовольствие,вверх,0.10252216703580075,1.215975468840668,1.016348101763151,1.0917285085834287,1.3394810938227641,0.07959151536398958,0.7923409536217648,10–20%,5
шок,1301,2024-08,Маркетплейсы,вниз,-0.3124224157578155,0.5030727814351215,0.735964578460203,0.43750884500764586,0.44523562093647756,,,20–40%,
шок,1305,2024-05,Продовольствие,вниз,-0.1413123776494274,1.9107569282201424,1.995617554412151,2.6176284597482202,2.188260132317919,2.1276773337689106,0.5906512692332092,10–20%,7
шок,1305,2024-06,Все категории,вниз,-0.11317192709313062,1.8254576953803539,1.44738444814331,0.811622513092381,0.8712709499770491,-0.4634119997459554,0.014388604809464496,10–20%,6
шок,1305,2024-07,Все категории,вниз,-0.09341863812004902,0.541983496728036,-0.2282097410465337,-0.15594869457681315,-1.7728491816550884,-1.194018058958656,,5–10%,2
шок,1305,2024-11,Все категории,вверх,0.1510486414784964,0.6420119065321236,,,,,,10–20%,
шок,1309,2024-05,Продовольствие,вниз,-0.11625690938965683,0.48215656488545866,0.6897433263878826,0.8929520496677722,0.7369146273936786,0.9249925049685365,0.3460601239731119,10–20%,7
шок,1312,2023-09,Все категории,вверх,0.15482005755618466,0.5398984991307905,0.5051822634041482,0.977171621591684,1.0443249547865716,0.6145226666554398,1.140187725763935,10–20%,7
шок,1314,2024-12,Здоровье,вверх,0.12312458001470095,,,,,,,10–20%,
шок,1319,2024-05,Маркетплейсы,вверх,0.15585231867193095,-1.6812518813853419,-2.214059103743952,0.4338712789790977,-0.3288018104888895,-1.082233776967875,-0.2164020374209648,10–20%,4
шок,1319,2024-06,Маркетплейсы,вниз,-0.4178793226573827,1.1987158409314833,0.2111434307799521,0.4955900710836342,0.7765901411291624,0.45366943921452,0.29980226613937444,>40%,2
шок,1319,2024-08,Здоровье,вверх,0.23254767351745542,0.09886024992607881,1.1623890676609574,-0.31183594080352456,-0.29270314843983164,,,20–40%,1
шок,1324,2023-07,Общественное питание,вверх,0.5278475855010152,1.1962860594749392,1.006020981862125,0.9291355277767054,0.7208593397658851,0.7910848673715464,1.0418015689071762,>40%,7
шок,1324,2024-07,Общественное питание,вниз,-0.5989037850505818,0.07631671708020868,0.14680823225991546,0.2643995345512363,0.18172684711863385,0.5218821955848633,,>40%,1
шок,1330,2023-11,Транспорт,вверх,0.3470810436251295,0.24375626817150328,0.4720005160628307,0.23914998031535062,0.5036502349254183,0.16376354164680734,0.6984921323501838,20–40%,1
шок,1336,2024-03,Общественное питание,вниз,-0.6309169946487603,0.8653551676502569,0.7449937712197573,0.775764134179559,0.7084679500858494,0.5577027310015787,0.19804125171827353,>40%,6
шок,1339,2024-04,Продовольствие,вниз,-0.09230573956401678,0.9044130978154731,1.3324508417640821,0.562140483287179,0.5611456224865498,-0.1696011522596157,1.0005260750529426,5–10%,5
шок,1339,2024-05,Маркетплейсы,вниз,-0.1072652028261043,2.898693243795559,0.5563069970215886,-1.4779222032247485,-1.0113819875734653,1.2812106191668025,-1.0098371247476756,10–20%,7
шок,1339,2024-06,Маркетплейсы,вниз,-0.20366371590028454,-0.2336833527102316,-1.3050671620189098,-1.0593506845543081,0.1481074523679517,-1.058537039258609,-1.3088620975971685,20–40%,1
шок,1348,2024-05,Продовольствие,вниз,-0.06327569970770597,0.8471394775059206,1.636892509506169,2.3180361052156937,1.3458671315101167,1.2246312172000218,0.6593815934345508,5–10%,7
шок,1349,2024-04,Общественное питание,вниз,-1.0016485203483882,1.5555634262317777,0.9091319495392105,0.03603639959406275,0.2064414628350135,0.7706452349632921,0.3920279026731235,>40%,3
шок,1350,2024-03,Общественное питание,вниз,-0.4239991169245396,-0.41245958883148315,0.1624885671918807,0.06277132157786391,0.4526700925081814,0.09931498855096374,0.3725960195456214,>40%,2
шок,1352,2023-08,Здоровье,вниз,-0.2892407333022389,0.3234476933757022,0.17141126923878391,0.7712474219322925,-0.09156975418725584,-0.011997883910619418,0.3868134664979044,20–40%,1
шок,1411,2024-01,Общественное питание,вверх,0.24448451671041838,0.7538693228387978,0.8525467684408262,0.6016375245404474,0.9216074067870211,0.4515113741771211,0.6613840587381825,20–40%,7
шок,1425,2024-11,Общественное питание,вниз,-1.0097355107925061,0.5810889342188115,,,,,,>40%,
шок,1431,2023-08,Маркетплейсы,вверх,0.2937095823064553,0.4678081213491878,-0.008730425813842499,0.20350474094688306,-0.5237241353298608,-0.1882550396557743,0.6588137361837033,20–40%,2
шок,1431,2023-09,Маркетплейсы,вниз,-0.15630985438541778,1.8954261917170334,1.4966317431832186,2.8631104615739997,2.2327568069399755,0.6410963366845357,2.3575424250504824,10–20%,7
шок,1474,2024-12,Маркетплейсы,вниз,-0.17162422486172169,,,,,,,10–20%,
шок,1494,2023-09,Маркетплейсы,вниз,-0.1621434596425413,0.2120082528544291,0.8954763892261336,0.9610081993580885,0.6393585908587438,0.38930872915289033,0.23669365205688342,10–20%,1
шок,1507,2024-08,Транспорт,вверх,0.057745400645088374,0.5664606391216852,0.2702164127542763,-0.17340490266378608,-0.12920599749187545,,,5–10%,2
шок,1511,2024-07,Общественное питание,вниз,-0.1186643466301538,0.05929118017261558,0.1630879816977945,0.1220236551200623,-0.27017171295613124,0.19925582028178798,,10–20%,1
шок,1534,2023-07,Здоровье,вниз,-0.17808709369796993,0.46254025405900495,0.5800620447782185,0.5407996488053585,0.6930346657406394,0.7689801858583081,0.9506790014971909,10–20%,7
шок,1545,2024-07,Транспорт,вниз,-0.11576430819942995,0.6277420070173013,0.5808905771274991,0.23213976040339743,-0.0034587328298962077,-0.6275721629094307,,10–20%,3
шок,1552,2023-07,Общественное питание,вверх,0.6468880762880511,0.8478980696551167,-0.22519864699882322,-0.570223905432273,-0.10491404973037056,-0.8070568481338632,-0.19861499882208783,>40%,2
шок,1565,2023-10,Продовольствие,вниз,-0.10594687066249975,1.2641291924756515,1.0787242120314473,1.0386954335378298,0.5326752135008349,0.52034118249511,0.603392499193178,10–20%,7
шок,1568,2024-12,Общественное питание,вниз,-0.9127846387070857,,,,,,,>40%,
шок,1570,2024-10,Здоровье,вниз,-0.2487705507669462,0.33485471954257473,0.8703686287385742,,,,,20–40%,
шок,1585,2024-02,Общественное питание,вверх,0.24154851983134584,0.9871385224256385,0.39218421022698213,-0.45680451227143953,-0.3337046110025724,-2.9255515057879165,-2.7123529764828005,20–40%,7
шок,1585,2024-07,Общественное питание,вниз,-0.6260567810648698,0.9177426221687477,0.602534990812787,0.48368948119262856,0.05714476949594141,0.1492972704736286,,>40%,4
шок,1593,2024-02,Здоровье,вниз,-0.22255299268632367,0.4862101166870389,0.8918833061341321,0.6941447314104714,0.76220922574772,0.7219469340434637,1.1090937167908705,20–40%,7
шок,1596,2024-07,Все категории,вверх,0.06371448022659543,-0.628396291739899,0.2225356369312403,0.1902635796068808,0.5175705643667982,0.7877492932798834,,5–10%,2
шок,1602,2024-11,Общественное питание,вверх,0.3048925024915974,0.8418147996229248,,,,,,20–40%,
шок,1603,2024-11,Общественное питание,вниз,-0.13672426706522067,1.0103519333021183,,,,,,10–20%,
шок,1641,2024-12,Общественное питание,вниз,-0.5006425352866009,,,,,,,>40%,
шок,1650,2024-10,Продовольствие,вниз,-0.12740381270227807,1.0510929580876776,1.676388058989438,,,,,10–20%,
шок,1650,2024-12,Продовольствие,вниз,-0.07966497991893995,,,,,,,5–10%,
шок,1654,2023-12,Общественное питание,вверх,0.8290554168378064,0.396576218202897,0.04960740933426551,-0.07798354040749172,-0.3168014935506288,-0.3595787420336709,-0.36232357472440146,>40%,2
шок,1662,2024-05,Маркетплейсы,вниз,-0.6614740138683883,0.08287611158863388,-0.260132363013971,-0.4502074083857934,-0.1870906013516355,-0.24025153820325817,-0.010151933067665377,>40%,1
шок,1673,2024-05,Маркетплейсы,вверх,0.2516623780332061,0.7401688785373512,0.6543037806076624,0.3003186991179133,0.6640797842672309,0.8011797996617119,0.6258723023096995,20–40%,3
шок,1674,2023-08,Все категории,вверх,0.09989395293743542,1.0251738602861868,1.2642460921185779,0.927199570619883,0.6132170637720684,0.5020508769173155,0.27230421989241405,5–10%,6
шок,1682,2024-08,Маркетплейсы,вниз,-0.36767687966165763,0.28180410645085996,-0.1956953685615781,-0.5176308073832495,-0.48685437247252455,,,20–40%,1
шок,1686,2024-05,Продовольствие,вниз,-0.11467809250429362,1.1304387727659047,1.7046036684510282,1.4107875966011751,1.2236784762557793,1.1891554048048363,0.9440737096459675,10–20%,7
шок,1699,2024-04,Продовольствие,вниз,-0.08896774670678198,0.6119225121807181,0.599066225612942,0.9476715338666661,0.6387785920226784,0.3624668379341222,0.36012606894724325,5–10%,7
шок,1710,2024-07,Здоровье,вниз,-0.3866363516679172,0.32711747663876223,0.40887751697187025,0.24157224461552373,-0.13903432039935854,0.015023284593082343,,20–40%,1
шок,1714,2024-03,Все категории,вверх,0.10083557915623942,0.28931918599420564,0.12380793902576932,-0.3242680406516422,-0.0826317719466504,0.2322260104820346,-0.009982616901967622,10–20%,1
шок,1715,2024-04,Общественное питание,вниз,-0.33924990142002187,1.1626826972931275,1.6489495060463875,0.9627235135905485,1.410935281066431,0.46463064503809814,1.3007907792227829,20–40%,7
шок,1718,2024-03,Продовольствие,вниз,-0.11647528937906593,0.3515965478257032,0.2853396655871492,0.3864239180655838,0.08490667743239916,-0.062370606130971354,-0.6749768942845504,10–20%,2
шок,1719,2024-07,Все категории,вниз,-0.07138346308219923,0.6706406336017444,0.6416539246810263,0.5423619759436761,-0.5763461032514552,-0.931654855175957,,5–10%,
шок,1728,2023-12,Общественное питание,вниз,-0.4988763753250831,0.8708623347784596,1.002818226372433,0.7440709505286659,0.3050082719699035,0.7713309702079738,0.19673211384917474,>40%,4
шок,1732,2024-03,Все категории,вверх,0.14541143772616394,-0.042787579242527476,0.220648459988426,0.32793165010654646,0.7471573838447481,-0.15359553779245666,0.3064010360959781,10–20%,1
шок,1733,2024-04,Транспорт,вверх,0.3562084561545511,0.5794258140474259,0.9850434373229683,0.26181892147012137,1.1309749267430345,0.8228699331192387,0.4370377765807657,20–40%,3
шок,1741,2023-11,Транспорт,вниз,-0.397500622914821,-0.1656800187966924,-0.42078383535809427,-0.012666547921307574,-0.475739937100898,-0.04729947523541507,-0.005208944049905646,20–40%,1
шок,1744,2024-11,Общественное питание,вниз,-0.3875541815416339,0.6645183394923597,,,,,,20–40%,
шок,1746,2023-07,Общественное питание,вверх,0.374282180671476,2.2933170236260803,0.905745234779051,1.1198308882482426,1.3817933162634848,1.7346357028196742,1.3794890634692119,20–40%,7
шок,1750,2023-10,Общественное питание,вниз,-0.9678227713319396,0.41675925238610606,1.523273500490605,1.0920143325469809,0.20496794281632338,0.5250579216445057,0.5372446327265405,>40%,4
шок,1760,2023-11,Транспорт,вниз,-0.29536531232727636,0.2768854081632487,-0.023179395669160312,0.4280592610305408,-0.24143387546424283,0.3148630585804374,0.5761814947388386,20–40%,1
шок,1774,2024-05,Продовольствие,вниз,-0.1580438232019663,1.449615572580091,1.2683441510370703,1.5944248296200163,1.4671759796851662,1.1170669883023763,1.031945822708307,10–20%,7
шок,1774,2024-06,Продовольствие,вниз,-0.07105896406169876,0.5968301976223689,1.3220734909357037,1.0390564922035637,0.26037129370451856,0.07105141515670328,-2.2229819940165716,5–10%,4
шок,1774,2024-12,Продовольствие,вверх,0.16301163757878,,,,,,,10–20%,
шок,1784,2024-07,Здоровье,вниз,-0.2565387138007278,1.541905295778295,0.9255161466056311,1.4409555416054918,1.014052672344522,0.9777665115153764,,20–40%,
шок,1786,2023-12,Общественное питание,вниз,-0.23174524518176565,1.5169227012479218,1.0756080578846687,0.800681407363798,0.5681293210070915,0.9060934791045425,0.6688397687809692,20–40%,7
шок,1788,2024-11,Общественное питание,вниз,-0.19511407419500237,0.8702199781933639,,,,,,10–20%,
шок,1850,2023-09,Транспорт,вниз,-0.6185937214242845,0.34954614464241157,-0.4158176964859681,-0.903231470337774,-0.04539522108809156,-0.4509542371323828,-0.6009771963233913,>40%,4
шок,1855,2023-07,Здоровье,вниз,-0.1413944686198665,0.7244732052615688,-0.18081498393542716,0.43580450258944037,0.8624224003679423,2.7285505675604567,1.1199758301407823,10–20%,2
шок,1871,2023-10,Общественное питание,вниз,-0.7843474433314404,0.3214755864247085,1.4072907375737989,0.11515351400957158,1.2506162689830933,1.7117991794346452,0.8270306305401014,>40%,1
шок,1891,2023-09,Здоровье,вверх,0.5088072716643,0.6394518350211204,0.7898028737993241,0.4086295575157617,0.5630610620208353,0.4774874655416233,0.619144816594587,>40%,7
шок,1891,2023-10,Продовольствие,вниз,-0.12916841420003067,1.2597773262223848,0.34316046334411127,0.2993013777679237,0.4855742272536514,1.071744353940719,0.6577955011275307,10–20%,3
шок,1898,2024-03,Здоровье,вниз,-0.15682444490810443,0.2699887586742088,0.39645899139391516,0.19444383970818782,-0.3391749462150174,0.4582984395953746,0.1661838234883776,10–20%,1
шок,1902,2024-03,Маркетплейсы,вверх,0.1044792606832683,0.6926411508723583,1.3887015596677361,0.41167411601855897,0.7670039270287687,1.63573521831341,0.1470525305367979,10–20%,6
шок,1932,2024-11,Общественное питание,вниз,-0.3326344169730877,1.6986151173718043,,,,,,20–40%,
шок,1935,2024-02,Общественное питание,вниз,-0.6766683212428601,0.52242415914008,0.4215649831958626,1.8066832074559067,1.0916729337485844,1.2250477648905609,1.1601634256800466,>40%,7
шок,1935,2024-05,Общественное питание,вниз,-0.9372656235329355,0.48379115862886435,0.5800824562278312,0.5332385564984945,0.6543246774441155,0.7003912968866923,0.8427028724037843,>40%,7
шок,1950,2023-08,Общественное питание,вверх,0.4637117326933806,0.6121237018858888,0.7244541300472953,1.2585818558710145,1.3765645965251767,0.3116689332746458,0.9677044677564635,>40%,5
шок,1954,2024-03,Маркетплейсы,вверх,0.17902126332559298,1.080771920666729,0.28682068974816627,0.21109755252768714,-0.3574677481032695,-0.36935961479973345,-1.0418266609260751,10–20%,2
шок,1955,2023-08,Общественное питание,вверх,0.12483731966262557,2.39738633551733,3.1221632614913633,3.6297137161392876,3.0307664015653817,3.8206904171599985,5.727430357894098,10–20%,7
шок,1955,2024-02,Транспорт,вверх,0.11511911074656922,1.0942924533878504,1.1741387734950923,-2.297640473920265,-1.9100471027522128,-1.3273132267449468,-3.101908275475043,10–20%,7
шок,1955,2024-05,Транспорт,вниз,-0.39966813967084924,0.8883588662912238,0.720510096401521,1.2316586811081185,1.0954887675320475,0.8638599982442936,0.4567471174350244,20–40%,7
шок,1955,2024-08,Транспорт,вниз,-0.20428980394507334,0.7336001357526335,0.2804466374978937,-0.5160201688084458,-1.3085994913070826,,,20–40%,2
шок,1956,2024-01,Транспорт,вниз,-0.18653521212172386,-0.3256323901674145,0.14260976451148422,-0.1484486667936888,0.6001705796651526,0.6351743283966569,1.4081298471699795,10–20%,1
шок,1958,2023-12,Здоровье,вверх,0.11475572126591516,-0.6917822790779121,-1.3823998154706878,-1.1561987800091567,-0.15900931331000714,0.5901157669061644,-0.25103097009568903,10–20%,4
шок,1959,2024-01,Общественное питание,вниз,-0.5315032383499556,1.3511258074002728,1.0269145831687174,1.340333258756266,1.3658000024389045,1.6693737696950235,1.194279236644178,>40%,7
шок,1959,2024-02,Здоровье,вниз,-0.12084448900256017,-0.030379355912719546,0.6326824359045994,1.4773822944748878,3.282238011742224,1.2467675296734444,-1.285265130805712,10–20%,1
шок,1959,2024-04,Продовольствие,вниз,-0.06850312316684182,1.1366768121335808,1.683686081846226,1.065152082002161,2.2626933647761107,1.582790375966162,0.669724736903309,5–10%,7
шок,1959,2024-05,Все категории,вниз,-0.1152243221199658,0.8960286835680072,0.8942865019231724,1.1186216000016485,0.889253216437533,-0.2712589134330784,0.3382199740387031,10–20%,5
шок,1960,2024-08,Здоровье,вниз,-0.10444863702745266,0.8796006422553608,0.513988233065563,-0.0004784842025947102,0.26728945789843134,,,10–20%,3
шок,1962,2023-07,Здоровье,вверх,0.08574917792465975,1.3393956369032256,1.0597784741524032,0.45869516935126875,1.1582014608079394,-0.8135404971211009,-0.2418518694479024,5–10%,6
шок,1962,2023-10,Общественное питание,вверх,0.5268455020333018,1.019272358767143,0.5566705662897579,0.9828856456306265,0.411693106079539,0.1098698042788474,0.1415075709025811,>40%,5
шок,1962,2023-12,Общественное питание,вниз,-0.24371967359925328,0.07865666265937647,1.3133958029730426,1.9658431274512471,1.8974521978478338,1.927643422450358,2.089932954370915,20–40%,1
шок,1963,2024-01,Продовольствие,вниз,-0.07328989188550494,0.9161993084616382,0.6928000084504787,0.7970430430279778,0.19744179585272748,0.017415227577217432,-0.10247028417393231,5–10%,4
шок,1965,2024-06,Общественное питание,вверх,0.10555590442880103,1.9059359115404406,2.602395637047767,0.7190400373705627,0.8053484006008351,3.5024034581209413,1.1659862048098568,10–20%,7
шок,1965,2024-09,Все категории,вниз,-0.09757478367959749,0.7641348314442061,0.2900075321026502,0.10849200109740349,,,,5–10%,2
шок,1970,2024-07,Маркетплейсы,вверх,0.17967701204142372,1.2636722545253933,1.4652615398355453,0.5888045842880557,1.0138687657129748,0.5258639208357928,,10–20%,
шок,1975,2024-10,Все категории,вниз,-0.08462669562097425,0.734859684954671,-0.19673095551147005,,,,,5–10%,2
шок,1984,2023-08,Транспорт,вниз,-0.36396192397838956,0.7922397687549834,0.19936636027938892,0.3013394460354098,0.897496332031492,0.6040051160425175,0.7822170302623828,20–40%,2
шок,1984,2023-10,Продовольствие,вниз,-0.15591686716245157,0.3052928190065361,-0.024415186002025968,-0.20719181259852676,0.3473856999082774,-0.048272905505593586,-0.6790789977324216,10–20%,1
шок,1994,2023-08,Здоровье,вниз,-0.22587729058488026,0.43759405637041154,0.3945912060743011,0.5292706449399166,-0.02319885888664174,0.31114475931289776,0.48645933475615627,20–40%,4
шок,2001,2024-09,Все категории,вниз,-0.08724890567845733,0.9534827816760406,0.7759919030577418,0.8028516911239061,,,,5–10%,
шок,2025,2024-11,Общественное питание,вниз,-0.16974260348986192,-0.2889774371838139,,,,,,10–20%,1
шок,2027,2023-11,Здоровье,вниз,-0.2573603125078723,1.1319998019543176,0.6054102038712005,-0.030150138441227495,-1.0427715735360008,-0.6889304720117971,-0.305621066451476,20–40%,3
шок,2043,2024-03,Маркетплейсы,вверх,0.22789619073083323,0.7008923542391265,0.09824963543831666,0.8861042716460309,1.7458930600332196,0.18919656009147787,0.36732509771418415,20–40%,2
шок,2054,2024-04,Общественное питание,вниз,-1.1139512348291438,1.0666043295649834,0.7701228544834978,0.5773699529860451,1.0662772966414649,0.7077053396712962,1.1477377448809896,>40%,7
шок,2056,2023-10,Маркетплейсы,вниз,-0.32913087470642743,0.4662868319791715,-0.19643889308245005,0.13373983150730417,-0.5321717345220728,-0.0837946371207904,-0.07891646966352117,20–40%,2
шок,2067,2024-07,Общественное питание,вниз,-0.639788314462229,1.1265034070123463,1.0291859542565989,0.4975051372520951,0.9739034563764076,0.8771405635721369,,>40%,
шок,2078,2024-04,Маркетплейсы,вверх,0.3081488585752128,0.17832267423073078,0.23990468566064155,0.8516519452791115,1.1357537910125333,0.2608802115211095,0.15879231978566863,20–40%,1
шок,2078,2024-07,Все категории,вверх,0.07127673017495972,0.29391577233570326,-0.34715681469646736,-0.431004548650036,0.29821445482385034,-0.8941633866248776,,5–10%,1
шок,2078,2024-08,Маркетплейсы,вверх,0.0875456594818651,-2.0794364508012895,-2.438771996376139,-0.6565200671141952,-3.9185687434774112,,,5–10%,
шок,2089,2023-08,Маркетплейсы,вниз,-0.20719422050076286,1.6381223912887823,1.0968191628715427,0.34736483394926526,0.6899786086099652,0.8397874524787575,0.7835965523782192,20–40%,7
шок,2095,2023-07,Общественное питание,вверх,0.23346660334679026,1.2009088006253428,1.560554571871395,1.3741266218384265,4.1056899412520975,3.015772427457711,3.9041354751324477,20–40%,7
шок,2112,2023-10,Здоровье,вверх,0.43999057694788846,0.4907159848045102,0.5538759077344657,1.004003733226791,0.480395952096118,0.3059497305767181,0.7217861021527547,>40%,5
шок,2120,2023-07,Маркетплейсы,вверх,0.11600725743830864,0.11367675925661963,0.16654180582429037,0.08912794920846503,-0.15033401853030426,-0.484108731136657,-0.13853956036205345,10–20%,1
шок,2126,2023-10,Маркетплейсы,вниз,-0.09044294996859925,0.40497862329431306,1.0494430620114021,1.0395106630926931,1.0920230608169883,0.9783871178311272,1.423154142999725,5–10%,7
шок,2129,2023-11,Здоровье,вниз,-0.20946303443281256,0.31960466335946,0.37128989012909447,-0.005617883910280997,0.3456736983558385,0.2614578620483029,-0.4203353137875829,20–40%,1
шок,2134,2024-04,Маркетплейсы,вверх,0.3079401388946845,-0.43336737520657664,-0.007519440715744609,0.49606006146437587,0.6448652365021832,0.4345662693114429,0.32434338004628255,20–40%,2
шок,2134,2024-05,Маркетплейсы,вниз,-0.4413913486082226,0.7029038459665939,0.3515776536095615,0.247762555253244,0.39447928037783536,0.4713771442274817,0.23644944652764302,>40%,3
шок,2142,2024-09,Маркетплейсы,вниз,-0.2402335765956103,0.396270486064729,0.07231006115279458,-0.2421008770607905,,,,20–40%,2
шок,2142,2024-10,Транспорт,вниз,-0.2979368993078637,0.7092360645456068,0.7268486872663118,,,,,20–40%,
шок,2145,2023-08,Транспорт,вниз,-0.5172290358140028,1.6933359770544352,2.363167128593747,1.1946131644791285,1.0967569890505502,0.7915828139048992,0.49687315119912256,>40%,7
шок,2145,2023-09,Транспорт,вниз,-0.3586134989070251,1.9660989386199441,0.2806909938611899,0.13955281746897366,-0.3006005645063152,-0.7256609572437865,-0.2783183344761166,20–40%,2
шок,2148,2024-05,Маркетплейсы,вверх,0.3337831850827726,1.5998645309316117,1.6972812906173884,1.7226959497006031,1.8511949850265845,1.5322390390686285,0.811190521854322,20–40%,7
шок,2148,2024-06,Маркетплейсы,вверх,0.2002246937525367,1.1623979326373657,1.204765263547471,1.4189786879124981,0.887265393474826,-0.3147535291884151,0.7825901610368811,20–40%,5
шок,2148,2024-11,Маркетплейсы,вниз,-0.24067387067500157,0.08708284908362536,,,,,,20–40%,1
шок,2151,2024-09,Общественное питание,вниз,-0.11852846990633203,1.0956020609943367,1.0,2.033227587140793,,,,10–20%,
шок,2176,2023-09,Маркетплейсы,вниз,-0.22567165329594197,0.46120482293023163,0.31122599271062107,0.7245686394251439,0.18922141031427037,0.28459582368728464,0.19815645192740203,20–40%,2
шок,2204,2024-02,Транспорт,вниз,-0.17043341332531448,0.7678818151850929,0.3092921968866367,0.713868327345608,0.6826462897856757,0.8664857179542053,0.8306589930727831,10–20%,2
шок,2211,2023-10,Маркетплейсы,вниз,-0.14746210815053296,1.464236401707161,1.5219571779094276,0.7051582933951085,0.3730674114858008,1.6155869142811563,1.358878128334261,10–20%,7
шок,2224,2024-11,Общественное питание,вниз,-0.0737590187980608,-0.87964468649862,,,,,,5–10%,
шок,2231,2023-12,Маркетплейсы,вверх,0.08611785416325368,0.3603898721595786,1.0003317498013582,0.9397149062249359,0.8818839840008509,0.548750828428028,1.1374914076980007,5–10%,7
шок,2231,2024-01,Продовольствие,вниз,-0.08850225837750791,0.551711327334727,0.3837028193481736,1.0325725495881948,0.632028841169196,0.6433522396028728,0.5873200638179445,5–10%,7
шок,2233,2024-08,Транспорт,вниз,-0.1634028486601382,0.5485066006389538,1.2464197348695816,0.8444420024612154,1.7809310332911663,,,10–20%,
шок,2237,2024-02,Транспорт,вниз,-0.12431059519877152,-0.4058169786203315,-0.7774342743146223,-0.7133126592054717,-0.5005484437384121,-0.02448136729958795,1.037706910214716,10–20%,5
шок,2244,2023-07,Здоровье,вверх,0.3564596229844055,1.1516196797657332,0.8318388994408028,0.3314116082650222,0.7662222613109982,0.35980734089596156,-0.21868209566686747,20–40%,3
шок,2248,2023-07,Здоровье,вверх,0.19829115834888622,0.8930753754875012,0.4013030745904198,-0.004433691069994772,0.14531413444417723,0.2935419456917015,0.31180643986234585,10–20%,3
шок,2248,2024-06,Здоровье,вверх,0.12897745135678917,2.134923458034873,1.6681314128976896,0.8763204215366852,0.27371422388380723,-0.6545232075046404,0.47945365124386363,10–20%,4
шок,2248,2024-07,Здоровье,вверх,0.14637953510237178,0.5887017385776512,-0.10897614071478152,-0.6399425185675175,-1.4578280110356145,-0.4586620754649531,,10–20%,2
шок,2248,2024-10,Здоровье,вниз,-0.07772261154507376,2.540371531198795,0.6585839505776716,,,,,5–10%,
шок,2249,2024-06,Продовольствие,вверх,0.19165155904822662,1.128358015223187,0.5395115318237469,0.8086653875624611,0.015087319692861619,-0.11216088730629474,0.09005012353089221,10–20%,4
шок,2250,2023-09,Транспорт,вниз,-0.30604808150338236,1.6079074220231533,1.4732962377713463,1.1467241160668187,1.3547479541789773,0.7751101213087466,1.0728752468209268,20–40%,7
шок,2250,2024-09,Здоровье,вниз,-0.4570748312639239,0.553140636079687,0.6363225904903607,0.41120720417664397,,,,>40%,
шок,2254,2023-11,Здоровье,вниз,-0.6158733819684858,0.701464556836397,0.18059821769649967,0.12129089817684477,0.039873865608640494,-0.008772266430278106,0.083762945925032,>40%,2
шок,2262,2023-09,Продовольствие,вниз,-0.07500479892024892,0.13244553955622754,0.20466787642496134,-0.6258444336619103,-0.07605709846034421,-0.09235659599285838,-0.368878234189705,5–10%,1
шок,2316,2024-10,Все категории,вверх,0.054189967047028276,1.0553798970945927,0.5640058887943306,,,,,5–10%,
шок,2316,2024-11,Общественное питание,вверх,0.2767128689456655,-0.20461769795590515,,,,,,20–40%,1
шок,2321,2024-03,Транспорт,вверх,0.3649307616628903,0.7715409768724949,0.543233278904302,0.24042096576141692,-0.28461516255572555,-0.48928852022849006,-0.13162584472366784,20–40%,3
шок,2334,2024-10,Все категории,вверх,0.09557398925367444,1.4052723589031977,1.0050731535076343,,,,,5–10%,
шок,2342,2023-10,Маркетплейсы,вверх,0.41659455086443664,1.243230987125351,1.5241041905752246,1.5880445104741552,1.4928376853814562,1.8365370664150387,1.604842514121855,>40%,7
шок,2345,2023-07,Маркетплейсы,вверх,0.2687223594586028,1.1855622381448796,0.604274554291214,0.9246276233660449,-1.4533110195794574,-1.6812780933942213,-1.8289764049698711,20–40%,7
шок,2345,2023-09,Транспорт,вниз,-0.061962575528253794,4.261264330144552,3.4702832265273624,7.003966413411472,4.430803714772815,3.3852244524094406,10.678339282679797,5–10%,7
шок,2352,2024-08,Транспорт,вниз,-0.05760290536202284,0.6244330320137025,0.06818547053237314,0.815728257311309,0.6843158996295904,,,5–10%,2
шок,2362,2023-10,Здоровье,вниз,-0.23942398324757264,0.8090912709973532,0.27128143419637324,0.29755603509242395,1.0139059094373721,0.578362092457449,0.5208114503692319,20–40%,2
шок,2391,2024-05,Общественное питание,вниз,-0.1000346261258045,0.43980929547952047,0.3349949480816943,0.5844105796148795,0.40683891350756374,0.40260762384427956,0.42913855279223145,10–20%,7
шок,2391,2024-09,Здоровье,вниз,-0.18875911233907416,0.5893483243007265,0.2679644885107434,0.5856956071684039,,,,10–20%,2
шок,2395,2023-11,Все категории,вниз,-0.05703585924010213,0.5650742253696858,0.7863109064335375,0.5964948983294961,0.4688561570324353,0.4376912377871782,0.21558019573388815,5–10%,6
шок,2395,2024-06,Общественное питание,вниз,-0.06906657433514596,-0.3601315669210949,-0.48693451440858226,-0.5963271503514266,-0.16340562720424426,-0.3980165060068015,-0.2607418427343879,5–10%,4
шок,2416,2024-07,Транспорт,вверх,0.09911245837177418,0.4880245270609747,0.9698934328996298,0.9611623519141077,0.9398809751681073,1.2189843556306044,,5–10%,
шок,2591,2023-10,Маркетплейсы,вниз,-0.09474890524940172,1.7793382752406481,1.4568376490108377,1.7264746212439708,1.619834256850223,1.987679730748014,1.658343133239749,5–10%,7
шок,2595,2023-10,Все категории,вверх,0.07550366546625575,0.6633652581945833,0.6801392141178546,0.7359893814381472,1.6213971098096374,1.3289911904058067,1.8915966566110485,5–10%,7
шок,2596,2023-08,Здоровье,вверх,0.15887483180670348,0.4089712171130887,0.5636088347624038,0.32546027556590046,0.8607516432107897,0.30679443710026333,0.17353614987631552,10–20%,3
шок,2596,2023-10,Общественное питание,вниз,-0.1587342260658211,0.7777582057557075,-0.10318081582862326,0.3698631245051224,0.8308866255634132,0.6660178640490212,0.6361696422087099,10–20%,2
шок,2596,2024-07,Общественное питание,вниз,-0.15311882321892067,0.08558259694167338,1.0326042188408913,1.1410040735645224,0.9630438682217393,1.0251115916279216,,10–20%,1
шок,2597,2023-08,Общественное питание,вверх,0.11121590465847309,0.2638212762617913,0.22767816826130358,0.2488195375398773,0.32460297105424357,0.524773798475546,0.5988136397858563,10–20%,1
шок,2601,2024-03,Продовольствие,вниз,-0.07231277014084547,0.39194485278730856,0.07519508762512385,-0.7344219771150526,-0.7583681313088861,-0.49754109175775824,-0.36685252312750216,5–10%,2
шок,2602,2023-08,Общественное питание,вверх,0.09854433206097912,0.565080136164451,-0.09070810172612055,-0.48389890836960187,-0.4205473848461793,-0.1962420069792466,0.28179449839868487,5–10%,2
шок,2607,2023-11,Продовольствие,вниз,-0.063134843433442,1.021155129587604,1.1399045905486245,0.37516327641112324,0.4022956936821458,0.20635747716259156,-0.17975286261097903,5–10%,5
шок,2880,2024-10,Общественное питание,вниз,-0.11578630541779855,1.1300843987986815,2.0914558713735953,,,,,10–20%,
скачок без отметки,2872,2024-05,Все категории,вниз,-0.13001258809467053,0.35397790658538486,0.9622142649911738,0.6729083346167172,0.8208663613711247,0.7261711366453596,0.18900296022505694,10–20%,6
скачок без отметки,1760,2024-10,Все категории,вниз,-0.0685228162388718,0.902396250356964,0.9190463932004629,,,,,5–10%,
скачок без отметки,2133,2024-03,Все категории,вверх,0.059715843784871936,0.41902039039483047,0.8378474249638972,1.241191991783458,0.23109975407192707,0.44231492984126936,0.7546861705110044,5–10%,4
скачок без отметки,1116,2024-08,Все категории,вниз,-0.0517685356621751,0.5538503369342258,0.30463881046378677,0.857563808489161,0.038549335556534677,,,5–10%,2
скачок без отметки,1584,2024-02,Все категории,вверх,0.12003273499097666,-0.4022629446511024,-0.06941129855202832,-0.22484615524017112,-0.09962692369847533,-0.267643484267126,0.2409300835184816,10–20%,2
скачок без отметки,2872,2024-11,Все категории,вверх,0.06983862485849812,1.558602626470068,,,,,,5–10%,
скачок без отметки,489,2024-09,Все категории,вверх,0.0516527492810539,0.4236367490786142,0.6618479204406053,0.8696203910527053,,,,5–10%,
скачок без отметки,329,2024-07,Все категории,вниз,-0.1594915089980553,0.9615332394730914,0.592676147339969,0.5202472471936735,0.5944288945682592,0.10559550761994461,,10–20%,5
скачок без отметки,365,2024-09,Все категории,вверх,0.08910202686367086,0.035259901017755925,1.0119773171976285,0.2050950522162521,,,,5–10%,1
скачок без отметки,2070,2023-08,Все категории,вверх,0.05223729936297161,0.1890349053984674,0.38279943580414194,0.6296845832466852,0.232882549362767,0.5451024256907767,0.3147202902754715,5–10%,1
скачок без отметки,370,2023-11,Все категории,вверх,0.08114691901739235,-0.15304013705934869,-0.47391444878005673,0.005779815395544898,-0.09593831145000656,0.10120003679488578,-0.7483910124241852,5–10%,1
скачок без отметки,2057,2024-06,Все категории,вниз,-0.09481416692362465,0.05425108923015329,0.8619626425075846,0.4449099875802072,0.36203447474666456,0.3372031964106599,1.235167202363824,5–10%,1
скачок без отметки,423,2023-08,Все категории,вверх,0.07185472865035258,0.027855913317915315,0.754195869417569,1.045015126889712,1.6615419982409758,1.2603677184717186,0.9047366689364947,5–10%,1
скачок без отметки,2023,2023-08,Все категории,вниз,-0.057677177731964235,0.2663533551315838,1.0832229389771535,0.2302957962170744,0.4461210746285991,0.9351991055976107,1.414059921205344,5–10%,1
скачок без отметки,612,2024-03,Все категории,вверх,0.06539194690370564,0.9256726934883018,1.5384741873938628,0.31432904540328266,-0.024183308437523844,-0.9312296823561527,-0.9312296823561527,5–10%,3
скачок без отметки,2315,2023-12,Все категории,вверх,0.08638401843627364,-0.40089728092857235,-0.052003984181741236,0.022858399050877685,-0.08007485346785902,0.10709910720552505,0.06098966390407421,5–10%,2
скачок без отметки,2190,2024-01,Все категории,вверх,0.06630082734803544,0.2781654943237644,0.4131550467360172,0.4735992621536348,0.43427128573506346,0.35670561026587017,0.4591615671425418,5–10%,1
скачок без отметки,516,2024-03,Все категории,вниз,-0.050474081198190746,1.0630892378911345,1.7383156328323024,1.3991959786616242,0.8099424014032168,1.4838139993693422,1.3961348191721688,5–10%,7
скачок без отметки,2186,2024-01,Все категории,вверх,0.07507430255169467,0.28260847208808226,0.6432776115754143,0.2941140342813975,0.8738328218716503,0.4384674430411611,0.5329746155226022,5–10%,1
скачок без отметки,1690,2024-04,Все категории,вверх,0.05577268177048644,-0.19857030631727707,0.07174837436324183,0.26040616927288285,0.17162146567257858,0.6433695959845732,-0.04844985066923104,5–10%,1
скачок без отметки,312,2024-01,Все категории,вверх,0.1174040514123682,0.41638003651241146,0.6523021989139502,0.8385901994222491,1.4215453790035624,0.6100831978071062,0.2606612993333914,10–20%,6
скачок без отметки,2022,2024-02,Все категории,вверх,0.14550989828614114,0.4389719616088056,0.7848212467028253,0.6157390736252942,0.7924262185537392,0.9350542668356825,1.2366055456022838,10–20%,7
скачок без отметки,2210,2023-09,Все категории,вверх,0.07331606010036573,0.86355331130132,0.9569216658287586,0.3420684336680334,1.4277882816640022,0.7198028762662608,0.8441791609503516,5–10%,7
скачок без отметки,523,2024-07,Все категории,вверх,0.08644452842894701,0.42569749465277684,1.4269122245259225,1.2374208021293875,1.4049790290576554,1.4269122245259225,,5–10%,
скачок без отметки,1717,2023-09,Все категории,вниз,-0.07420304038591752,-0.0,0.3141088007181349,-0.28932989332292774,-0.6443769607019035,-0.0,-0.06235645024855203,5–10%,1
скачок без отметки,838,2024-03,Все категории,вверх,0.08542226315977786,0.4634946735581123,-0.35053603401381855,-0.21422484570095682,0.18957611633474833,1.1579113676703887,0.43200010329573907,5–10%,3
скачок без отметки,2266,2023-09,Все категории,вверх,0.06274069914716662,0.5862538693544923,0.8206469715230179,1.3977088337658727,0.217467905721422,0.9074756383320817,0.648032266527118,5–10%,4
скачок без отметки,326,2023-12,Все категории,вниз,-0.06358118492611631,1.048961948311653,1.3802152852803036,0.9094098888343825,1.112735844065747,0.10046457638771987,1.3374462698455827,5–10%,5
скачок без отметки,1653,2023-08,Все категории,вниз,-0.07355581547767898,-0.30582293165903734,-0.0158117413710405,-0.1306728917102788,0.3643381972921517,0.6716915335924967,0.3159643028135028,5–10%,1
скачок без отметки,2349,2024-08,Все категории,вверх,0.060764895818774534,0.7699974870039996,0.41105747513987184,1.1964697490274923,0.7706351305304827,,,5–10%,
скачок без отметки,1221,2023-07,Все категории,вниз,-0.05158493645329365,-1.7219291272466017,-0.362456547015236,-1.3492546304520083,-0.13612463190991642,-1.7993163050319216,-1.090327805039243,5–10%,4
скачок без отметки,329,2024-09,Все категории,вверх,0.05882957422894641,1.1963603294908467,0.9952481672016824,2.3205131475260736,,,,5–10%,
скачок без отметки,1701,2024-04,Все категории,вниз,-0.05837943933085654,0.14473904161337908,-0.07399162033373777,-0.6054674767182746,-0.20226673894296476,-0.3066327649332888,-0.46380026598639745,5–10%,1
скачок без отметки,1711,2024-12,Все категории,вниз,-0.06997775145920038,,,,,,,5–10%,
скачок без отметки,1915,2024-10,Все категории,вниз,-0.08761941090951275,1.156486061761295,1.035201439128534,,,,,5–10%,
скачок без отметки,1657,2024-11,Все категории,вниз,-0.05218165121325846,-0.38799883721924294,,,,,,5–10%,
скачок без отметки,492,2023-08,Все категории,вниз,-0.08090100485430796,0.8516018986584217,0.2461997576015648,0.915083998275553,1.330147074676795,0.15769828255610346,0.9635289838762737,5–10%,2
скачок без отметки,2148,2023-09,Все категории,вниз,-0.05220260936641097,0.03335030891079016,-0.06126407970152865,0.7586443056424903,-1.006072967739737,-0.20860310939735305,-0.6805509160207254,5–10%,1
скачок без отметки,920,2023-12,Все категории,вверх,0.05836445421665459,0.20496134100434388,0.3888181975427423,0.5461740362087214,-0.09673030543831959,0.25252268639540254,-0.5400610900161675,5–10%,1
скачок без отметки,15,2023-12,Все категории,вниз,-0.08105140961183466,1.1965361102464946,0.8570157991323355,1.4113787386969927,0.46631494131487156,1.18466868876595,1.052754611716347,5–10%,7
скачок без отметки,34,2024-04,Все категории,вниз,-0.055079836608049604,1.9042777836441829,0.6463520144600852,0.9468159063191504,1.5692877277151058,2.0103858818885483,1.937025049280208,5–10%,7
скачок без отметки,334,2024-08,Все категории,вниз,-0.11861436006667425,1.3051719897685292,0.9104833188565782,0.9168182050388847,1.7358390652394478,,,10–20%,
скачок без отметки,402,2023-12,Все категории,вверх,0.1076166100098579,0.059693340079247426,1.0765657966685365,1.342523411953483,1.1712120464830624,0.6410664833099058,0.02033161624125884,10–20%,1
скачок без отметки,363,2023-09,Все категории,вниз,-0.12520822013753907,0.8616609366712142,0.08595855542783876,0.9069051126874533,0.521494361502356,0.7835926261566153,0.7185707930074113,10–20%,2
скачок без отметки,323,2024-07,Все категории,вверх,0.07346458792960142,0.048556849327493004,0.4025170264072173,-0.20326354754856762,0.7691110544137783,1.423810212168488,,5–10%,1
скачок без отметки,2314,2024-02,Все категории,вверх,0.060498577635357265,0.44689763962203755,0.29050164169872633,-0.09097472738554532,0.02289919916486121,0.14964756258420558,0.09517392695824875,5–10%,2
скачок без отметки,1992,2024-10,Все категории,вверх,0.0542625061191675,1.331839793858176,0.9161459114594214,,,,,5–10%,
скачок без отметки,748,2023-09,Все категории,вверх,0.05648398876780014,1.258586635563725,1.0635836883020329,0.7008958806214625,1.5547059625627038,1.2093197159023477,1.0112967226805916,5–10%,7
скачок без отметки,1739,2024-07,Все категории,вниз,-0.07130201309803219,1.0107496355323586,0.18820887279107834,-0.15128191386005246,-0.2638614888647692,-0.2194494424943014,,5–10%,2
скачок без отметки,1178,2023-10,Все категории,вверх,0.14617815555277325,0.6182569485037185,0.5115110000043881,0.4976272495503879,0.4168260278061413,1.0976983826977387,0.38259945279802554,10–20%,7
скачок без отметки,1302,2024-10,Все категории,вниз,-0.059586671592997575,0.6653567841830004,0.3526037189415039,,,,,5–10%,
скачок без отметки,1220,2024-11,Все категории,вниз,-0.08012362227598757,0.006346783318120921,,,,,,5–10%,1
скачок без отметки,341,2023-12,Все категории,вниз,-0.05335694976990801,2.839514863795603,3.526434080090433,2.5997714405485954,3.4762105102695022,2.0656770107770965,2.5026725916590418,5–10%,7
скачок без отметки,1559,2024-04,Все категории,вверх,0.09233674162753935,0.7484158563154718,-0.00035103438564901095,-0.33574812201156673,0.26476707955394085,0.13353237429821788,0.922357968106762,5–10%,2
скачок без отметки,1849,2024-10,Все категории,вниз,-0.09625547381007493,0.7361992663242298,0.4019197222647832,,,,,5–10%,
скачок без отметки,458,2023-10,Все категории,вниз,-0.05142655198021551,1.5015942998225675,1.211867635098915,1.9484504038035497,0.9559883480904697,1.6724106507854772,1.5875465358589238,5–10%,7
скачок без отметки,320,2023-12,Все категории,вниз,-0.0929633996107988,1.219345055447631,1.5769735105321672,1.1354293366596413,1.0327131656294162,0.6404892416189154,1.5849654311554149,5–10%,7
скачок без отметки,2053,2024-03,Все категории,вверх,0.06357694184313978,0.9711542620775832,1.007714269716421,1.0498529972651447,1.5382009349815173,0.6360360704205495,0.3469421297917434,5–10%,7
скачок без отметки,2872,2024-01,Все категории,вниз,-0.10167928624076517,0.5013590977361725,0.4117607996429788,-0.228321270926248,1.0503323556031052,0.22429386304042295,1.0020174885029924,10–20%,3
скачок без отметки,2061,2024-06,Все категории,вниз,-0.07920228320893052,0.9234996440094596,1.232925642193283,0.6273295598201253,0.9026275119387711,0.9363770606536496,1.1808651854643244,5–10%,7
скачок без отметки,1776,2024-03,Все категории,вверх,0.11577287559060956,0.9121983812352963,0.6481746803453367,0.6661644170371473,0.24290047529978176,0.6816366750109409,-0.027160736812852384,10–20%,4
скачок без отметки,1680,2024-07,Все категории,вверх,0.09320732479849347,0.6966548816169443,1.021222634432634,0.9512652211780633,0.5098236795360135,0.7183588201819947,,5–10%,
скачок без отметки,1751,2023-09,Все категории,вверх,0.06381762326950557,1.4030055610339043,0.4955727156210294,1.1341999109513272,0.36630666470530016,0.4487010921104533,1.12695645104701,5–10%,7
скачок без отметки,722,2024-01,Все категории,вниз,-0.06807888395759853,0.5029049260244918,0.8028464407258559,0.7425671529827345,0.8455485561386498,0.329338749418603,0.20056489675603598,5–10%,5
скачок без отметки,2091,2024-06,Все категории,вверх,0.06063136648825207,2.4332014060180587,1.0792580119907167,0.7646797554710937,0.7843311896776757,0.7770601565838325,1.0303694560184942,5–10%,7
скачок без отметки,1313,2023-09,Все категории,вниз,-0.05310741037061639,1.0437565593883642,0.8430760180148367,0.87057575745852,0.5505293849139344,0.5212646574079187,-0.5839911332828028,5–10%,7
скачок без отметки,1420,2024-06,Все категории,вверх,0.053609250373739314,0.058292414625296225,-0.42867110985688006,-0.3953797508437885,0.21138064612073826,-0.36105175974760295,0.16113815609730683,5–10%,1
скачок без отметки,1584,2023-11,Все категории,вверх,0.09128378936122061,0.1432026725296285,-0.17895364960122628,1.1359866681806432,-0.7079054138726174,-0.2702253645768826,-0.47461292442476843,5–10%,1
скачок без отметки,2266,2024-01,Все категории,вниз,-0.07404914098760962,0.41536705242552624,0.6351894341445175,0.8471662551858689,1.1715659130513614,1.4912072170062272,0.8851016777795803,5–10%,7
скачок без отметки,2267,2024-11,Все категории,вниз,-0.067575521809351,0.8881542090428654,,,,,,5–10%,
скачок без отметки,58,2023-09,Все категории,вверх,0.05807176806581893,0.4357514528227505,1.430181297009937,0.1403667751837475,1.327072198732332,1.6196753285334806,0.8034266974258186,5–10%,3
скачок без отметки,889,2023-10,Все категории,вниз,-0.05689957278447011,1.9576099385224761,1.4415018679161329,1.2822605957325597,1.867085928436709,0.8846474615229578,0.8314937014348414,5–10%,7
скачок без отметки,276,2024-06,Все категории,вверх,0.06110502731770673,0.3541024137943022,-0.29025838249534364,-0.039816554694741435,0.4898282227069412,0.804049725013248,1.2560037865940488,5–10%,2
скачок без отметки,542,2023-08,Все категории,вверх,0.06145223583847148,-0.39363181340678144,0.5422915900278882,0.8181816655581481,2.3884511243573368,2.5418752415608665,3.2474762060873235,5–10%,7
скачок без отметки,560,2024-01,Все категории,вверх,0.05358157816661091,0.6015839461742771,0.6458965907592489,0.597229987384206,-0.162954715426241,-0.2387979385676608,0.04629699150605177,5–10%,4
скачок без отметки,425,2023-10,Все категории,вверх,0.056292484699419276,1.1674989590062155,0.5675251349041412,1.3678886419242007,1.6677432240740693,1.338724553638764,1.2271808591206068,5–10%,7
скачок без отметки,1295,2024-03,Все категории,вниз,-0.05018858753819977,0.5112756631031459,1.1091229292589644,2.290303154344259,1.079724860049997,2.2250683236347752,0.11852529549448575,5–10%,6
скачок без отметки,2054,2024-09,Все категории,вниз,-0.15490812634175022,0.5627264871801393,0.32065756781853555,0.23368307027802895,,,,10–20%,2
скачок без отметки,2091,2023-10,Все категории,вверх,0.0706890862841103,0.40327507150033887,0.3555915856164433,1.336416833852242,0.9821522903678189,1.0643736760333045,1.4350569217586093,5–10%,7
скачок без отметки,1858,2023-07,Все категории,вниз,-0.07385450420710704,0.3696079330777646,-0.6556685435792129,-0.15585854574878236,-0.10948438450825312,-0.3613629398142822,1.5503466532935901,5–10%,3
скачок без отметки,1196,2024-01,Все категории,вниз,-0.06681383497470605,1.0377295874022558,0.5906818662610197,1.3805534858859094,1.0092421694542737,0.24042399422234484,-0.0,5–10%,5
скачок без отметки,1246,2023-12,Все категории,вверх,0.05191964076827915,-0.3609158629501446,0.1302142767992853,0.0461442084134732,-0.3412721544455347,-0.4233903551372631,-0.314410899218488,5–10%,2
скачок без отметки,821,2024-02,Все категории,вниз,-0.052219849966832044,0.48131621611871067,0.7143569488227075,0.6719680663159283,0.861064265856347,0.7788607368093031,0.3513494593129326,5–10%,7
скачок без отметки,1743,2024-02,Все категории,вниз,-0.0667003096237746,1.2028521277240478,0.5437699521831021,0.5437699521831021,0.9511603593343962,0.08562171752481817,0.292536875102364,5–10%,5
скачок без отметки,1425,2024-05,Все категории,вниз,-0.09455741090154035,0.19728269420520736,0.6514408487466331,-0.37177967910372567,0.002758759552512087,-0.7777149026965224,-0.06879875420638451,5–10%,1
скачок без отметки,854,2024-11,Все категории,вверх,0.06310295620349216,-0.8199504167634011,,,,,,5–10%,
скачок без отметки,1717,2023-08,Все категории,вверх,0.081556788915643,0.09016721510862467,1.0,0.7142135150837293,1.2632418225943238,1.5862752846752532,1.0,5–10%,1
скачок без отметки,807,2023-09,Все категории,вверх,0.05844876128717402,-0.06215252476435513,0.29723378857374444,0.6071313813722017,1.0721940396188299,0.795372106046226,0.8814868610548395,5–10%,1
скачок без отметки,1278,2023-09,Все категории,вверх,0.06270689842621202,-0.893085625832803,-0.2834983267396695,-0.3310971081558898,0.420181693608053,-0.7933640739325991,-0.4830835312136192,5–10%,2
скачок без отметки,1069,2024-09,Все категории,вверх,0.05314724735408127,-0.13052395537497025,0.8199760842130777,1.0212148999412667,,,,5–10%,1
скачок без отметки,829,2023-12,Все категории,вверх,0.07673744119161263,0.9191456460885361,0.44999385329163505,0.12413435576893485,0.3968272134332721,-0.05342976636836827,-0.23697674408885785,5–10%,3
скачок без отметки,2090,2024-09,Все категории,вверх,0.09341072173975462,0.9966499028194591,0.47705075342439146,1.3697936844348646,,,,5–10%,
скачок без отметки,1310,2024-10,Все категории,вниз,-0.07715552451153407,1.3600054073943273,1.5958575264904422,,,,,5–10%,
скачок без отметки,329,2023-09,Все категории,вверх,0.09665235388120408,1.4254187963206606,1.3988981704671013,1.0820339138861628,0.390635750282709,0.2597569705200724,0.40120163958537935,5–10%,5
скачок без отметки,318,2024-01,Все категории,вниз,-0.07841120207849173,0.0511757567301817,-0.5157929469311897,0.2309450911877094,0.08547400688287386,0.6290637772177659,-0.7669614231407924,5–10%,1
скачок без отметки,1522,2024-02,Все категории,вверх,0.05545635971741625,1.2303106110875752,0.5229189894091305,0.2320384771956406,1.7366983310256396,1.2016554948732474,1.079329576148635,5–10%,3
скачок без отметки,188,2024-09,Все категории,вниз,-0.09188129928401878,0.333751575915294,1.4026391303781096,1.4231910484668955,,,,5–10%,
скачок без отметки,302,2024-12,Все категории,вниз,-0.09967088988705086,,,,,,,5–10%,
скачок без отметки,2304,2024-04,Все категории,вверх,0.0528966912234079,1.0124651997930247,1.088304276873104,0.8957332012423884,0.6533558450396839,0.8374341123668073,0.6562023167814346,5–10%,7
скачок без отметки,348,2024-06,Все категории,вниз,-0.052921104525793794,1.5014540530110738,1.0481999515950864,1.3407649276885543,-0.0,0.7628884422912124,-0.0,5–10%,4
скачок без отметки,1167,2024-07,Все категории,вниз,-0.05798991237774764,-0.04015519745556308,-0.5781078215832866,-0.04943520920683595,-0.19359764690989248,-0.63439966498537,,5–10%,1
скачок без отметки,1233,2023-09,Все категории,вверх,0.05095794490695482,0.8743786291559853,1.0618697810351092,1.0494719174368974,0.7369820710221551,0.8457540444581125,0.7000313335455971,5–10%,7
скачок без отметки,1351,2024-12,Все категории,вверх,0.05269683047149876,,,,,,,5–10%,
скачок без отметки,880,2024-11,Все категории,вверх,0.055898532969013814,1.7933013057021256,,,,,,5–10%,
скачок без отметки,331,2023-08,Все категории,вниз,-0.09921678880747287,0.19639049110287596,-0.13372208766199953,-0.02550597546152352,-0.09771886688997039,0.5403925139566513,0.6646400838983832,5–10%,1
скачок без отметки,1560,2024-01,Все категории,вверх,0.052016880691192924,-0.1307939360542452,-0.0679991875412915,-0.07614979868327162,0.10773294623051041,-0.2743254357654564,-0.23132833443980966,5–10%,1
скачок без отметки,1163,2024-09,Все категории,вверх,0.05764552264523459,1.1059754118984104,1.330928301102546,1.6171781917013277,,,,5–10%,
скачок без отметки,321,2023-09,Все категории,вверх,0.0760868177002898,0.8660212245007943,1.3726973212865048,0.021940638240820157,0.5624155673137469,0.6219771679001711,0.2797792785606286,5–10%,3
скачок без отметки,1608,2024-01,Все категории,вверх,0.07956797362440149,0.5387883129641488,0.9180775302050892,0.7371970985815004,1.030982180567746,0.7697356880830751,0.5317361129125463,5–10%,7
скачок без отметки,586,2024-01,Все категории,вниз,-0.057577949653556004,0.6102988043098759,1.0270098391546014,0.8838484266973382,0.6935821054734521,0.6483927166746258,0.08637232800302495,5–10%,6
скачок без отметки,1296,2024-12,Все категории,вниз,-0.058816651513682316,,,,,,,5–10%,
скачок без отметки,2311,2024-01,Все категории,вверх,0.056083754241450734,0.7718761620450327,0.5871635505999041,0.6232257100542222,0.717951825731099,0.8060388448023263,0.99192013464591,5–10%,7
скачок без отметки,314,2024-07,Все категории,вниз,-0.08468330746473463,0.7834592514038814,0.7979384640664101,0.046614309413480104,0.40403992569490316,0.0668836907191376,,5–10%,3
скачок без отметки,272,2023-09,Все категории,вниз,-0.06790125334480202,0.8243084294933244,-0.16219433311069267,0.5835765410458899,0.9538922233473331,0.6060444974640457,0.8027399545322753,5–10%,2
скачок без отметки,1717,2024-12,Все категории,вниз,-0.05878485590892524,,,,,,,5–10%,
скачок без отметки,333,2023-09,Все категории,вверх,0.10144908420079446,0.7768920416275449,1.3771525962254125,-0.023086953834293218,0.6677398833346466,0.3610251343054679,0.6781124472124512,10–20%,3
скачок без отметки,1636,2024-05,Все категории,вниз,-0.07471617979764389,0.22100802500959107,0.8572301819874224,0.5164527968064867,0.046957030556442625,0.8114971843310244,0.3038292822215919,5–10%,1
скачок без отметки,1113,2024-09,Все категории,вверх,0.0595908057626513,0.14719167248353923,-0.47197028635278576,-0.33855894053385127,,,,5–10%,1
скачок без отметки,1989,2024-05,Все категории,вверх,0.07059513655669747,-0.0798428583895996,0.6993105874276098,0.24105786942768975,1.2508398799504528,1.5040226115383293,1.3315825025859682,5–10%,1
скачок без отметки,340,2024-08,Все категории,вниз,-0.08217469941583921,0.9130127793432429,0.89925417076865,-1.5332346650956887,-1.5445279335312374,,,5–10%,
скачок без отметки,1891,2024-11,Все категории,вниз,-0.07209171315753693,1.0134386492967524,,,,,,5–10%,
скачок без отметки,1312,2024-11,Все категории,вверх,0.05989303302439275,-0.0314537223646119,,,,,,5–10%,1
скачок без отметки,2067,2023-07,Все категории,вниз,-0.06536896250050717,0.5955062734125184,0.008955532901624525,-0.1849019074520408,0.693074071454967,0.5530368832486443,1.0333513643237173,5–10%,2
скачок без отметки,1717,2023-10,Все категории,вверх,0.07420304038591752,0.6858911992818651,1.2893298933229278,1.6443769607019036,1.0,1.062356450248552,0.2670023275162147,5–10%,6
скачок без отметки,1850,2024-05,Все категории,вниз,-0.0899274151924967,-0.058978185788627034,0.9470351655400744,0.4627173989553812,0.6675856811141414,0.7854882089852157,0.785395621788693,5–10%,1
скачок без отметки,2,2023-08,Все категории,вниз,-0.07338956545268971,0.951748155856664,1.0836983274911949,1.2464280258194194,2.0142361910854807,0.6823822011652675,1.7968748625391475,5–10%,7
скачок без отметки,1322,2024-05,Все категории,вниз,-0.06712566549467702,-0.9975388848324779,-0.6738477362971727,-0.4829036172199757,0.18585606157816686,0.4199791095608002,0.2118359581028037,5–10%,4
скачок без отметки,752,2024-02,Все категории,вниз,-0.051196941946450636,1.1752372571355227,1.0266836995732171,1.0210425702055033,0.7788680245796591,0.41056636968431653,0.5035065893162619,5–10%,7
скачок без отметки,1194,2024-09,Все категории,вниз,-0.05845143231088201,0.6628970338662661,0.9513726756721476,0.6675583219165063,,,,5–10%,
скачок без отметки,2334,2024-02,Все категории,вверх,0.061176485754749876,0.6003856321934292,-0.12629545207491638,-0.10731247852880786,-0.34737655373650905,-0.1414625807688696,0.6144959728511595,5–10%,2
скачок без отметки,390,2024-11,Все категории,вверх,0.06367883780447237,0.8269959431187112,,,,,,5–10%,
скачок без отметки,737,2023-12,Все категории,вверх,0.054382338791247875,1.2131938695808864,1.1173136332265168,0.5632301020095516,1.0728726596071023,1.9623219030995325,0.4866916482279174,5–10%,7
скачок без отметки,1029,2023-08,Все категории,вверх,0.05813320333262162,-0.07110743717344428,-1.1079611733062673,-0.31855961586440096,-0.14503669652745588,0.13850168216383527,0.2569106380546054,5–10%,1
скачок без отметки,550,2024-04,Все категории,вниз,-0.06858827902385478,0.7525090488300892,0.4812993429023792,0.5290714191395487,0.470485853792405,0.11369123693410935,0.49995680729562314,5–10%,5
скачок без отметки,339,2024-08,Все категории,вверх,0.05798549102555839,0.8406907323919373,0.23356231939536626,0.05775526933549378,0.6898178467831568,,,5–10%,2
скачок без отметки,1731,2023-12,Все категории,вверх,0.09370944901164613,0.0960969823659657,-0.28112904097047475,0.6676506389672994,0.4060611543112121,1.003695762457038,0.5485164014480575,5–10%,1
скачок без отметки,1027,2023-12,Все категории,вверх,0.08817826562096975,0.7954925577362334,0.5364413234361983,0.42883999337743584,0.7139824588208074,0.6743903485011173,0.9119232873842287,5–10%,7
скачок без отметки,2237,2023-12,Все категории,вверх,0.06375426443784526,0.9078068835880546,0.14495012144497413,0.03389084900418469,0.7117320109024405,-0.006985837803246502,0.2685584738062273,5–10%,2
скачок без отметки,914,2023-10,Все категории,вверх,0.060586285351593716,0.16055900018521665,0.21088330920675857,0.9701225785108206,0.4670122366901,0.6360844898367026,0.12302300200038332,5–10%,1
скачок без отметки,1935,2024-07,Все категории,вверх,0.05513355966620104,0.3219373629062066,0.6776625275139715,1.2538619780640328,0.15111148369535934,0.1263627697800072,,5–10%,1
скачок без отметки,1067,2023-07,Все категории,вниз,-0.05534177483924907,-0.22816368404841286,0.6502897525067998,0.23911098542795484,-0.38178606796746317,-0.04753357694168046,0.17099743747265736,5–10%,1
скачок без отметки,2018,2024-05,Все категории,вниз,-0.05462410493846903,-0.0662309662659452,-0.6953398978599411,0.21896067187969345,0.011032145523543285,-0.3821471833287801,1.517497509410129,5–10%,1
скачок без отметки,2872,2024-04,Все категории,вверх,0.06508308807099006,-0.9976401235426621,0.2928795309573989,-0.9221578231914802,-0.3442286886966258,-0.639795579541429,-0.4506285991213515,5–10%,2
скачок без отметки,1778,2023-12,Все категории,вверх,0.055041684099103705,0.3534495303065804,-0.2660014651649579,-0.04700053934602516,-0.7005401517199337,-0.44739045981000514,0.15679181418404536,5–10%,2
скачок без отметки,616,2024-06,Все категории,вниз,-0.055234576914426015,1.0,1.5228564026404539,2.410229014989537,2.9690748547142936,2.537515445750911,1.3285071779717061,5–10%,7
скачок без отметки,1110,2023-12,Все категории,вниз,-0.07667471455049935,0.7864735799722428,0.9278942336058381,0.25771990165091346,0.683215113511851,0.27261579211587117,-0.15063831718651519,5–10%,3
скачок без отметки,879,2024-10,Все категории,вверх,0.050055269536473546,-0.06306761506898581,-0.08829534676231972,,,,,5–10%,1
скачок без отметки,333,2024-06,Все категории,вниз,-0.06702022339055169,1.603506855449997,1.9068027149059088,1.8274111844412853,0.789530406234155,1.2724507330487802,1.3621056856335079,5–10%,7
скачок без отметки,771,2024-11,Все категории,вниз,-0.07577527683620744,0.5098742897429129,,,,,,5–10%,
скачок без отметки,1941,2024-06,Все категории,вверх,0.05242161325380046,0.8836976132171139,1.1104031085320056,0.7018337258153188,1.0928522819027204,0.8070648671509587,0.5433298608340473,5–10%,7
скачок без отметки,836,2023-08,Все категории,вверх,0.06335158507189931,-0.1152743891251283,-0.47552472659043,0.6894620871464217,1.6796902305189911,0.9542110766903861,0.1495069875873712,5–10%,1
скачок без отметки,718,2024-11,Все категории,вниз,-0.058028024874090534,-0.20939690432866917,,,,,,5–10%,1
скачок без отметки,332,2024-01,Все категории,вверх,0.1061468745097276,0.07956108892341512,-0.7090881111592114,-0.7222215630532477,0.29979230932683554,-0.11723139121758708,0.23229821127257835,10–20%,1
скачок без отметки,1957,2024-04,Все категории,вниз,-0.05534933242289419,0.4591068721250253,0.8162978248027056,0.5143981879430286,0.5676170923752095,-0.28004195029575146,-0.33289150365025644,5–10%,5
скачок без отметки,1870,2024-01,Все категории,вниз,-0.050632172942664866,0.08495290635029334,0.6664123282567886,1.1992406549788677,0.9299065597611728,-0.08406599819833323,0.5725067336183217,5–10%,1
скачок без отметки,532,2023-12,Все категории,вниз,-0.06213104810122694,0.8534763360659364,0.5064290749186412,0.07192553848339014,-0.0269998220743093,0.7268995219812916,0.573684435506157,5–10%,3
скачок без отметки,306,2024-07,Все категории,вниз,-0.059239380402395625,-0.5477438078049914,0.6790124334325585,-0.5602900140177056,-0.2218893764658347,-1.0010948781309348,,5–10%,4
скачок без отметки,766,2024-02,Все категории,вниз,-0.06866646133264176,0.7277014867206424,0.922394051625666,1.10244158715175,1.0390647449993733,1.1413541103829428,1.0800687081739544,5–10%,7
скачок без отметки,1912,2024-12,Все категории,вверх,0.07336480076360807,,,,,,,5–10%,
скачок без отметки,1738,2024-01,Все категории,вверх,0.050635751097821924,1.8342406102287605,1.7531739152789974,0.8596100714942466,1.0998667850017005,0.6575072669587879,0.8255379680158664,5–10%,7
скачок без отметки,2043,2024-08,Все категории,вниз,-0.08513311153495806,0.912666558791487,1.021220868679721,0.5108228951625393,-0.6804554840731053,,,5–10%,
скачок без отметки,736,2023-08,Все категории,вверх,0.056284249894940075,0.42276233826670506,0.7998315626363685,0.618654620269782,0.20291263408112323,1.2772968553294655,1.6424420955360546,5–10%,4
скачок без отметки,1680,2024-06,Все категории,вниз,-0.05308559875506269,-0.7557930396255432,-0.2231817921641877,-0.7930555934448795,-0.6702248541822965,0.10485513203438408,-0.2612894164291635,5–10%,2
скачок без отметки,2391,2023-09,Все категории,вверх,0.05346800877170388,0.9974065221320262,0.9054695035801041,1.1762495594123257,0.9737742361812455,1.249267511810907,1.0273827741721069,5–10%,7
скачок без отметки,742,2023-11,Все категории,вниз,-0.08475114678054041,0.1835506086950532,0.14204497839641653,0.45471542116724223,0.17400940608561688,-0.46414244979889424,-0.05950946371253934,5–10%,1
скачок без отметки,325,2024-12,Все категории,вниз,-0.09605691058516896,,,,,,,5–10%,
скачок без отметки,2305,2024-08,Все категории,вниз,-0.058745850859457605,0.3604313833200713,0.5227600654659305,0.8108103254081678,0.9977109830187495,,,5–10%,
скачок без отметки,1894,2023-08,Все категории,вниз,-0.08542343748537462,0.9651566392913358,0.2603323579577083,0.2799273471442553,0.35009192613948625,-0.25545213359833174,0.37605022574752484,5–10%,2
скачок без отметки,331,2024-10,Все категории,вниз,-0.05800538650187903,2.4206654382923705,0.8981324577033203,,,,,5–10%,
скачок без отметки,615,2024-01,Все категории,вверх,0.06351653573442029,-0.9855795182771918,-0.5290189682820116,-0.7521868104817415,-0.18194255739304876,-1.1088391952183387,-1.5698159027421945,5–10%,4
скачок без отметки,281,2024-01,Все категории,вверх,0.0871788076763913,0.9947073364822027,0.8399037688442826,0.5383650899364251,0.18211410887970023,0.4813618132364333,-0.057697184723422654,5–10%,4
скачок без отметки,929,2024-05,Все категории,вверх,0.08511018036646334,0.40234171151748643,0.3289014472912519,0.17464571389514585,-0.09736936877619987,0.6082698921662572,0.9131993659816575,5–10%,2
скачок без отметки,230,2023-12,Все категории,вверх,0.05433896645783598,-0.12375682323945379,0.4546156075433306,0.18238550811267482,-0.41779819655543043,-1.4141916117025781,0.3688735047433793,5–10%,1
скачок без отметки,2155,2023-12,Все категории,вниз,-0.05565054238653033,-0.42735261544236586,0.017789675195429993,0.03309814442664684,0.5143763886259645,0.4504489227128774,0.7264440798843772,5–10%,2
скачок без отметки,312,2023-11,Все категории,вверх,0.0675923770925202,-1.1382975583013246,0.5986446304852301,-0.415069506314431,-0.005286349169445163,0.31828513817811016,1.3308445837645355,5–10%,4
скачок без отметки,1942,2024-05,Все категории,вверх,0.07077497614578121,1.0959329678081515,1.4046726995686372,0.6075211890333405,0.6851550298066932,0.7224766562285355,0.12688853169217254,5–10%,6
скачок без отметки,1741,2024-09,Все категории,вверх,0.10348411038120986,0.4004846449379343,0.4128958933663974,0.0,,,,10–20%,3
скачок без отметки,1545,2023-10,Все категории,вверх,0.05243158024232919,0.6646380032890431,1.2097420449230527,1.2292575158331285,0.44057249857087316,0.8777195305097876,1.8370144041844678,5–10%,7
скачок без отметки,715,2024-07,Все категории,вверх,0.051758073003760785,0.43639616203499065,-0.6291712473771407,0.2858036730947573,-0.2534653193505467,-0.2337810937510169,,5–10%,3
скачок без отметки,546,2024-06,Все категории,вниз,-0.056813086809563984,0.7579942694884687,0.12434456280564118,0.36006255951606375,0.24376432028134212,-0.40429172892144355,-0.949750215045548,5–10%,2
скачок без отметки,1164,2023-09,Все категории,вверх,0.054534867590566805,1.8022458634149345,0.5580311517755185,1.8737691833417274,3.8607800945079838,2.692843508436887,2.939953664806127,5–10%,7
скачок без отметки,2177,2023-12,Все категории,вниз,-0.050161968086134934,0.16835352491365235,0.8805727917859258,0.4522968921176584,1.648083082163602,0.03641244858225901,-0.14589072850183796,5–10%,1
скачок без отметки,270,2024-11,Все категории,вверх,0.05053944631649365,0.39590085537990044,,,,,,5–10%,
скачок без отметки,1190,2024-09,Все категории,вверх,0.06429296982207511,1.5866986689277125,0.8035346295929651,0.2515099182205354,,,,5–10%,3
скачок без отметки,612,2024-01,Все категории,вверх,0.09067714537346916,0.24089255045040683,0.9620439126197589,0.9084426742824688,1.350365306351878,0.46757136971237623,0.22345272462892493,5–10%,1
скачок без отметки,205,2023-08,Все категории,вверх,0.07829401433968108,0.5966690834650396,1.5220721567147404,0.27569379588343074,0.5176371779235995,0.2949242370120776,0.2763641977674907,5–10%,3
скачок без отметки,2876,2023-12,Все категории,вниз,-0.05142647567184078,0.5035662102161244,1.4222280672574152,1.1673953663804715,0.9186886864736048,0.18257707972872506,0.0530210357998508,5–10%,5
скачок без отметки,1744,2024-07,Все категории,вниз,-0.06905060381779116,0.3960630533423427,0.02980786863745851,0.6148729095379292,-0.7305407110267705,-0.26546851763054347,,5–10%,2
скачок без отметки,889,2023-11,Все категории,вниз,-0.054487596396091575,0.4610456200959431,0.2947552906228893,0.9054688068239568,-0.12045879416730251,-0.17596548634943351,-0.2613518117293781,5–10%,2
скачок без отметки,327,2024-11,Все категории,вниз,-0.06220335745441119,2.7918368509616385,,,,,,5–10%,
скачок без отметки,1664,2024-05,Все категории,вниз,-0.06015864472304422,0.31456298611200595,0.4698801982673761,0.6813977957488355,0.08307073977180585,-0.47218229177056525,-0.036411675768626195,5–10%,1
скачок без отметки,1188,2024-09,Все категории,вверх,0.05436696123443063,1.4834698095092054,0.7298148377902249,-0.08617439463424838,,,,5–10%,3
скачок без отметки,2249,2024-05,Все категории,вниз,-0.09906084816034344,-0.6532359078543257,-1.1326630557358388,-0.549466214540852,-0.46078023833544873,0.14225570238414875,0.35554170104817795,5–10%,5
скачок без отметки,491,2024-08,Все категории,вверх,0.05693336055878184,1.3640141159211192,1.6419976029823016,0.3063534253005975,0.47906739484589306,,,5–10%,3
скачок без отметки,9,2024-09,Все категории,вниз,-0.11391622561540515,1.319306713802807,1.652123745896148,1.949437584603205,,,,10–20%,
скачок без отметки,191,2024-11,Все категории,вверх,0.14007646903095505,0.12108621017418414,,,,,,10–20%,1
скачок без отметки,333,2023-11,Все категории,вверх,0.060895883545814655,-1.332719582078432,-0.1818412978444377,-0.6928106538679333,-0.1645611953983366,-0.21434068020856487,0.7729092685489217,5–10%,2
скачок без отметки,338,2023-07,Все категории,вверх,0.07662153537317451,1.0204724137278884,1.1397112654715724,1.0204724137278884,0.6088732829898671,1.0204724137278884,1.4293084817749346,5–10%,7
скачок без отметки,13,2023-09,Все категории,вниз,-0.0675907220817713,-0.23376588994926462,-1.1675035939785705,-0.4494702220596717,0.5445095926941191,0.7586939937635289,0.6222054749091553,5–10%,1
скачок без отметки,903,2023-12,Все категории,вверх,0.05811242353136947,1.5247422665954782,1.2133507698295989,0.6727373990637858,-0.11432903314286502,0.07838600784047288,-0.9726616254222114,5–10%,4
скачок без отметки,201,2023-12,Все категории,вниз,-0.06517635762832263,0.46351552674212837,1.4367855971915964,0.5963862489773447,0.5210369802008978,1.5455178753130194,0.9524302181505966,5–10%,7
скачок без отметки,340,2024-02,Все категории,вниз,-0.09045694987310249,1.1168495025598775,1.7161913412972345,1.6531914691857466,2.2811575590158513,1.747388905769559,2.6558287717070903,5–10%,7
скачок без отметки,326,2023-09,Все категории,вверх,0.08895822907083151,1.1370888083634456,0.9934846672451746,0.278753881906689,0.24375927013819887,0.0070023124606012205,0.3435014232039915,5–10%,3
скачок без отметки,323,2024-11,Все категории,вверх,0.07143509944637394,1.6732993194530827,,,,,,5–10%,
скачок без отметки,1349,2024-12,Все категории,вниз,-0.1260633108478988,,,,,,,10–20%,
скачок без отметки,2164,2024-01,Все категории,вверх,0.0638666226525455,0.1383248853178133,0.8172203571929546,0.08069309831400298,0.8755368924627737,0.6085936440896145,0.5367875999397296,5–10%,1
скачок без отметки,928,2023-08,Все категории,вверх,0.06273069625932948,0.22362934857019778,1.3758396846686771,0.6720789101268585,0.9276080899416852,1.6197819426591413,0.5859952933040101,5–10%,1
скачок без отметки,77,2024-02,Все категории,вниз,-0.060281803459876215,1.2638770834466804,1.3680533002292015,1.5407079977074802,1.1655186731880451,1.1832323236831324,0.9258548671096489,5–10%,7
скачок без отметки,285,2023-10,Все категории,вниз,-0.12148424386148093,0.770652455098892,0.8984612250879542,1.07384885622306,1.1375412225233639,0.8577667958240425,0.564836953242317,10–20%,7
скачок без отметки,70,2024-09,Все категории,вниз,-0.062182361272348885,0.9143832017749842,0.2136222281191962,0.18001797450078727,,,,5–10%,2
скачок без отметки,227,2024-12,Все категории,вниз,-0.07840834723441503,,,,,,,5–10%,
скачок без отметки,327,2023-12,Все категории,вниз,-0.18796336220717613,-0.06450863656555442,0.5981914246108891,0.5318148307377613,0.3482012335594996,-0.14083278259821055,0.525268580453062,10–20%,1
скачок без отметки,1651,2023-11,Все категории,вверх,0.07501439720117986,0.5080677864672969,-0.7019011131342159,-0.8167023440890648,-0.9604906674129078,-0.838657298444181,-0.8497762013392209,5–10%,7
скачок без отметки,2182,2023-08,Все категории,вверх,0.07273420639402062,0.02994526207036018,-0.35275758490299747,1.0918690670319058,-0.2797432973327783,0.23907439337744885,0.3233833661371155,5–10%,1
скачок без отметки,602,2024-08,Все категории,вниз,-0.06283589965702596,0.5009181340960952,0.9471536441575488,2.1023527266734887,1.2899986953304607,,,5–10%,
скачок без отметки,1560,2024-02,Все категории,вниз,-0.05882037325805811,0.9444684424714307,0.9516763084513461,0.7890624678117187,1.1269298456021486,1.0889060289236834,0.9400927404270797,5–10%,7
скачок без отметки,883,2024-01,Все категории,вверх,0.05855662830331987,0.5997636532183643,0.04740240211295105,0.8318225381625253,0.3433190867622784,1.0217298609430057,1.0377125350146363,5–10%,2
скачок без отметки,2172,2023-08,Все категории,вниз,-0.05539931634892348,0.6572275399221332,0.5205952418467662,0.2327646548270914,0.7150601588098074,0.022276952061821946,0.7328029320064768,5–10%,3
скачок без отметки,2088,2024-12,Все категории,вверх,0.057382777713471,,,,,,,5–10%,
скачок без отметки,1262,2024-01,Все категории,вверх,0.054532750471560476,0.28902780259231486,0.3895987174562773,0.32404712513247985,-0.0795626786725577,0.21768419950032886,-0.24591579944244835,5–10%,1
скачок без отметки,614,2023-09,Все категории,вверх,0.16992209872821995,1.7011485026392592,1.3562453122267248,1.219418603357497,1.3648091816907737,1.2176057466259325,0.9128195900222391,10–20%,7
скачок без отметки,372,2024-05,Все категории,вниз,-0.07337865344536709,1.1772051170363018,1.870815834856096,1.530250817567444,1.1472009050124041,0.4636631507452228,0.7787683546949479,5–10%,7
скачок без отметки,1931,2024-11,Все категории,вниз,-0.051232686806109484,0.9316099874076327,,,,,,5–10%,
скачок без отметки,2241,2024-11,Все категории,вверх,0.06155958276031548,0.15142888674984692,,,,,,5–10%,1
скачок без отметки,519,2024-01,Все категории,вверх,0.055786960983629896,0.8393028512142561,-0.08653664870413587,0.18026872571382288,-0.8178623342736966,-0.03349246542169977,-0.5649935981602622,5–10%,2
скачок без отметки,1135,2023-12,Все категории,вниз,-0.05296717742191248,-0.9886486999691705,0.8316524196332858,0.02970032560454576,1.1062534873333543,0.5847500692324464,0.6963455456602934,5–10%,3
скачок без отметки,2154,2024-12,Все категории,вниз,-0.08137103158970405,,,,,,,5–10%,
скачок без отметки,1152,2023-11,Все категории,вниз,-0.14329826087284658,0.6668038315690898,1.0690355924290151,0.5446581517982213,0.8761810952112098,1.1453939126536177,0.5029439853298381,10–20%,7
скачок без отметки,822,2024-01,Все категории,вниз,-0.05122309142208259,0.7154150837186725,0.9527021081455671,0.5563319105201554,0.7392686269829567,0.3892791380930543,-0.08332040720135528,5–10%,6
скачок без отметки,498,2023-10,Все категории,вверх,0.06735316028419369,0.5948647973822069,0.23955143934810325,0.21676891218947125,0.0680403834314381,1.0678240146894853,0.7123953884854821,5–10%,2
скачок без отметки,721,2023-11,Все категории,вверх,0.05093435519344425,1.7103998037760086,-0.8959993153704398,0.6320908742766694,0.7266564670053456,0.9041562590136053,0.4062891183154024,5–10%,7
скачок без отметки,326,2024-07,Все категории,вниз,-0.12065023983559797,0.5981515035087688,0.027619410014338656,-0.1968449792712451,-0.0012535993074139853,-0.033100884602328975,,10–20%,2
скачок без отметки,376,2024-05,Все категории,вверх,0.07444516789070832,-0.02242052152755456,1.0562287872599736,0.9707056662590621,0.8276892601360685,0.786183946147956,0.7223659226705835,5–10%,1
скачок без отметки,493,2024-07,Все категории,вниз,-0.09285586106059363,0.3934376801157405,0.5421082758251725,0.43171762670292607,-0.5118136677691526,0.2590108933477991,,5–10%,5
скачок без отметки,1271,2024-01,Все категории,вниз,-0.052210591010199536,-0.043101351899144456,0.32704115311430537,-0.459269376264808,-0.5879069831768623,-0.6670203356962513,-0.2743277146314978,5–10%,1
скачок без отметки,2296,2023-12,Все категории,вверх,0.07018673985229285,1.5137580067317467,1.1153336267053604,0.48694871806879475,0.6138714923216744,0.2521869809897499,0.45486853419071915,5–10%,5
скачок без отметки,1691,2024-09,Все категории,вверх,0.06953207575542208,0.9686715811860569,0.6033905026532647,1.28531697330354,,,,5–10%,
скачок без отметки,1220,2024-01,Все категории,вниз,-0.05653601770298167,-0.24974066925826816,-0.44966647623123046,-0.33027589499597887,0.9526830648928768,-1.3414274174763183,-0.30757158463679835,5–10%,1
скачок без отметки,1295,2023-07,Все категории,вниз,-0.11676312934474709,0.8038228383699716,0.0010322415302219934,0.4479133216253736,-0.354032547993798,0.3319465623573238,-0.3524830427599706,10–20%,2
скачок без отметки,1634,2024-09,Все категории,вверх,0.06681340138539227,0.13562177242441933,0.19852294620058314,-0.38707594824852215,,,,5–10%,1
скачок без отметки,503,2024-03,Все категории,вверх,0.08645020160484407,0.9530219188297865,1.787236604569899,1.567472408778991,1.1897680720613661,1.2031699268382179,1.850685872473746,5–10%,7
скачок без отметки,1522,2024-01,Все категории,вниз,-0.10819713465897962,0.4874507546599456,0.3694052247532022,0.7319782666043663,0.8810688536235189,0.10985658104947639,0.3840923829439875,10–20%,5
скачок без отметки,1305,2024-09,Все категории,вверх,0.0719504033621714,0.9061780304920427,3.0055219454687814,2.253981819812871,,,,5–10%,
скачок без отметки,794,2024-11,Все категории,вниз,-0.06064635195272139,0.9582845744940415,,,,,,5–10%,
скачок без отметки,1152,2023-08,Все категории,вниз,-0.07966102900039473,1.1863161757154104,0.14087984847620635,1.9397300851727035,1.3403600787243948,2.06391477695412,1.1206382937571133,5–10%,2
скачок без отметки,1962,2024-02,Все категории,вниз,-0.06190644807345258,0.3178327266430398,0.8828977323481597,0.37739306734448447,0.787799631531258,-0.0011456896646172344,0.047361004290742824,5–10%,1
скачок без отметки,1728,2023-11,Все категории,вниз,-0.055933644228700174,1.0938799851764336,0.45476837612820875,0.9092682435297146,-0.7256235293915938,0.6475976374110229,-0.5151772676830563,5–10%,7
скачок без отметки,2250,2024-06,Все категории,вверх,0.06735126234169009,0.8658130055993057,0.8336866329360584,-0.18466243186307674,-0.209589370301448,0.0,0.9882844331352252,5–10%,3
скачок без отметки,490,2023-10,Все категории,вверх,0.06844739081827278,1.4312978105724299,1.3462953502043458,1.2539182255235644,1.3679833624816975,1.729975812600127,1.3761932268032695,5–10%,7
скачок без отметки,1257,2024-01,Все категории,вниз,-0.08161871730423087,0.678275583627236,0.41422003206533853,0.4832711305804052,0.43973413984403553,0.42911231247279663,0.17574885864991485,5–10%,6
скачок без отметки,1646,2024-10,Все категории,вниз,-0.0613956760774137,0.7577374901150198,1.4407711917298869,,,,,5–10%,
скачок без отметки,2154,2023-12,Все категории,вниз,-0.1211610831165828,0.7676072597448982,0.928522927982307,0.8880758240573381,0.6527938051561966,0.890588853830539,1.1670612052853067,10–20%,7
скачок без отметки,2204,2024-05,Все категории,вверх,0.050839608130630154,1.0481465271831383,0.937012114746957,0.9872501316160227,0.8338153084404787,0.47809295669270163,0.5729300843716963,5–10%,7
скачок без отметки,334,2023-12,Все категории,вниз,-0.06231431156170508,-0.10714491966163148,2.3529984367551458,2.3071536800313477,1.9647310887816458,0.21543622425012737,-0.2617727077747439,5–10%,1
скачок без отметки,195,2023-11,Все категории,вверх,0.0655603868040302,-0.8156769811730842,-0.3840426430688851,0.36904430382842385,-1.0814545725644902,-0.019695134220458082,-0.7829377310414918,5–10%,5
скачок без отметки,687,2023-10,Все категории,вверх,0.05799493411960732,0.04261820478699572,1.5689476007790197,2.4350483055014456,1.849205914427623,1.0717760204683702,1.243333992322583,5–10%,1
скачок без отметки,430,2023-08,Все категории,вверх,0.06430216394380395,0.7093907967406939,1.669649595520606,1.5594065473362368,1.4528268753303182,1.552411348701898,1.3808275324523234,5–10%,7
скачок без отметки,1147,2024-05,Все категории,вверх,0.06479206400190307,1.4943742856908655,1.1481882913170012,0.838615363021138,1.8351743134899279,1.1972935609429458,0.4043455338498182,5–10%,7
скачок без отметки,191,2024-01,Все категории,вверх,0.10513759076499163,0.0,0.0,0.25322010809704354,0.23744028211490723,0.33456866148197784,0.0,10–20%,1
скачок без отметки,58,2023-11,Все категории,вверх,0.057748299269366754,-0.2970392324462471,0.8963133509313742,1.190555455099429,0.3697347246286575,0.43882214315951185,0.7344958804602667,5–10%,1
скачок без отметки,2062,2024-12,Все категории,вниз,-0.050713709713001265,,,,,,,5–10%,
скачок без отметки,792,2023-09,Все категории,вниз,-0.06059391144006554,0.17966675258208264,-0.6695318712154205,0.13092637270771032,-0.4100102205905677,0.33268881757536417,0.5863301742071916,5–10%,1
скачок без отметки,2325,2024-07,Все категории,вверх,0.053068514046984205,0.7069951134030157,0.1661670583616431,0.5933487586431534,0.676565796859742,0.4168635795335063,,5–10%,2
скачок без отметки,2037,2024-01,Все категории,вниз,-0.08960734037649765,-0.4021921739502109,0.004326161497626857,-0.18440260441730696,0.02013310985436348,0.3365021302037535,0.1408915633298584,5–10%,2
скачок без отметки,873,2023-12,Все категории,вверх,0.05582909241864975,0.7604387031178121,1.0329506377152797,0.6673726111746687,0.6578568946034733,0.6103234848411563,0.11627157705035393,5–10%,6
скачок без отметки,207,2024-01,Все категории,вверх,0.07591588991764553,1.322178895915612,1.2867148416123602,1.329747662994616,1.0890710207231253,0.6446132557027494,0.5964102481666609,5–10%,7
скачок без отметки,1357,2024-10,Все категории,вниз,-0.05027359597290726,-0.9694870715079786,-0.7468028315717947,,,,,5–10%,
скачок без отметки,1751,2024-07,Все категории,вниз,-0.09910099312993381,-0.1118015108285498,0.12017733575787241,-0.38054676469829907,-0.07502158318107839,0.6622126537673646,,5–10%,1
скачок без отметки,1942,2024-01,Все категории,вверх,0.077388235262692,0.43613981398788243,-0.015400138009502424,-0.42444956941828776,0.4900948171481937,0.5778297743438017,0.8601859629353951,5–10%,2
скачок без отметки,896,2024-02,Все категории,вниз,-0.06559265393763702,0.8753271698719891,1.2894525551451734,1.181516650679689,0.97282851351585,1.0403529712144612,0.9114779065803462,5–10%,7
скачок без отметки,1751,2024-12,Все категории,вниз,-0.07306064505097964,,,,,,,5–10%,
скачок без отметки,1037,2024-01,Все категории,вверх,0.052225127667004045,0.11185014562210188,-0.38084768519572504,-0.6558995161017869,-1.3320308440879036,-1.2912863493940572,-0.9845715311290528,5–10%,1
скачок без отметки,349,2024-03,Все категории,вверх,0.07687100193919072,1.2608103037281744,0.2637403139055226,1.1707265745585471,-0.5038204750720915,0.40938602731618895,-0.008824033025736014,5–10%,2
скачок без отметки,854,2024-09,Все категории,вниз,-0.07014184256767209,-0.5285077354695487,-1.4281555618381119,0.20915887470164274,,,,5–10%,3
скачок без отметки,1345,2024-01,Все категории,вниз,-0.07351275292788273,0.6106864321962854,0.4261396180110035,0.34523389200524457,0.2677451320724917,-0.0034190748257664784,-0.34251214260596174,5–10%,4
скачок без отметки,1679,2023-12,Все категории,вниз,-0.07376697559025303,1.3273568086827596,0.9839249777291651,0.3100753137904131,0.2618573359069526,0.7437671503932411,0.7721793063464404,5–10%,3
скачок без отметки,1039,2023-07,Все категории,вверх,0.06547128364144861,0.9441089320463184,1.3520375404161935,1.4381034350609716,1.9721349152225975,1.654282020778962,1.6925977215374592,5–10%,7
скачок без отметки,360,2024-02,Все категории,вверх,0.05934492304259642,0.7962660758919002,0.881157178423471,0.4114434165814741,0.7948492871965008,0.9340874507808135,0.21944939624711599,5–10%,6
скачок без отметки,1237,2024-03,Все категории,вверх,0.050424012477536806,0.4094890445968025,0.22650341571205415,0.5376911719018577,0.5775461812333355,0.6178363454072663,0.5032440895761756,5–10%,2
скачок без отметки,727,2024-02,Все категории,вниз,-0.05104126672354603,0.831759553252511,1.0089951012054317,1.1671214396575096,1.1674626396055905,1.098800342440698,1.3038925259141567,5–10%,7
скачок без отметки,1594,2024-07,Все категории,вниз,-0.09078558357991184,0.7116889835635573,0.74893629506353,0.13609406343635524,0.6518930296538669,0.18205941796320976,,5–10%,3
скачок без отметки,343,2024-01,Все категории,вниз,-0.11900775274367525,0.6921079415535983,0.6471120416161977,0.6242677765748756,0.35206017674206735,0.8186824041569839,1.8243391312643487,10–20%,7
скачок без отметки,1431,2024-05,Все категории,вниз,-0.09521629593982794,0.7764932435291585,2.504384391812215,2.1205422617803813,1.1368959615339806,2.927569763681462,1.934408710008021,5–10%,7
скачок без отметки,290,2023-12,Все категории,вниз,-0.05170135037351464,0.03909680040496033,0.6430429339595104,0.32971062872941603,-0.03694339427673513,0.36153203277289225,-1.0861166102249398,5–10%,1
скачок без отметки,447,2024-04,Все категории,вверх,0.05878359474469974,0.5540598776056023,0.5049112132174405,-0.01255104520876784,0.01622966077122657,-0.6023422146524238,0.35559060172842943,5–10%,3
скачок без отметки,2182,2023-12,Все категории,вниз,-0.09976313680229154,0.6217461258082652,0.5602790707203521,0.016787096413254647,0.4396104662259671,0.2850737651344428,0.2046605171121025,5–10%,3
скачок без отметки,1303,2024-12,Все категории,вниз,-0.05984932547809052,,,,,,,5–10%,
скачок без отметки,678,2024-01,Все категории,вверх,0.05413980482455116,-0.2933215405308504,-0.33320543246396134,-0.10206583429975004,-0.006785255777157712,0.41774921512588,1.1929050425332344,5–10%,1
скачок без отметки,1178,2024-03,Все категории,вверх,0.09952866500492696,-0.05026871007791908,0.9862462840205249,-0.32318796715645653,-0.028320906261401803,-0.3671502617724595,0.2599089129101324,5–10%,1
скачок без отметки,1528,2024-02,Все категории,вниз,-0.05526221230773665,0.3031831380218028,0.15466796375263522,0.19878703482988044,0.24871056588097376,0.5016594342808479,0.47401532946260305,5–10%,1
скачок без отметки,879,2024-05,Все категории,вверх,0.05677392563574557,1.3215926013056714,1.489344430740833,1.160963418944458,1.3808809572241938,2.2625404334003156,1.3252767967587944,5–10%,7
скачок без отметки,185,2024-05,Все категории,вверх,0.07575134731081334,0.23369381290770036,0.19566577226640675,0.5915501323480141,0.9437551427552846,0.9026267369255261,0.31747639092422014,5–10%,1
скачок без отметки,1339,2023-11,Все категории,вниз,-0.05475183346228363,-0.014214785432413725,0.13807996347785026,-0.2833382881839656,0.4712913621056965,1.9780698639760903,1.8587674896747748,5–10%,1
скачок без отметки,621,2024-06,Все категории,вверх,0.05724655078157781,3.6750245904785674,1.9932332406273765,0.7444494657780281,-0.5288113018930942,-0.8703623503899457,-0.056496273592572144,5–10%,6
скачок без отметки,1724,2023-10,Все категории,вниз,-0.05867243176411918,1.1937185478357366,0.12172411446077656,0.7697873802845917,0.5115783217895179,1.9926467307406335,1.1433329634028895,5–10%,2
скачок без отметки,888,2024-09,Все категории,вверх,0.05391246174016473,-0.07477498005963863,0.815617917969434,1.444698203542986,,,,5–10%,1
скачок без отметки,2117,2024-06,Все категории,вверх,0.05013354831165984,-0.07438516821073018,0.5222741154720344,-0.09691253652585202,0.04004427489353873,0.7523290672367688,0.7048639381351476,5–10%,1
скачок без отметки,871,2024-01,Все категории,вниз,-0.058557687897510036,0.666642672869262,0.5861415240365301,0.502985514863673,1.0367698384445738,1.3393548072460408,1.3471297230616586,5–10%,7
скачок без отметки,1591,2023-11,Все категории,вверх,0.054916641416321355,1.2885084354005314,0.2908444275937178,0.6446333002222568,0.7463798515940462,0.2851010172727055,0.38484119254854576,5–10%,2
скачок без отметки,2153,2023-12,Все категории,вниз,-0.06295531719138125,-0.2989830714453267,0.3667484117228756,0.48493196817995493,0.908561197539398,1.025396451282755,1.1508589238350342,5–10%,1
скачок без отметки,2269,2023-09,Все категории,вверх,0.10726377295196521,0.7666266202350595,0.5511279250981731,0.8644195153917482,0.7024267353532424,0.6559359585395343,0.9036487913459482,10–20%,7
скачок без отметки,8,2024-09,Все категории,вниз,-0.09261489995089534,0.9182981425303587,0.6316159144192631,1.0757809184158915,,,,5–10%,
скачок без отметки,1781,2024-02,Все категории,вниз,-0.07688011258273875,0.4856898006025018,0.4574206892764063,0.3010540390701596,-0.25187246597862784,0.014298724500023898,-0.23531554490064743,5–10%,3
скачок без отметки,272,2024-12,Все категории,вниз,-0.06567796380394597,,,,,,,5–10%,
скачок без отметки,239,2024-01,Все категории,вверх,0.05369921552088819,1.173556144553577,1.2136797714539964,1.4406022164628516,1.0638594910960362,1.0298293198074033,1.3121726471319448,5–10%,7
скачок без отметки,402,2024-09,Все категории,вниз,-0.06445429120532253,-0.23188142743911347,0.9917339156686955,0.7411757167151857,,,,5–10%,1
скачок без отметки,490,2023-07,Все категории,вверх,0.08955489219252755,0.12513158143937303,-0.7792237180992567,-0.014917166636688742,0.31472657561528106,0.24975863826551697,0.1791541966667214,5–10%,1
скачок без отметки,608,2024-08,Все категории,вниз,-0.06067358413133306,0.9242517610638052,1.7282458352291061,0.5502027583096715,-0.0016309048288444617,,,5–10%,4
скачок без отметки,1152,2024-05,Все категории,вверх,0.09206195728338429,1.3297032404797045,2.1186234117009732,2.0885421243960933,0.5256793746370529,0.8643343998807406,0.3571285455649761,5–10%,7
скачок без отметки,273,2023-09,Все категории,вниз,-0.060780859006150934,0.7944626410965547,0.03228393250470078,0.3113574608439857,0.40293815265142663,0.5788931998981295,1.163428711286424,5–10%,2
скачок без отметки,766,2024-01,Все категории,вверх,0.072162695938216,0.04844933466132748,0.30755516614303163,0.1222953264711636,-0.049029025751269675,0.011277250565888292,-0.08605626312191779,5–10%,1
скачок без отметки,2143,2024-05,Все категории,вниз,-0.07830679697276466,0.18574741836315883,-0.3171230135203783,0.15454806899088103,-0.40447037743134706,0.17737976688750667,-0.1569774584928709,5–10%,1
скачок без отметки,1949,2024-10,Все категории,вверх,0.09057756121038274,0.5905380865150917,0.9456046640067673,,,,,5–10%,
скачок без отметки,1126,2024-06,Все категории,вверх,0.05884787491268462,0.7955396112272889,-0.3318499576775083,-0.06625575450551768,0.8980995237513401,-0.09804457559498538,-0.2244137447371388,5–10%,2
скачок без отметки,402,2024-08,Все категории,вверх,0.07024252350399962,0.08240353577769034,1.2127735779369526,0.08998846553305877,0.31989978297470945,,,5–10%,1
скачок без отметки,430,2023-10,Все категории,вверх,0.06174671870762616,0.8851944409939881,0.774203870388088,0.8779097395747177,0.6992247679112601,0.3672975588169794,0.31685252756745924,5–10%,6
скачок без отметки,771,2024-05,Все категории,вниз,-0.050767433899883585,0.45313052379868124,0.23154817343483683,1.612068410178872,0.7000219535992147,0.7805079174128303,2.273104076313452,5–10%,2
скачок без отметки,1733,2023-07,Все категории,вниз,-0.05539815065965037,2.082891067963493,1.6326764079489033,2.573299003902407,1.4289208662816126,2.4039595783840673,3.2114208123377304,5–10%,7
скачок без отметки,540,2024-04,Все категории,вверх,0.06798569541065014,0.9393355832708815,0.9972089693640354,0.7183429972289471,1.0595643405579138,1.173623785502459,0.615123385127529,5–10%,7
скачок без отметки,2296,2023-10,Все категории,вверх,0.059404286553736085,0.6636847512593498,1.8451944355613932,2.452204495902666,1.9814622324394533,1.2390193774160962,1.3889798643543554,5–10%,7
скачок без отметки,1299,2024-02,Все категории,вниз,-0.08311457919617382,0.7421674225081292,0.7420961245570813,0.4645564663851521,0.5611059809558188,0.5607800648520671,0.5927091900161269,5–10%,7
скачок без отметки,1935,2024-11,Все категории,вниз,-0.06079856017820795,1.0224427139608954,,,,,,5–10%,
скачок без отметки,2287,2023-09,Все категории,вниз,-0.05099706273964166,0.09248268629098155,0.7118954468985865,0.30601826025901174,-0.1317566228269078,0.2683527116936134,0.4757774898925784,5–10%,1
скачок без отметки,1581,2023-10,Все категории,вниз,-0.05354805305568355,0.01117768838490484,0.9595542279474828,-0.13460740399237464,0.3370077960098637,0.18566121393279691,-0.13460740399237464,5–10%,1
скачок без отметки,1923,2024-07,Все категории,вниз,-0.1142032221020628,0.3658799334446621,0.12363305777435298,-0.3924821869639668,-0.47345247646784194,-0.1248560075653566,,10–20%,2
скачок без отметки,1353,2024-10,Все категории,вниз,-0.07949122476002124,0.8167833478524691,0.2632189990703947,,,,,5–10%,2
скачок без отметки,859,2023-07,Все категории,вверх,0.07520218650864408,1.1649475449196276,0.25852524676079314,1.654427008398034,1.0356244112063486,0.8248199186479965,-0.3745017572209859,5–10%,2
скачок без отметки,2334,2023-12,Все категории,вниз,-0.09464019327175244,0.9979057087689984,0.3514944574829191,0.6098096810086601,1.0795445099764862,1.0672737022934156,1.2224538215372611,5–10%,7
скачок без отметки,1976,2024-01,Все категории,вверх,0.10658448420963751,0.5844184975837982,0.650763638552302,0.9157373399815246,1.1060664427441593,0.6654042278471882,0.7987198547201932,10–20%,7
скачок без отметки,60,2024-07,Все категории,вниз,-0.05782419877049705,0.3315186392742694,0.4672021685288429,0.13724689468632875,0.13724689468632875,-0.2024618537462151,,5–10%,1
скачок без отметки,2321,2024-10,Все категории,вверх,0.1074470733447388,1.0998413064179138,1.132633911111808,,,,,10–20%,
скачок без отметки,504,2024-01,Все категории,вверх,0.0659701796132719,0.5147512301268672,0.7761028033876254,0.26803642346589296,-0.017514640942401044,-0.08825506354828123,-0.22459709467517922,5–10%,3
скачок без отметки,195,2024-10,Все категории,вверх,0.09059274574796206,0.24014871060881662,0.005411168819447735,,,,,5–10%,1
скачок без отметки,1358,2023-07,Все категории,вниз,-0.05288339707339418,0.0861129094364276,0.7807220685426299,0.7617351103444732,0.39325411808295446,0.3072445681169858,0.3731188598427446,5–10%,1
скачок без отметки,325,2023-09,Все категории,вверх,0.09526374968054974,1.2705330285778431,1.5768174855273285,0.02618536708826549,1.3594312594093565,0.5779349621554457,0.8382717163221766,5–10%,3
скачок без отметки,1276,2024-11,Все категории,вниз,-0.05070036907197206,0.418812123155427,,,,,,5–10%,
скачок без отметки,334,2024-02,Все категории,вниз,-0.15330213959821393,0.9813650059846223,0.8421769418595935,0.13112290512273295,-0.06285316167035455,-0.11122982214366979,0.6624994968178785,10–20%,3
скачок без отметки,1353,2023-08,Все категории,вверх,0.06345535012144765,0.2694456221231408,0.21867240683451533,0.8623280329815548,0.6489364445954404,0.715648687031673,1.2101107874581303,5–10%,1
скачок без отметки,392,2024-11,Все категории,вниз,-0.0509670266916995,0.2604152739257682,,,,,,5–10%,1
скачок без отметки,1731,2024-09,Все категории,вверх,0.07379962048565147,0.8781031395505537,0.6047833366769585,1.0878930281095471,,,,5–10%,
скачок без отметки,1584,2024-09,Все категории,вниз,-0.09448761116160043,0.9152478863070115,0.4377604846603577,-0.5792019829299265,,,,5–10%,
скачок без отметки,334,2024-12,Все категории,вниз,-0.09714763521394687,,,,,,,5–10%,
скачок без отметки,808,2024-10,Все категории,вверх,0.12982012855749758,0.7166358795384641,0.4899856365122876,,,,,10–20%,
скачок без отметки,403,2024-09,Все категории,вниз,-0.06353316640753626,-0.7301823518477353,0.7258634002019525,1.1432451616668393,,,,5–10%,
скачок без отметки,1652,2023-08,Все категории,вверх,0.07485687444613376,1.0137534100226473,1.1549708632943203,1.3017860802109162,0.6283034291902307,1.46952934137414,1.1068712289280935,5–10%,7
скачок без отметки,616,2024-05,Все категории,вверх,0.055234576914426015,0.0,0.0,-0.5228564026404539,-1.4102290149895371,-1.9690748547142933,-1.5375154457509106,5–10%,1
скачок без отметки,2114,2023-12,Все категории,вниз,-0.06563886021529264,0.294390497190793,0.2456225342840014,0.13539980377059352,0.20071068215890556,0.24002248758347905,0.033692914334901035,5–10%,1
скачок без отметки,691,2023-07,Все категории,вверх,0.05429297364185537,-0.34161047292061864,-1.3006774536666201,-0.8085581252787355,0.09562264359723387,-0.6774906490324014,-2.0374212481437577,5–10%,4
скачок без отметки,1661,2024-10,Все категории,вниз,-0.0553916296802246,0.4445035192902926,1.259204300300306,,,,,5–10%,
скачок без отметки,994,2023-08,Все категории,вниз,-0.060227220044193785,1.2077177572809195,1.2284237607564104,0.9925925953476876,0.6076990383142816,1.3282531395967376,1.0139631018447322,5–10%,7
скачок без отметки,1650,2024-11,Все категории,вверх,0.067715738030655,0.8366856708355053,,,,,,5–10%,
скачок без отметки,41,2024-05,Все категории,вниз,-0.06107092262946345,0.5284689397082686,0.22016522387308227,0.3232159795200045,0.9590014760523606,0.5745673067752464,1.324070800888209,5–10%,2
скачок без отметки,1589,2023-12,Все категории,вниз,-0.07815460312831668,1.3341646499011435,0.9825056971374948,1.1499841586439836,1.0392128210103995,0.6801782796898578,0.6185094820589927,5–10%,7
скачок без отметки,2018,2024-01,Все категории,вниз,-0.07276851532636819,0.3848820381853708,0.15290842002756427,0.2575362759106108,1.008192032641099,0.20781961980925626,-0.26442462130234357,5–10%,2
скачок без отметки,453,2024-03,Все категории,вниз,-0.06685432532446356,0.9972600151941389,0.3702988895312695,0.3687215734331808,0.3671405728718419,0.6114833954650034,0.6381965818914799,5–10%,7
скачок без отметки,1425,2023-08,Все категории,вверх,0.05342271599655568,-0.09015718863329591,-0.9919097897415678,0.7212140687731116,0.06577764812783551,-1.9751307448091011,-1.8839410719305465,5–10%,1
скачок без отметки,9,2024-05,Все категории,вверх,0.08960573151268747,-0.09847377462042665,1.2066860774156039,1.1474776441454964,-0.12382747989420312,-0.5297637412919893,-0.9528757395599389,5–10%,1
скачок без отметки,788,2024-02,Все категории,вверх,0.08372704108524864,1.0517688510647019,1.0190259511632755,0.44691186142828515,1.0702314113098765,1.4335515880244714,1.2041077154817112,5–10%,7
скачок без отметки,2065,2024-01,Все категории,вниз,-0.0832828419706626,1.1278616943021122,1.6298476881472341,2.1166220821465154,1.8564666202620361,1.3166799884913554,0.9555498614689987,5–10%,7
скачок без отметки,678,2024-02,Все категории,вниз,-0.07002017577972808,1.0308383419615361,0.852120528238787,0.7784493060897428,0.450198010801809,-0.14915474341674959,-0.1561751527061186,5–10%,5
скачок без отметки,2050,2024-01,Все категории,вниз,-0.057889060478464316,-0.12990171640136414,0.6208175864617042,-0.21059012321674042,0.667317142526757,0.448855928585086,0.25228588848777944,5–10%,1
скачок без отметки,1749,2024-04,Все категории,вверх,0.07772784463119109,0.6028586148159163,-0.444129325897365,-0.8462443890590864,-0.5034905503952801,-0.4208898413941629,-0.41136234698335167,5–10%,7
скачок без отметки,1771,2024-11,Все категории,вниз,-0.08591656302629858,0.5605907472330558,,,,,,5–10%,
скачок без отметки,495,2024-05,Все категории,вниз,-0.0891198376401654,0.49158927511101363,1.0716363713397845,0.4939644423486961,0.3967919736396938,0.4094265886152397,0.6935442809539883,5–10%,7
скачок без отметки,1542,2023-10,Все категории,вверх,0.05038295189541131,0.44596574111178977,0.819162843270509,1.0575449510916963,0.7368939077505723,0.8548275508949188,1.663715362458426,5–10%,7
скачок без отметки,372,2024-10,Все категории,вверх,0.050157079987195985,0.5390083400915456,0.3393183005019109,,,,,5–10%,
скачок без отметки,1724,2023-12,Все категории,вверх,0.06289652024370795,0.3954602322107984,0.6363281420208841,-0.7452726973493987,0.047001722083778195,0.5446552380933856,0.17012893961755288,5–10%,4
скачок без отметки,605,2024-09,Все категории,вверх,0.050634183249703923,0.7934766715622111,0.8772593065187487,-0.4667696241343778,,,,5–10%,
скачок без отметки,1193,2023-07,Все категории,вверх,0.11171359770214728,0.9468058590993728,0.7155435533149627,0.7371414827966385,0.2271902533933923,0.22329567584900215,0.025575006340901974,10–20%,4
скачок без отметки,545,2024-04,Все категории,вниз,-0.07441259850537207,0.7725374942617298,0.5100140926044322,1.158834551287392,0.6730289253189051,0.47722650075134965,0.47998182024549874,5–10%,7
скачок без отметки,292,2023-10,Все категории,вниз,-0.058370892181555334,-2.1419481469081223,-0.5581777802125647,0.6224023017882786,-0.7055130170329666,-1.1699272815405912,0.4482944522098429,5–10%,7
скачок без отметки,1730,2024-10,Все категории,вверх,0.1056152254788909,-0.08906806577566995,0.6449006915312231,,,,,10–20%,1
скачок без отметки,1144,2024-09,Все категории,вверх,0.0913247217973776,1.115779222481691,0.577117455376772,0.9312127873936539,,,,5–10%,
скачок без отметки,2880,2024-07,Все категории,вниз,-0.08613585380863675,0.5940533927169692,-0.12730259378011866,-0.06195056955100622,-0.4556576153880791,-0.14156604927330751,,5–10%,2
скачок без отметки,276,2023-12,Все категории,вниз,-0.053650501449906685,1.238285212367419,0.09643271679617141,1.1521748708487445,0.6560141280359763,0.718763628686307,-0.42018243269879135,5–10%,2
скачок без отметки,501,2023-07,Все категории,вверх,0.06611757531726781,0.6686037205122641,0.5054397531203092,0.6086688953978574,-0.010794912660373327,-0.010794912660373327,-0.010794912660373327,5–10%,4
скачок без отметки,16,2023-09,Все категории,вниз,-0.06861485275593182,-0.2540869386889173,-0.4111291323631288,0.5321347132053811,0.45910806325474507,1.0814647661190029,0.7408075326590573,5–10%,1
скачок без отметки,1908,2024-11,Все категории,вверх,0.08349405628561435,0.3984521237618439,,,,,,5–10%,
скачок без отметки,1722,2023-10,Все категории,вверх,0.0696324344559951,0.6923409175586551,0.6553144930425766,0.22632333105919666,1.1514149190501362,0.04280457198459228,0.46394007010113264,5–10%,3
скачок без отметки,524,2023-09,Все категории,вниз,-0.05138698696015176,0.02840865092066053,0.3059827706298065,0.2330196601442923,0.7456753285239517,0.5811772782870716,-0.24895691541246687,5–10%,1
скачок без отметки,755,2024-09,Все категории,вверх,0.054288911800492556,0.8522145307629079,0.2784024341278214,0.7717763005752742,,,,5–10%,2
скачок без отметки,1129,2024-01,Все категории,вниз,-0.08772880452329446,1.2994963576169891,0.8140651424350341,0.3433004113782638,1.3371175922600498,1.2569685623575466,0.5731469854526123,5–10%,7
скачок без отметки,2037,2024-02,Все категории,вверх,0.12564671140441774,0.7100837224739265,0.8446792290108466,0.6988106968142511,0.47318611679814293,0.6126895104897704,0.7715084467542226,10–20%,7
скачок без отметки,723,2024-05,Все категории,вниз,-0.06361984289274858,0.4549482325212819,0.4525460260163502,0.0037991345963768013,0.15735484164264107,0.6180843705206166,0.7369817313663127,5–10%,3
скачок без отметки,403,2023-07,Все категории,вниз,-0.13877552273547167,0.4082234900955783,0.07937380038470006,0.25810839621049936,0.7168798855365356,0.5445120243539419,1.2411257413060992,10–20%,2
скачок без отметки,1710,2023-12,Все категории,вверх,0.06887678485221471,0.5194028166982612,0.44296789944920595,0.5962111867528491,0.04318962482120263,0.0,-0.30905644334567767,5–10%,4
скачок без отметки,1256,2024-01,Все категории,вниз,-0.05771480733899281,1.1850744998326652,0.417180945794433,1.1104362608099843,0.7107571675192303,0.7443777386249303,0.35499944235335545,5–10%,7
скачок без отметки,348,2024-10,Все категории,вверх,0.07095476088272434,0.4310050728978917,1.0,,,,,5–10%,
скачок без отметки,327,2024-02,Все категории,вниз,-0.12456333163362565,0.8998391613918152,0.6227702309132127,-0.11517147877904733,0.889961011881646,0.8792659737147199,1.2601460217477107,10–20%,3
скачок без отметки,1157,2024-02,Все категории,вниз,-0.056698894707869485,0.7201379234084598,0.9010154074788458,0.0017204919490622866,0.20983047885513004,-0.005713911320738126,0.5482596962729428,5–10%,3
скачок без отметки,271,2024-06,Все категории,вниз,-0.050068146839949534,0.7223789216095821,0.6070305945184861,0.6651325188243432,0.44450801099334963,-0.6168266178252996,-0.12948442929266282,5–10%,6
скачок без отметки,347,2023-10,Все категории,вверх,0.10998596572212094,0.44783906035645205,1.0574345568250902,0.2198581433738787,0.027092251333074992,0.836027122547988,0.5036957137915438,10–20%,3
скачок без отметки,670,2024-08,Все категории,вверх,0.07068113500153927,1.1640999125258498,0.9151629632858698,1.1660983780344376,0.8235866610475936,,,5–10%,
скачок без отметки,1573,2024-01,Все категории,вниз,-0.07375361851316065,0.564133653401745,0.962440548763558,0.5885182274270006,0.8864092985527358,0.48795600799224625,-0.09288609213697324,5–10%,6
скачок без отметки,2127,2024-03,Все категории,вниз,-0.06489270606436826,-0.36147669449314385,-0.2402872057656377,-0.36150357274033085,-0.24747929831444132,0.01671101000820103,0.6506394665745283,5–10%,2
скачок без отметки,1060,2024-12,Все категории,вниз,-0.06644285296155061,,,,,,,5–10%,
скачок без отметки,619,2024-07,Все категории,вверх,0.06938069099550681,0.4711022399784021,0.2003463284783096,-0.04564595166892086,-1.5623173687816068,0.2538489736586575,,5–10%,2
скачок без отметки,1950,2024-12,Все категории,вверх,0.06092349166368827,,,,,,,5–10%,
скачок без отметки,320,2023-11,Все категории,вверх,0.053853385094356554,-0.7262313120691961,-1.104871614930451,-1.7222210521843093,-0.9600136735838295,-0.7827018028956001,-0.1056325839260247,5–10%,6
скачок без отметки,342,2023-09,Все категории,вверх,0.12775836222993853,0.7728541008781502,0.9874201543680265,0.45122837130884874,0.4846777640454933,0.5605278247601341,0.32195657438673325,10–20%,6
скачок без отметки,903,2024-01,Продовольствие,вверх,0.06255606589469309,0.6785012359923251,1.300287469505704,0.8220515507791697,0.4567357381492221,-0.17643168876497675,-0.9467420178407101,5–10%,5
скачок без отметки,592,2023-09,Продовольствие,вниз,-0.0808612455583404,1.9904896281204472,1.5718362645241972,2.0987262775932685,2.3037325358327085,1.8451788772445292,1.5914617793789645,5–10%,7
скачок без отметки,2344,2024-07,Продовольствие,вверх,0.0612550838454311,-0.6966306501378581,-0.033701714734984636,-1.0791818782757316,-1.1114347977926666,-1.665448437157865,,5–10%,2
скачок без отметки,72,2024-12,Продовольствие,вниз,-0.1390472994138321,,,,,,,10–20%,
скачок без отметки,456,2024-08,Продовольствие,вниз,-0.06035298097230246,-0.2026318741184967,0.07152921087771313,-0.8474149659597541,0.09941003916644067,,,5–10%,1
скачок без отметки,691,2024-10,Продовольствие,вниз,-0.11572256028051875,0.5295293239151764,0.503940404804329,,,,,10–20%,
скачок без отметки,739,2024-01,Продовольствие,вверх,0.05635323148346849,0.925633761549144,0.6296711412392402,0.7106262426531631,0.8797915472881207,0.9860679962304935,1.0875588079087668,5–10%,7
скачок без отметки,2229,2024-11,Продовольствие,вниз,-0.07151672386093288,2.212236569087815,,,,,,5–10%,
скачок без отметки,2302,2023-10,Продовольствие,вниз,-0.053430239349133046,1.3339568486857656,0.14990287647451497,2.2811029665182687,1.1894518716688045,2.477241701785437,1.9293080759290198,5–10%,2
скачок без отметки,1310,2023-12,Продовольствие,вниз,-0.11718149673481548,0.7186764054351197,0.5715473635741651,0.436735091871318,0.4197181528924004,0.3884655549684759,0.27950140234162696,10–20%,6
скачок без отметки,335,2024-12,Продовольствие,вверх,0.13346174927890786,,,,,,,10–20%,
скачок без отметки,1708,2024-11,Продовольствие,вверх,0.06392483652216896,0.4003405389839599,,,,,,5–10%,
скачок без отметки,2057,2024-07,Продовольствие,вверх,0.08484535245919211,-0.09420625884602404,0.7984837085040206,1.1760364945122173,-0.07409715961919483,0.4136097615071096,,5–10%,1
скачок без отметки,1549,2024-01,Продовольствие,вверх,0.07192899681428067,0.1879298632540823,0.4551825097240583,0.006419553145016983,0.34142629083327664,0.3885334940946798,-0.18442788190494477,5–10%,1
скачок без отметки,523,2024-07,Продовольствие,вверх,0.0870790717864729,0.9885367536618418,1.1805414231326357,1.64667885582895,1.1557571115344858,1.1859118905683341,,5–10%,
скачок без отметки,1754,2024-08,Продовольствие,вниз,-0.11480197799395953,0.1681010653371095,0.9778944128592773,0.6427503529464387,0.40286165357893866,,,10–20%,1
скачок без отметки,522,2024-05,Продовольствие,вниз,-0.051984658586683,-0.05507487217013277,1.2055778562878303,0.6201432713368087,1.4495949100908585,1.8676651108636084,1.201290800024849,5–10%,1
скачок без отметки,1292,2024-04,Продовольствие,вниз,-0.05093250703083996,0.9893305696930903,1.4274635251940555,1.6195155804269583,1.2942863686955108,1.2297078160497028,1.0150132991125853,5–10%,7
скачок без отметки,71,2024-03,Продовольствие,вверх,0.07197639985313131,1.228229597946603,1.1574639219578695,1.7664053179329584,1.1275838722710254,0.7393913153840027,1.0771587138231564,5–10%,7
скачок без отметки,348,2024-06,Продовольствие,вверх,0.077641876387613,0.323333590748479,1.1528394575239818,0.43359181933832014,0.361243824409957,0.9155244902415693,1.1528394575239818,5–10%,1
скачок без отметки,2148,2024-01,Продовольствие,вверх,0.0722088000529375,-0.03172219727546703,0.12572566749434771,0.057795983562214805,-0.11433279034244077,0.18735012980442298,-0.5024737375591803,5–10%,1
скачок без отметки,2256,2024-12,Продовольствие,вверх,0.07820637938699093,,,,,,,5–10%,
скачок без отметки,1124,2023-10,Продовольствие,вверх,0.09118222089419348,1.2773366747086379,1.3945519569564688,0.34974158114185117,1.9019557074522306,0.6593182931190816,-0.030645247333810022,5–10%,6
скачок без отметки,1849,2024-04,Продовольствие,вверх,0.058261799720002116,0.8175705850379773,0.773115133572957,1.2790533393857422,1.4260170101024416,0.6847526877594905,0.7695009948867682,5–10%,7
скачок без отметки,877,2024-10,Продовольствие,вверх,0.055363304075848774,0.5565598579394996,-0.8323112123422725,,,,,5–10%,
скачок без отметки,1289,2023-12,Продовольствие,вверх,0.05953386887812684,-0.26822251030198585,1.3790589771022332,1.4895819570351854,0.5524809744547394,0.3919141745773738,0.701515894359805,5–10%,1
скачок без отметки,553,2024-04,Продовольствие,вниз,-0.07103139446475915,1.0723991337500964,0.2508859966203187,0.14845175481099762,0.7839568745251834,0.8546823562022811,2.335784879975831,5–10%,2
скачок без отметки,8,2024-08,Продовольствие,вверх,0.06441123732685305,0.4587406326507155,0.1566097301370811,1.1989291203950367,0.5768757849500619,,,5–10%,2
скачок без отметки,503,2023-11,Продовольствие,вверх,0.08450308275902074,-0.33106635716471133,0.06590377117769276,-0.39615492138319386,0.19722259495958203,0.2655880990543668,0.08841279421747524,5–10%,1
скачок без отметки,2272,2023-08,Продовольствие,вниз,-0.05478234619220679,0.18601068903882836,0.6762766488181162,1.0409486294629808,0.07923926083063264,0.6687866330832365,0.5926381978939405,5–10%,1
скачок без отметки,765,2024-01,Продовольствие,вниз,-0.05463366691150995,0.3090116386569374,1.0147029686740725,1.1383920127038236,1.5740289676781904,1.453746856436228,1.2112751591685578,5–10%,1
скачок без отметки,345,2024-09,Продовольствие,вверх,0.05439290269427666,1.101980650922773,2.8960679243048975,1.8047902911075875,,,,5–10%,
скачок без отметки,1968,2024-05,Продовольствие,вверх,0.053501086755961325,1.4740227147642855,1.7843295919986328,2.636005923898173,2.1936582689079893,2.124540622807092,1.1386044425175201,5–10%,7
скачок без отметки,715,2024-01,Продовольствие,вниз,-0.05008564251386005,-0.11034299235088649,0.45858060645501914,0.030123208832746672,-1.4894938848368564,-0.33334406188789156,-0.06749251748229623,5–10%,1
скачок без отметки,365,2023-10,Продовольствие,вверх,0.06202158355368326,0.9017044533405074,1.6630510315490874,1.224963923372485,0.30856427342661075,0.5475943610231863,0.5652643108385794,5–10%,4
скачок без отметки,1752,2024-11,Продовольствие,вверх,0.053502028358993314,1.5968618165766197,,,,,,5–10%,
скачок без отметки,12,2023-12,Продовольствие,вниз,-0.055516098500877575,-0.3778132604277929,0.3173525901682994,0.1075020579580236,0.17495019215887153,0.4816712613415755,0.36619520720512877,5–10%,2
скачок без отметки,556,2024-01,Продовольствие,вверх,0.10729074010547102,0.5982357927113622,0.6930213086452816,0.8296645436501844,0.7418859690597343,0.6033641752066946,0.39064860500806553,10–20%,7
скачок без отметки,1741,2024-08,Продовольствие,вниз,-0.06115204211999625,-1.424334286237127,0.6280760949313828,0.020216811106038558,0.2775380138297929,,,5–10%,3
скачок без отметки,2046,2024-01,Продовольствие,вниз,-0.059687200311687505,0.6002636564188982,-0.2796497766248881,-0.09115792909504233,0.15042876595165766,0.33931325011078217,0.46342084086463964,5–10%,2
скачок без отметки,2254,2023-12,Продовольствие,вверх,0.10047988870157454,0.13633751559590895,0.5022096601541298,0.8237750014646396,0.9474424041310489,1.1073537013240682,0.7084099803238205,10–20%,1
скачок без отметки,275,2024-05,Продовольствие,вверх,0.05280542929946286,0.769792002084326,-0.49431510607035883,-0.2532548366377983,0.06776818605202954,-0.6950986999037847,0.5774595405387667,5–10%,3
скачок без отметки,494,2024-11,Продовольствие,вниз,-0.06433320652991803,1.299189463986575,,,,,,5–10%,
скачок без отметки,204,2024-02,Продовольствие,вверх,0.05226455724180212,2.3217587200634813,1.696444174519388,2.763731348048095,1.9336558129416315,1.728434080849043,1.8824979408451659,5–10%,7
скачок без отметки,37,2024-05,Продовольствие,вверх,0.058221702033673495,1.202067312082459,0.7705858139512416,0.10271774055653643,0.15163078480476277,0.0551718886846529,0.5771594743955553,5–10%,3
скачок без отметки,361,2024-11,Продовольствие,вверх,0.056097176256862724,1.0541999080235596,,,,,,5–10%,
скачок без отметки,323,2024-01,Продовольствие,вниз,-0.11490541323850145,0.6911402900828639,0.7921886001560928,0.5703884731088197,0.10685880452290014,-0.3108128178952583,-0.08642652620962922,10–20%,4
скачок без отметки,68,2023-08,Продовольствие,вверх,0.061183718006684984,-0.336684691658365,-0.6002252874347836,-0.8483002908581524,-0.6374699377200695,-0.8517288420893142,-1.514151690781639,5–10%,7
скачок без отметки,1754,2024-02,Продовольствие,вниз,-0.10526448050602255,0.3791939705605888,0.6684106669316902,1.0169508386972643,1.2074636179764167,1.7625760081203434,2.8531810958202852,10–20%,7
скачок без отметки,2078,2024-12,Продовольствие,вверх,0.056225575087669455,,,,,,,5–10%,
скачок без отметки,188,2024-06,Продовольствие,вниз,-0.061129868423128286,0.8632215733345493,-1.2586447110874075,0.6173315425582069,0.7921714235042111,1.8058437271700705,0.7391089161685142,5–10%,7
скачок без отметки,720,2024-07,Продовольствие,вверх,0.05254433604037878,1.5962204809341494,1.66255566240755,1.632427134905355,1.639853294605092,2.5171526306691847,,5–10%,
скачок без отметки,1548,2023-10,Продовольствие,вверх,0.05391495330496454,0.8612420392864254,0.9342875013283759,1.7702330228708705,1.1532482919164675,0.8198168532378154,1.3866120282440197,5–10%,7
скачок без отметки,2229,2024-04,Продовольствие,вниз,-0.08804312980985785,0.7941263873234694,0.13775866280567534,0.13290963529350036,0.1706979420786089,0.11200322331963405,-0.14479578683904987,5–10%,2
скачок без отметки,308,2024-01,Продовольствие,вверх,0.07375680658611117,0.6963942658349668,1.3147677585998956,1.0257860542645123,0.9256594491504725,0.6596786427952306,0.34106128504406535,5–10%,7
скачок без отметки,1725,2024-12,Продовольствие,вниз,-0.0627792805084404,,,,,,,5–10%,
скачок без отметки,1626,2023-09,Продовольствие,вверх,0.08980702479458991,-0.1137270280038876,-0.4000262544076994,0.13420292348666313,-0.20982064294540484,-0.2996548964281875,0.04974383919012818,5–10%,1
скачок без отметки,927,2024-01,Продовольствие,вверх,0.06957118797498119,0.3731604152223669,0.8135914516069171,0.9752149520639533,0.5605021378996606,1.4089074608437084,1.4684452228449107,5–10%,7
скачок без отметки,878,2024-02,Продовольствие,вниз,-0.05725544423364859,0.4386119180695139,0.6632744623593797,0.8647553428135909,0.6672041705556141,0.4396243936947782,0.13973600082274126,5–10%,6
скачок без отметки,1738,2024-01,Продовольствие,вверх,0.09971110923362936,0.9812159317562152,1.0536644090542782,0.7859348866004195,0.435447837194022,0.3849441787429433,0.8479337065103469,5–10%,7
скачок без отметки,386,2024-04,Продовольствие,вниз,-0.06298195045600608,0.6196134461855619,0.4181073644201223,0.7476036566306218,1.049392978805636,0.6594875794737413,0.561462225096842,5–10%,7
скачок без отметки,502,2023-09,Продовольствие,вверх,0.09433074786356777,0.6031812436158565,0.9717270214732867,0.3966935687912663,0.07476128754025797,-0.20169910732227422,-0.002935751919289548,5–10%,4
скачок без отметки,5,2024-02,Продовольствие,вниз,-0.0522941432482682,0.17650399294991828,0.4814187278497468,1.2026371731808712,0.8065661175545871,0.6756492508655477,0.11340478610867838,5–10%,1
скачок без отметки,1915,2023-07,Продовольствие,вниз,-0.06516895261223254,1.510250304242779,0.962750912331053,1.3351972294890773,1.590478404539299,1.7484552059405545,0.10523298494678389,5–10%,6
скачок без отметки,2302,2024-02,Продовольствие,вверх,0.058327179283550024,-0.17967163335664063,0.322259458401185,0.8949726204245795,0.8271490866017335,1.480248914993562,0.1554240050380253,5–10%,1
скачок без отметки,2022,2024-02,Продовольствие,вверх,0.09069748494458985,0.7277705727752987,1.3647351631618008,0.8081052500154167,0.8166591883235487,1.3090317159047669,1.4579295929374574,5–10%,7
скачок без отметки,324,2024-11,Продовольствие,вниз,-0.053391212968895374,-0.3693332339786826,,,,,,5–10%,
скачок без отметки,1680,2024-02,Продовольствие,вверх,0.08170751360771966,1.1401406535947163,1.295356213877618,1.180248607699588,1.4296215517833208,2.292955067025899,1.2326460403489716,5–10%,7
скачок без отметки,857,2024-01,Продовольствие,вверх,0.058217554260620474,0.9969244388975965,0.5965618468675111,0.8138590192441687,0.6781753565680068,1.5602138927220321,0.9404530322688095,5–10%,7
скачок без отметки,1546,2023-12,Продовольствие,вверх,0.06579639721924835,0.7637752483368936,0.4461506008828554,0.5643117526173893,0.6530401926634539,0.7812737575971997,0.5662260635197724,5–10%,7
скачок без отметки,1049,2023-08,Продовольствие,вниз,-0.05821659515129518,0.8071380633317846,0.4798185497745364,0.30408150213613544,-0.10664890668172186,0.008403707036672755,0.4141836300572198,5–10%,3
скачок без отметки,1773,2024-10,Продовольствие,вниз,-0.05091311364602191,0.46766407989729286,1.3128222875570759,,,,,5–10%,
скачок без отметки,788,2024-01,Продовольствие,вниз,-0.1290471220991627,0.6460385782113962,0.4429237090836277,0.208943796479965,0.382005029903996,0.5565941624139271,-0.39037246251693963,10–20%,3
скачок без отметки,219,2024-11,Продовольствие,вниз,-0.07294497764905827,0.36183994184541024,,,,,,5–10%,
скачок без отметки,2872,2024-06,Продовольствие,вверх,0.085760762446494,0.6809418575614543,0.06252739842117064,0.3683088988307026,0.3537928707030325,1.0847826978636343,1.2970219575239479,5–10%,2
скачок без отметки,1164,2024-12,Продовольствие,вниз,-0.12382833764017143,,,,,,,10–20%,
скачок без отметки,2271,2024-09,Продовольствие,вверх,0.05610607040691562,0.4309188293231498,-0.14904939320371804,-1.0290035179603623,,,,5–10%,2
скачок без отметки,243,2024-06,Продовольствие,вверх,0.0626853356309951,1.8084332284759628,1.5407361534238104,0.963616925255503,1.0965378105045502,0.9165235186383734,1.0895160799061965,5–10%,7
скачок без отметки,2023,2024-12,Продовольствие,вниз,-0.08036509882358445,,,,,,,5–10%,
скачок без отметки,542,2024-12,Продовольствие,вниз,-0.10988333203430933,,,,,,,10–20%,
скачок без отметки,1115,2024-05,Продовольствие,вниз,-0.06295355630696875,0.3826104324658569,0.3336883488765783,0.17767996769676345,0.5022382596405321,0.06145385720712898,0.7489835670455267,5–10%,3
скачок без отметки,287,2023-11,Продовольствие,вверх,0.053895682157039104,-0.6649273632741692,0.0832261200384206,0.3516179935944255,0.17236285058253797,0.3342399847875975,-0.007289879318365873,5–10%,2
скачок без отметки,1146,2024-01,Продовольствие,вверх,0.05809974856324551,0.745788615007808,0.8515429032932783,0.2963370862803878,0.7120927292207617,0.5669588813806361,0.7348367541233918,5–10%,3
скачок без отметки,304,2023-07,Продовольствие,вниз,-0.09447936123885547,-0.3365951244189259,0.30931740250266343,0.15024046621164375,0.031877316157462574,0.25067105201047274,0.4967757849395755,5–10%,2
скачок без отметки,1184,2024-02,Продовольствие,вниз,-0.05702717483401365,1.541673554601386,1.5315980047723579,2.0072119931707264,1.5045623404110064,0.8007611080840189,0.8123293313345197,5–10%,7
скачок без отметки,718,2024-10,Продовольствие,вниз,-0.0734624993789339,0.8553440380036039,0.9321264543815687,,,,,5–10%,
скачок без отметки,1159,2023-10,Продовольствие,вниз,-0.06812229531372971,0.9110136638580663,1.9070546153228982,1.1141996223397843,0.9427678230037524,1.5306187143904069,2.175327981376199,5–10%,7
скачок без отметки,1870,2024-11,Продовольствие,вниз,-0.06792870902664028,1.4323668702451104,,,,,,5–10%,
скачок без отметки,456,2024-11,Продовольствие,вверх,0.055461020419279805,-0.030340067428991167,,,,,,5–10%,1
скачок без отметки,929,2024-02,Продовольствие,вниз,-0.05414729964907394,0.6395950725886167,1.7164549901630342,1.734599952403505,1.8498136433915897,2.423800288242774,1.9818050584569316,5–10%,7
скачок без отметки,1128,2024-12,Продовольствие,вниз,-0.061921211895160866,,,,,,,5–10%,
скачок без отметки,2127,2024-09,Продовольствие,вниз,-0.07456169641175947,1.0600365301527,1.3010568187301736,0.6364437649530822,,,,5–10%,
скачок без отметки,735,2023-11,Продовольствие,вверх,0.061970732437629295,1.2182816656535231,0.4694867171148699,1.1261621116787703,0.6525341560573599,0.6686735855923214,0.8241333448456277,5–10%,7
скачок без отметки,440,2024-07,Продовольствие,вверх,0.061121675799510555,0.7707198200629637,0.6846063665453714,0.7695272951349307,0.09987329469650746,-0.032444721795561696,,5–10%,4
скачок без отметки,5,2023-11,Продовольствие,вниз,-0.07780613256576174,1.3836408240212963,0.8865546920251024,1.558662937529648,1.0051844810512187,1.210120188553226,1.6948570524702438,5–10%,7
скачок без отметки,1269,2023-10,Продовольствие,вниз,-0.08987364228852357,0.3254183760482393,0.25840461237391454,0.22696113017380698,-0.1676937319870774,0.24502343595692133,0.5177160774310552,5–10%,1
скачок без отметки,1178,2024-08,Продовольствие,вверх,0.0839501985764759,0.08575303631771412,0.7155319575612696,-0.33737707978671005,-1.081680493207038,,,5–10%,1
скачок без отметки,2321,2024-06,Продовольствие,вниз,-0.06050200662188843,0.991880532947912,1.001754746851415,0.8362943943947982,-0.17287830576539961,-0.6637600610739522,0.34327137923081613,5–10%,4
скачок без отметки,1267,2023-10,Продовольствие,вниз,-0.10147749627546077,0.229489980150157,0.08328735806973081,-0.44791713979849274,0.09603717803864474,0.3938018653536154,0.3647722208354568,10–20%,1
скачок без отметки,995,2023-08,Продовольствие,вниз,-0.0509631161165327,1.263738102141254,0.5857949806742004,0.6655505147068967,0.8183526990040842,1.2482259615579074,0.4196181377129665,5–10%,7
скачок без отметки,2154,2023-08,Продовольствие,вверх,0.06267688270706095,-0.25836054648961576,0.2006024213793931,1.9888831090240895,0.5762494760819555,1.0680118411202562,1.1805553084339286,5–10%,1
скачок без отметки,314,2024-04,Продовольствие,вверх,0.062366216721319034,1.1505849669209725,1.8766268096145593,0.8387485245671328,0.7201909824226254,0.4755515672035666,0.9522432342637236,5–10%,7
скачок без отметки,1175,2023-09,Продовольствие,вниз,-0.06606279523355418,0.3707311797429195,1.077277634462609,0.4575402545128501,0.6145839479418539,0.24737777573981937,0.14911278187601146,5–10%,5
скачок без отметки,1593,2024-08,Продовольствие,вниз,-0.05432373176194716,0.6402393275884573,0.5669643634708945,0.30033230726854515,-0.8404202771953488,,,5–10%,3
скачок без отметки,1295,2024-06,Продовольствие,вниз,-0.07680270903820485,0.6402573792470054,1.404810128009282,0.7260284616983202,0.08922785980386098,1.7104198938906785,1.7689213469459302,5–10%,4
скачок без отметки,882,2023-12,Продовольствие,вниз,-0.06820395555355852,0.604915712977371,0.7379016136636108,0.4247330695803708,0.2523276754475966,0.6000787842757043,0.228075902383277,5–10%,4
скачок без отметки,301,2023-12,Продовольствие,вниз,-0.06022314463304568,0.5317321965129168,0.6048738831701272,0.3050247315009197,0.7312559727937309,0.11735899514709724,0.07583593336747396,5–10%,3
скачок без отметки,1129,2023-11,Продовольствие,вниз,-0.07178372940480138,-0.8423323203467242,0.8917369276760817,0.8778779276149635,0.5680326622998695,0.47175700313391133,0.4086134855634032,5–10%,7
скачок без отметки,1617,2023-09,Продовольствие,вверх,0.07734426918370652,-0.23390443411407033,-0.3501406521181521,-0.0682066147989117,-0.453310484378523,-0.6482071568197031,-0.35716230602465115,5–10%,1
скачок без отметки,1312,2024-08,Продовольствие,вверх,0.059546037952637576,1.6754485234198901,1.1671062841574071,2.12785593533329,2.2140156793111467,,,5–10%,
скачок без отметки,2302,2023-12,Продовольствие,вверх,0.06326428713753884,-0.7999180274389723,0.12204255921467365,-0.9655681919334795,-0.5028075081167296,0.025211454726623738,-0.037319170305610765,5–10%,2
скачок без отметки,414,2024-06,Продовольствие,вверх,0.10504034563019715,0.5050340589600303,0.2655058965029879,0.4684477342322794,0.33877082077727927,0.2710895617798221,0.28054011713347116,10–20%,2
скачок без отметки,2208,2024-11,Продовольствие,вниз,-0.09189787844992203,0.7970055959574501,,,,,,5–10%,
скачок без отметки,1655,2023-08,Продовольствие,вверх,0.055282425299756355,0.25509686306297547,0.5626332756816161,1.6049346868079686,0.8588112183432656,0.9785557290350054,1.4754825768971223,5–10%,1
скачок без отметки,499,2024-08,Продовольствие,вниз,-0.05978100830873245,1.8276654754812751,2.356234164437607,1.2767467431346793,1.1587851132055764,,,5–10%,
скачок без отметки,1290,2024-10,Продовольствие,вверх,0.059990831261590216,0.5694593588457053,1.1283724972528144,,,,,5–10%,
скачок без отметки,223,2024-10,Продовольствие,вверх,0.06319073728084135,0.8404399531607339,0.32060134659405537,,,,,5–10%,2
скачок без отметки,2260,2023-10,Продовольствие,вниз,-0.06586067432820109,1.0627112426010137,0.2638758144517013,0.8588773446748996,0.8799167810469525,1.1974602721861332,0.6682358080499354,5–10%,2
скачок без отметки,605,2023-08,Продовольствие,вниз,-0.0630208944063444,1.0729531187604389,0.8819028648157407,0.5024971561748587,0.6951758102449093,1.689979242659514,1.9666506452618564,5–10%,7
скачок без отметки,829,2024-04,Продовольствие,вверх,0.05237676363468502,0.7560087351786978,0.2636722094582792,0.6234118451284422,0.6440838700717597,-0.381890587878123,-0.018130114619931442,5–10%,2
скачок без отметки,1865,2024-03,Продовольствие,вниз,-0.0514465006893392,1.6015398583632279,0.4363452853963389,-0.026754079843424018,-0.044068459844697254,-0.1722782709390206,-0.4066130747936826,5–10%,3
скачок без отметки,1935,2024-07,Продовольствие,вверх,0.05019561061546085,0.9772123537041352,0.4185261093913922,1.3364797249603988,-0.1724253785635531,-0.2784131328189259,,5–10%,4
скачок без отметки,1594,2024-04,Продовольствие,вниз,-0.05636758377004902,0.28471545340662924,0.4292863851495053,0.20794387819953802,1.6224207835697164,0.5646500607386096,0.5525665640394212,5–10%,1
скачок без отметки,1714,2024-09,Продовольствие,вверх,0.10477829141123784,0.6713594678706349,0.9009314601577083,0.6572842894049704,,,,10–20%,
скачок без отметки,2217,2024-11,Продовольствие,вверх,0.06373514989753915,0.5325649345630755,,,,,,5–10%,
скачок без отметки,276,2024-06,Продовольствие,вверх,0.05754473385496972,-0.09060800414005717,-0.0405242710174229,-0.007450279374590135,0.233224643196128,0.17363395034933474,0.34255134279244115,5–10%,1
скачок без отметки,691,2024-08,Продовольствие,вверх,0.061145436438065914,1.3221350217327854,-0.570443836506846,0.31995901847299685,0.3683880657873908,,,5–10%,3
скачок без отметки,1717,2024-08,Продовольствие,вверх,0.07239851981415057,1.3854259070809438,0.8077667709324494,1.682125312523631,0.45330763674354657,,,5–10%,
скачок без отметки,2249,2024-08,Продовольствие,вниз,-0.11285334658356838,0.5429133682095278,1.8905958121773236,2.1066932341480658,1.7632913177949057,,,10–20%,
скачок без отметки,1653,2023-09,Продовольствие,вверх,0.06564264058196656,0.9700899237896142,0.09720871104828159,0.031515163099744926,-0.34917898147247145,-0.4111938827712092,-0.357861405203835,5–10%,2
скачок без отметки,1122,2024-04,Продовольствие,вниз,-0.051791051939584776,1.3678040697821816,0.6735243199068849,1.0725667959655265,1.6117141276398064,2.5492534866871397,2.1241468489713564,5–10%,7
скачок без отметки,416,2024-01,Продовольствие,вниз,-0.06606825323903465,0.800628938322971,-0.3819238758420997,0.4449803969469205,1.0339071617184934,0.8749760717076908,0.41525758914940586,5–10%,7
скачок без отметки,1309,2024-11,Продовольствие,вверх,0.06730488936012335,2.0204535195419644,,,,,,5–10%,
скачок без отметки,403,2024-04,Продовольствие,вверх,0.07657775102547504,-0.4544787084376457,0.9365436725933158,-0.6361444270636156,-0.7198426285507781,-1.3276664526187472,-0.048153726602265044,5–10%,6
скачок без отметки,1775,2024-05,Продовольствие,вверх,0.0513962269146333,0.000452755164214316,0.9151549391688656,0.3398403295743097,0.2445667480527463,-0.3302212561555341,0.05377585538633366,5–10%,1
скачок без отметки,689,2023-09,Продовольствие,вниз,-0.05514597968767099,0.7506013811308948,1.0457881581509156,0.8132354510529616,0.9530350672287283,0.6740571702032597,0.6486280520019625,5–10%,7
скачок без отметки,2206,2024-11,Продовольствие,вверх,0.06282306529825199,0.9029770020890802,,,,,,5–10%,
скачок без отметки,838,2023-09,Продовольствие,вверх,0.05491926103634448,1.1391163005804734,0.5818754683824587,1.7586250362214624,0.7091735546614079,0.6132702632781695,2.0645327863286727,5–10%,7
скачок без отметки,999,2024-02,Продовольствие,вверх,0.07584252740345931,0.7998054372139503,0.9534453406500062,0.7695137025345111,0.6216858319926537,0.796125701925545,0.7840872361090733,5–10%,7
скачок без отметки,293,2023-10,Продовольствие,вверх,0.07744602177856663,1.1655240999824876,1.3879686132845654,0.9408929657166953,0.47837432811585706,0.3325777384015827,0.8886250321951651,5–10%,5
скачок без отметки,1555,2023-10,Продовольствие,вверх,0.06395216347113042,1.1849678483798454,0.2376487222716823,1.5669282671871108,0.9479484426271515,0.22837109341878306,-0.34287472110716194,5–10%,2
скачок без отметки,2244,2024-12,Продовольствие,вниз,-0.06264413122192813,,,,,,,5–10%,
скачок без отметки,1235,2023-09,Продовольствие,вниз,-0.051276007279675184,0.9100164696715295,0.9094765626043373,1.1664911401898617,1.08845433405967,0.8746393390114643,1.1961202144993166,5–10%,7
скачок без отметки,54,2024-02,Продовольствие,вверх,0.06505271489230147,0.6415902666598431,0.7616568265185891,1.376415364451818,2.018239947016003,1.5383255886163583,2.372447965566748,5–10%,7
скачок без отметки,2145,2024-07,Продовольствие,вниз,-0.10992565458641756,0.7947518496777081,0.9465651106812706,1.255471892106192,1.2959132503763306,0.8236041882508153,,10–20%,
скачок без отметки,2195,2024-05,Продовольствие,вверх,0.06986276713092643,0.7771916045758948,0.4705563390975751,0.7987600440427405,0.298297148784019,0.5822811682286645,0.34279609655618404,5–10%,4
скачок без отметки,671,2024-02,Продовольствие,вверх,0.05415886241158496,0.5362190135984164,0.864162353041182,0.7348352546370628,0.36685698076645107,0.2464627405724347,1.0033967873373661,5–10%,5
скачок без отметки,1325,2023-09,Продовольствие,вниз,-0.05146843781641408,0.5683876478383563,-0.32381224835236355,-0.20742430534746892,0.6756634658243822,-1.0289564108541407,1.0913422476150354,5–10%,2
скачок без отметки,859,2024-02,Продовольствие,вверх,0.06708091098720459,0.19769714437655414,0.9531005928117625,0.22005645650592526,0.6872028900509813,0.7666840051595649,0.9236058897487017,5–10%,1
скачок без отметки,219,2023-12,Продовольствие,вниз,-0.05136656715368204,1.3130263345047735,0.034415597284726665,0.44718735378028046,0.17590232497602143,0.02018912696659867,-0.387827387750673,5–10%,2
скачок без отметки,1333,2024-01,Продовольствие,вверх,0.06575949978532769,0.3107957844648529,0.6715428184760759,0.3810370132418955,0.7579110998434089,0.9670058174970769,1.1293934635606024,5–10%,1
скачок без отметки,2872,2024-04,Продовольствие,вверх,0.052376056244355595,-0.7784886438179033,0.8589153265456761,0.3364882573399729,-0.676106033386573,-0.17541819055227295,-0.19918679264242942,5–10%,5
скачок без отметки,401,2023-10,Продовольствие,вниз,-0.050821908666396354,1.538423612569084,0.3407738932721078,0.740340073124579,1.3109506334881833,1.797677254414508,-0.2558268661080066,5–10%,6
скачок без отметки,304,2024-02,Продовольствие,вверх,0.06583657019158551,0.571913087509696,2.4126657332569836,2.278015392874773,1.0956012310936665,0.4611664364825362,0.6591066429062917,5–10%,7
скачок без отметки,1706,2024-12,Продовольствие,вниз,-0.052782259429266176,,,,,,,5–10%,
скачок без отметки,1067,2024-01,Продовольствие,вверх,0.07099436527804492,-0.29879845896078294,-0.22061253433385003,-0.021332183611147547,-0.18785848634723526,-0.4017907552715767,0.5291895800470582,5–10%,1
скачок без отметки,2345,2024-09,Продовольствие,вниз,-0.07652510611590024,0.4718905404018965,-0.002109238604569867,-0.1553634639214643,,,,5–10%,2
скачок без отметки,334,2023-11,Продовольствие,вверх,0.06494762081331551,1.3685175037269195,0.21812204298035492,0.6409917249897682,0.1360290057063525,0.4106547057300526,1.2650820264935039,5–10%,2
скачок без отметки,370,2024-11,Продовольствие,вверх,0.06515694753229617,-0.2875400700110765,,,,,,5–10%,1
скачок без отметки,2332,2024-03,Продовольствие,вниз,-0.05945205320510638,0.8872145351781694,0.4437437203111642,0.07644517109095679,-0.25371435279299565,0.30189598163631837,0.08489734886170519,5–10%,3
скачок без отметки,287,2023-07,Продовольствие,вниз,-0.1032008433586018,0.26132260295273313,1.123467963920694,0.7023380827819569,0.18009736843272772,1.0495902239686083,0.6588740144005774,10–20%,1
скачок без отметки,185,2023-07,Продовольствие,вверх,0.18086895951475768,1.1050421469703229,1.0235946038789034,1.3722318246535112,1.1365493699679277,1.032333169793815,1.7184796494400383,10–20%,7
скачок без отметки,2078,2023-09,Продовольствие,вниз,-0.05708435733454209,-0.02484533207217829,0.28244454015834275,0.7374919049612095,1.4592184918099365,0.4318348691828427,0.5655217025080307,5–10%,1
скачок без отметки,2344,2024-03,Продовольствие,вверх,0.058273556376050806,1.0195766094472527,2.002274060747866,1.7337509857832611,2.784915315794972,1.0014776951654771,1.6983249453936153,5–10%,7
скачок без отметки,341,2023-12,Продовольствие,вверх,0.11303854357782761,-1.2313945709385108,-0.45158480682114926,-0.3241440075369264,-0.4702328120026229,-0.8181471299216901,-1.1386481195661515,10–20%,3
скачок без отметки,317,2024-06,Продовольствие,вверх,0.05947532233358643,-0.23460137359539246,-0.43495349086632695,-0.5298277943730614,-0.36494367870873745,-0.3328377474909171,0.6743983018653689,5–10%,1
скачок без отметки,848,2024-08,Продовольствие,вниз,-0.051114486733380815,1.1090564929133266,1.318641140187935,1.2854480363568153,1.427968227620523,,,5–10%,
скачок без отметки,614,2024-07,Продовольствие,вниз,-0.08273305545503007,1.0197009934374377,0.737133643271525,1.0233374174801089,0.5599400642205862,0.8977418048914502,,5–10%,
скачок без отметки,288,2023-11,Продовольствие,вверх,0.08578033369201421,-0.44090064847162336,0.18593740514341284,0.06498264146862903,0.8901389266700303,0.7844648231909068,1.1786798667057352,5–10%,2
скачок без отметки,1597,2024-02,Продовольствие,вниз,-0.06150648069803388,0.7970074275899891,0.8007276104248249,0.538225415493423,0.6904802714089097,0.824106882134486,0.7779231060546309,5–10%,7
скачок без отметки,508,2023-10,Продовольствие,вверх,0.05391182144849438,0.3448931948255464,0.07278897222363172,1.2004550130431308,0.296213189643994,0.5844640869160587,0.3193126745039461,5–10%,2
скачок без отметки,204,2024-12,Продовольствие,вниз,-0.08869698277653804,,,,,,,5–10%,
скачок без отметки,1339,2024-11,Продовольствие,вверх,0.10161285922245256,1.2300836559929156,,,,,,10–20%,
скачок без отметки,1617,2024-12,Продовольствие,вверх,0.09169965303972383,,,,,,,5–10%,
скачок без отметки,1286,2024-04,Продовольствие,вверх,0.07307261696373679,0.6670638023660247,0.7826834919894136,0.20723868218844352,0.8607772629616912,1.67362422784597,1.1841183252346372,5–10%,3
скачок без отметки,1855,2023-11,Продовольствие,вверх,0.08019106742653292,0.5509195806786319,0.25096653436402755,0.4757956039665682,1.0062652739111397,1.2446539474008131,0.8503037977882973,5–10%,2
скачок без отметки,695,2023-12,Продовольствие,вверх,0.054797468331495125,0.48362537818576934,1.1406308135555263,0.2146800664056472,0.533835922973017,0.07690785738412306,-0.11527642425750398,5–10%,3
скачок без отметки,2066,2023-10,Продовольствие,вниз,-0.05748158931334224,0.571553836475739,1.055380055561559,1.0126253656200974,1.024025853002149,1.1873014899168912,1.6981129513519364,5–10%,7
скачок без отметки,410,2024-08,Продовольствие,вверх,0.06966757328474849,0.32522913873485476,0.590069821950033,0.2619506836479736,0.8152800556957026,,,5–10%,1
скачок без отметки,1264,2024-09,Продовольствие,вниз,-0.06124941534891981,0.7869607144777245,0.7706316358594938,0.6748135001449836,,,,5–10%,
скачок без отметки,1691,2024-10,Продовольствие,вверх,0.05205708611974913,0.5839373984252432,1.2700975532093401,,,,,5–10%,
скачок без отметки,586,2024-12,Продовольствие,вверх,0.09899246305842091,,,,,,,5–10%,
скачок без отметки,351,2023-09,Продовольствие,вверх,0.11549325086388507,0.43816177066280854,0.336935911710434,0.6128327126554842,0.3725515159852426,0.4136136837749906,0.3360030468555663,10–20%,7
скачок без отметки,20,2023-10,Продовольствие,вверх,0.06322833649575621,1.2164379964560705,0.7705951834705937,1.3171449821766703,0.4416913994419734,0.7310997196799872,0.8352091324142978,5–10%,7
скачок без отметки,2137,2024-10,Продовольствие,вниз,-0.06107359574439286,0.9318807118494186,1.7446467746983223,,,,,5–10%,
скачок без отметки,1017,2024-09,Продовольствие,вверх,0.052660645754011526,0.7086482445009524,0.6233553530583715,0.7047019641112676,,,,5–10%,
скачок без отметки,9,2024-09,Продовольствие,вниз,-0.070699446916759,0.8210058065025128,1.6694948645993128,1.725316636114538,,,,5–10%,
скачок без отметки,1036,2024-06,Продовольствие,вниз,-0.05217030721890481,0.3565659289583984,0.2749734722138346,0.6679692526949063,0.14860765200109682,0.4877056064439339,-0.7194492126936829,5–10%,2
скачок без отметки,317,2024-02,Продовольствие,вверх,0.0550861616265923,0.5165855518981148,1.1936130185946296,1.5634369087516735,2.6431150089748576,1.3101429433984506,1.0938271500476755,5–10%,7
скачок без отметки,1722,2024-08,Продовольствие,вверх,0.09037426530611192,0.9701571875852796,1.0682514905742948,1.1624065697820043,0.41020654757141334,,,5–10%,
скачок без отметки,1431,2024-07,Продовольствие,вниз,-0.06030397819259825,1.3745079799064723,1.033257576075439,1.5136569013000363,0.18312902170853954,0.8751437521078308,,5–10%,4
скачок без отметки,1850,2024-07,Продовольствие,вниз,-0.06412336140003738,0.006970202916711334,0.4054922132433512,0.8449838751687789,1.848170174074643,0.8181332442745594,,5–10%,1
скачок без отметки,402,2024-07,Продовольствие,вниз,-0.10843871050258969,0.9877372926066026,1.1654093794506757,0.23417910382094173,1.5225124603768594,0.3257068873400712,,10–20%,3
скачок без отметки,2056,2023-11,Продовольствие,вверх,0.08284875386827295,0.5582499786703193,0.7907008653524471,0.4783830307654032,0.9677073442571404,0.5040271104730003,1.1430404284834217,5–10%,7
скачок без отметки,1737,2023-12,Продовольствие,вниз,-0.051220053568146184,1.0794634778430872,0.25198607039684684,1.076562284651304,0.47983431279928823,0.35604195733201377,-0.2719132865137963,5–10%,2
скачок без отметки,401,2024-12,Продовольствие,вверх,0.09391963857585672,,,,,,,5–10%,
скачок без отметки,760,2023-08,Продовольствие,вниз,-0.057716207480481785,0.7585709134747826,0.3186281047636723,0.06327575089010964,0.5137192037721607,0.5018825113432445,0.18186107256461573,5–10%,2
скачок без отметки,1348,2024-01,Продовольствие,вверх,0.0963827313219845,0.5106112550492956,0.5532301740133025,0.18841699844131382,-0.46808753136207687,-0.3677339059166006,-0.8862103488507259,5–10%,3
скачок без отметки,1582,2023-07,Продовольствие,вниз,-0.05237117276421621,1.3096046456850572,0.4454178136592967,0.543112554064237,1.368698526579044,1.9333431730933208,2.0210515058660437,5–10%,7
скачок без отметки,1274,2023-09,Продовольствие,вниз,-0.09287727450263361,0.6506190943720851,0.5958766385736775,0.4388830639642461,0.7060312684096544,0.5043492469841229,0.24843575237896512,5–10%,6
скачок без отметки,1494,2024-09,Продовольствие,вниз,-0.052962923165045694,0.6530686595831979,1.706521860811661,1.8600217480843038,,,,5–10%,
скачок без отметки,531,2023-09,Продовольствие,вверх,0.0651785519947019,0.4691405549942189,0.6845361200417024,-0.27542881866528773,-0.684125067845404,-0.4886937180987718,-0.6099517541980539,5–10%,3
скачок без отметки,288,2023-08,Продовольствие,вниз,-0.07053635193956076,1.5545128516854647,1.2652099375415922,0.04909468160213999,1.801395942501531,1.0390886224968932,1.1861835558803488,5–10%,3
скачок без отметки,877,2024-12,Продовольствие,вниз,-0.07689249138615928,,,,,,,5–10%,
скачок без отметки,838,2024-03,Продовольствие,вверх,0.07970226533567448,0.5023541326815546,0.19534593939329845,0.05580324802625057,0.3206470544514045,0.09988083145200344,-0.06268473602493024,5–10%,2
скачок без отметки,1641,2024-02,Продовольствие,вниз,-0.0634619614835561,0.9767451569775079,1.8449487862976441,2.50756963473005,2.346065918905686,1.330498688982854,1.8016575197235483,5–10%,7
скачок без отметки,363,2024-01,Продовольствие,вниз,-0.05277387067795658,1.2025174785301656,0.2810473347514551,0.07289527537304046,0.6063683724072326,-0.10189367401222076,0.010798709597791799,5–10%,2
скачок без отметки,528,2023-07,Продовольствие,вниз,-0.06883392367005214,0.2726268538478138,0.1746789035597711,0.18236297124566994,0.11492293187569276,0.884447943303834,0.18811628160331187,5–10%,1
скачок без отметки,1350,2024-12,Продовольствие,вниз,-0.054481381419371644,,,,,,,5–10%,
скачок без отметки,1322,2023-08,Продовольствие,вверх,0.10787474723733226,0.80242483068802,0.717649070787583,0.44554376646796917,0.5392595750658692,0.5456908053954893,1.2474959808515975,10–20%,7
скачок без отметки,719,2023-12,Продовольствие,вверх,0.05652165365414952,0.7821113538996611,1.145168686843307,0.4904344074006068,1.0,1.2090482652799155,0.832720070915982,5–10%,7
скачок без отметки,2155,2024-01,Продовольствие,вверх,0.05142771478587882,0.6160142902251372,0.6624257030905703,0.4763007504104449,0.9927731810713055,0.708325839522588,0.20071270556374426,5–10%,6
скачок без отметки,495,2024-01,Продовольствие,вниз,-0.06926912506240512,0.44808678558987625,0.9075790411051526,-0.07111761386703978,0.6986478591542098,0.15621929106698385,0.05856026348093739,5–10%,3
скачок без отметки,1730,2024-12,Продовольствие,вверх,0.0673934600899635,,,,,,,5–10%,
скачок без отметки,289,2023-12,Продовольствие,вниз,-0.07229079254470427,0.7857832181004175,-0.12677443090807364,-0.2094019814315712,-0.14526568293134412,0.030126677317997293,-0.30168019278994873,5–10%,2
скачок без отметки,613,2024-11,Продовольствие,вверх,0.06030900169885989,1.162177422991809,,,,,,5–10%,
скачок без отметки,2257,2024-01,Продовольствие,вниз,-0.05886678120196187,0.37141948681801673,0.25643237287084375,0.36506464522277315,0.3796245867262624,0.7615176198043558,0.18176098644994904,5–10%,2
скачок без отметки,450,2024-12,Продовольствие,вниз,-0.05213675196736567,,,,,,,5–10%,
скачок без отметки,62,2023-08,Продовольствие,вверх,0.081631077052986,1.5858134550182692,0.8797661324707322,0.052061887679358716,0.1920041056436499,0.3411172163913334,0.5367923203483325,5–10%,3
скачок без отметки,1858,2024-01,Продовольствие,вниз,-0.06995129070518935,-0.01747681026820095,0.00999557195635673,-0.03200196195053946,0.33686975007736275,-0.4307462763234725,-0.7123845779325557,5–10%,1
скачок без отметки,404,2024-03,Продовольствие,вниз,-0.054231780791274886,0.6229878136171073,0.05580685508765534,0.1786301446184392,1.8856492361592325,0.705006240894675,0.7944981696860252,5–10%,2
скачок без отметки,1579,2024-11,Продовольствие,вниз,-0.056288629078537156,1.866008666036596,,,,,,5–10%,
скачок без отметки,1655,2024-11,Продовольствие,вверх,0.06805868425605688,0.7918871545080151,,,,,,5–10%,
скачок без отметки,920,2024-01,Продовольствие,вверх,0.05491784487123752,0.0012696931952994816,0.6885796883548673,0.40056934728884863,-0.23039247459779344,-0.34075293810104723,0.18286623928628945,5–10%,1
скачок без отметки,1063,2024-09,Продовольствие,вверх,0.05987590078293614,0.8683626630855865,1.140762193102967,0.8436380649966649,,,,5–10%,
скачок без отметки,232,2023-09,Продовольствие,вниз,-0.061866455983739854,1.089474948019022,1.1673335500545465,-0.22058718821341086,0.7957786586913908,0.8927909449480167,0.6234922543045475,5–10%,3
скачок без отметки,303,2024-08,Продовольствие,вверх,0.052904879089210155,0.9639525699419152,1.1678420339769742,1.3303765262120024,1.869580140057118,,,5–10%,
скачок без отметки,495,2024-05,Продовольствие,вниз,-0.053320980819430375,0.29533268625539916,0.16846413861484974,0.5194004286007079,0.6556947458920256,0.7108069741025365,0.34746289381717427,5–10%,1
скачок без отметки,404,2024-08,Продовольствие,вверх,0.06402837211194168,0.9242006862783302,1.172863515977145,1.7420278238780431,1.6439639562511246,,,5–10%,
скачок без отметки,1712,2023-11,Продовольствие,вниз,-0.10167730382925022,1.2543334358997686,0.7777423548372203,1.389974504816478,1.2539087563413631,0.9039733134952823,0.8919257863814892,10–20%,7
скачок без отметки,2043,2024-06,Продовольствие,вверх,0.06462155147585946,-0.29826285622377263,-1.1743800381719247,-1.6951146607962544,-0.7437422962805365,-0.33039550775709675,1.5782496540911661,5–10%,1
скачок без отметки,508,2024-01,Продовольствие,вверх,0.060794530246191414,0.1981297736500029,0.4537470280834046,0.218614105024534,0.21377786909834945,0.16411206380726645,0.5226563870974997,5–10%,1
скачок без отметки,1152,2024-10,Продовольствие,вверх,0.052436246975432255,-0.48866199507287633,0.8368610645583779,,,,,5–10%,
скачок без отметки,1178,2024-10,Продовольствие,вверх,0.052870065497675256,-0.6718708769561793,-1.8537195992834263,,,,,5–10%,
скачок без отметки,1296,2024-01,Продовольствие,вниз,-0.050792050361708974,0.41170179974955506,0.35344184353900204,0.6674686224689805,0.33385295833799783,0.624237832655194,0.4232885729126475,5–10%,7
скачок без отметки,1286,2024-09,Продовольствие,вверх,0.05939685491512492,0.3977883614524888,0.4672501351217548,0.8908022879422324,,,,5–10%,
скачок без отметки,365,2023-08,Продовольствие,вверх,0.08775490065634628,0.356267860350845,1.0630270622849192,0.9935557801741827,1.5316444801841167,1.2220223852316148,0.5743484999832039,5–10%,7
скачок без отметки,1889,2024-10,Продовольствие,вверх,0.07179245076803475,0.6589663990915048,1.413365705262636,,,,,5–10%,
скачок без отметки,339,2023-09,Продовольствие,вниз,-0.0509267417044601,0.16687282841588702,0.164769221199246,0.2743361209325079,0.7951560829820423,0.3593113330367933,0.5056233066359714,5–10%,1
скачок без отметки,1959,2024-11,Продовольствие,вниз,-0.054170773188683796,-0.16553782542552833,,,,,,5–10%,1
скачок без отметки,567,2024-04,Продовольствие,вниз,-0.05934762983039654,0.8281454638918943,0.188382170309542,0.3671575668913418,0.28887257358997,-0.022844918020888286,0.689624826054533,5–10%,2
скачок без отметки,1594,2023-10,Продовольствие,вверх,0.06752224047122368,0.11266300579680513,-0.1816736434598757,-1.001395654441529,-0.5426206982261109,0.5232091372264871,-0.3115911208317671,5–10%,1
скачок без отметки,773,2024-10,Продовольствие,вниз,-0.053816876936323865,1.884656902635183,0.7654743861634857,,,,,5–10%,
скачок без отметки,1124,2024-03,Продовольствие,вниз,-0.11330643920511463,1.5552412413263403,2.003293409225234,1.593707905777749,1.7389644851204906,2.235259495197818,2.1549543234998056,10–20%,7
скачок без отметки,1299,2024-01,Продовольствие,вниз,-0.06082021468765397,0.42416189395299647,0.177083025399165,0.5461169245512189,0.8496593685363462,0.5461169245512189,0.37323346717139866,5–10%,2
скачок без отметки,1254,2024-01,Продовольствие,вниз,-0.07476690329023761,1.1115687190122463,0.5098518753022069,0.3085659278919588,0.7240903516905179,0.13208127938134123,0.3009889131467076,5–10%,3
скачок без отметки,878,2024-01,Продовольствие,вверх,0.09259232602269307,0.3816394220443702,0.7287796808443081,0.5898572201122443,0.46526938642756915,0.5874272434808239,0.7281536058315037,5–10%,7
скачок без отметки,332,2023-09,Продовольствие,вниз,-0.0694188669585678,0.05440481377248624,-0.21501898986654056,0.19141508850274608,0.5019113526401775,0.41222567299456536,1.2571017760909509,5–10%,1
скачок без отметки,1690,2023-08,Продовольствие,вверх,0.05797665082643455,0.6430756345880365,0.6733079725211294,1.3140489111413192,1.0395898538544104,0.435984401839007,1.1867579939859265,5–10%,7
скачок без отметки,306,2023-07,Продовольствие,вниз,-0.07127584746502436,-0.0947542804127449,1.0726897288897175,0.09832774291064,-0.10322291302602146,0.060552985336082436,0.7314807971891516,5–10%,1
скачок без отметки,2326,2023-10,Продовольствие,вверх,0.06363840127065679,1.0950690575073176,0.3943289310545011,0.37201286542044576,0.208351942222304,-0.06264374579160022,-0.06944057755218636,5–10%,4
скачок без отметки,196,2024-11,Продовольствие,вверх,0.05459954026881064,0.0226420880306621,,,,,,5–10%,1
скачок без отметки,337,2023-07,Продовольствие,вверх,0.05795433038269593,0.02238594929888305,-0.8949948908160299,-0.42101016439531175,-1.2654946741476618,-0.986773202356595,-2.26793713059954,5–10%,1
скачок без отметки,1214,2023-09,Продовольствие,вверх,0.0583610307028124,1.3260686893897395,0.8125694398910805,2.1346196634339982,0.06724809606328053,1.1986979747583704,1.5894001409458662,5–10%,4
скачок без отметки,37,2024-04,Продовольствие,вниз,-0.05094056120073631,-0.14293405218378197,-0.37388366399607165,0.11927123310536954,0.8826003965545555,0.8266960126872854,0.9369421696990171,5–10%,1
скачок без отметки,2094,2024-11,Продовольствие,вниз,-0.10304393694100078,0.15430123197534465,,,,,,10–20%,1
скачок без отметки,2308,2024-12,Продовольствие,вверх,0.0517315021460778,,,,,,,5–10%,
скачок без отметки,2321,2023-12,Продовольствие,вниз,-0.07244854560111236,0.6247349655742972,0.9258646371483227,-0.15805689017566563,0.16451441866765207,0.10513719905176384,0.9402403211351351,5–10%,3
скачок без отметки,2036,2024-01,Продовольствие,вниз,-0.07274801425698207,0.494160624455486,0.16727196609860273,0.044351634610910615,0.05911985499053891,0.10431353329250012,-0.2162577259225404,5–10%,2
скачок без отметки,1976,2023-12,Продовольствие,вниз,-0.06383670215421411,-0.19781610560261692,0.5155116265754216,0.43826044906892914,-0.029264790888265637,-0.0677684853409977,-0.10976104230908917,5–10%,1
скачок без отметки,304,2024-12,Продовольствие,вниз,-0.0707516456018844,,,,,,,5–10%,
скачок без отметки,2259,2024-05,Продовольствие,вниз,-0.06364985908262355,0.8922133235129294,0.7254312275784724,0.5532129099670547,0.10726690230475094,0.12821981984873848,0.804132137619307,5–10%,4
скачок без отметки,742,2023-08,Продовольствие,вниз,-0.06013930797355016,1.0365044185512393,0.7275576293273389,1.1361335629608746,0.3190202969468069,0.6408884703439487,1.0241811411119177,5–10%,4
скачок без отметки,2270,2023-10,Продовольствие,вниз,-0.05251837378272306,0.29951667806712545,0.8580826529189537,1.0699112461604996,1.0244938471648968,0.7973828862434159,0.8922084974521103,5–10%,1
скачок без отметки,1122,2023-07,Продовольствие,вниз,-0.13895987737455684,0.6517626074775592,0.84263408615061,0.5308406035663028,0.9632891474184582,0.0775403476349348,0.05095509926186156,10–20%,5
скачок без отметки,2204,2023-10,Продовольствие,вниз,-0.07633354491864175,1.3854122501703356,1.1629398059372178,0.903760108245505,1.3008341896149485,0.6991910243687027,0.8998000140765166,5–10%,7
скачок без отметки,546,2024-01,Продовольствие,вниз,-0.05790511288714484,1.1515512946572264,1.2186374974636498,2.1927675386161227,1.9243467199431146,2.6601465127733586,1.6668110580929474,5–10%,7
скачок без отметки,1784,2024-12,Продовольствие,вверх,0.08074234213867904,,,,,,,5–10%,
скачок без отметки,1534,2024-07,Продовольствие,вниз,-0.053171898812566454,0.8202586930011649,0.3163831848332863,0.8842410084402195,1.4703206841590335,1.5683061440311534,,5–10%,2
скачок без отметки,2268,2024-05,Продовольствие,вниз,-0.07625172862500484,0.09207331859890877,0.7945195304397239,0.5349602788349156,0.08605606939245139,0.9097186828505582,0.8314651502323775,5–10%,1
скачок без отметки,1291,2023-12,Продовольствие,вверх,0.08043181866197635,0.8107551929915134,0.2791713397265978,-0.024449678589651608,0.40518522168883764,0.09448819826338044,-0.14099666792852378,5–10%,2
скачок без отметки,714,2023-10,Продовольствие,вверх,0.05369370357109915,0.5072275012382901,0.9804574647021637,0.9317297527010601,1.2119973333828626,0.6666746857446474,0.7586434615125431,5–10%,7
скачок без отметки,2249,2024-09,Продовольствие,вверх,0.051583756076166054,-1.948417980829445,-2.421189238926096,-1.6699051442501984,,,,5–10%,
скачок без отметки,1975,2023-12,Продовольствие,вниз,-0.05192309387252614,-0.34143611434596366,0.013824884228293898,0.15328149966610036,0.5536364498094533,0.2184540047220123,0.8559615387441444,5–10%,2
скачок без отметки,433,2024-12,Продовольствие,вниз,-0.05493042752816635,,,,,,,5–10%,
скачок без отметки,2222,2024-11,Продовольствие,вверх,0.06157978270124964,0.9961175586256237,,,,,,5–10%,
скачок без отметки,879,2023-08,Продовольствие,вниз,-0.06061960499344288,0.8788284057034578,-0.06616073987720449,0.4878946226953052,1.13753522540312,0.8648626807206347,1.4954922303448337,5–10%,2
скачок без отметки,1851,2023-07,Продовольствие,вверх,0.081916714322249,-0.020208070746503128,0.5406955868519553,0.7796493337833762,0.3828028850292232,0.8169194647914924,0.5220512204418963,5–10%,1
скачок без отметки,2130,2023-07,Продовольствие,вверх,0.0630951022286208,-0.0040524333054314755,0.4880353414214239,1.2898437683022352,-0.042711687574576454,-0.34372650912365027,-1.4883068213578252,5–10%,1
скачок без отметки,1289,2023-10,Продовольствие,вниз,-0.05103258897981178,1.1940695837906288,0.02748426902875916,1.5069740253974897,-0.41472036708736204,-0.5436548524208646,0.5495533923064022,5–10%,2
скачок без отметки,2116,2024-07,Продовольствие,вверх,0.06553462710800417,0.34386501666909636,0.08936991741288386,-0.673105668656293,0.44261843737299594,-0.37802994506844034,,5–10%,2
скачок без отметки,1655,2024-05,Продовольствие,вниз,-0.056488812383696185,0.33263905096461366,0.2841259930734684,0.3397503048821308,0.43927600644956194,0.7213366967638571,-0.4834803525621788,5–10%,1
скачок без отметки,694,2023-07,Продовольствие,вверх,0.0609723372901243,-0.04754671634061042,-0.4211892874392072,0.7436613185115027,0.14347511177051048,0.3477172338816792,0.10338172009139102,5–10%,1
скачок без отметки,445,2023-07,Продовольствие,вниз,-0.0811541142002703,0.7509741124934937,0.13785775834936137,0.40098893537680763,1.5114901880149543,0.3606436176626045,0.4540321557614068,5–10%,2
скачок без отметки,323,2023-12,Продовольствие,вверх,0.07298232573932673,-0.5744279464169549,-0.08815058760118198,-0.24724387091867953,0.10196444762337842,0.8317585118384395,1.4893523865988985,5–10%,2
скачок без отметки,1421,2023-10,Продовольствие,вниз,-0.05315557294742845,0.23903198106009446,-0.3581519336563066,-0.30672509064429565,0.09429583278361454,0.5418244935405055,-0.004859930226434161,5–10%,1
скачок без отметки,2598,2023-07,Продовольствие,вниз,-0.07055441263229056,0.12496805919326373,0.6994768974066221,1.1308614077258,2.357377339114752,2.4351737555485284,3.2921681078775116,5–10%,1
скачок без отметки,320,2024-04,Продовольствие,вверх,0.06263918784488354,0.9487574786439873,1.1041089847517473,0.06800630856816271,-0.11664335757017516,-0.37795908408814677,0.5645692683743714,5–10%,3
скачок без отметки,796,2024-07,Продовольствие,вверх,0.06897405680816782,0.9697174121340254,0.7249520100064125,0.6505554204909445,0.8562541785100091,0.8969953076850852,,5–10%,
скачок без отметки,1036,2024-12,Продовольствие,вверх,0.06297763777519094,,,,,,,5–10%,
скачок без отметки,343,2023-12,Продовольствие,вверх,0.07809911053869456,0.22235608792964762,0.653806268637741,0.07252527260190879,0.22266092120087003,0.2729989460120694,0.26162404999511124,5–10%,1
скачок без отметки,1040,2024-12,Продовольствие,вверх,0.054509987086762024,,,,,,,5–10%,
скачок без отметки,1928,2023-12,Продовольствие,вниз,-0.05018260714851053,0.24127550081969135,0.18650933085224522,-0.012077314458108513,0.06007718995084574,0.018693291551386642,-0.4232373272051732,5–10%,1
скачок без отметки,771,2023-08,Продовольствие,вверх,0.09214034133885107,0.1475919761007872,0.30989547765596764,0.08908127542390135,0.8784719341202549,-0.08647478763343568,0.3890531150114765,5–10%,1
скачок без отметки,889,2024-10,Продовольствие,вниз,-0.07171889938650011,0.41401736934613903,0.22893186168584506,,,,,5–10%,2
скачок без отметки,71,2023-07,Продовольствие,вверх,0.05363914155972971,0.47022391435380395,1.2766416334481046,0.775669006522941,1.3372710631038685,2.491205509276484,1.4612096569413344,5–10%,7
скачок без отметки,1559,2024-04,Продовольствие,вверх,0.08964078596878267,0.29375898163289543,0.7912000963213526,0.39951292958516593,-0.04780219920219367,0.5059655925064432,0.3457045498244097,5–10%,1
скачок без отметки,792,2023-09,Продовольствие,вниз,-0.053392011073503554,-0.10097735076880611,0.060497631646472004,0.6541144145119211,-0.046444074509504496,1.7058093768312874,0.7265791870942087,5–10%,1
скачок без отметки,441,2024-10,Продовольствие,вверх,0.06699001568351015,0.3103499785305144,0.6987437528807843,,,,,5–10%,1
скачок без отметки,698,2024-06,Продовольствие,вниз,-0.06161891791059659,1.0329526316109168,0.7538379673585006,0.6740343932792628,0.7238309562294968,0.70586639547905,0.6494109947822173,5–10%,7
скачок без отметки,306,2024-09,Продовольствие,вниз,-0.05051913867068514,-1.2290642757532992,-1.0211948688562869,-0.4237239338317687,,,,5–10%,
скачок без отметки,1980,2024-12,Продовольствие,вниз,-0.07513534822516199,,,,,,,5–10%,
скачок без отметки,2001,2024-02,Продовольствие,вниз,-0.05101427220857957,0.13761265178660176,0.22058547710947785,-0.3851512153285499,0.7782923321779225,0.6268724641316465,0.25554978435226217,5–10%,1
скачок без отметки,927,2023-09,Продовольствие,вверх,0.057025652238902325,1.0845611268080597,1.066320695977938,0.4602560559582557,1.680254166344101,0.9155110574003408,1.4528360895447714,5–10%,7
скачок без отметки,2025,2024-06,Продовольствие,вверх,0.055983634697682305,0.5470901375949196,0.6890758331418754,0.8964604297837294,0.2372242584803982,1.056501316112652,-0.7461165213462829,5–10%,4
скачок без отметки,1334,2024-01,Продовольствие,вверх,0.0913679188820975,0.4348955629929123,0.554379092178256,0.4628247916042911,0.6726754814755072,0.8629896188569421,0.9429730515779577,5–10%,7
скачок без отметки,520,2024-05,Продовольствие,вниз,-0.0776399020506684,1.0538532146874442,1.1595500720601875,0.5286705589019617,0.5386291623739629,0.6782010944428427,0.04059758334418525,5–10%,6
скачок без отметки,8,2024-07,Продовольствие,вверх,0.058282355116379136,2.1051584514427337,1.5069810871941247,1.173078566839161,2.3250066500853777,1.6375391491702218,,5–10%,
скачок без отметки,1335,2023-11,Продовольствие,вверх,0.0690709018509601,1.0601331028026988,1.1338216679242044,1.3288227286763232,0.6528317374560458,1.1082506338317555,0.8227767629321389,5–10%,7
скачок без отметки,703,2024-02,Продовольствие,вверх,0.060368955186934414,0.2268018098987187,0.27052685702074575,-0.09397325790600834,0.32840437924130417,1.1126910381367625,1.1126910381367625,5–10%,1
скачок без отметки,2181,2024-05,Продовольствие,вверх,0.054256508042147544,0.3744538599888581,0.15888024864576575,0.02200833143601391,0.1563949137846734,-0.5584458414559513,-0.0483711943291266,5–10%,2
скачок без отметки,1903,2023-09,Продовольствие,вниз,-0.05136565120234238,-0.25813945420969475,0.2442712473087041,-0.6127150545373294,-0.06224642268420269,0.005452933736894371,0.0035921217570431137,5–10%,1
скачок без отметки,1942,2024-01,Продовольствие,вверх,0.06857475909913369,0.6291019628403943,0.033158286639311474,0.0637834018517079,-0.5858239644387747,-0.17968616164484616,-0.07583417506962332,5–10%,2
скачок без отметки,1579,2024-06,Продовольствие,вниз,-0.08054720934081949,-0.6994307495889442,-0.715520376844557,0.45198182003675946,-0.22765710284104437,0.4711706968951702,1.0763616275340189,5–10%,4
скачок без отметки,1651,2024-01,Продовольствие,вниз,-0.05333348465320853,1.1188655844082822,0.8885128901631744,1.0871672242878527,1.2730479116459594,1.6710485498120886,0.9937059846617166,5–10%,7
скачок без отметки,1135,2024-02,Продовольствие,вниз,-0.05576803252514573,0.9644248666523915,1.3512419173995447,0.9604177823795502,1.0231998071628825,0.9229619526200825,0.8837831857345358,5–10%,7
скачок без отметки,1550,2024-12,Продовольствие,вниз,-0.05233633417173067,,,,,,,5–10%,
скачок без отметки,764,2024-12,Продовольствие,вверх,0.0631962438826168,,,,,,,5–10%,
скачок без отметки,1960,2023-11,Продовольствие,вниз,-0.053633851819071765,1.5408946252483744,1.253096310678136,1.5060976906848031,1.1989510134934382,0.39305257322448145,-0.22504651185751354,5–10%,6
скачок без отметки,1903,2023-10,Продовольствие,вверх,0.06462515236884059,0.6006716903779239,1.2818253565940054,0.8442994289146245,0.7904903251665646,0.791969344025424,0.39447561609761006,5–10%,7
скачок без отметки,1339,2024-07,Продовольствие,вверх,0.07110406733303343,1.0012915064553933,1.949930930428654,0.4308974467998043,1.8599698337073447,2.188776033165554,,5–10%,
скачок без отметки,928,2024-02,Продовольствие,вниз,-0.0866261066179419,0.3964301892381772,0.2038299107421876,0.7921970469113813,0.5057880999633197,0.25201797751417043,-0.005805744758801178,5–10%,2
скачок без отметки,1276,2024-06,Продовольствие,вниз,-0.07503781886410898,1.4532102289386775,0.6436180717036984,0.6364385861106832,1.2220911881413614,2.5714272815476553,1.1488977891236496,5–10%,7
скачок без отметки,2001,2024-01,Продовольствие,вверх,0.0586279806814769,0.12986475714151327,0.8802583818172649,0.8080608023042893,1.335133646287149,0.32278041252546547,0.45453617618151176,5–10%,1
скачок без отметки,1599,2024-02,Продовольствие,вниз,-0.06304721161705373,0.9107942663625359,0.715537012362496,0.35523197108372173,0.4350958052173016,0.46477981165113985,0.45399709338471766,5–10%,7
скачок без отметки,523,2024-06,Продовольствие,вниз,-0.0653024925252037,-0.33347240540419576,-0.3181864827359111,-0.5742194111839681,-1.1958008148104589,-0.541170215580896,-0.5813807813135939,5–10%,2
скачок без отметки,1744,2024-10,Продовольствие,вниз,-0.06709430904393443,-0.7446623484482647,-0.6130779645482142,,,,,5–10%,
скачок без отметки,1753,2023-07,Продовольствие,вниз,-0.07001798690219552,0.06947614653882746,0.324478507671535,0.612551358202906,-0.16013757222622466,0.5301048094157178,0.2061043046076349,5–10%,1
скачок без отметки,1959,2024-10,Продовольствие,вверх,0.06254784793213375,0.13393066301080933,1.1433672347129198,,,,,5–10%,1
скачок без отметки,499,2023-11,Продовольствие,вверх,0.05356155992319778,1.7033381700411137,0.9323394016847563,0.6992958384527951,1.205635139033361,1.0658204773800293,0.20195383691802088,5–10%,6
скачок без отметки,490,2023-08,Продовольствие,вниз,-0.05330956740608528,1.597762894559035,0.9059192883405135,-0.2997277583106119,0.09651761392412454,0.6370317802273763,-0.05099978629742441,5–10%,3
скачок без отметки,1893,2023-08,Продовольствие,вниз,-0.07816980783410976,0.8879162196507452,0.18901233287158484,-0.126722394368296,-0.10801809922609978,0.5147609056426639,-0.06217622368167182,5–10%,2
скачок без отметки,1706,2024-04,Продовольствие,вверх,0.054447004248778796,0.44263255223390907,0.97216847150409,0.2933980526150336,0.16229048766757861,-0.04376732980574232,1.1415090785874331,5–10%,3
скачок без отметки,859,2024-04,Продовольствие,вверх,0.050673151483909606,0.02959916608229368,0.6480057070012337,0.7532224825841701,0.960955032540349,-0.08583116286175795,0.517102277032416,5–10%,1
скачок без отметки,1060,2023-10,Продовольствие,вверх,0.06160543420183906,0.31115318184793966,-0.006828692989104056,-0.05723177853220176,1.1989728775833894,1.0857683268627927,0.6231017882197682,5–10%,1
скачок без отметки,2595,2024-01,Продовольствие,вверх,0.06308184979186571,1.8113988280106754,1.3998758017035218,1.8246194901719677,2.0672546056529786,2.3827868503697895,2.7431941443185006,5–10%,7
скачок без отметки,2342,2024-12,Продовольствие,вверх,0.07736010995327014,,,,,,,5–10%,
скачок без отметки,2196,2024-10,Продовольствие,вверх,0.06335019547284126,0.5505864943256643,1.4387018756579344,,,,,5–10%,
скачок без отметки,1155,2024-01,Продовольствие,вниз,-0.12211073317964605,0.5976837429647257,0.6540529808959366,0.5410521901842742,0.5640762609222747,0.5235791758600108,0.4400821739892436,10–20%,7
скачок без отметки,2328,2024-11,Продовольствие,вниз,-0.09251715665954485,0.21714319044430472,,,,,,5–10%,1
скачок без отметки,872,2023-09,Продовольствие,вверх,0.0666704346564213,1.1334901195645544,0.7964965984746165,0.46219016988769634,1.5238550327850902,1.290902723920686,1.3382664337753758,5–10%,7
скачок без отметки,2270,2023-09,Продовольствие,вверх,0.07848621844121162,0.3308586548597599,0.7995810071462274,0.42582141938430557,0.2840781495634927,0.3144688090201815,0.4664381429072736,5–10%,1
скачок без отметки,72,2024-08,Продовольствие,вниз,-0.1319756889233581,0.5202373604541881,0.04105344039523085,0.08166776839265275,1.1352504437184143,,,10–20%,2
скачок без отметки,1731,2024-04,Продовольствие,вверх,0.07272179962849101,0.33119180998436043,0.1142742083851987,-1.6701413958572482,-2.3241510273790245,-1.6853569973974463,-0.8650347316704592,5–10%,1
скачок без отметки,2221,2024-11,Продовольствие,вверх,0.06980510430783227,0.6362878054534179,,,,,,5–10%,
скачок без отметки,2152,2023-08,Продовольствие,вниз,-0.059336099842075996,0.43345842510238936,1.1672815110716535,0.7778272199068197,0.3449704523340697,0.9239588539883914,0.23958177495072383,5–10%,6
скачок без отметки,788,2024-09,Продовольствие,вниз,-0.05798520906241755,0.34730108794991477,0.9586890907540218,1.437743881255195,,,,5–10%,
скачок без отметки,1124,2023-08,Продовольствие,вниз,-0.07156370277320612,2.1936074537256913,0.9194668299074858,0.5661009061865553,0.41675215334227705,1.7479874973544476,-0.22975157784209013,5–10%,6
скачок без отметки,2244,2023-10,Продовольствие,вверх,0.11043605720287175,-0.16397628367776784,0.11246257332282894,-0.16117722778254087,-0.3029780409772014,-0.8698126051717462,-0.7109836065583613,10–20%,1
скачок без отметки,876,2024-06,Продовольствие,вверх,0.051652383568461246,0.24013025255231796,0.8401841293910968,0.10422260349650561,0.42735819114674967,-0.29779122005045155,0.4517489859036249,5–10%,1
скачок без отметки,367,2023-12,Продовольствие,вверх,0.08107971878820841,0.4298701500811795,0.7995462530993797,1.0230236695773913,0.5222971551772375,0.3075023300492841,1.216469316715686,5–10%,5
скачок без отметки,1627,2024-01,Продовольствие,вниз,-0.05787107798942159,-0.4003196047843829,0.08623286222600794,0.22116248331580085,0.9631800036753398,0.6294059110936616,0.8196893826092483,5–10%,2
скачок без отметки,458,2023-10,Продовольствие,вниз,-0.05091436350727996,0.24164844028397356,0.9445040819905476,0.9890763297242097,0.9587381887085634,0.5164360070121815,0.2935432542283582,5–10%,1
скачок без отметки,1940,2024-10,Продовольствие,вниз,-0.060151261957928526,0.16397425991513792,-0.17764196107672223,,,,,5–10%,1
скачок без отметки,690,2023-12,Продовольствие,вверх,0.05601210841905235,-0.1528846368955379,0.801887529273021,0.2249408650609285,-0.20390048785496223,-0.26392102821028124,-0.3760715549417593,5–10%,1
скачок без отметки,2017,2024-01,Продовольствие,вниз,-0.06505271355512576,0.34731955159082956,0.1592563731573242,-0.15582159041797475,-0.2203946835844516,-0.184612718009003,0.06118873374552511,5–10%,2
скачок без отметки,522,2024-06,Продовольствие,вверх,0.05484770701315256,-0.19484669923470654,0.3600282204445665,-0.4261260711916191,-0.8223730218111913,-0.19078342716173657,0.31373293871161906,5–10%,1
скачок без отметки,803,2024-01,Продовольствие,вверх,0.054804037761988056,0.7100115991640176,0.7639871922739183,0.4053623470381403,0.9068107878960523,0.5935745486025962,1.040485931504997,5–10%,7
скачок без отметки,834,2024-07,Продовольствие,вниз,-0.05484663553748703,1.1588590003943198,1.0545740848339826,1.5370969371676617,0.9830566894131777,2.2181884996354753,,5–10%,
скачок без отметки,1152,2024-07,Продовольствие,вверх,0.05145353846145362,1.0802252694546624,-0.24643979528511745,0.7726591538515845,-0.7444347209469299,0.6064044361797472,,5–10%,2
скачок без отметки,685,2024-07,Продовольствие,вниз,-0.06758527847214246,1.0239367689482863,1.3067790985425614,1.0536917227161613,0.9427756441093753,1.0899376904778442,,5–10%,
скачок без отметки,1744,2023-09,Продовольствие,вниз,-0.05169102783417223,2.134114260974229,0.10348590804351711,1.4873552400318633,0.642968443752162,0.9681123174775157,1.401194361770115,5–10%,2
скачок без отметки,1174,2024-05,Продовольствие,вверх,0.0571806842038427,0.8526245437384903,1.513967689065167,1.9506975437741827,1.4262509747589316,1.1932434989450154,0.8521089837167996,5–10%,7
скачок без отметки,2218,2024-11,Продовольствие,вверх,0.08891185075133023,0.4786995839518053,,,,,,5–10%,
скачок без отметки,82,2023-11,Продовольствие,вниз,-0.09815212307434606,0.7884603838300891,0.34887272438917,0.5352668427935605,0.6483157080662623,1.027025026203343,0.8042625294149541,5–10%,7
скачок без отметки,2065,2023-12,Продовольствие,вверх,0.10698978809906379,-0.05443522607872909,-0.0016862144055562953,-0.03576046743813225,0.017129886612651923,0.14293773121869574,0.5574043679086972,10–20%,1
скачок без отметки,34,2024-12,Продовольствие,вниз,-0.07855673418577602,,,,,,,5–10%,
скачок без отметки,1196,2024-01,Продовольствие,вниз,-0.06343792348966915,1.0,1.1748671745419665,1.2270718976169563,1.0,0.7451716557945381,0.8344696095110271,5–10%,7
скачок без отметки,405,2024-06,Продовольствие,вверх,0.05943727394619813,0.26179108955935176,0.013483179129593244,-0.07217475138360137,0.09157256430067429,-0.17089299460954693,-0.07562542628950643,5–10%,1
скачок без отметки,1755,2024-08,Продовольствие,вниз,-0.05059621597140307,-0.23631515991963215,1.020417184927876,-1.1260361042865041,-1.5204086490498097,,,5–10%,1
скачок без отметки,2051,2024-01,Продовольствие,вверх,0.05313051059997598,0.36783800072478406,0.3324681407296031,0.17700045135918413,0.42219381118773236,0.43607667999444527,0.4773022665760069,5–10%,2
скачок без отметки,1719,2023-09,Продовольствие,вверх,0.055693726420225076,1.2724606371882257,0.8004814221173635,1.220740523642895,1.6814158748202617,0.8765068698707632,1.2757606997077007,5–10%,7
скачок без отметки,619,2024-12,Продовольствие,вверх,0.11625949179769357,,,,,,,10–20%,
скачок без отметки,2022,2023-08,Продовольствие,вниз,-0.10343232377871736,0.6402470365134114,1.354440873595965,0.6136067065970855,0.6595874165394174,2.1266669254364112,1.2497893534055666,10–20%,7
скачок без отметки,347,2024-06,Продовольствие,вверх,0.05348213639333288,1.01860169196588,0.7484288631625349,1.1884328599475729,1.2678489474259298,2.5513585462984993,1.8335058012742118,5–10%,7
скачок без отметки,495,2024-04,Продовольствие,вверх,0.06779346099142636,0.2134789987167977,0.7677146398947456,0.8674994170163361,0.5914806548300467,0.48428231192486915,0.44093538700978974,5–10%,1
скачок без отметки,1205,2023-11,Продовольствие,вниз,-0.07539139314150312,0.31748319910177536,0.95445151052983,0.5395139494612728,0.4094203063755478,0.9998935107468406,0.5426532607991095,5–10%,1
скачок без отметки,710,2024-02,Продовольствие,вверх,0.05421782276070175,0.3060332502626775,0.3648463241914913,-0.0845306212805542,0.07739655863128907,-0.08900744810998196,0.42356068199369024,5–10%,1
скачок без отметки,1171,2024-12,Продовольствие,вниз,-0.09587860840459861,,,,,,,5–10%,
скачок без отметки,619,2023-10,Продовольствие,вниз,-0.05702444528622408,2.5701551648251,-0.5475242694772455,0.7168248045728065,-0.3859429505825584,-0.3963781523612674,0.0032121071916747152,5–10%,6
скачок без отметки,1174,2024-04,Продовольствие,вниз,-0.06006423251911919,0.04800774428206697,0.18830803732592125,-0.44128551539721456,-0.8570489549210156,-0.35777988268065597,-0.13595857018142413,5–10%,1
скачок без отметки,1733,2023-10,Продовольствие,вверх,0.06389779431505538,0.5676145780694035,0.11722897038506908,0.47253792779466003,-0.34417397374091313,-1.0531690317308107,-0.8940267565456392,5–10%,2
скачок без отметки,1733,2024-10,Продовольствие,вниз,-0.07620448638655475,1.046029882583853,1.9731452462812173,,,,,5–10%,
скачок без отметки,292,2024-09,Продовольствие,вниз,-0.09652189988047333,0.1786891462003273,0.7720520076424058,0.4316519574062012,,,,5–10%,1
скачок без отметки,1351,2023-11,Продовольствие,вверх,0.07015603699534445,-0.42173989514007004,0.606117835311282,-0.3303064034742506,-0.3745265267532374,-0.20608095118420294,-0.03815650042583677,5–10%,3
скачок без отметки,404,2024-01,Продовольствие,вверх,0.06606825323903642,0.9563566917231761,0.13551191177927338,0.44498039694690855,0.9105479260393883,0.8097290699725058,-0.5914686405833374,5–10%,2
скачок без отметки,2314,2024-04,Продовольствие,вниз,-0.06035857510089926,0.24078399019707003,0.9178788120181777,0.8441012641248866,0.784638419882107,1.0990245120482365,1.30794418087986,5–10%,1
скачок без отметки,1559,2024-02,Продовольствие,вниз,-0.065361370914097,0.5405036820183187,-0.8309606051459694,0.13762372967505251,-0.5445989940873612,-0.00741403316811734,0.6060626910720405,5–10%,3
скачок без отметки,838,2024-11,Продовольствие,вниз,-0.0699502959953584,0.7617692854289971,,,,,,5–10%,
скачок без отметки,1352,2023-09,Продовольствие,вверх,0.0523021014688716,0.756585048566274,1.5803916438262127,1.1554019146723795,1.419100690998488,1.144538952153527,1.4709229961241825,5–10%,7
скачок без отметки,1552,2024-02,Продовольствие,вверх,0.05077250533054212,1.013050200509779,0.9073070999893647,0.7182552689248073,0.8788984346741131,0.5944867969330181,1.6847792061860591,5–10%,7
скачок без отметки,2079,2024-01,Продовольствие,вниз,-0.05230575276290672,-0.012535211859074124,-0.41244784658023,-0.06465979061550031,0.5600030766263075,-0.1259391366936008,-0.019873884339875802,5–10%,1
скачок без отметки,621,2024-07,Продовольствие,вверх,0.07657972465499796,0.5932293590825971,0.08757733898787666,0.024931246490063393,0.39999670470383236,1.387816403300168,,5–10%,2
скачок без отметки,2098,2024-11,Продовольствие,вниз,-0.08190610569519663,0.39029968942557053,,,,,,5–10%,
скачок без отметки,330,2024-01,Продовольствие,вверх,0.06703676082048027,0.7232768212342086,0.40888959084747434,0.2670741301762998,0.42200959608906574,0.15491121625847537,0.06836887612782896,5–10%,3
скачок без отметки,361,2024-05,Продовольствие,вверх,0.05303755517395814,0.06979842909412406,0.003267100393383969,0.3255858773698678,-0.008554918847386853,-1.1778412180328968,-0.1201533952652501,5–10%,1
скачок без отметки,69,2023-09,Продовольствие,вверх,0.06607838116218723,2.436593167021431,2.628335821073429,3.1092640038249786,2.2156803658332778,2.5134589623724093,2.652795190752666,5–10%,7
скачок без отметки,393,2024-03,Продовольствие,вверх,0.05518187293073851,0.33812760761698823,0.6544134328316409,1.7234678118670845,1.4426784754361608,1.5822195711716234,1.402858087770291,5–10%,7
скачок без отметки,2207,2023-09,Продовольствие,вниз,-0.06418230100842592,0.7838609526486779,0.686236061359897,-0.11767774840283603,0.6965557338579673,1.0348035123034747,0.32302498992550904,5–10%,3
скачок без отметки,45,2024-01,Продовольствие,вниз,-0.06330128745576324,0.574764991537431,0.7121592713978508,0.5371244569091471,0.06414158586901332,0.016392075212758535,0.5673280529895273,5–10%,4
скачок без отметки,534,2024-03,Здоровье,вверх,0.08359192227042733,0.7472729402431385,0.6290050151671065,-0.8891775030999152,0.2388807793318114,-0.7248160163591043,-0.32184610523127355,5–10%,4
скачок без отметки,2338,2023-10,Здоровье,вверх,0.058765128613221584,1.460055225997447,0.9853893356395093,1.4677266863630767,-0.008719744706065576,0.5935436212077302,1.1010971824011755,5–10%,4
скачок без отметки,1676,2023-12,Здоровье,вниз,-0.0571093027506544,0.19273227465950796,-0.25538125595902694,0.4235136326801983,-1.4063190634102003,-1.2457640198790572,-3.0752671794241166,5–10%,1
скачок без отметки,1211,2024-12,Здоровье,вниз,-0.07370645283368749,,,,,,,5–10%,
скачок без отметки,1159,2024-04,Здоровье,вверх,0.07130902770478187,0.8693050200125407,-1.8576912445933331,-1.9027960633986716,-2.6755835619756234,-0.38959828557003223,-1.7084838850009894,5–10%,7
скачок без отметки,2360,2023-11,Здоровье,вверх,0.0512878414443243,0.45387052280462487,0.1999046592154628,-0.42810481535154427,0.236136989365389,0.004924348301991535,0.2438197683126875,5–10%,2
скачок без отметки,703,2024-02,Здоровье,вверх,0.1229500143879152,1.5312665908181005,0.6567955971695465,0.9748679410566782,0.4994350804839868,-0.02628650505627304,0.013920954845135532,10–20%,5
скачок без отметки,564,2023-07,Здоровье,вниз,-0.07633444993461058,0.3427689474255056,0.3747643897897745,1.1136226062356516,0.22673744699248996,0.33991372893730604,0.3188266979395173,5–10%,4
скачок без отметки,288,2024-09,Здоровье,вверх,0.09366019503000445,3.0032068278098145,2.4102062849260952,1.0864213264962859,,,,5–10%,
скачок без отметки,992,2023-12,Здоровье,вверх,0.05819128551733943,1.099773608928061,1.5541529489706274,1.4532711458106145,1.069100586492083,1.0492618469241553,1.4157341127818879,5–10%,7
скачок без отметки,1171,2024-02,Здоровье,вниз,-0.08697615809774195,-0.22629310017517978,2.971056184813419,0.5526927302310345,2.1374463179356793,1.9134975190433994,2.5376274261580045,5–10%,1
скачок без отметки,1327,2023-12,Здоровье,вверх,0.186942638295986,-0.06200220803145157,0.22992599696227306,0.9113191049950379,0.5053210759189701,0.26705527327645734,0.8059281996410043,10–20%,1
скачок без отметки,523,2023-08,Здоровье,вниз,-0.23965159030706396,-0.5057077858382752,-0.04462189815357587,0.6144504859022654,-0.14543497411434586,1.1738461619562224,0.27577460210273014,20–40%,2
скачок без отметки,598,2023-12,Здоровье,вниз,-0.10929752886191402,0.2143800317462424,0.9336071912552516,0.2064492636449664,0.4805319837996107,0.6265890098151577,0.0887757200374176,10–20%,1
скачок без отметки,449,2024-10,Здоровье,вверх,0.06739815337709931,0.0005269079785475339,0.4169110795252978,,,,,5–10%,1
скачок без отметки,1760,2024-04,Здоровье,вверх,0.060575641824751614,0.9717826243658787,2.2043743756085292,3.9262621218064284,2.9268801258503325,3.6041045225057977,5.328897790199797,5–10%,7
скачок без отметки,304,2023-07,Здоровье,вверх,0.05463656179794807,1.6911811934188268,-4.905264289100342,1.2870170015022455,-0.9157976094399318,3.9308629099716352,2.496720807227762,5–10%,7
скачок без отметки,1222,2024-06,Здоровье,вверх,0.22456486221780647,0.7082748301300715,1.4550226493329994,0.32735223695949334,0.6377870288429666,0.31299556606586926,0.673842875142301,20–40%,3
скачок без отметки,327,2024-09,Здоровье,вверх,0.22661169916224821,1.8188933443668884,1.3322676329049838,0.6706931753111618,,,,20–40%,
скачок без отметки,1925,2023-08,Здоровье,вверх,0.1410455113367881,0.2528987408243595,0.6431978002142367,1.5864333364613377,0.5871780748887659,1.422027698153845,1.1393026367271661,10–20%,1
скачок без отметки,567,2024-03,Здоровье,вверх,0.15178323734669608,1.1043283634398013,0.24740288330412238,0.3685953135054034,0.13859775949338132,-0.13413494602765588,0.42510307358224547,10–20%,2
скачок без отметки,1353,2023-08,Здоровье,вверх,0.08500620005323789,2.092742924927008,2.233418067901908,-0.08981974927149833,-0.14523271503915813,1.3110807668066222,-0.2571035037365237,5–10%,3
скачок без отметки,1752,2023-08,Здоровье,вниз,-0.09945205642870203,0.32528851117922725,0.6217858311078807,0.39002535276626843,1.0288854557105547,-0.10584409578834379,0.6976383564203572,5–10%,1
скачок без отметки,2061,2024-08,Здоровье,вниз,-0.09265883048270496,0.18752489280721343,0.6548371812544421,0.5157011545936323,1.2678004831385854,,,5–10%,1
скачок без отметки,2085,2023-09,Здоровье,вниз,-0.2202316340626318,0.7967307279301459,0.2804515408163145,0.5334266551347289,0.22628652745778682,0.8019862615008276,0.29423269670059077,20–40%,2
скачок без отметки,375,2024-06,Здоровье,вверх,0.0689397647910095,1.3529835452700458,0.7682278442832918,1.1889797552659247,1.4869888069321908,1.0467640296517555,1.2882109591735156,5–10%,7
скачок без отметки,2056,2023-11,Здоровье,вниз,-0.0770518308212873,2.230883780009629,2.314623478377827,2.291863322936148,1.3775641843509419,1.535312935032861,1.3201634850702182,5–10%,7
скачок без отметки,788,2024-11,Здоровье,вниз,-0.07708812216365502,1.5813209194930478,,,,,,5–10%,
скачок без отметки,1015,2023-09,Здоровье,вниз,-0.07907859826958852,-1.0303974312153015,-0.7313327773255199,-0.5825452823798924,-0.3532534843370991,-0.5335052632194707,0.16504906696272248,5–10%,6
скачок без отметки,215,2024-07,Здоровье,вниз,-0.05806913681725678,-0.6674638187308511,2.6502725574108146,1.8192092288371549,2.2620930586072454,1.7364893534432537,,5–10%,
скачок без отметки,30,2024-12,Здоровье,вверх,0.05457215805328275,,,,,,,5–10%,
скачок без отметки,5,2024-05,Здоровье,вниз,-0.0835430573701812,0.9046639018368895,-0.842630406320039,1.6977634136695177,1.0208134903080472,-1.0397950970614978,-1.9185555226046969,5–10%,7
скачок без отметки,581,2024-05,Здоровье,вверх,0.05376412282530829,4.058846182041695,2.6490921818929705,3.6593492243226193,2.621410811770964,1.882714867527465,2.651587446926781,5–10%,7
скачок без отметки,531,2023-09,Здоровье,вверх,0.06349540740040371,2.0128667737974832,0.862067316301424,2.919070440392426,1.3831563711861592,1.7670540894482665,1.5008479469902314,5–10%,7
скачок без отметки,1921,2024-11,Здоровье,вверх,0.09069341625266691,0.4419982406045924,,,,,,5–10%,
скачок без отметки,2226,2024-07,Здоровье,вниз,-0.08271535232068583,0.4437304688518656,0.28045821149886285,-0.26134485244646083,-0.4070166452051066,-0.7344093139450276,,5–10%,2
скачок без отметки,386,2023-12,Здоровье,вверх,0.12614315965969158,2.281787045598843,1.4294972932198116,2.1569949846619263,1.4223755303287353,1.5416557919777498,1.4289994558021248,10–20%,7
скачок без отметки,1939,2024-03,Здоровье,вверх,0.059047563613101595,0.3802107237319645,1.113696793211125,2.15258485463937,1.9435140307471603,2.8257974355610878,1.3040767876140265,5–10%,7
скачок без отметки,185,2024-04,Здоровье,вверх,0.20419751286042853,1.112740639692727,-0.6370883894805615,-0.050933116338117715,-1.0325832692569124,-0.018393333528860918,-0.46561889766910447,20–40%,3
скачок без отметки,46,2024-09,Здоровье,вверх,0.07816477284933665,-1.160884496725484,1.4781225779308718,0.15789051351115063,,,,5–10%,3
скачок без отметки,1250,2024-03,Здоровье,вверх,0.08562416841077258,-0.004165175719985291,0.4912268074271866,0.8388352958594757,0.3602665507483112,0.5067475109768013,0.6050019654598304,5–10%,1
скачок без отметки,612,2024-01,Здоровье,вверх,0.11671342102285198,2.1150892129878285,3.1101355551158787,2.3247901689686836,3.7869067144214696,1.4409132241227542,-0.3359162094674734,10–20%,7
скачок без отметки,2334,2023-10,Здоровье,вверх,0.34547376511388617,0.7121623336445984,0.369962444513153,0.12562319904975974,0.88773703822603,0.7925972095612437,0.356474742510426,20–40%,3
скачок без отметки,1930,2024-12,Здоровье,вверх,0.07349729741915656,,,,,,,5–10%,
скачок без отметки,1959,2024-10,Здоровье,вверх,0.06913594139351797,3.6832176274174153,1.6728446176336065,,,,,5–10%,
скачок без отметки,1901,2024-01,Здоровье,вверх,0.13376345450776483,0.8724146703092981,0.8842072628714749,0.16312981911939314,0.5377262805925754,0.33289814879875773,-1.0599449728798969,10–20%,3
скачок без отметки,1738,2024-10,Здоровье,вниз,-0.05518233125170813,0.2807627602030408,-1.4036343548100336,,,,,5–10%,1
скачок без отметки,1871,2024-05,Здоровье,вверх,0.20688702170387963,1.1428531555004484,1.3432685819199965,0.5903708590958942,0.786098133433338,0.7866746590931853,-0.29394950958614424,20–40%,6
скачок без отметки,731,2024-09,Здоровье,вниз,-0.0520967691933345,1.2058109210512502,0.42433782428761635,1.023980381689957,,,,5–10%,
скачок без отметки,2359,2024-08,Здоровье,вверх,0.05300189660543264,0.7872442408246788,0.5977269921661725,0.4046022822220171,0.5813271034696617,,,5–10%,
скачок без отметки,1282,2023-08,Здоровье,вверх,0.15969560097658597,0.9627451972384287,0.6627897925198499,0.5667669560909913,-0.8217119803071902,-0.5305702006444941,-0.23110349735952712,10–20%,6
скачок без отметки,1647,2024-03,Здоровье,вниз,-0.12335186215152749,0.9597289225435166,0.6305885802091747,0.05798901885946619,-0.43091036052636467,0.7950048947806833,0.5289025506868678,10–20%,3
скачок без отметки,67,2024-05,Здоровье,вниз,-0.07323211309052091,1.0855030902976661,-0.014083064058210823,-0.01072196279938307,-0.4541966531686807,0.12244125438345514,0.7235029266755826,5–10%,2
скачок без отметки,1154,2023-10,Здоровье,вверх,0.1168347188475245,-0.1817961052561471,-0.44238904477844027,-0.6864271548996851,-0.567192209019317,-0.6139236201331851,-0.8469866575976864,10–20%,1
скачок без отметки,565,2024-12,Здоровье,вверх,0.1525263081403958,,,,,,,10–20%,
скачок без отметки,928,2024-01,Здоровье,вверх,0.07804615006682347,0.8670444537585651,0.8957801569291076,0.7098901746140763,0.0814756766593932,1.0355436728006207,0.8540720022485871,5–10%,4
скачок без отметки,306,2023-07,Здоровье,вниз,-0.11989909392837372,3.809777457761662,2.465470088260003,2.9862490437093103,1.185764206347614,2.805266695878419,3.375809829161286,10–20%,7
скачок без отметки,276,2024-01,Здоровье,вверх,0.2058846705220958,0.457798724408798,-0.0012691786274316016,1.473137868887832,1.0,1.0,0.8955424647865846,20–40%,2
скачок без отметки,1637,2024-12,Здоровье,вниз,-0.13032769923276266,,,,,,,10–20%,
скачок без отметки,1961,2024-12,Здоровье,вниз,-0.09829954228525217,,,,,,,5–10%,
скачок без отметки,604,2024-07,Здоровье,вниз,-0.11918151893301143,0.01852829478426626,-0.5164550843559412,-0.09447084257924566,-0.2569334488231565,-0.7469495668027369,,10–20%,1
скачок без отметки,191,2024-12,Здоровье,вверх,0.13815011743097916,,,,,,,10–20%,
скачок без отметки,1581,2024-09,Здоровье,вниз,-0.07899880086224176,0.7153460510474697,0.8346721820116914,1.5582073903450595,,,,5–10%,
скачок без отметки,281,2024-09,Здоровье,вверх,0.21452170011896143,-0.009053260237081855,0.018921490550793715,-1.1167763384746525,,,,20–40%,1
скачок без отметки,1157,2023-11,Здоровье,вниз,-0.10460397657803266,0.7788947417749978,0.1836968170841037,1.3929895448299472,0.5585347162729595,1.3067410945408247,0.9308682506609186,10–20%,2
скачок без отметки,778,2024-08,Здоровье,вверх,0.05212058389969343,-0.556566551210571,1.3846024894933184,1.1817217230527763,-0.544951069252877,,,5–10%,
скачок без отметки,2411,2024-03,Здоровье,вниз,-0.07746400156472966,1.6346494531836726,2.5028477243741083,0.6964739211919206,1.0622747492042135,0.3564659298152153,0.3534955879454466,5–10%,7
скачок без отметки,1568,2024-07,Здоровье,вниз,-0.05156873883799218,2.0303883689630915,1.3996625829967628,2.2875957750745632,-2.4523083618377073,0.5033689100141794,,5–10%,
скачок без отметки,1627,2023-08,Здоровье,вниз,-0.08303490428042526,1.2693217598514712,2.7008814546239392,2.1517723081064704,2.3370787586427983,0.9289638793527035,2.946687156145519,5–10%,7
скачок без отметки,570,2024-03,Здоровье,вниз,-0.09953337754504421,0.3419293081678622,0.11960467700004046,1.107194371221043,0.2652505912975261,0.7603606342219508,0.5747789878496887,5–10%,2
скачок без отметки,195,2024-03,Здоровье,вниз,-0.08411184221165335,-0.07023966628451776,-1.782044826822821,-1.1652428819457046,-0.5266682222023431,-0.47934724160891085,0.6117911362919706,5–10%,1
скачок без отметки,1957,2024-06,Здоровье,вниз,-0.053056382626620824,-1.0217231178722632,0.2622557420539602,-1.9608407766648122,-1.2268858931595,-0.5619377402634361,-1.453303180640362,5–10%,2
скачок без отметки,1191,2023-07,Здоровье,вниз,-0.11963660430570666,0.5773840811154631,-1.0948214194240193,-0.012889201935852572,-0.045586806095966985,0.7974401745981909,0.08601372970332802,10–20%,3
скачок без отметки,2088,2023-07,Здоровье,вниз,-0.07495989459640295,0.6415588711354445,0.6997940141277034,1.8372214592238298,0.015439698309913855,1.1218720796425248,2.4672560699980304,5–10%,4
скачок без отметки,2457,2023-12,Здоровье,вниз,-0.11496254229992076,0.9384864037132097,0.13251878713011453,-0.4245537211179997,-0.07992121006650803,-0.19420351101937908,-0.4641728788783602,10–20%,2
скачок без отметки,1754,2024-09,Здоровье,вверх,0.10097089390806868,2.3744969647525327,0.1820750890198987,0.7047286778611893,,,,10–20%,2
скачок без отметки,2130,2024-07,Здоровье,вверх,0.05128614435483936,-5.833358175429131,-23.818757051654995,-11.73015919672439,-15.28486014477398,-4.776534811467067,,5–10%,
скачок без отметки,494,2023-12,Здоровье,вниз,-0.24112442250944977,1.1166828479418316,0.4743965711849708,0.6787363093365212,0.615388816435553,1.3379289583281242,1.0368349063078297,20–40%,7
скачок без отметки,492,2024-04,Здоровье,вверх,0.06145643192286254,-1.8776944910619986,-1.2030199383148665,3.4296864816120194,7.150655705518585,4.905383014528743,5.290220686290236,5–10%,7
скачок без отметки,1683,2023-10,Здоровье,вверх,0.13598086668389442,-0.25620582911805756,-0.21182253150148764,-0.8879691894624877,-0.3440510327129895,-0.7456254312631616,-0.10601361762081032,10–20%,1
скачок без отметки,1299,2024-03,Здоровье,вверх,0.07318128013968561,1.247061968636335,1.2401308517046343,0.5536362631160533,1.3808492568386208,-0.2822624158286556,2.028114359778543,5–10%,5
скачок без отметки,1292,2024-04,Здоровье,вверх,0.056492751226231874,1.3782586209503223,-1.0632083137734074,-0.5497770854682006,-2.0733290608872017,-0.8221647790784965,0.572786090674337,5–10%,7
скачок без отметки,2132,2024-01,Здоровье,вниз,-0.17273374545618747,0.8288487990658244,0.7107693437949294,0.8043256414712224,0.802222623924564,0.5974498508178794,0.8667229163621869,10–20%,7
скачок без отметки,1299,2024-08,Здоровье,вниз,-0.12170864122104508,-0.38918920092830983,-0.7365215242137754,0.6779704621142638,0.06304118619494326,,,10–20%,4
скачок без отметки,2345,2024-09,Здоровье,вверх,0.1340140197537849,-0.23148401001258717,-0.009013675258535596,0.543186053669372,,,,10–20%,1
скачок без отметки,2069,2024-12,Здоровье,вниз,-0.10377012209621483,,,,,,,10–20%,
скачок без отметки,305,2024-06,Здоровье,вниз,-0.06762102038992168,0.6437805244187152,1.2695674390651923,2.040334893461422,0.23790274753371496,1.9970684006319304,0.9724915441734451,5–10%,4
скачок без отметки,2384,2024-08,Здоровье,вверх,0.05193630065179722,1.021805621525081,0.7288771452113393,0.6304626860500698,0.7700980770317021,,,5–10%,
скачок без отметки,1686,2024-08,Здоровье,вверх,0.06936501099303438,1.0179571848337263,-0.8416972687406931,0.1287860678019625,-0.4011528986771147,,,5–10%,3
скачок без отметки,398,2023-10,Здоровье,вверх,0.2144473087910379,0.9999887090932073,0.5481151099200275,0.8512485486677085,0.6124989073844022,0.990958484075353,0.550478966802452,20–40%,7
скачок без отметки,2620,2024-02,Здоровье,вниз,-0.09307183359082583,1.0642627483311076,0.06755433736147601,0.31267223975520886,-0.02376975681081345,0.2285609886794585,0.26632240347993236,5–10%,2
скачок без отметки,73,2024-08,Здоровье,вниз,-0.062131257583480703,-0.24446570442410978,-0.09426733811035068,-0.700886151226031,-0.7879248156303528,,,5–10%,1
скачок без отметки,361,2024-04,Здоровье,вверх,0.06717729777462633,1.352575006109324,2.329054928030069,0.8442845903889623,0.5459668865177204,1.8855185894047908,2.1229697538721726,5–10%,7
скачок без отметки,1457,2023-08,Здоровье,вниз,-0.05126889423471859,0.6501942444409432,0.9979836531460005,1.123618292783032,1.6612749205290702,0.5016986379682166,1.4074019309304726,5–10%,7
скачок без отметки,1778,2024-06,Здоровье,вверх,0.0774673173393543,1.2022313021168516,2.2470136861915493,1.6544101686937327,0.791938807662919,1.1349365935262274,0.5591623100111748,5–10%,7
скачок без отметки,491,2024-02,Здоровье,вверх,0.2670286569033653,0.5160929344582244,-0.704726202881661,-0.1460876952850661,-0.4387706367690345,0.18397275037752214,-0.2828194080941306,20–40%,3
скачок без отметки,1583,2023-07,Здоровье,вверх,0.09323679039215893,0.3669011263039943,-0.3625533963720649,-0.6566957248952168,-0.3625533963720649,-0.3625533963720649,-0.23855918386806377,5–10%,6
скачок без отметки,884,2024-05,Здоровье,вверх,0.10348909621371227,-0.008255321934116823,0.9017342735818391,3.7484138023227263,0.9905135000006284,-0.34079086713276724,0.6646322409590114,10–20%,1
скачок без отметки,2572,2024-09,Здоровье,вверх,0.05587678229936621,1.0186681679843388,1.5052278594045245,1.422003100548807,,,,5–10%,
скачок без отметки,345,2024-05,Здоровье,вверх,0.08935530803523051,1.4595339949205477,1.4067915172525358,2.1243766318233632,0.6738075410888167,0.8468014515955249,0.2764229196175537,5–10%,6
скачок без отметки,753,2024-06,Здоровье,вниз,-0.05842020236697021,-0.4589111450946319,-1.604879347976865,-1.1712435839747501,0.8346319545536629,-0.36842243462031576,-1.5568637993126828,5–10%,7
скачок без отметки,1116,2024-11,Здоровье,вниз,-0.10779435798430193,0.7032696749021637,,,,,,10–20%,
скачок без отметки,457,2024-07,Здоровье,вверх,0.07208091890461965,0.3804777049944667,0.7911619891606826,0.4526693022046313,2.619728997723473,0.6925673725303091,,5–10%,
скачок без отметки,2178,2023-12,Здоровье,вверх,0.23240414607499904,1.2461608622027367,1.0457913829723717,0.6218252492430117,0.4102465906847097,0.8395783278618298,0.4782310401775836,20–40%,7
скачок без отметки,581,2023-09,Здоровье,вниз,-0.0803779360684258,0.6453415289288112,1.7765481116225519,2.1527886618497156,3.273570837690836,1.7324928317232458,1.4203592218680063,5–10%,7
скачок без отметки,900,2024-04,Здоровье,вниз,-0.09758395325850344,-0.2867901470406668,0.7138414201768422,-0.49247041483806836,-0.07741573521945617,-0.5188366062637606,0.43966227513979694,5–10%,1
скачок без отметки,1966,2024-09,Здоровье,вверх,0.2707351069112791,0.7617342824114646,0.018068536365767038,0.5198996803129216,,,,20–40%,2
скачок без отметки,349,2024-04,Здоровье,вниз,-0.18203761422756148,0.08714978045851901,0.24568251117653,-0.5185141635684237,-0.6591071263275269,0.11881460535882304,-0.5445610227733217,10–20%,1
скачок без отметки,348,2024-09,Здоровье,вниз,-0.13062018241706408,0.5966424676982188,1.1478164495535312,1.310659185536637,,,,10–20%,
скачок без отметки,1174,2024-04,Здоровье,вниз,-0.10622401235737478,0.9812549892496781,0.3850632450649159,0.06196978233275948,0.2040489051058148,-0.5684801283427744,0.05618804145844939,10–20%,3
скачок без отметки,1192,2023-11,Здоровье,вверх,0.062491010896396304,-1.079012945511781,-2.0038318861795417,0.2081512841089387,0.05279063948253556,-0.039830108698030525,1.5717706058673755,5–10%,3
скачок без отметки,83,2023-11,Здоровье,вниз,-0.06137396153460717,1.3187900376922,1.8005461493623842,1.7880258757213967,1.5548819347276372,1.5932542528692686,2.4136068044108976,5–10%,7
скачок без отметки,2110,2024-02,Здоровье,вверх,0.05942892034761993,-0.10172477775667392,0.9735151203149726,-0.5758703346718794,-1.211166159982046,1.0267525291813118,0.763965683941591,5–10%,1
скачок без отметки,1449,2024-08,Здоровье,вверх,0.05999743983870509,0.7713504143774812,1.1151630549364144,0.6787727072620547,0.5718533860192422,,,5–10%,
скачок без отметки,1848,2024-01,Здоровье,вверх,0.15320185534568864,0.9266418951003746,0.5541230376661753,0.8529758517291198,0.9034228162236827,0.2978373598502606,0.7703571637151347,10–20%,5
скачок без отметки,4,2024-05,Здоровье,вверх,0.07574041236083229,1.3590822080331586,0.0,0.0,1.0694246688965152,1.4235646881582238,1.7052649714255401,5–10%,2
скачок без отметки,1651,2023-07,Здоровье,вниз,-0.07524967281750872,1.1714196606324006,-0.001460625742013927,0.6104383371889694,-0.17379956041249559,0.545605706875344,1.0041141237537503,5–10%,2
скачок без отметки,2472,2024-03,Здоровье,вверх,0.06137253022860456,0.1352916443540472,-0.243555999050769,0.4162248243211201,0.255100890157023,0.8777570197223385,0.5717482191084032,5–10%,1
скачок без отметки,1850,2024-10,Здоровье,вверх,0.21571516609863206,-0.16738256732091308,0.44346836941323065,,,,,20–40%,1
скачок без отметки,2176,2024-09,Здоровье,вниз,-0.0705030047575228,-0.7202469092740464,1.5700634784893435,-0.5111548120825382,,,,5–10%,
скачок без отметки,889,2024-06,Здоровье,вверх,0.07841061218470013,4.092965819850531,1.2547097911903609,0.8926321989466458,-0.23777159756465802,2.0344595950031854,3.348998180576915,5–10%,4
скачок без отметки,2307,2023-11,Здоровье,вниз,-0.0670713472805371,1.3917128774170662,-1.832119041956832,-0.9270619649469743,-0.09462432570888389,0.26737136433091263,1.4531366108242916,5–10%,4
скачок без отметки,1237,2024-03,Здоровье,вверх,0.09136232012662582,0.44970107767232986,1.4606112782977894,-0.18547105939010314,0.6168993339259651,0.3530125797866511,0.38996669247560495,5–10%,3
скачок без отметки,2311,2024-12,Здоровье,вниз,-0.05022988976282505,,,,,,,5–10%,
скачок без отметки,1688,2024-01,Здоровье,вверх,0.15361547100908712,0.6555928193672808,0.9613508801808397,1.0340485024989148,1.0548021011740458,1.1097824770873082,1.03550685589122,10–20%,7
скачок без отметки,1267,2024-03,Здоровье,вверх,0.08327814901463881,1.1201607446158646,3.6306221310842757,0.4599278988041855,-1.824318711631798,1.7929273152133656,-1.1360369954235212,5–10%,7
скачок без отметки,2646,2023-11,Здоровье,вверх,0.05681359936734509,0.5343121366200235,-0.282633859165528,0.04861858964225003,-0.1485084011465086,0.8993210205199118,-0.2542919983166326,5–10%,2
скачок без отметки,991,2023-12,Здоровье,вверх,0.061778127251749027,-0.02963158208146363,-0.20444122791607466,0.02139756927670232,-0.7094107520269696,0.36622585334908436,0.6146595833766526,5–10%,1
скачок без отметки,382,2024-06,Здоровье,вниз,-0.058493723835640665,-0.058989438951212066,2.3491361567950664,1.7282967311439055,2.481632926574937,2.8308022114859774,1.464217722712998,5–10%,1
скачок без отметки,698,2024-08,Здоровье,вниз,-0.09009591412170703,2.0306318458626773,1.9783666377052391,1.7058524657486338,1.0317708570454935,,,5–10%,
скачок без отметки,1061,2024-08,Здоровье,вниз,-0.14738928394391415,0.44257609571961054,0.2663790853459913,0.11007692922657751,0.4364141592147775,,,10–20%,2
скачок без отметки,2022,2024-06,Здоровье,вниз,-0.40709646883764794,0.6245905898351704,0.13885518867625238,0.33461254937674667,-0.41145015850485417,0.027723443645143633,-0.17009061942901765,>40%,2
скачок без отметки,503,2024-08,Здоровье,вверх,0.07370958668929806,1.045832088116545,2.0799960569362677,0.44679237297860247,1.2012272658618939,,,5–10%,
скачок без отметки,1949,2023-07,Здоровье,вниз,-0.07487474905198965,0.21802048479752376,1.054671993931669,0.6084877892645782,0.6266145807277146,-1.2456820737943741,1.1191180816814739,5–10%,1
скачок без отметки,307,2023-07,Здоровье,вверх,0.050411663644493565,1.630182747077384,0.6054668887639824,-1.073903961486427,-1.38817956999186,1.828242283439672,-1.237533958854754,5–10%,7
скачок без отметки,1267,2024-12,Здоровье,вверх,0.16596785989385587,,,,,,,10–20%,
скачок без отметки,923,2024-01,Здоровье,вверх,0.06992290576473525,0.9495820949607239,0.057280271617794205,1.4798668057370012,0.44967609391078556,0.6648378225705032,0.7295404185065154,5–10%,2
скачок без отметки,1653,2024-01,Здоровье,вниз,-0.09745287496445876,0.550847944707742,0.44187293898427926,0.7439097411649621,-1.3881132632064477,-1.0752706808721713,-0.8030762510586196,5–10%,7
скачок без отметки,1683,2024-07,Здоровье,вверх,0.12574017488744094,0.3163957480250305,0.5957031859597115,1.1954555053971048,1.354117719338482,1.6832464367176871,,10–20%,1
скачок без отметки,2066,2024-03,Здоровье,вниз,-0.11532700247516381,1.2332153334049571,1.5871454701381686,1.198581864443904,0.46491562955786647,-0.49677665090028256,0.7863062434143089,10–20%,7
скачок без отметки,908,2023-10,Здоровье,вниз,-0.2990570458049424,1.129881577029956,0.7682608396412356,0.8417304845983123,0.7276345104438899,0.5648405647687732,0.6232801970502657,20–40%,7
скачок без отметки,1313,2024-12,Здоровье,вниз,-0.0778653328526584,,,,,,,5–10%,
скачок без отметки,2621,2024-04,Здоровье,вверх,0.078921072116791,0.9036001061403621,1.3311072529323924,0.7857844562775228,1.3463065741890803,0.35984604231825934,0.6669262925464741,5–10%,7
скачок без отметки,2127,2023-07,Здоровье,вверх,0.09159512439405226,0.669685885043035,0.9083009152604604,1.4887379559322278,0.9123078684547851,1.4887379559322278,1.4887379559322278,5–10%,7
скачок без отметки,441,2023-07,Здоровье,вверх,0.05688064506663171,-1.6011066516161203,1.4398280172882325,-0.6427009858925569,-2.3439005791817467,-0.7695445212484286,2.062735691108431,5–10%,7
скачок без отметки,1963,2024-04,Здоровье,вниз,-0.08181005064790448,0.28325648132519754,0.5877210937919098,-1.344673854040031,-2.387926426755588,-2.5544897555558848,-1.540009603849853,5–10%,1
скачок без отметки,1413,2023-08,Здоровье,вверх,0.06659835564151972,0.004245495457802843,-0.803496476042155,0.3489003312043794,0.40687278892991197,0.3293000272715301,-0.8115730422518119,5–10%,1
скачок без отметки,1942,2023-07,Здоровье,вверх,0.0944086943539908,0.7396766755301021,-0.2505801308924089,0.6528439526252677,-0.36678761253995923,-1.4899884264171397,1.1181388908827734,5–10%,2
скачок без отметки,1400,2024-01,Здоровье,вниз,-0.06394775459703883,0.5380185754665966,0.857176816882637,0.9119319112943198,1.1192293347520392,0.4103251418019195,0.7336097131380319,5–10%,7
скачок без отметки,1115,2023-09,Здоровье,вверх,0.15217917368299005,-0.2781885216584691,0.19302200020599486,0.6688606215579231,0.8865942220355416,0.23592671338790153,0.9357454940050323,10–20%,1
скачок без отметки,1547,2024-01,Здоровье,вниз,-0.10659720759114943,0.7908778677956084,1.0598018168771386,0.3961587438144319,0.4133487457928899,-0.17935967952610132,0.6689415423179751,10–20%,5
скачок без отметки,1220,2023-09,Здоровье,вниз,-0.28609150861161314,1.8862664765833632,0.9503181264426895,0.6829702047306585,0.5641428580750297,0.5198988262838167,0.7711072005921605,20–40%,7
скачок без отметки,1885,2023-09,Здоровье,вниз,-0.06741195590368498,0.7313010794131493,0.34261977191374776,0.45657607498190705,-0.4603716429181826,-0.28024748624215223,0.566471311440783,5–10%,5
скачок без отметки,872,2023-10,Здоровье,вверх,0.06973691791678238,0.7563328314174921,0.10655926681199919,1.1368396700619698,0.6625577510408213,0.6532975939640385,1.2975296167224244,5–10%,2
скачок без отметки,18,2024-08,Здоровье,вверх,0.2366105745953604,0.5201819282714436,1.2093157118736344,0.6703252479537519,0.7616476192803048,,,20–40%,
скачок без отметки,2088,2024-09,Здоровье,вверх,0.14980312954551778,0.43266795129866303,-0.06621768038144363,0.7590665616992581,,,,10–20%,2
скачок без отметки,848,2024-06,Здоровье,вверх,0.10431920500834924,0.11067530176518149,-0.2679459445605588,0.39942061224001046,-0.030157910229213863,-0.1923283538001248,-0.28490516640788,10–20%,1
скачок без отметки,2254,2023-09,Здоровье,вверх,0.05894133982517946,-0.626249318126825,-11.075169953374884,-7.955796800949788,-2.5133057617048014,-1.8936082869546296,-1.0428881752920565,5–10%,7
скачок без отметки,285,2023-12,Здоровье,вниз,-0.0995428693015441,0.13979372063126777,1.1731523143601423,-0.23825440017679278,-0.2537289206863052,-0.22605942737632378,1.658378460634629,5–10%,1
скачок без отметки,2504,2023-08,Здоровье,вниз,-0.061874723845464,-0.18975346861748463,0.9308726525801329,1.1706414722846337,0.15492730652948464,0.49014149065627965,1.1164588429755293,5–10%,1
скачок без отметки,1942,2024-01,Здоровье,вверх,0.24622989473526147,0.7963755720541816,0.8878742449196999,0.3142124679077068,0.700245776620767,0.5932354582826332,0.4217428254467767,20–40%,3
скачок без отметки,1125,2024-04,Здоровье,вверх,0.06689187925324802,-0.7842140871109595,-0.847785569302758,0.0945825239501696,-0.6948745337439839,-0.44635423978743666,0.4774960058023027,5–10%,3
скачок без отметки,1326,2024-11,Здоровье,вниз,-0.11598590224948246,0.11426678123656017,,,,,,10–20%,1
скачок без отметки,561,2024-10,Здоровье,вверх,0.05448230143923993,-0.8919367255564008,0.9752288457404397,,,,,5–10%,
скачок без отметки,63,2024-12,Здоровье,вверх,0.09033638431285063,,,,,,,5–10%,
скачок без отметки,1054,2024-04,Здоровье,вниз,-0.07264478936150986,0.004009618474005493,-0.4450252971784477,-1.3918200166820045,0.8555581333173987,-0.09903453440590042,0.3061137417527571,5–10%,1
скачок без отметки,1878,2024-09,Здоровье,вниз,-0.17904792373487233,0.3955283392599696,0.6866233471707852,0.765608829509061,,,,10–20%,
скачок без отметки,2220,2023-12,Здоровье,вниз,-0.08349114905678601,0.8412960628740397,0.5515786431512054,0.530507320327066,0.3157155543906395,0.4229371749084329,0.13683837641263283,5–10%,4
скачок без отметки,2190,2024-11,Здоровье,вверх,0.060539009394402044,0.3645782466928139,,,,,,5–10%,
скачок без отметки,715,2023-09,Здоровье,вниз,-0.05727040621839574,1.1994954130786484,0.7271768339459654,-0.07017834719416113,-2.1024480345181487,2.3151198264708417,0.37659640509814457,5–10%,3
скачок без отметки,2112,2024-09,Здоровье,вверх,0.11312937661572242,0.6834517969540053,1.7246160757569515,0.6401958390235221,,,,10–20%,
скачок без отметки,1285,2024-04,Здоровье,вверх,0.08478786915844072,0.22525936584090758,1.0,0.41196363783866563,0.8612438112154785,1.1984339554346022,1.2858632427071168,5–10%,1
скачок без отметки,695,2024-09,Здоровье,вниз,-0.11158869707337082,0.3463497687404344,-0.05361726519993369,0.9746689290876855,,,,10–20%,2
скачок без отметки,2459,2023-07,Здоровье,вверх,0.05991359594157686,0.43773982097300196,0.9562844381476917,0.17835586199015546,1.0336189523346802,0.31254078489195575,0.5263983347142168,5–10%,3
скачок без отметки,1972,2024-12,Здоровье,вверх,0.07746847929661094,,,,,,,5–10%,
скачок без отметки,1291,2024-06,Здоровье,вверх,0.1650116056477442,0.5473610977273016,0.37025381764372867,-0.6643653372269669,0.26224775444869286,-0.6325453309856384,-0.022941973196189975,10–20%,4
скачок без отметки,386,2024-10,Здоровье,вверх,0.12335542483056372,2.0189928027273223,1.229282713726616,,,,,10–20%,
скачок без отметки,73,2024-03,Здоровье,вверх,0.07369638279516089,2.4516398868613365,1.9746407996504824,1.8937249530660871,1.5568436852761038,0.7137730320504964,1.7629455463961963,5–10%,7
скачок без отметки,277,2023-12,Здоровье,вниз,-0.07379334470057142,-2.1372509852577726,-0.38316163311062273,0.7299488267050043,0.734577827101915,0.8108114530501533,0.5307592776325775,5–10%,7
скачок без отметки,1983,2024-08,Здоровье,вверх,0.058696351097810684,0.5682740818449462,-0.26787653000447986,0.3319367500675447,-0.4570863037080463,,,5–10%,2
скачок без отметки,1311,2023-10,Здоровье,вниз,-0.06593340378850066,-0.684123862316941,1.0875195339734085,0.2562588401580722,0.9583503441827306,1.4575871581944193,0.8400734567260192,5–10%,3
скачок без отметки,2171,2023-12,Здоровье,вверх,0.16309637689434897,0.8239179256459565,0.18784991484396674,0.42551007628585186,0.11825390770178787,0.3136708845335509,-0.421870038476663,10–20%,2
скачок без отметки,1633,2023-09,Здоровье,вверх,0.056068495475923186,-1.7521147794236418,-0.08024907968436266,0.4959876034192717,-1.3769235891331544,0.05274127412628647,-0.7162375124991404,5–10%,2
скачок без отметки,1870,2023-07,Здоровье,вверх,0.22442279671280385,0.46353390920439413,1.302876486511888,0.6674759325068679,0.9126988149112086,0.781305810376718,0.826981229992659,20–40%,7
скачок без отметки,1730,2023-08,Здоровье,вверх,0.4472702751383455,0.4102814115387735,0.411859941880675,0.15505146926066235,0.6194974862793549,-0.11442438243781616,0.13668193733589948,>40%,3
скачок без отметки,1769,2024-03,Здоровье,вниз,-0.051128210650198014,-1.1264625799823393,-0.301530779182286,0.2275373942081451,0.3963804860965989,0.34523822222944306,0.23628686682841457,5–10%,2
скачок без отметки,787,2024-07,Здоровье,вниз,-0.1019898394483798,0.48109071810952075,-0.19121838689208182,-0.5441550211041631,-1.7882845179780618,-0.3326140428553993,,10–20%,2
скачок без отметки,2621,2024-09,Здоровье,вниз,-0.07785252277614507,0.6887049807802879,0.7663343354692703,0.8356613185291961,,,,5–10%,
скачок без отметки,701,2023-09,Здоровье,вверх,0.06202754123552623,0.6462533185029714,0.9293442031109804,-0.033364893390824255,-0.16340396236702975,1.8836825793386411,1.5303278944979843,5–10%,3
скачок без отметки,719,2024-01,Здоровье,вверх,0.1004362595165107,1.3135070483151066,1.2361876300751617,-0.15623671439067616,-0.3642526404621376,0.05361473933992791,0.22210240422924657,10–20%,3
скачок без отметки,1726,2024-11,Здоровье,вверх,0.0819422824301661,0.5885265610549417,,,,,,5–10%,
скачок без отметки,1066,2024-12,Здоровье,вниз,-0.05831268963452896,,,,,,,5–10%,
скачок без отметки,188,2024-12,Здоровье,вниз,-0.1424840038966364,,,,,,,10–20%,
скачок без отметки,1754,2024-01,Здоровье,вверх,0.20063523398843142,0.10994017541822676,0.5424093259952026,0.07672958976450456,-0.567173532865067,-1.3046375446665643,-0.6182692921983293,20–40%,1
скачок без отметки,1534,2024-11,Здоровье,вниз,-0.08182107923696247,0.21143219737593402,,,,,,5–10%,1
скачок без отметки,1411,2024-05,Здоровье,вниз,-0.05713163908896135,-0.3057350378516598,-0.6414543123216924,-0.5713042578564195,-0.6783759772157427,-0.12287669527438963,-0.5832687338090173,5–10%,1
скачок без отметки,924,2023-10,Здоровье,вниз,-0.06513822817765558,-0.9284640328598566,-0.7563495293386352,-1.2665825356415628,0.04241870607745303,-1.1603258800603682,-0.9880384151552117,5–10%,4
скачок без отметки,1692,2023-10,Здоровье,вниз,-0.06954157648281178,3.069707308213935,2.353514054628834,0.3826888036287435,1.7518103621807986,1.3467197267244375,1.0828923533423584,5–10%,7
скачок без отметки,295,2024-11,Здоровье,вниз,-0.10680738725782035,0.24574691005405383,,,,,,10–20%,1
скачок без отметки,2194,2024-07,Здоровье,вниз,-0.09762686383525843,0.39132931252970216,-0.0820771058339894,-0.07081672918184241,-0.8201185317852955,0.12068425270589084,,5–10%,2
скачок без отметки,1170,2024-09,Здоровье,вниз,-0.05662176883187886,1.6610700200283528,1.594828783877827,0.47912674404990874,,,,5–10%,
скачок без отметки,2050,2024-03,Здоровье,вверх,0.07774208611561395,1.8300105678119698,-0.7720043124624731,-0.029128462799597986,-0.3886129560429807,-0.3644787130992699,-0.1841025300012155,5–10%,3
скачок без отметки,2210,2024-08,Здоровье,вверх,0.07117455237219161,0.4339025405557643,0.05322617908374986,0.9650359406483026,0.40725887319304754,,,5–10%,2
скачок без отметки,1887,2023-09,Здоровье,вверх,0.0516313570523117,0.14502042993706074,3.0392586243213167,0.5934843225409511,0.8820608975764394,0.06239162197181066,0.6244767903464337,5–10%,1
скачок без отметки,593,2024-05,Здоровье,вверх,0.07293272412265672,0.7849241615836052,0.14742653727465357,0.37855969567049635,0.43345376088131615,1.1254551757405964,0.8587112917421198,5–10%,2
скачок без отметки,1618,2024-04,Здоровье,вверх,0.06485166035379564,0.9594037352099121,-0.040069519952119347,2.154177749673378,1.353122290230234,1.3664209591610352,1.3755189799794079,5–10%,2
скачок без отметки,1302,2024-02,Здоровье,вниз,-0.08402733807824525,0.2581545966048519,0.4494289461821864,-0.13440488643405127,0.24630678657693886,0.16664097314520854,0.9316104452376385,5–10%,1
скачок без отметки,58,2024-12,Здоровье,вверх,0.2197268502200016,,,,,,,20–40%,
скачок без отметки,2432,2024-07,Здоровье,вверх,0.058163418859372484,0.7006205639113566,0.6200889311504306,0.5116938895815232,0.24426433564006547,1.0558634686063066,,5–10%,4
скачок без отметки,408,2024-06,Здоровье,вниз,-0.1874819099363787,0.2822414003278639,0.6022143628262171,0.0874407579613867,-0.1565944848734008,1.3588876425674634,-0.9042024897644434,10–20%,1
скачок без отметки,61,2023-07,Здоровье,вниз,-0.06293200872977245,0.09156313953228565,0.2337301947016289,0.09231175397221379,0.8589189866487198,0.10736638793611278,-0.12224475069932843,5–10%,1
скачок без отметки,2317,2023-10,Здоровье,вниз,-0.06022824669607285,2.9457712846518866,0.036143427284598705,-0.5251817374683576,0.5286491554464647,0.4917142537558062,2.575083182800325,5–10%,2
скачок без отметки,1557,2023-08,Здоровье,вверх,0.0562388214761711,2.7997901446157356,-0.9236846833841191,-1.9454257945374271,-2.250887360880145,-2.8908853420808533,0.9013838045284025,5–10%,7
скачок без отметки,1115,2024-06,Здоровье,вверх,0.07168686157259962,1.126301079382481,0.7197480731129903,-1.2986928236916246,0.28477415148397645,-0.6728296572784963,0.1531420829642461,5–10%,4
скачок без отметки,1070,2024-03,Здоровье,вверх,0.05199559961983713,0.5322445786080551,2.2407734553355785,1.641495889790878,2.845817813862767,2.9440936873818844,2.6101224539374117,5–10%,7
скачок без отметки,540,2023-07,Здоровье,вверх,0.05970175233695674,0.8944591178115071,-0.3204923446560169,0.8844655654160102,-1.3434682983152246,-0.7000038509578705,-0.8075803379769707,5–10%,2
скачок без отметки,1190,2024-10,Здоровье,вверх,0.08376739859686211,0.9355910330739853,1.0206248262786854,,,,,5–10%,
скачок без отметки,2150,2023-07,Здоровье,вниз,-0.12431863297778456,0.4225064642401919,0.40015570176279625,1.2180143489248372,0.3520810143829985,0.3952499763931506,0.6577235110341296,10–20%,7
скачок без отметки,591,2023-07,Здоровье,вверх,0.10163074735250177,0.1221480030898826,0.9086143029179657,0.4149690477728559,0.9166822848571602,0.8576708929213597,0.8948524044519441,10–20%,1
скачок без отметки,1291,2023-10,Здоровье,вверх,0.062031782019323245,-1.2853072631734646,-0.5992994213037505,0.9625518882232922,-1.621174914918061,-3.1095730248964117,0.9821977664804598,5–10%,7
скачок без отметки,2207,2023-11,Здоровье,вверх,0.10366091133613242,-0.18622296258938612,-1.0670596823368839,1.9455337558756922,1.0835388367415344,0.14748624782886335,0.35266274602735764,10–20%,1
скачок без отметки,46,2023-12,Здоровье,вниз,-0.0702882225125574,0.7573964600025018,1.9985942962509906,2.0337315887271084,1.6989140743706053,1.931544180233512,2.877260980820471,5–10%,7
скачок без отметки,687,2024-01,Здоровье,вниз,-0.09751421830587681,1.524232695724362,1.0515067048931233,1.8039493583278887,0.7907571654810099,1.9516816874472809,1.4422041837229185,5–10%,7
скачок без отметки,829,2023-11,Здоровье,вниз,-0.12285029826778437,0.3661913615960647,0.09748573961837707,-0.5572572577878118,-0.5932986570893122,-0.050683006047517555,0.20591680180073058,10–20%,2
скачок без отметки,1850,2023-12,Здоровье,вверх,0.24876227068232915,-0.15869680619134596,-0.4962613266224071,0.30292228722731473,0.9082341749805135,-0.20355682828323457,-3.435983003362226e-05,20–40%,1
скачок без отметки,335,2024-06,Здоровье,вверх,0.07879323885718836,4.225228009846678,5.546011240411753,4.290479795088522,5.529652990403973,5.434002208991255,3.4466289490870707,5–10%,7
скачок без отметки,1142,2023-09,Здоровье,вверх,0.0740353330826311,0.8302607114808478,0.9426296223511397,1.3400325922423375,0.08819783146405878,1.4894701813823186,0.5833990801803903,5–10%,4
скачок без отметки,363,2023-10,Здоровье,вверх,0.1808275107279318,0.33134855524400186,0.04103681858528233,-1.0016333294563702,-0.771622671548229,-1.393080639171404,-1.1355157789440284,10–20%,1
скачок без отметки,19,2023-08,Здоровье,вверх,0.1395050671695861,-1.183059857748573,-0.834031008623922,-2.1786163535425485,0.2949969882242811,-0.28669210271422346,-0.9653254780429162,10–20%,4
скачок без отметки,846,2024-05,Здоровье,вверх,0.08064302340026064,0.26367893856068964,-0.7957867728220309,-2.4771302655244307,0.4209991767824894,-0.5900905022222208,0.46580726982460924,5–10%,1
скачок без отметки,1650,2024-08,Здоровье,вниз,-0.09300212760973636,0.6010016211126767,2.462237579968647,2.481134153213094,3.3705615705506755,,,5–10%,
скачок без отметки,1859,2024-11,Здоровье,вверх,0.08095347984632273,0.8484943875619972,,,,,,5–10%,
скачок без отметки,1280,2024-07,Здоровье,вверх,0.14496773874898938,1.0585862389820058,0.646134194771003,0.7876801296058813,0.504377090002639,1.0083502203148906,,10–20%,
скачок без отметки,1994,2024-01,Здоровье,вниз,-0.07552063060325764,1.5243544841302432,1.1890472171958797,1.8472814563409832,1.0174977771081133,1.3670862941101667,1.7181099713343777,5–10%,7
скачок без отметки,1751,2024-05,Здоровье,вверх,0.09566090910466851,1.2649386652985422,0.842310472130643,0.9885619293892067,0.33710488783861486,-0.49033804107370443,1.2701136197457952,5–10%,7
скачок без отметки,1755,2023-10,Здоровье,вверх,0.07237292571909482,0.4029078908368282,-0.2002545448945778,0.6861537589979553,0.33651430919124625,-0.18995464002625173,-0.13139731730521068,5–10%,2
скачок без отметки,800,2023-12,Здоровье,вверх,0.1246550627576326,1.3228703110245115,1.6832168962164036,1.6820758620955871,1.1608555270057714,2.031443666297608,0.6385813544650135,10–20%,7
скачок без отметки,1324,2024-12,Здоровье,вниз,-0.10809757439411705,,,,,,,10–20%,
скачок без отметки,1752,2024-06,Здоровье,вверх,0.11374048356501554,0.36194389266392624,0.23717413291795686,0.07724624196526243,-0.04618739241027778,0.08021407798906777,-0.5515174945938182,10–20%,2
скачок без отметки,1858,2024-11,Здоровье,вниз,-0.059529369918045916,0.14398546198296852,,,,,,5–10%,1
скачок без отметки,1264,2024-12,Здоровье,вверх,0.05312719335937466,,,,,,,5–10%,
скачок без отметки,2011,2024-02,Здоровье,вниз,-0.07223164597723031,0.9759041672568868,1.2800213288248719,1.060900122082459,1.373085023562116,1.4972109491880492,1.5174967872948584,5–10%,7
скачок без отметки,1918,2023-07,Здоровье,вверх,0.053669776076541,-1.2692491057107214,0.9639950028794633,-1.158855129031141,-1.60879948914126,-1.9013004758974803,-2.5768643311985886,5–10%,7
скачок без отметки,1680,2024-07,Здоровье,вверх,0.07179523824351985,-0.47163152723088736,-0.28279132876200364,-0.4825079223041645,-0.08336216277418684,1.3359838677159466,,5–10%,2
скачок без отметки,615,2023-12,Здоровье,вниз,-0.1289403124880577,-0.10982237346390136,0.6304880461144496,2.0991016272400373,3.6318695561369316,2.714599337804278,3.656905149293599,10–20%,1
скачок без отметки,1179,2023-10,Здоровье,вниз,-0.06042366959275469,3.6537624805068543,3.4496957563002177,1.5838245128219322,4.172083381443577,4.0112418880252605,5.544403824630763,5–10%,7
скачок без отметки,2050,2024-04,Здоровье,вверх,0.06452675303970778,-2.1349177723528725,-1.23989802384388,-1.6730063566582885,-1.6439293257388723,-1.4266113901690245,-1.5103999405214785,5–10%,7
скачок без отметки,891,2023-08,Здоровье,вверх,0.051461991352625525,2.0469325909878977,2.499298926938462,2.5138867336253026,1.2733493487524374,1.9148656995643916,1.6142356495041523,5–10%,7
скачок без отметки,1731,2024-08,Здоровье,вверх,0.21926314049930618,-0.16227122328509946,-0.6387272373861692,-0.018870602755548853,0.607404254114734,,,20–40%,1
скачок без отметки,1111,2023-12,Здоровье,вверх,0.11525618897038381,0.5085071220068742,0.2911941990356243,-0.15787056004380998,0.09029957841236896,0.0643124727752494,0.34032421101947097,10–20%,2
скачок без отметки,1751,2024-03,Здоровье,вверх,0.16050798607405792,0.5520400729086113,1.1480285432924517,1.305928933169266,1.0540474027820437,1.1412115850849827,0.7529506993704635,10–20%,7
скачок без отметки,1309,2024-07,Здоровье,вверх,0.15373234034223326,1.93392934733286,1.0559346103288243,1.801644692866371,1.8698320569072957,3.230465517998227,,10–20%,
скачок без отметки,1029,2024-01,Здоровье,вверх,0.14684417516292303,-0.3225257575921915,1.2622516840225548,0.6288528234328923,1.5873526027683418,1.4431299348535531,0.7151623810972652,10–20%,1
скачок без отметки,2461,2024-05,Здоровье,вверх,0.051190634393667445,0.4270156770274694,0.9864011215325001,1.278469164960073,0.3908551404257429,0.05276054688363506,0.551056417985716,5–10%,5
скачок без отметки,1760,2024-10,Здоровье,вверх,0.10448045920557458,-0.9350356766086174,-1.1573671805608738,,,,,10–20%,
скачок без отметки,2212,2024-04,Здоровье,вниз,-0.053450893402736455,-0.09305295943448921,-0.9002000509966582,-1.5886638213355448,0.3349139909123,0.05431438731403609,-0.6967712824423131,5–10%,1
скачок без отметки,2091,2024-01,Здоровье,вверх,0.15859377617698556,0.23542359079917055,0.7599944906518641,-0.046587473508872476,-0.7776410675015766,0.28503064435325204,0.1880070317010234,10–20%,1
скачок без отметки,228,2024-05,Здоровье,вверх,0.08550963817232837,2.1902798610506116,2.665723488146905,2.2226366414657424,0.4374792135431699,0.9920520524446704,1.1351680704889495,5–10%,7
скачок без отметки,722,2023-09,Здоровье,вверх,0.07843081249974837,0.9772049757347423,1.1025176845201055,0.8112007807389352,0.5088930146095128,-0.32591029800594606,0.382238273249738,5–10%,5
скачок без отметки,557,2024-03,Здоровье,вверх,0.09275784218423677,0.652580506076063,1.1367543140138976,0.43221119078624076,0.31531510284364683,-0.2879317787554287,0.36753919216464753,5–10%,4
скачок без отметки,1933,2023-10,Здоровье,вниз,-0.05627619058025779,1.2503964041491633,1.4236251751138285,1.7727088754830145,1.4623463736738276,0.1566369395296535,0.9694681984793232,5–10%,5
скачок без отметки,2478,2024-03,Здоровье,вниз,-0.05357510659848508,1.1546759337777293,0.23504327101676573,1.2954322894852102,0.9682601482724642,0.20711052924939033,0.0632821005808539,5–10%,2
скачок без отметки,775,2024-10,Здоровье,вверх,0.08297628965203874,0.9312893155090171,0.03805954430317854,,,,,5–10%,2
скачок без отметки,491,2024-03,Здоровье,вниз,-0.12921705377766912,3.5228380081061084,2.368404548922885,2.973237506169096,1.6863305120557912,2.650962342651277,1.885987865982821,10–20%,7
скачок без отметки,1340,2024-07,Здоровье,вверх,0.05171967076023254,1.6618746875188075,0.9902942035309431,0.25990767955213573,0.3579675032875173,0.06276054340333889,,5–10%,3
скачок без отметки,1689,2024-04,Здоровье,вверх,0.10425582449722892,0.7707469007069743,-0.1050642246211233,0.6080807570349521,-0.058923870447635265,1.07822180634997,0.7514555955336285,10–20%,2
скачок без отметки,2049,2023-11,Здоровье,вниз,-0.4134412609282663,0.3289788956730256,0.901843687388489,1.2595688681513864,0.35368213570875195,0.871161796812705,0.5113134792951571,>40%,1
скачок без отметки,276,2024-09,Здоровье,вниз,-0.0789602549396955,-0.28820755445608126,-0.4970957144411862,-0.2212362246278015,,,,5–10%,1
скачок без отметки,285,2024-11,Здоровье,вниз,-0.22202104494602537,0.7245557367401937,,,,,,20–40%,
скачок без отметки,71,2024-06,Здоровье,вверх,0.082847263256423,-0.3166005773070454,-0.4917860439712837,-1.030286777202714,0.7511305757920487,0.19069733475745626,-0.33382331230312734,5–10%,1
скачок без отметки,2204,2024-01,Здоровье,вверх,0.1427274986948488,1.4336943366599257,1.01382811948983,-0.10470357602159522,0.5531445724543526,0.8888613218000422,0.3007127821696773,10–20%,3
скачок без отметки,2267,2024-02,Здоровье,вниз,-0.06987291064306334,0.8302898350022745,-0.4106739322374002,1.2109939718079936,1.9141711227710936,-0.18959041786217803,-0.40234685149308747,5–10%,5
скачок без отметки,535,2024-12,Здоровье,вниз,-0.07920711622644827,,,,,,,5–10%,
скачок без отметки,1541,2023-11,Здоровье,вверх,0.05875404869990408,3.31915548116984,0.5064564261173647,-0.32995503101840357,-0.04922697812657193,0.8127473953292278,1.2150946579348965,5–10%,3
скачок без отметки,319,2023-10,Здоровье,вверх,0.06840343569315177,-0.37990040238204775,-3.4920708852598312,-0.6751898049898781,-3.4920708852598312,-2.4946605428494064,-0.84070617386105,5–10%,7
скачок без отметки,1868,2023-10,Здоровье,вверх,0.09330604457136094,-1.737365431569062,-1.3376102050751573,1.2235077029598274,1.1363023381803077,1.4348707071829956,0.6256094187103048,5–10%,7
скачок без отметки,1570,2024-03,Здоровье,вверх,0.08201510910354592,2.5850551951406677,0.9460698933955242,1.1069304618564455,0.6609644118000719,1.173172647690201,1.9961648221088157,5–10%,7
скачок без отметки,62,2023-10,Здоровье,вниз,-0.1985335717641803,0.4195884713145326,-0.15363349840788842,0.26595753712221626,0.5593447085500641,-0.29964970955493697,0.36007718486739,10–20%,2
скачок без отметки,56,2024-10,Здоровье,вниз,-0.095810357623626,0.7634942637710102,0.47215673835682387,,,,,5–10%,
скачок без отметки,565,2023-11,Здоровье,вверх,0.10820108232431114,0.4932837555486668,1.7722626068736362,0.9298059009313676,0.4485090993906971,2.287679740857975,0.5235213806151244,10–20%,7
скачок без отметки,1200,2024-10,Здоровье,вниз,-0.07953175372307175,0.8229806017253581,3.172279456410307,,,,,5–10%,
скачок без отметки,39,2023-12,Здоровье,вниз,-0.0625244604707369,0.2188639137307714,1.3563648042425767,0.4732951516633992,-0.600804962930694,-1.9955761787111879,1.2247437372683752,5–10%,1
скачок без отметки,1250,2023-12,Здоровье,вверх,0.05887365470833572,1.4337038631841732,0.2985167841249795,1.7528883334191556,0.292459071060022,1.0129430770976888,1.5184949729667636,5–10%,2
скачок без отметки,1037,2023-10,Здоровье,вверх,0.07372178225525694,2.6812788736526003,1.4276322678892572,1.7208121747635825,0.5377307410330159,0.7707766534796417,0.7506019754525669,5–10%,7
скачок без отметки,1872,2024-10,Здоровье,вверх,0.0893781928603925,0.19594114632380866,0.9792978416764545,,,,,5–10%,1
скачок без отметки,2302,2024-05,Здоровье,вниз,-0.22753339385812232,0.9108506203108607,0.7110283824551585,0.09526372458464197,0.40905895899604394,1.0504618132487518,1.3023053315820807,20–40%,3
скачок без отметки,721,2023-07,Здоровье,вверх,0.12345732298444823,0.30291556574265044,-0.17398264143816963,-0.09411593645027264,0.9897420090274271,0.0777379584834796,0.1706385910373149,10–20%,1
скачок без отметки,1157,2024-03,Здоровье,вверх,0.08728729334180141,0.10335904034286784,0.5538002517981342,0.5020194908957639,0.9008912791638255,0.4224187339625382,0.8241961548683225,5–10%,1
скачок без отметки,838,2024-01,Здоровье,вниз,-0.17530498439163011,0.5174071480286233,-0.09500299077632282,-0.20791062125827675,-0.019329661816177793,0.11432787725270334,0.13806218127258554,10–20%,2
скачок без отметки,429,2023-08,Здоровье,вниз,-0.1593327327516949,0.009153802722081649,0.3419032302598672,0.1737832346308453,-0.060663579175005936,-0.029896360570772437,-0.019041292680726497,10–20%,1
скачок без отметки,1933,2023-09,Здоровье,вверх,0.05627619058025779,0.0,-0.2503964041491634,-0.4236251751138285,-0.7727088754830145,-0.46234637367382764,0.8433630604703465,5–10%,1
скачок без отметки,1197,2024-02,Здоровье,вниз,-0.057841861509873915,0.20704082549449446,0.7145358185054761,-1.0069971670575824,-0.6766412295080944,-1.6817806814774212,-1.1190538462073945,5–10%,1
скачок без отметки,2207,2024-04,Здоровье,вниз,-0.0970320644252336,0.7808066548517006,1.0021519498337845,-0.6209466400307803,-0.40582410884068987,-1.5591358500148147,0.09206828081388015,5–10%,6
скачок без отметки,1754,2023-08,Здоровье,вниз,-0.07294183551543831,-2.768173914402827,-2.4766667756054677,-4.063597874524754,-0.5419125629888409,-3.2925320472759685,-0.8443161516001602,5–10%,7
скачок без отметки,683,2024-06,Здоровье,вниз,-0.10024344575834832,1.1874421852688966,0.5511663748326072,0.942958495851043,0.9876618524672708,0.47571816655514926,0.6089020915327273,10–20%,7
скачок без отметки,2146,2023-07,Здоровье,вниз,-0.1484155683149897,0.7417157016706949,0.36052167812621755,0.43183094747271655,0.5994249353618353,0.49692375690233853,0.8402159243698527,10–20%,7
скачок без отметки,1290,2023-09,Здоровье,вниз,-0.056887509753025256,0.3585244514567847,-0.6687935349630133,0.17939527717975912,-0.47347973826846323,1.2874868132000035,2.729877385830703,5–10%,3
скачок без отметки,2197,2023-07,Здоровье,вниз,-0.05134478481091076,-0.911364006482395,-0.7737212948523613,1.350766508016552,-0.12853695099297238,0.3700337868156726,0.8478530858342159,5–10%,4
скачок без отметки,1172,2024-02,Здоровье,вверх,0.10194798567784069,0.43368032608104745,0.025549644703391588,0.2913773335652183,-0.4021411930843251,0.38485563751311747,-0.5828480454532124,10–20%,2
скачок без отметки,1585,2024-08,Здоровье,вверх,0.09167248936149974,1.67209655392215,2.721218343355585,2.4208539785541814,3.4861421711739586,,,5–10%,
скачок без отметки,1217,2023-12,Здоровье,вниз,-0.1380811579275587,0.6262910751589924,0.35120383722169235,0.6936079135070595,-1.359761879917632,0.07934297956058547,0.49905688574453005,10–20%,5
скачок без отметки,321,2023-10,Здоровье,вверх,0.19988708281578038,1.947049114021727,0.6927852588043175,1.2377412094297464,2.5367852250963576,0.8703734582377531,1.2466112538208434,10–20%,7
скачок без отметки,1121,2023-10,Здоровье,вниз,-0.20187747656281374,0.7313666343663158,0.7775774622536393,0.36810675531487336,0.6114443522633293,0.0985600762682359,0.5727586379674686,20–40%,5
скачок без отметки,20,2023-11,Здоровье,вниз,-0.0589020068939794,-2.17798663599379,-1.3004711204932704,1.308341579454349,-1.1261873332799088,-0.9732055868270763,-0.31474449429327833,5–10%,6
скачок без отметки,329,2024-07,Здоровье,вниз,-0.40701711811782637,1.1541442611987138,0.5739111795328551,0.05971542550468825,-0.07892317914086075,0.04336873099340215,,>40%,3
скачок без отметки,1146,2023-08,Здоровье,вниз,-0.052329209456978276,-0.34068442481999206,-0.34540722874687985,0.8603702611495634,0.5148686490269051,0.3590057849463153,0.7871873388400434,5–10%,7
скачок без отметки,2349,2024-11,Здоровье,вверх,0.16572501246162474,0.5112014990704692,,,,,,10–20%,
скачок без отметки,697,2024-03,Здоровье,вверх,0.12456788144254727,0.8274833894962136,0.6055795499301466,0.8183812735672448,2.122985770965982,1.1686302015619279,1.358512080353417,10–20%,7
скачок без отметки,438,2024-06,Здоровье,вверх,0.07798226406666853,1.1397756398743977,1.3644061000752972,1.2283472251631142,0.7276894629737894,1.4386220993949794,1.6518929223256344,5–10%,7
скачок без отметки,1309,2023-09,Здоровье,вниз,-0.05728639317645712,-1.763362584989326,-1.3472365963858903,-3.035792171489524,-2.223126094643818,-2.113921608752422,-0.516021071455629,5–10%,7
скачок без отметки,356,2024-06,Здоровье,вниз,-0.05070143271669103,0.6832572795472729,-0.3348773792264901,-0.9008769670661766,-0.9161628713926684,1.769642837331974,0.602542681832924,5–10%,7
скачок без отметки,1426,2024-03,Здоровье,вниз,-0.05010648984350663,0.4931226334194757,1.0758632146978258,-0.13289637774307184,2.7366034196987012,2.121067087715343,2.2344526630274446,5–10%,3
скачок без отметки,1899,2023-12,Здоровье,вниз,-0.07710832083063934,1.4879362142915546,1.0351951615450532,1.3734397783611212,0.8895101390878472,0.44261437230455863,0.09159419466581965,5–10%,6
скачок без отметки,1738,2024-12,Здоровье,вверх,0.09294895956007299,,,,,,,5–10%,
скачок без отметки,565,2023-08,Здоровье,вверх,0.07729529383229838,-1.9183672490714005,-2.3514667001190133,-0.9516262058313965,-1.6609481239277155,0.12941826349443797,-1.0498867481677048,5–10%,5
скачок без отметки,1891,2023-07,Здоровье,вверх,0.32127949718923077,0.012039196914678012,1.595729647490231,1.0247329616406402,1.2628424659877961,0.6591819249753034,0.903753623928004,20–40%,1
скачок без отметки,1392,2024-12,Здоровье,вверх,0.06481059288916846,,,,,,,5–10%,
скачок без отметки,1663,2023-12,Здоровье,вниз,-0.0570154738519566,2.1028932323974274,1.5717235785826709,-0.025133004698364016,0.8518606565208068,1.7369774154427646,0.48193320571077025,5–10%,3
скачок без отметки,836,2023-11,Здоровье,вверх,0.07732501164382022,-0.4925122179108581,1.4427015412705417,1.170915294173771,1.1960977249037992,1.2439524789779497,0.5900797676014591,5–10%,7
скачок без отметки,1718,2023-11,Здоровье,вверх,0.14203599045742,0.7843849560325413,1.2186862677074626,0.01414184807367701,2.360375663104173,0.7016934514699165,3.4266695587746794,10–20%,3
скачок без отметки,1053,2024-07,Здоровье,вверх,0.10650305235012603,-0.02059402855721509,-0.6167041633436134,0.8739081858942884,1.1532252325777268,1.30647547251132,,10–20%,1
скачок без отметки,1244,2023-11,Здоровье,вниз,-0.12269440806984822,-0.20516973905394773,0.5257761642239773,0.5395233560583281,0.205195947070608,0.7191137520632755,0.014705137191695394,10–20%,1
скачок без отметки,801,2024-11,Здоровье,вниз,-0.11992529557676157,1.8047179047129251,,,,,,10–20%,
скачок без отметки,2181,2023-10,Здоровье,вверх,0.06140589773702043,0.694691327576437,1.5539636796177947,0.5063155515520754,0.18826512244232393,1.1796900344246892,0.4621414560329603,5–10%,4
скачок без отметки,1895,2024-12,Здоровье,вверх,0.09550552540624047,,,,,,,5–10%,
скачок без отметки,434,2023-08,Здоровье,вниз,-0.09668824754772043,0.4120206323695732,-0.0,0.7178066265581503,0.6687607338368518,-0.6391602330737467,0.7155094532291426,5–10%,2
скачок без отметки,534,2023-08,Здоровье,вниз,-0.06075870747767986,-0.8881583468372901,0.6827398968584159,-0.9068506217568041,0.6766815361896726,1.2280147209104255,-0.42796397868167196,5–10%,7
скачок без отметки,25,2024-04,Здоровье,вверх,0.05036174209036837,0.6604801338525363,0.6550727763060926,0.7478998607884614,1.0855396283393195,0.819997658248976,1.5334477439060965,5–10%,7
скачок без отметки,2093,2024-01,Здоровье,вниз,-0.22258103816561103,0.9675012042151595,0.5681464362640289,0.40929850938668194,0.9830351155856564,0.9147071432731069,0.2934065444182199,20–40%,6
скачок без отметки,1186,2024-10,Здоровье,вверх,0.13723416000676192,0.6106252189599025,0.6102951662322722,,,,,10–20%,
скачок без отметки,1739,2023-07,Здоровье,вверх,0.10550637555209175,0.02449993169490329,0.15280751456056013,0.005416567203323336,0.3205074185371766,0.3578711609805409,-0.04237845099925861,10–20%,1
скачок без отметки,582,2024-01,Здоровье,вверх,0.09211613410589337,-1.0231830019909829,-1.477112672642714,-1.1864760805799839,-0.4160595084303379,0.548550486123689,1.3504476080078902,5–10%,7
скачок без отметки,1235,2024-05,Здоровье,вверх,0.08108666775349427,0.6617368186214465,1.102099796964043,0.8904958417768833,0.6397487784788465,0.49980628541816446,0.9123619685948089,5–10%,7
скачок без отметки,712,2024-03,Здоровье,вверх,0.06147232802765057,1.4550484868476696,1.176475072606587,-0.800707954231664,2.9686345817824114,-0.5213768262209487,-1.1776422110302944,5–10%,7
скачок без отметки,374,2024-07,Здоровье,вверх,0.117052187554604,0.8724858514556546,0.9004191087140709,1.1416823202676067,0.5771484027412128,0.8635880593139951,,10–20%,
скачок без отметки,1966,2024-10,Здоровье,вниз,-0.06450689452462477,4.12116133857723,2.014978590063766,,,,,5–10%,
скачок без отметки,525,2023-09,Здоровье,вверх,0.14078073106428768,1.0476729630344246,1.0616971429686528,0.28089303223919143,1.1425650494315145,0.4840048649729469,0.5543790094198449,10–20%,3
скачок без отметки,535,2024-06,Здоровье,вверх,0.05273170210196643,-1.270985954676506,-0.3052479925219664,0.24306152585133534,-0.6810599453914553,0.18070090800202418,-1.3213768378156012,5–10%,2
скачок без отметки,1316,2023-11,Здоровье,вверх,0.11005431131923338,-0.19675760557379893,1.148313748399242,0.20041282895149679,0.6311238984814643,0.9528838314162557,0.7420155991185781,10–20%,1
скачок без отметки,482,2024-01,Здоровье,вниз,-0.055328754560887816,0.2521163202225217,0.7102732448256558,-0.5110876262471458,-0.05985858857851877,-0.813383866179707,-0.4045799653566747,5–10%,1
скачок без отметки,2328,2024-07,Здоровье,вверх,0.10288932669932294,0.13682396625335816,-0.5214958202361231,-0.09611802526368235,-0.27285513997284705,-0.9389383533129576,,10–20%,1
скачок без отметки,2260,2024-11,Здоровье,вниз,-0.12605319081275645,0.2522792675901001,,,,,,10–20%,1
скачок без отметки,1618,2023-10,Здоровье,вниз,-0.07774548316656116,0.43248045999161705,0.6753914930124086,-0.2288015510363608,0.5495818326880597,0.9809094907501348,0.14675607485511646,5–10%,3
скачок без отметки,2607,2024-02,Здоровье,вверх,0.0734675021657889,1.648718740832167,0.9775918821460662,2.9327218886803563,3.2442119124377182,5.234324371881556,3.6429333718253587,5–10%,7
скачок без отметки,2253,2024-05,Здоровье,вниз,-0.10122658070782276,0.42691217642790336,0.25903085812557636,0.3670956899507895,0.8768716522075459,0.7919932560181061,0.8449116690457363,10–20%,2
скачок без отметки,1290,2024-12,Здоровье,вниз,-0.14103884760172924,,,,,,,10–20%,
скачок без отметки,70,2024-02,Здоровье,вниз,-0.176202661815001,0.07938835663969014,-0.005040416448700985,-0.13308383630877113,-0.2528805343405303,-0.3266887353677639,-0.8572719925775266,10–20%,1
скачок без отметки,2091,2023-12,Здоровье,вверх,0.09293157809469577,2.7065649742370788,1.4017656541669872,2.2969799783596203,0.9204954494715605,-0.3270950083265225,1.4864233142374856,5–10%,5
скачок без отметки,1430,2024-07,Здоровье,вверх,0.20308123086273078,-0.8495354940077129,0.5367639682721694,1.1350801379098463,-0.08387238865882822,-0.009843219288206126,,20–40%,4
скачок без отметки,1573,2024-06,Здоровье,вверх,0.05047937445111028,0.8686874423242064,0.1240067680259242,2.217659273548968,1.3696436163076913,-0.2503741769718707,1.1682132336926185,5–10%,2
скачок без отметки,1154,2024-07,Здоровье,вверх,0.09770424414507595,0.20141078714123675,1.2445155035482867,0.10805618203336945,-0.7770587583864397,-0.047792864567388064,,5–10%,1
скачок без отметки,2137,2024-09,Здоровье,вверх,0.06173913511093598,-0.17741363280716385,-0.7379672460335963,1.7198566431220685,,,,5–10%,1
скачок без отметки,1187,2023-10,Здоровье,вниз,-0.1476082876650855,1.1586445949323412,1.2291568251531448,0.8694508831873541,1.0465168805327443,0.39981496048537785,0.9286025354500113,10–20%,7
скачок без отметки,314,2024-07,Здоровье,вниз,-0.20169113901121527,1.8916883059489207,0.36552235965959656,-0.4193712925979505,-0.24185024381115047,-0.6175045798306597,,20–40%,4
скачок без отметки,2018,2024-12,Здоровье,вверх,0.18617900785628905,,,,,,,10–20%,
скачок без отметки,2160,2024-09,Здоровье,вверх,0.09459820211939451,-0.1657543478754761,0.4556086454288118,-0.2194475753180188,,,,5–10%,1
скачок без отметки,777,2024-08,Здоровье,вверх,0.0598325020882875,-0.05032456921373703,1.2399952887888266,0.8127030432210055,0.1951838204691209,,,5–10%,1
скачок без отметки,1215,2024-11,Здоровье,вниз,-0.11167837815281967,-0.6507092034312759,,,,,,10–20%,
скачок без отметки,1214,2023-09,Здоровье,вверх,0.09733483719437253,1.159567517016621,0.8881929945632258,2.5907625902594487,-0.2973479165357366,0.3371794145198681,1.6271644552826128,5–10%,4
скачок без отметки,541,2024-10,Здоровье,вверх,0.11640097209299327,1.636167578244948,1.1727991189060485,,,,,10–20%,
скачок без отметки,878,2024-10,Здоровье,вниз,-0.1189608693612243,0.901162468636734,1.2409646660259426,,,,,10–20%,
скачок без отметки,1282,2023-12,Здоровье,вниз,-0.22173397819143847,0.7903160271066555,0.5746363394753788,-0.7182162669067294,-0.4386290328554937,0.21330959491905518,0.2183903086702448,20–40%,5
скачок без отметки,1641,2023-11,Здоровье,вверх,0.12715816957289228,0.9075963616454491,0.38352271226270607,0.801509990487506,0.6276479832559289,0.2700399145982048,-0.18611339662344312,10–20%,5
скачок без отметки,48,2023-10,Здоровье,вверх,0.07133953059911491,1.0665914496311126,0.1652496435900432,0.5532525703171113,0.5766989489130778,0.709154424938546,1.0665914496311126,5–10%,2
скачок без отметки,2070,2024-02,Здоровье,вверх,0.11290962976859031,1.6773384646932534,1.6269713025260422,1.5278168196385855,1.2143989106731226,2.117749109365922,1.476818055751512,10–20%,7
скачок без отметки,1570,2024-04,Здоровье,вверх,0.12999847476460413,-0.03402411901478909,0.06746166454282733,-0.21389513074327984,0.1092533863937984,0.6284732703080476,-1.285168802934809,10–20%,1
скачок без отметки,925,2024-11,Здоровье,вниз,-0.06772910236086371,4.027078761633999,,,,,,5–10%,
скачок без отметки,359,2024-06,Здоровье,вверх,0.08017176491060063,1.412942796154698,-0.8574484108745525,0.3730790557758491,0.907919451508301,1.260673567430524,1.0179379597857172,5–10%,7
скачок без отметки,2160,2023-07,Здоровье,вниз,-0.07613407462040378,-1.9534341653545284,1.4022863333910864,0.7904200938235851,0.25815475456602954,-0.5097284904847711,0.336224680982359,5–10%,4
скачок без отметки,1295,2024-04,Здоровье,вверх,0.06528011153933111,1.1826714013738187,0.6833243803845912,1.9088731022737502,1.4356098209487012,0.9168219467244649,3.2726645425036276,5–10%,7
скачок без отметки,1696,2024-06,Здоровье,вверх,0.07363195422759095,0.6193750996671462,-0.3812851489225389,-0.3049317652832505,-0.881555310795147,-0.4252564344190812,0.10964574751303124,5–10%,3
скачок без отметки,1756,2023-12,Здоровье,вниз,-0.09285863932425009,0.2191568966686457,0.16666890499011458,-0.6865699275957821,-0.1607263415128228,-1.7622348951139681,0.23490694145511898,5–10%,1
скачок без отметки,22,2024-11,Здоровье,вниз,-0.13092652748780864,-0.10865300281368886,,,,,,10–20%,1
скачок без отметки,218,2023-09,Здоровье,вверх,0.0719433894329935,-2.872799658626769,-1.3162672163864302,-0.4911032596819806,0.4908904142667206,0.6736641374975793,0.3409954213020751,5–10%,7
скачок без отметки,324,2024-08,Здоровье,вниз,-0.13285467532306594,-0.9372032165307443,-2.2287238767302164,-1.5592749406347717,-2.246164965223504,,,10–20%,
скачок без отметки,908,2023-08,Здоровье,вниз,-0.05262320982687729,-2.0740013073602346,3.608986233475769,4.34710161752114,2.292015472433114,2.709542549353826,2.0611365497746967,5–10%,7
скачок без отметки,754,2024-12,Здоровье,вниз,-0.07147183022635595,,,,,,,5–10%,
скачок без отметки,618,2023-07,Здоровье,вверх,0.20376415282972982,2.0512555544078186,1.9597482379990903,0.8609344900712059,2.018328025741666,1.0,-0.49942635942667657,20–40%,7
скачок без отметки,1335,2024-03,Здоровье,вниз,-0.0965817966610043,0.5130000314955825,0.08046719271217291,-0.23903963992926686,0.7567943774233234,0.7177906556569021,0.7952464076755054,5–10%,2
скачок без отметки,1859,2024-02,Здоровье,вниз,-0.1183041369469402,0.4010909116809048,0.008349526122962327,0.6747113056602416,1.2424870546672655,1.0931507059669014,0.8839690228533005,10–20%,2
скачок без отметки,516,2024-06,Здоровье,вниз,-0.0582607648346567,0.38780541368459237,1.2237880971549444,2.8133990242597546,2.8228946042535994,2.3999858243149257,1.6259448549971962,5–10%,7
скачок без отметки,1590,2024-05,Здоровье,вниз,-0.487628529864236,0.6848457805128423,0.8834631647630959,0.21456009035659587,0.9349069902277805,0.6816068625937989,0.7822821651594394,>40%,3
скачок без отметки,456,2023-10,Здоровье,вниз,-0.09875704408765884,0.10007685070955095,-0.49995060722728596,0.16224388403753817,-1.2859899274274982,0.302496020178664,-0.47871112347214845,5–10%,1
скачок без отметки,2119,2024-02,Здоровье,вниз,-0.10713464189934818,0.3536231721827244,0.6922327447016268,0.41124577670119405,0.02921121963680562,0.68809671164861,0.1763273030520014,10–20%,4
скачок без отметки,2504,2023-07,Здоровье,вверх,0.05095810113788968,-0.21422742338915984,1.230403865278564,-0.1302911024458073,-0.42142497860466344,0.8118830157800813,0.4048567607043036,5–10%,1
скачок без отметки,1991,2024-08,Здоровье,вверх,0.07925533800415341,-0.09240790146234926,-0.027275726672785564,-1.4915040418478893,-1.1076794762949669,,,5–10%,1
скачок без отметки,2139,2023-11,Здоровье,вверх,0.17313089079153787,1.0875258380848027,0.3485552313266329,-0.041041047533409175,0.25260790702981323,0.26798523750542896,0.6721991563087201,10–20%,3
скачок без отметки,2302,2023-12,Здоровье,вниз,-0.08602049792716127,-0.21731790017067845,-0.6949423280828951,0.7840743543588021,-0.7867224688752092,1.858384213148284,1.6225745932342923,5–10%,1
скачок без отметки,920,2024-10,Здоровье,вверх,0.057071996979806805,-0.04685607965774751,-0.7490504948062048,,,,,5–10%,1
скачок без отметки,1854,2024-10,Здоровье,вверх,0.14853928079497525,1.2498906872955795,1.261271075124173,,,,,10–20%,
скачок без отметки,1630,2024-12,Здоровье,вверх,0.08727960287957348,,,,,,,5–10%,
скачок без отметки,1016,2023-08,Здоровье,вниз,-0.07361813623895586,1.8500338929399676,0.15733548703144853,0.940081026356628,0.882113893401496,1.503381577409268,1.1625501164370584,5–10%,2
скачок без отметки,787,2023-12,Здоровье,вверх,0.12561415901974815,1.2371790533796974,0.8741248247176675,1.2969349392903706,0.24441050737518424,0.5871609816304845,-0.43411649242579725,10–20%,4
скачок без отметки,1329,2023-11,Здоровье,вверх,0.18392603650016337,-0.29320441319510837,-0.048792057902538634,-0.0005323643162695105,-0.07922063223616374,0.3349738586811379,0.03952523462193674,10–20%,1
скачок без отметки,1950,2024-04,Здоровье,вверх,0.06925391010041526,0.5231776417242111,-0.9541308671601748,-1.9453789576219598,0.9834207749625635,-1.0741231786170393,-0.29916742525764056,5–10%,6
скачок без отметки,763,2024-04,Здоровье,вверх,0.05407572141334516,0.6195760164812849,1.6077060754904735,1.3986274641577103,1.7786459864868336,0.9583154761978567,0.36575109480160145,5–10%,7
скачок без отметки,1633,2024-12,Здоровье,вниз,-0.07266725401460583,,,,,,,5–10%,
скачок без отметки,522,2024-10,Здоровье,вниз,-0.16547959587900873,0.35903433980907207,1.2421637256187077,,,,,10–20%,
скачок без отметки,832,2024-04,Здоровье,вверх,0.058184622223635074,0.09300034520258708,0.7182995197446839,-0.13296287052035077,0.6273257943373578,-0.13892431830804924,0.6787444465943578,5–10%,1
скачок без отметки,927,2023-11,Здоровье,вниз,-0.07134858517941112,2.6466846126843118,1.4996352954051182,0.7408662559582808,0.9472964725329208,0.8697499019081838,0.9423616944505332,5–10%,7
скачок без отметки,1295,2023-08,Маркетплейсы,вниз,-0.15608946411851843,-0.25260343124994017,2.2268971636175316,1.3496601876655248,-0.5755649627532782,-0.3952019804820601,-1.0561349221065959,10–20%,1
скачок без отметки,2314,2023-10,Маркетплейсы,вверх,0.234914449537988,0.7745708606827495,-0.04166286096314279,0.4816882926822132,1.329767483473538,0.6617283453559606,1.6385427505787298,20–40%,2
скачок без отметки,1617,2023-09,Маркетплейсы,вверх,0.1588006196414753,0.6088364000996135,0.21042788879633487,0.04677122835868708,0.2983678028173611,-0.1367404933731619,0.03827495458639818,10–20%,2
скачок без отметки,1976,2023-12,Маркетплейсы,вниз,-0.16039903103888165,0.2063267308284349,0.5547545351850839,0.9209113030643816,1.1649701583678405,0.10989124276794805,0.9020524072910403,10–20%,1
скачок без отметки,697,2024-04,Маркетплейсы,вниз,-0.054929690755828986,1.9824754861043228,3.5680710299465113,1.0065180546825343,0.6984555613521435,2.2063532331138602,2.159709420836455,5–10%,7
скачок без отметки,1889,2023-10,Маркетплейсы,вверх,0.05319902711124236,0.3397547917681771,0.5096504525445695,0.21128095081539547,0.5940723894975052,-1.1996835488767168,-0.5658573692815171,5–10%,3
скачок без отметки,891,2023-12,Маркетплейсы,вниз,-0.06420217674878614,-0.022396949238590428,0.13139034411847975,-0.037695297352264526,0.402894513086272,0.8446582091717392,0.9420096259579153,5–10%,1
скачок без отметки,717,2023-11,Маркетплейсы,вверх,0.09748203114659049,2.0024382805876826,1.2456094225956957,1.427847167436742,1.0789743122145878,1.536357483960343,1.7561040100965553,5–10%,7
скачок без отметки,1607,2024-07,Маркетплейсы,вниз,-0.0865943622062666,0.1581586967389853,1.3241229820726157,1.780641514015652,1.1927522725788016,0.5804501331678029,,5–10%,1
скачок без отметки,230,2023-12,Маркетплейсы,вниз,-0.0674276711328563,1.9561380154998878,0.9449767971580866,1.8139804224501233,1.8753841624290981,2.050338501220073,-0.29418192740315774,5–10%,6
скачок без отметки,602,2024-01,Маркетплейсы,вниз,-0.09877052276709541,-1.3035671481603741,-0.5879453604841945,-1.9174545305678934,-1.3385945080600032,-1.664241086117624,-3.7633799622938264,5–10%,7
скачок без отметки,581,2023-12,Маркетплейсы,вниз,-0.09806284933743115,0.3771339581933487,1.1258939658018878,0.83656547317191,0.6777593378555002,0.21239874584556917,1.0988267528334832,5–10%,5
скачок без отметки,1708,2024-05,Маркетплейсы,вверх,0.08241851419327695,1.06268920223204,1.588633058127268,0.08361425520386372,1.068551979582312,0.7911073215388963,0.5873873062220601,5–10%,3
скачок без отметки,17,2024-01,Маркетплейсы,вниз,-0.07097573585405748,1.550736746632897,0.5181020569417207,0.8196961839644146,0.9283742882471531,0.1919337602670289,0.7428473189959773,5–10%,5
скачок без отметки,1995,2023-07,Маркетплейсы,вверх,0.06234286535944911,1.5673694332669175,1.008613581548891,0.955653784010795,1.7439638594967939,1.6654124403375767,1.7189123776881587,5–10%,7
скачок без отметки,1696,2024-01,Маркетплейсы,вниз,-0.1012224571453002,-0.2476141927637759,0.13238146373972295,-0.12401526623620478,0.8984663108256843,0.8725498503144683,-0.14959202578246378,10–20%,1
скачок без отметки,1010,2023-08,Маркетплейсы,вниз,-0.07847334646775916,0.059069937625387106,0.059069937625387106,-0.061556063621693656,-0.1191948835903658,0.4450860918053208,0.059069937625387106,5–10%,1
скачок без отметки,1774,2024-04,Маркетплейсы,вниз,-0.09360882602765663,-0.3284884406697601,1.856995065227035,1.0039154565308004,0.4437472642493733,0.04527349155782263,1.1216376781278068,5–10%,1
скачок без отметки,1782,2024-04,Маркетплейсы,вниз,-0.05013577068523034,-0.3382968112845511,-1.1031119033807957,-0.5053433077007815,0.67811706025398,0.4852938711057916,0.9650444676219031,5–10%,7
скачок без отметки,298,2024-02,Маркетплейсы,вверх,0.06455070024994569,-0.02778657915825774,1.0673993219133362,1.2968736178420688,1.10133644487845,1.3226897854870325,1.5094542443610994,5–10%,1
скачок без отметки,2395,2024-10,Маркетплейсы,вверх,0.07322298890150059,0.3297132228189108,-0.7086000635091046,,,,,5–10%,1
скачок без отметки,1628,2023-12,Маркетплейсы,вниз,-0.058835054471801485,-0.04101579815575361,-0.7106741994346243,0.12930286391622448,-1.1969071616617384,-1.5860417135904412,-1.6393327933169175,5–10%,1
скачок без отметки,1298,2024-05,Маркетплейсы,вверх,0.051862385849706705,2.2018792288676234,2.2180207738233144,2.908708273702342,2.788817725143268,2.2861900766838077,2.606522382273952,5–10%,7
скачок без отметки,1903,2023-07,Маркетплейсы,вниз,-0.05492409570497436,0.12365275099000445,1.5006912796820648,-0.475551117802312,0.019402530242679183,-0.024165976862721567,0.11732442140403294,5–10%,1
скачок без отметки,1718,2024-10,Маркетплейсы,вверх,0.13756938867337354,0.4888604046125654,0.9056957335323866,,,,,10–20%,
скачок без отметки,1337,2023-09,Маркетплейсы,вниз,-0.07257026949226653,-0.5467853797212747,0.01519726163478304,-0.29779628998718827,-0.21313090761308734,0.47456121907011084,-2.060385467508426,5–10%,2
скачок без отметки,608,2024-06,Маркетплейсы,вниз,-0.15925599404036106,2.2310944399410064,2.577058037029122,1.7275515230596898,2.6156687217540333,1.7427524605050797,2.2782422494395194,10–20%,7
скачок без отметки,2064,2024-02,Маркетплейсы,вниз,-0.11355582966135813,0.1399410799576383,0.22791257164402662,0.9434881511593772,0.5648944809317102,1.1646778281601238,0.706001460298562,10–20%,1
скачок без отметки,338,2024-06,Маркетплейсы,вверх,0.2502174319013859,0.4823135887369276,0.5792026665081971,0.6427782338345175,-0.07406261162920375,0.588626744855651,0.2318188034584242,20–40%,4
скачок без отметки,1153,2023-07,Маркетплейсы,вверх,0.1270399560459614,0.8189027978892409,0.35880016023766287,-0.16809089247569903,0.4265455359127311,0.3690781710868617,1.264316376399546,10–20%,3
скачок без отметки,2068,2024-12,Маркетплейсы,вверх,0.05794537270242017,,,,,,,5–10%,
скачок без отметки,459,2023-10,Маркетплейсы,вверх,0.12401148321078992,0.8398148729077792,1.0223343003678742,1.2310291201366015,1.5168279857193225,1.523591495667523,1.2151288271709095,10–20%,7
скачок без отметки,460,2024-09,Маркетплейсы,вниз,-0.12281666777760769,0.7289099731853345,0.5230624885469476,0.7836144155149428,,,,10–20%,
скачок без отметки,1630,2024-06,Маркетплейсы,вверх,0.0675948706074756,-1.1577334978579374,-0.32302849348234486,-1.0769089093249449,-1.6196101728612202,0.5850932628435267,-1.3138525476223135,5–10%,2
скачок без отметки,519,2024-07,Маркетплейсы,вниз,-0.19514667475769443,1.2380288550987384,0.8943316188258525,0.8298814496797565,0.810735386941415,0.24854249886854182,,10–20%,5
скачок без отметки,1966,2023-08,Маркетплейсы,вниз,-0.2815746438777289,0.5930380962786954,1.416180014667402,0.2460038252823088,0.39603438783315,0.28473431317069525,0.2511926332527604,20–40%,3
скачок без отметки,2171,2024-12,Маркетплейсы,вниз,-0.11765879447097838,,,,,,,10–20%,
скачок без отметки,2008,2024-12,Маркетплейсы,вверх,0.055047605342146255,,,,,,,5–10%,
скачок без отметки,442,2023-08,Маркетплейсы,вниз,-0.16559438411458238,-0.2636571727934952,-0.024306396665916635,-0.8044904709762383,-0.658634322778075,-0.9779673718589611,-1.1140477797547528,10–20%,1
скачок без отметки,2887,2023-09,Маркетплейсы,вверх,0.05689789409406476,0.7863032488288111,1.94205117137035,1.4671991096851464,1.645276212746308,1.0877195850514503,1.9120141845660932,5–10%,7
скачок без отметки,2249,2024-12,Маркетплейсы,вверх,0.1491429050719777,,,,,,,10–20%,
скачок без отметки,1994,2024-03,Маркетплейсы,вниз,-0.07003787007828244,0.8200820944900227,1.0096938839933887,0.8558664882734942,0.6510248647637027,0.11578207930524989,0.8255405817347344,5–10%,5
скачок без отметки,441,2024-11,Маркетплейсы,вверх,0.13801587292696205,1.2597912292744085,,,,,,10–20%,
скачок без отметки,396,2023-07,Маркетплейсы,вниз,-0.14114551698128874,0.15154892906988013,0.9067019241704593,0.8502426129215951,2.7439416684755638,2.1270352237417005,0.828183744885827,10–20%,1
скачок без отметки,1784,2024-03,Маркетплейсы,вниз,-0.0909727195001242,1.8848605453822895,1.5367150881567302,0.9997976313871666,-0.216992594033932,0.5102686450041115,0.5501903841605525,5–10%,4
скачок без отметки,1639,2023-11,Маркетплейсы,вверх,0.07045403559360164,-0.41424314846859533,-0.07782543404294208,-1.8907675914844986,-0.5537083130727608,-1.7297119825184015,-0.8392915020574895,5–10%,2
скачок без отметки,594,2024-02,Маркетплейсы,вниз,-0.05787279233301312,1.3206020173755395,0.7430078851210191,0.6793683745414798,1.1819245970788481,0.8888909426558382,0.6537655025090447,5–10%,7
скачок без отметки,710,2023-09,Маркетплейсы,вниз,-0.0542513595955052,0.01550073345644463,1.1258210876426629,0.28301293701798186,1.8419621037843992,0.5321991230563528,0.39318976627164376,5–10%,1
скачок без отметки,1133,2024-03,Маркетплейсы,вверх,0.11026899421784009,0.03961945164382957,0.44957240708031787,-0.09808959325607268,0.4768822068911402,-0.4989557208299639,-0.16582525876116339,10–20%,1
скачок без отметки,903,2024-04,Маркетплейсы,вверх,0.08116411501743137,-0.4427800438157181,1.6492354858080158,0.24637617365800316,-1.6952651925327549,-1.1546563628412037,-1.850633255175764,5–10%,3
скачок без отметки,1116,2024-05,Маркетплейсы,вниз,-0.05061159284030836,-0.04219109758489896,1.5814546894100086,1.426777516187321,2.343020589270341,0.7504641004994791,1.2865077537636875,5–10%,1
скачок без отметки,2199,2024-02,Маркетплейсы,вверх,0.09383513296916934,0.35249147623557986,0.4644847644340079,0.5922561667390425,-0.017691740458981316,0.18216476457670575,0.2820660705979084,5–10%,4
скачок без отметки,2025,2024-07,Маркетплейсы,вверх,0.0667823535040366,2.165512877316428,1.9328020513003066,2.428454365863552,1.903323356394455,2.563128690680139,,5–10%,
скачок без отметки,1425,2024-08,Маркетплейсы,вверх,0.15368315226045048,0.4000366002542181,0.14123355004877916,1.0407961734451563,0.45835142820520275,,,10–20%,2
скачок без отметки,1512,2023-09,Маркетплейсы,вверх,0.08733367098312428,1.0902807438148348,-0.020944934712332032,-0.24497836670120116,1.4596009717055172,1.4194878333196068,1.0340858316292956,5–10%,2
скачок без отметки,66,2023-12,Маркетплейсы,вниз,-0.06101838814902205,0.5914695649181085,2.0392362549085563,0.961511547294468,1.8289551473632992,2.0189354650562152,1.368738024945736,5–10%,7
скачок без отметки,1358,2024-01,Маркетплейсы,вверх,0.055924501472641275,1.3746813966229214,-0.4464282541508026,0.8643245901928867,1.8104989416955037,2.2246831215251306,2.65050008911396,5–10%,7
скачок без отметки,1326,2023-11,Маркетплейсы,вверх,0.23715705980591117,1.3013249328659693,1.9744971010288084,1.827670328676847,2.001455465721932,1.6696491706580925,2.522616427406981,20–40%,7
скачок без отметки,43,2024-01,Маркетплейсы,вниз,-0.12038878195085179,0.34911850984599585,0.4125613095551649,0.18275377452621802,-0.004809642533068958,0.045277868123825435,-0.2860244127201893,10–20%,3
скачок без отметки,1312,2024-03,Маркетплейсы,вверх,0.10597377727907364,-0.18943980360807844,-0.8074930193642372,-0.9216944989548058,-1.480095905522721,-0.5770875238612371,-0.3151763775258598,10–20%,1
скачок без отметки,2094,2024-12,Маркетплейсы,вверх,0.062072204832125166,,,,,,,5–10%,
скачок без отметки,1751,2023-10,Маркетплейсы,вверх,0.06893451023030295,-0.7033174186815259,0.4441028490861811,-2.6927883061578735,0.3489366653122068,-0.7903605026542251,-0.3555364990368724,5–10%,7
скачок без отметки,2872,2024-01,Маркетплейсы,вниз,-0.12399861203579832,-1.0201279349737167,1.0841648609165535,-0.44800141496241686,2.0461866268783266,0.7525276246322301,0.7156439697387336,10–20%,7
скачок без отметки,1923,2024-04,Маркетплейсы,вверх,0.2121127394016291,0.9878622269099047,0.3373889261365328,0.06372962633297038,0.576011758805559,0.6285955334016122,1.3221127613409904,20–40%,3
скачок без отметки,1244,2024-01,Маркетплейсы,вниз,-0.07691292767904745,0.5580762516966598,1.6484429314547635,-0.46292715562663517,-0.6276911166250912,0.02355025292798397,-0.6901484371541444,5–10%,5
скачок без отметки,2146,2024-02,Маркетплейсы,вниз,-0.06442631215923456,0.6617108402613916,0.9960652945644138,0.5505942302356605,1.6073818547912446,2.29128125436411,2.103448438863352,5–10%,7
скачок без отметки,2111,2023-07,Маркетплейсы,вниз,-0.08665424061689997,0.7352463141849102,0.4328435962288312,0.32610731294552947,-0.12168302688390537,0.8203063731442631,0.6398553159167216,5–10%,3
скачок без отметки,1637,2024-11,Маркетплейсы,вниз,-0.08866506946920616,-0.7668435429851427,,,,,,5–10%,
скачок без отметки,1119,2024-01,Маркетплейсы,вниз,-0.06828914189135915,-0.27013790287253464,1.0531510330680134,0.5357019718782554,-0.029384274839111425,0.16774925614911684,0.7510899585984352,5–10%,1
скачок без отметки,1917,2023-07,Маркетплейсы,вниз,-0.0696684019575704,0.849300508490267,0.7442849660051901,1.5026037484881125,1.796278735945865,1.187451863810598,1.7913178988351854,5–10%,7
скачок без отметки,1875,2024-08,Маркетплейсы,вниз,-0.07012936486655263,0.3579621120184643,0.21348895547726035,-0.28664555374541195,0.2429543806745946,,,5–10%,2
скачок без отметки,1661,2023-12,Маркетплейсы,вверх,0.07843280249960927,1.698647424767179,1.2131278648140296,0.9800684688135034,1.01244162672734,0.22127874458864996,-0.1761722087545151,5–10%,5
скачок без отметки,2299,2023-11,Маркетплейсы,вниз,-0.05974430139773901,1.0430580835559047,-0.15342601136882944,0.2869960692282275,0.4139567545528877,0.8950511990252847,1.3388384484848468,5–10%,2
скачок без отметки,39,2024-05,Маркетплейсы,вверх,0.13139838141322535,1.275275894665667,0.034127607959079584,0.5577858125251165,0.21376876879795118,0.6354024494501395,0.42052753790763975,10–20%,2
скачок без отметки,2022,2023-10,Маркетплейсы,вверх,0.09730343098456995,4.6558254152956176,8.216663063133055,6.646235692062854,6.439752950412792,4.530114304946633,4.5723777641472685,5–10%,7
скачок без отметки,2324,2024-06,Маркетплейсы,вниз,-0.05258343642288921,1.0724190529625308,-0.24911111927936558,-0.24911111927936558,1.3239266055911751,0.8345238446022818,1.6499609309387804,5–10%,2
скачок без отметки,410,2024-10,Маркетплейсы,вверх,0.07450289306918201,1.3650311868505918,1.6757192762255495,,,,,5–10%,
скачок без отметки,2052,2024-06,Маркетплейсы,вниз,-0.15827135606420306,-0.05683239616825167,0.24302544437729465,0.42385965638712914,-0.3309151908369792,0.38487178134274824,0.23911277427831626,10–20%,1
скачок без отметки,1857,2023-12,Маркетплейсы,вверх,0.0874809669098795,0.9658315971049589,2.2641507269334835,1.5009230795252209,2.2186276211106883,2.678203311861194,0.57153158694039,5–10%,7
скачок без отметки,2309,2024-10,Маркетплейсы,вверх,0.07355276929494003,0.5733001638718532,1.7743640593685561,,,,,5–10%,
скачок без отметки,493,2024-02,Маркетплейсы,вверх,0.1742896137387877,0.2656955826341414,0.32805124679786374,-0.27841143807921803,1.2304996383731646,0.7865571091870526,0.711391461973455,10–20%,1
скачок без отметки,2067,2024-05,Маркетплейсы,вниз,-0.05606229653865569,-0.12051835827180876,2.7986412645400778,3.158585454458068,1.1640577116383717,-0.22659924056856573,1.9399113542874855,5–10%,1
скачок без отметки,1942,2024-01,Маркетплейсы,вверх,0.07725599612712486,-1.0853042492071534,-0.35239343340177826,-0.21473795269441995,0.9402211630401812,-0.022791123514164305,-0.1860664123014597,5–10%,3
скачок без отметки,1568,2024-07,Маркетплейсы,вверх,0.05846647541963179,0.7892359032701308,-0.6094675415491018,-0.0012632525996279812,-0.5777719936187731,-0.32881021996348847,,5–10%,3
скачок без отметки,383,2024-05,Маркетплейсы,вверх,0.16804617778014208,0.6101285833130308,0.4216291575655484,0.7921349804806871,0.5067079181071472,0.2665664544832808,0.40578908009305115,10–20%,5
скачок без отметки,1274,2024-03,Маркетплейсы,вниз,-0.06765957426851532,2.8885921238826593,2.0455563043110536,-0.0397696387413655,-0.9233998197253662,-0.5527160917662236,0.6811821745356537,5–10%,3
скачок без отметки,349,2023-12,Маркетплейсы,вниз,-0.24776358465185488,1.0505022599053255,0.6147033188894179,0.3852489738977252,-0.3807091683813305,-0.2606764245088769,-0.05340507137928415,20–40%,5
скачок без отметки,1423,2023-10,Маркетплейсы,вверх,0.08362852541411847,0.2389509898695188,1.1395043794743076,1.7403265760232447,1.310913246902358,0.9912128431935355,1.9034076825788895,5–10%,1
скачок без отметки,2081,2024-07,Маркетплейсы,вниз,-0.07436490012055685,0.7374060258220179,2.030736554743719,-0.0717150824585492,0.28349056369704223,-1.8336760586115202,,5–10%,3
скачок без отметки,1769,2024-02,Маркетплейсы,вверх,0.07730310224920878,0.18293906204961127,0.20335705952273372,0.39964345478439733,0.27772514626258604,-1.2548385938333775,-0.8562101508450863,5–10%,1
скачок без отметки,2212,2024-04,Маркетплейсы,вниз,-0.0897704459770523,-0.683480503971999,-0.4969042125497021,-0.11588749345292844,-0.3708108195549723,-0.6414257368995739,-0.6202045544647646,5–10%,3
скачок без отметки,1287,2023-11,Маркетплейсы,вверх,0.10528394304781141,1.1509291098317076,0.6487727187782576,1.8207447013162532,0.6706606452223237,0.162365056479095,0.5281763432821498,10–20%,5
скачок без отметки,293,2024-03,Маркетплейсы,вниз,-0.1001376993701939,-0.06205202180653857,-0.6709446973651702,1.51481565122239,0.8097861815885494,2.334853844713724,1.3441684500739601,10–20%,1
скачок без отметки,546,2024-09,Маркетплейсы,вниз,-0.06455826795949626,-0.1496217102322093,0.48685780645822485,-1.437496479283308,,,,5–10%,1
скачок без отметки,606,2023-08,Маркетплейсы,вверх,0.18584116014549945,-0.08553235696379728,-0.12725559703486844,0.1116003766891887,-1.154852568543078,-0.44442968890904244,-0.7265721936313353,10–20%,1
скачок без отметки,1966,2024-09,Маркетплейсы,вверх,0.15014912655687684,1.1981673793844116,2.6299548001279636,3.014240769194568,,,,10–20%,
скачок без отметки,2262,2023-10,Маркетплейсы,вниз,-0.23186669068507637,0.0458923122442711,0.7552643248468891,0.8513747629816311,0.3982972839762255,0.5148224120204371,0.5726506325937935,20–40%,1
скачок без отметки,2544,2024-01,Маркетплейсы,вверх,0.06072645998353465,0.23359949160480828,0.2828375356971405,0.6096089308061914,0.3260664425190291,0.048191040929942336,0.1709733679732998,5–10%,1
скачок без отметки,1036,2024-01,Маркетплейсы,вниз,-0.0725817128466133,0.14581896149999551,0.35440072837510705,0.16183402136274236,0.4443257837871596,0.9960447302776901,-0.3400235879198436,5–10%,1
скачок без отметки,1655,2024-03,Маркетплейсы,вверх,0.1425738413309432,0.5396222281889108,0.8267058849689838,0.4681604084491421,0.649709836055985,0.7576771952536326,0.5553813228361332,10–20%,7
скачок без отметки,363,2024-08,Маркетплейсы,вниз,-0.10293682856978137,0.23734355983034097,1.8285789598564606,-0.5490625862123191,-0.8694667877352087,,,10–20%,1
скачок без отметки,1149,2024-02,Маркетплейсы,вверх,0.14413118862255825,0.39056798319648184,1.1687006255214745,0.49605465153868283,1.4123966058007247,0.27605255183097865,0.5116829310475969,10–20%,5
скачок без отметки,223,2024-05,Маркетплейсы,вниз,-0.10068314125246403,0.7887830202580518,0.5887258675514737,0.41233730289351966,0.5232150561064999,0.3390915462472208,0.2725024891851617,10–20%,6
скачок без отметки,1275,2023-09,Маркетплейсы,вверх,0.13492575603372803,2.0843072731376107,1.9362756629844433,1.207696635095666,1.1929354093404878,1.5072453171120945,1.554844294868628,10–20%,7
скачок без отметки,2274,2023-09,Маркетплейсы,вниз,-0.08797167969314756,0.9556426113962264,0.6001966320924795,0.5043464566859267,0.6126888320249388,0.13594157256336664,0.3738998489142292,5–10%,5
скачок без отметки,314,2024-09,Маркетплейсы,вверх,0.06752361245419003,2.4727834462882496,2.4502567630815153,1.868731851109758,,,,5–10%,
скачок без отметки,2264,2024-01,Маркетплейсы,вниз,-0.14271078973201146,0.43636171651819317,0.38930111032723064,0.45535919659392216,0.752998296408336,0.41480269868229414,0.1269214373447261,10–20%,6
скачок без отметки,209,2024-08,Маркетплейсы,вверх,0.09036416803932035,0.039685678586901155,0.6109684044992902,1.4549715951595439,1.5004791354687008,,,5–10%,1
скачок без отметки,783,2024-06,Маркетплейсы,вниз,-0.08613264231094142,0.3775942642993534,0.19631793053704014,0.9836466195112501,0.3775942642993534,1.1457412495057668,1.9854873363048542,5–10%,2
скачок без отметки,528,2024-01,Маркетплейсы,вниз,-0.05313120091046741,0.5977479102065738,-1.5524090648143076,0.26210293887584274,-1.999351053861428,-0.6674695409093478,0.7634124371687387,5–10%,3
скачок без отметки,2215,2024-05,Маркетплейсы,вверх,0.05762747082004882,0.18705199096650765,2.3467804067626123,1.5973944551592347,2.6197127121253687,4.349921711862446,2.8451663854409017,5–10%,1
скачок без отметки,1967,2023-11,Маркетплейсы,вниз,-0.06514959806227782,0.38325362797726265,1.2009529396369436,-0.5691476372359123,0.9332829531311303,-0.3439676470869075,0.6732435287801477,5–10%,7
скачок без отметки,541,2024-10,Маркетплейсы,вверх,0.10290718474927729,1.406253960968875,0.8399477500123653,,,,,10–20%,
скачок без отметки,527,2024-05,Маркетплейсы,вниз,-0.06618603357699904,0.2238667509505001,0.3864999469775097,0.9687058285641901,0.5300092121640776,1.8068501749083725,1.935428292643867,5–10%,1
скачок без отметки,727,2023-09,Маркетплейсы,вверх,0.09579602065747217,0.6728738395818328,1.7437709360682594,0.8432910655304644,0.7882582075521996,0.40236621804374245,0.3106744471581499,5–10%,6
скачок без отметки,1627,2024-05,Маркетплейсы,вверх,0.07182804419411326,0.11835543878019987,0.6365486446183202,0.40792244695225666,-0.263954790041718,-0.17909613323246826,-0.8976482124958465,5–10%,1
скачок без отметки,402,2023-07,Маркетплейсы,вниз,-0.24901847835496138,0.7681655519129084,1.0127667905114832,0.5830547977442033,0.43486117576883226,0.46559948420290065,0.4290967457008128,20–40%,7
скачок без отметки,2063,2023-10,Маркетплейсы,вверх,0.05974986426224582,1.2989191447209272,1.7739041669076618,1.1893768388810184,-0.19144245437982144,0.15488028084724606,-0.1974303459871274,5–10%,4
скачок без отметки,2098,2024-03,Маркетплейсы,вверх,0.11207530900904317,0.5438575446090111,0.4634027810318477,1.1783246998572021,1.3943845703237594,1.207723372200273,0.9673240442995783,10–20%,7
скачок без отметки,1851,2024-06,Маркетплейсы,вверх,0.12265031891005229,0.9268631048005908,-0.5631012975091253,0.15210365806603587,-0.09877379270120186,-0.2406408768916502,0.41080422987281345,10–20%,3
скачок без отметки,1562,2024-08,Маркетплейсы,вниз,-0.053889473646883346,0.972010098533645,0.6260860408318729,0.09732724738579619,0.1191750779815768,,,5–10%,3
скачок без отметки,602,2023-12,Маркетплейсы,вверх,0.2115500458097186,0.5331103692790696,1.6086219844245335,1.27450559224055,1.8952396377010186,1.6249758955532003,1.7770169061280576,20–40%,7
скачок без отметки,505,2024-06,Маркетплейсы,вверх,0.06903605335084606,0.7149003389791913,0.38252287455730916,0.8604927994739225,0.9100803367031159,1.2252257453240956,0.24827499556466873,5–10%,6
скачок без отметки,1737,2024-06,Маркетплейсы,вниз,-0.08771521448591457,0.31332324956951857,0.1484758000723154,0.017223402218637756,0.05743262600726844,-0.6835195803509988,0.0312838605941086,5–10%,1
скачок без отметки,2545,2024-11,Маркетплейсы,вверх,0.055878554269908065,0.9399168360972505,,,,,,5–10%,
скачок без отметки,727,2023-11,Маркетплейсы,вверх,0.10258768037704069,0.1591350154069557,0.10774552321501152,-0.25259908017830635,-0.33822053828705445,-0.7581138532014984,-0.6291849256511581,10–20%,1
скачок без отметки,1851,2023-07,Маркетплейсы,вниз,-0.10772469593202594,2.3237587815940532,0.659099211129608,0.9820822073641137,1.3670350943588814,0.8438023846568625,0.7586052389804123,10–20%,7
скачок без отметки,1685,2024-06,Маркетплейсы,вверх,0.10920389344219483,1.5437555120412565,2.3818949134243534,1.2392521778862755,1.4067846445667758,2.7306521738942098,2.492047316403627,10–20%,7
скачок без отметки,1131,2023-07,Маркетплейсы,вниз,-0.09555547147703614,0.40354061524938284,-0.7421923461256515,-1.0853017388707495,-1.0650200465615671,-1.2988085615190308,-1.7734578009614088,5–10%,7
скачок без отметки,731,2023-09,Маркетплейсы,вверх,0.05219392208477114,0.16754348014177475,2.187268558292551,0.5310931818775025,0.6188988122849347,0.4454565431061789,0.07721838160063262,5–10%,1
скачок без отметки,1712,2024-10,Маркетплейсы,вниз,-0.06058352642026499,-0.7959648114162781,-0.8287209839388393,,,,,5–10%,
скачок без отметки,1593,2023-08,Маркетплейсы,вниз,-0.06849749019079177,1.2234136750154565,0.32687639870965196,1.5020543162825224,1.770408639368064,1.9745044075528417,0.29643209368407036,5–10%,2
скачок без отметки,1293,2024-09,Маркетплейсы,вниз,-0.05209883898001344,1.6934573327254976,2.1747792830033714,1.656290358644553,,,,5–10%,
скачок без отметки,445,2024-04,Маркетплейсы,вниз,-0.055262964540004234,-1.894814227020557,-1.1893048027156483,1.67597469187612,0.9793593165688295,1.4111533200954935,0.06324584185070183,5–10%,6
скачок без отметки,1129,2023-07,Маркетплейсы,вверх,0.10242035326861121,3.1422712023862895,1.0121023548702397,0.8516960327475149,2.612155406778716,2.9061163813708486,4.883711693918445,10–20%,7
скачок без отметки,433,2024-08,Маркетплейсы,вверх,0.26068477775563004,0.2201273810275972,0.4400565350905519,0.21609562386273504,-0.23274500525379205,,,20–40%,1
скачок без отметки,1630,2024-11,Маркетплейсы,вверх,0.14902664346431926,0.13868424219204312,,,,,,10–20%,1
скачок без отметки,2293,2023-11,Маркетплейсы,вниз,-0.13923497468294865,0.8180070295433223,0.718428620461863,0.9868501844497889,0.9142560463683863,0.7972351090299467,0.6657509040052261,10–20%,7
скачок без отметки,61,2024-02,Маркетплейсы,вниз,-0.1226535345472124,0.745032762421215,1.3311065224268095,0.6042057607821785,0.1320846475227259,0.8656374574210048,0.4177996818422301,10–20%,4
скачок без отметки,449,2024-08,Маркетплейсы,вниз,-0.09386317344789319,0.9061119264103389,0.34559466192331273,0.42069824319034643,0.7373246814552358,,,5–10%,
скачок без отметки,675,2024-01,Маркетплейсы,вниз,-0.08800384500995406,0.9214131557733948,0.4462405145187706,0.44760759404266803,0.7857645390685611,0.7899090234294941,0.35318162542861126,5–10%,7
скачок без отметки,1164,2023-08,Маркетплейсы,вниз,-0.35104757492437777,0.43036533414688266,0.3284266414686283,0.13397681811996245,0.09749598139182067,-0.4210538983369014,-0.15488739154003045,20–40%,2
скачок без отметки,1286,2024-04,Маркетплейсы,вниз,-0.05820261359995005,-1.6928797182949726,1.4901290228124733,1.2305608504206422,1.9701413945483108,4.347077575180345,-0.08942058349833834,5–10%,6
скачок без отметки,1024,2024-07,Маркетплейсы,вверх,0.09096433663266801,1.2691222319235804,0.41993722702185254,-0.557004973921227,-0.2463511877674816,-0.15009156688939668,,5–10%,4
скачок без отметки,457,2024-12,Маркетплейсы,вниз,-0.05110400290606876,,,,,,,5–10%,
скачок без отметки,431,2023-10,Маркетплейсы,вниз,-0.07127840967994814,1.0,1.5098595489308329,0.6527175723464379,1.0059510048426972,0.8910901864702246,1.9380800838789747,5–10%,7
скачок без отметки,1749,2023-11,Маркетплейсы,вверх,0.22056142392917621,0.5893044388420391,1.2319476131237646,0.16644788695668267,0.39897953033463673,0.31172908587700243,1.4581994124738744,20–40%,3
скачок без отметки,2349,2024-01,Маркетплейсы,вниз,-0.07781825477354332,1.470936227533184,2.0155006116578784,1.152364414647989,1.8926413758755432,1.648236677723288,0.9736141460679235,5–10%,7
скачок без отметки,2327,2023-07,Маркетплейсы,вниз,-0.14169532089910852,0.43724297713945476,0.469975192656387,1.3564395575843475,1.025096177041391,2.152192260961346,0.879810934390861,10–20%,7
скачок без отметки,327,2024-06,Маркетплейсы,вниз,-0.06389169706041997,4.530348375384419,4.123946695279292,4.060516078135159,1.9109560236933882,2.9260642556493313,4.0148393111956135,5–10%,7
скачок без отметки,1621,2024-02,Маркетплейсы,вверх,0.085999686843647,0.8569833950541438,-0.32300513258974495,0.8024699220110946,1.7280898068904127,1.85793549863466,1.2794257196503247,5–10%,2
скачок без отметки,843,2024-08,Маркетплейсы,вниз,-0.08370409583369032,0.10953455524856545,-0.25168836800583355,0.16473025853390322,1.1239012845294167,,,5–10%,1
скачок без отметки,1222,2024-04,Маркетплейсы,вверх,0.1527184301056863,0.15287467497177676,0.7632054207294416,0.7159231826505502,1.445108612025185,0.9962918189264957,1.1223162801909294,10–20%,1
скачок без отметки,2213,2024-11,Маркетплейсы,вниз,-0.09373234565694233,1.2124415989812523,,,,,,5–10%,
скачок без отметки,1256,2024-01,Маркетплейсы,вверх,0.06987624017677341,-0.3597872752255339,0.9838836142432569,0.008581085102165056,0.24550871909839364,0.3348667837832688,1.305454806746212,5–10%,3
скачок без отметки,1889,2024-03,Маркетплейсы,вниз,-0.09542607079652221,0.6466485958119416,0.22768330554520158,-0.2651805789168765,-0.42473294781910453,-0.08758284475073769,-0.8047605132446911,5–10%,2
скачок без отметки,1598,2024-05,Маркетплейсы,вверх,0.05239757228036446,0.022808856293795084,0.21233720526573263,-0.5095594122326361,1.4729172908179657,0.17127056432856422,1.0427972399532577,5–10%,1
скачок без отметки,1719,2024-12,Маркетплейсы,вверх,0.09158262077574442,,,,,,,5–10%,
скачок без отметки,1214,2023-09,Маркетплейсы,вниз,-0.16940088030855094,0.7250564087287938,1.1037518098232995,0.7813775240725094,0.9175337259907078,0.42755457000602193,1.4223801333935724,10–20%,7
скачок без отметки,2151,2024-06,Маркетплейсы,вниз,-0.0532464080407653,1.121379113064696,0.1006143677923585,0.663840613630904,-0.2549139611969927,-0.03645037345845482,1.1949987407864902,5–10%,2
скачок без отметки,2163,2023-12,Маркетплейсы,вверх,0.10301191891861539,0.7878024394551891,0.16440925432712877,-0.16116430503514853,0.5097678794281507,0.1903759731181049,0.47579469116483236,10–20%,2
скачок без отметки,2057,2024-10,Маркетплейсы,вниз,-0.2071714132423974,0.19058157599527067,0.46634445514578515,,,,,20–40%,1
скачок без отметки,1589,2023-12,Маркетплейсы,вниз,-0.0957834300145688,2.7777757591604053,2.620064200166744,2.4992281859391716,2.0357329713124517,0.930233263113426,0.5204078092385511,5–10%,7
скачок без отметки,1896,2024-12,Маркетплейсы,вниз,-0.0536454900594574,,,,,,,5–10%,
скачок без отметки,1860,2024-12,Маркетплейсы,вниз,-0.24888026349663406,,,,,,,20–40%,
скачок без отметки,1631,2024-04,Маркетплейсы,вниз,-0.09048763977625462,0.9241058852750865,0.6762789440267982,0.3761157266836335,0.3356716483939995,0.3907705004215643,-0.16433294586692757,5–10%,6
скачок без отметки,1876,2023-12,Маркетплейсы,вниз,-0.06193869288556364,0.6196532322208631,0.8451382402029951,1.5479709389356,1.11819605501598,1.3390378064599384,0.869332368018093,5–10%,7
скачок без отметки,1190,2024-08,Маркетплейсы,вниз,-0.052305730855842114,-0.48405798700171837,0.5074041409093898,-0.7962751558369642,1.6235742657196244,,,5–10%,
скачок без отметки,1686,2024-08,Маркетплейсы,вниз,-0.11375474896227011,0.9871595141842844,2.1663622623025995,1.516119973026452,2.4391940884995855,,,10–20%,
скачок без отметки,386,2024-03,Маркетплейсы,вверх,0.06275946127923238,1.8338076154535028,-2.021439862495231,-1.0331324990187667,-1.4381599695483898,0.22116351962666883,-1.5213656547902992,5–10%,5
скачок без отметки,1336,2024-11,Маркетплейсы,вверх,0.12659852637824898,-0.12826832703612068,,,,,,10–20%,1
скачок без отметки,352,2024-11,Маркетплейсы,вниз,-0.06113403176094323,1.1375107082907345,,,,,,5–10%,
скачок без отметки,1669,2023-12,Маркетплейсы,вниз,-0.07517495279096842,0.11136691128889534,0.14478510498373298,0.3301945299374804,1.1756974254923538,0.5694500499610492,1.3962460208550487,5–10%,1
скачок без отметки,355,2024-09,Маркетплейсы,вверх,0.08883639085074435,0.3524527062693241,0.8643303884170178,1.0760734455718854,,,,5–10%,
скачок без отметки,1638,2024-01,Маркетплейсы,вниз,-0.057589055426759295,2.5714090842391752,2.407381397187603,2.3027998382635997,2.552129990204535,2.8468629183667526,1.7354903784498128,5–10%,7
скачок без отметки,1215,2024-06,Маркетплейсы,вверх,0.12495336296753834,1.231473357933149,0.7350196880551412,0.7774919174769838,0.9102150144045607,0.5427152690495334,-0.18558649222341253,10–20%,6
скачок без отметки,2328,2024-10,Маркетплейсы,вниз,-0.07294968366903021,0.1744230186440381,-0.15745753427883535,,,,,5–10%,1
скачок без отметки,2340,2024-02,Маркетплейсы,вверх,0.07399022955686974,-0.38849810545367625,-0.7769549361288878,-1.3143856100314608,-1.6902737488771928,-0.6054469650201897,-0.581519187871297,5–10%,7
скачок без отметки,1314,2024-07,Маркетплейсы,вниз,-0.1404922039297194,0.5839841939268046,0.10894768378353122,0.5875486194208487,1.0617313132989754,0.4680114108758365,,10–20%,2
скачок без отметки,325,2024-04,Маркетплейсы,вверх,0.08914909131219595,-0.1640105819271316,0.19183194830844788,-2.747105514047747,-2.5587724467615343,-2.0895151084137984,-0.318064816547332,5–10%,1
скачок без отметки,2064,2024-12,Маркетплейсы,вниз,-0.10385133664983925,,,,,,,10–20%,
скачок без отметки,2096,2023-08,Маркетплейсы,вверх,0.08279254206690556,0.38332065732517484,-0.157054719354796,-0.22838534169536145,0.36528188804355005,0.6339491487329224,0.4580339340713504,5–10%,2
скачок без отметки,880,2024-09,Маркетплейсы,вверх,0.16285883523504463,0.7795141520009164,1.0682361982619277,1.663674485720488,,,,10–20%,
скачок без отметки,1249,2024-01,Маркетплейсы,вниз,-0.05872874737582556,0.1296276440605068,0.8847513103478439,1.7241093957157272,0.7280012377560319,-0.6409118367586932,-0.5523821927405318,5–10%,1
скачок без отметки,70,2024-10,Маркетплейсы,вниз,-0.08687580659056415,-0.4780641316243379,0.6215375389741178,,,,,5–10%,
скачок без отметки,47,2023-10,Маркетплейсы,вниз,-0.11768968398368251,-0.4534829515643876,-0.44209254380104296,0.4331630536559227,-0.038409146005890606,-0.7540296350739794,-1.6645670576346685,10–20%,4
скачок без отметки,49,2024-04,Маркетплейсы,вниз,-0.08022662915137957,1.7175438089031463,1.1994173023624937,1.5846607393276178,1.1124146893544216,1.1693031245539571,2.005009309184856,5–10%,7
скачок без отметки,2196,2024-02,Маркетплейсы,вверх,0.07706155746232568,1.375969161622165,2.318545562959831,1.0225578044403087,0.22432336604059178,-0.5123487343277816,0.15583271171777888,5–10%,4
скачок без отметки,793,2024-04,Маркетплейсы,вниз,-0.06732037701052551,-1.3154450399180289,-0.05313652026339901,0.2187602987340972,0.883476605174611,1.4923952094646078,0.02399633939678148,5–10%,2
скачок без отметки,552,2023-11,Маркетплейсы,вверх,0.07524762508174287,1.0219790008917933,-0.016944253906964787,-0.18693850509701024,-0.24761736669086087,0.4765707151945372,-0.7056245315212735,5–10%,2
скачок без отметки,734,2023-08,Маркетплейсы,вниз,-0.08945327822049265,0.7834551433941227,1.3398259044250418,0.9723479080404638,-0.0409219651179887,1.0971411912886382,1.390098536778772,5–10%,4
скачок без отметки,1030,2024-02,Маркетплейсы,вниз,-0.06978192119420612,1.9110876073485168,0.5237929361055295,0.7328359748213994,1.0249410007057291,0.6689890438735666,0.8609893983953006,5–10%,7
скачок без отметки,1920,2023-12,Маркетплейсы,вниз,-0.06410184581910272,0.25458438715216264,0.48389744811771185,0.20045229441897752,0.8440123506653746,1.103151000932561,0.8006923863794941,5–10%,1
скачок без отметки,670,2023-09,Маркетплейсы,вниз,-0.09001667570706218,0.3892170188709152,0.2613872783533653,0.8457606128426962,1.5315890687091587,2.013752662719488,1.8007129732496523,5–10%,2
скачок без отметки,2015,2023-09,Маркетплейсы,вниз,-0.1708379137185574,1.3755910803884628,0.6661275728511258,0.7498031248845254,1.114818939924704,0.4773408710829097,0.5021858660183075,10–20%,7
скачок без отметки,1656,2024-11,Маркетплейсы,вверх,0.07545180576759591,0.30060161462221174,,,,,,5–10%,1
скачок без отметки,57,2024-05,Маркетплейсы,вниз,-0.07192633510452495,0.7181700489211815,0.9373015763309148,1.1090771309900542,0.8251661894883432,1.4201041208451455,1.2743578901025663,5–10%,7
скачок без отметки,674,2023-08,Маркетплейсы,вверх,0.05084315529042627,0.947872974259189,0.7725828337872697,0.9585112135101833,0.7531622373592732,-1.1156605079030397,-0.7489356864658978,5–10%,7
скачок без отметки,2337,2024-02,Маркетплейсы,вверх,0.05085134532276747,0.27761725595193526,-0.2600338134656431,-0.45983802075882385,-0.7279849487742265,-1.2077245573860902,-1.256594913716787,5–10%,1
скачок без отметки,2598,2023-10,Маркетплейсы,вниз,-0.08374584480954184,2.1604098756882655,0.3898863719813878,0.3462049954599987,-0.30316090581776006,0.9501011692430071,-0.17609351854173916,5–10%,4
скачок без отметки,925,2023-09,Маркетплейсы,вниз,-0.19701757014879107,0.9326039066042432,1.1837124216476407,0.851922426406461,0.8603892097166613,-0.06217760908557347,0.0643365792290656,10–20%,5
скачок без отметки,1565,2024-05,Маркетплейсы,вверх,0.07068195643424602,0.9172014147102262,1.0052943114679564,1.061276633008342,0.2916293598853589,0.5744755307215342,0.7922423640152364,5–10%,4
скачок без отметки,924,2024-12,Маркетплейсы,вниз,-0.0564922088844142,,,,,,,5–10%,
скачок без отметки,184,2024-11,Маркетплейсы,вверх,0.0983383527752526,1.5663811215778993,,,,,,5–10%,
скачок без отметки,1949,2024-09,Маркетплейсы,вниз,-0.24668615727451915,0.2891614659015292,0.46142117690922824,0.49813816689619694,,,,20–40%,1
скачок без отметки,435,2024-02,Маркетплейсы,вверх,0.15763320702384132,0.5426256528925165,0.4671647894101052,0.6088543755737966,0.16691326907510753,0.45211776835319173,-0.13795094331812474,10–20%,4
скачок без отметки,2211,2023-11,Маркетплейсы,вниз,-0.06845727847595562,1.1243348776399418,-0.6351111320022615,-1.3504597791313802,1.3260203465678828,0.7730503834135789,-0.6083996656434428,5–10%,7
скачок без отметки,2439,2024-02,Маркетплейсы,вниз,-0.057187642954392715,1.4271804583371905,0.7399624756031811,1.1374658429131852,1.256345395392744,0.9043267395958131,1.3920407518821771,5–10%,7
скачок без отметки,2035,2023-12,Маркетплейсы,вниз,-0.05158067983006731,0.4094718323285144,-0.9590550460437088,-0.7946249622347483,-1.157449343995198,-1.6488924015253494,-1.955156066998314,5–10%,7
скачок без отметки,1051,2023-10,Маркетплейсы,вниз,-0.0732879417925485,0.21271945866105002,0.1880028910575238,0.5563285175787148,1.190426280393453,0.7281801247729282,1.3838632682910441,5–10%,1
скачок без отметки,1282,2024-10,Маркетплейсы,вверх,0.19035730399100892,1.4906137296034085,0.6148718038308024,,,,,10–20%,
скачок без отметки,507,2024-09,Маркетплейсы,вверх,0.05181426132898359,0.25820953675430186,0.3288474925027293,0.16439486635211362,,,,5–10%,1
скачок без отметки,667,2023-08,Маркетплейсы,вверх,0.054730365594322095,1.642764614465979,0.9011575978729054,1.1593441320025744,1.078146103387982,-0.35651927358430546,-1.0247524057054465,5–10%,7
скачок без отметки,457,2024-03,Маркетплейсы,вниз,-0.06884596324717229,-0.6246866839793234,1.2416975311830225,1.8234035453210948,0.03527644462204645,0.23378981175789212,1.0893624336296852,5–10%,4
скачок без отметки,1878,2023-08,Маркетплейсы,вверх,0.08505091161895706,0.6040773005784096,0.6588798686236715,-0.3317256207631369,0.4187363745500828,0.7352072761507269,0.8274645866716324,5–10%,3
скачок без отметки,2155,2024-09,Маркетплейсы,вниз,-0.0631872212621225,1.1135363930429252,-0.3787626655409153,0.8077926157246561,,,,5–10%,
скачок без отметки,801,2024-04,Маркетплейсы,вверх,0.09065857383478892,0.48736701385464026,0.4437626681603308,0.9263930136214609,1.3212716061052112,1.8040026843563999,1.6671445702619696,5–10%,7
скачок без отметки,2156,2024-05,Маркетплейсы,вниз,-0.12732288517752366,-0.5933327445214118,0.030127963316642168,-0.642375030182399,-0.34080820910952153,0.07400760289615883,-0.5249719039281294,10–20%,2
скачок без отметки,2268,2024-08,Маркетплейсы,вверх,0.07698014999785752,-0.7516304609671894,0.6806918182777093,1.9186442185179224,0.10578514803040719,,,5–10%,4
скачок без отметки,1714,2024-01,Маркетплейсы,вверх,0.06439397888969367,2.0782880533233534,1.3922322078180802,1.219799345238494,0.6991286695381171,1.3389686308008528,2.636075752152192,5–10%,7
скачок без отметки,316,2023-11,Маркетплейсы,вверх,0.2720372711848169,-1.029447887305594,-0.31644495010314455,-0.46742677071304445,-0.32286959528705017,-0.32286959528705017,-0.8883989276573823,20–40%,2
скачок без отметки,1347,2024-09,Маркетплейсы,вниз,-0.05557188568915272,-0.31819423276473935,-2.9966163818201235,-0.9578651242103849,,,,5–10%,1
скачок без отметки,2067,2024-06,Маркетплейсы,вверх,0.06281883247844178,-1.6051867881166602,-1.9264168574509435,-0.14641233713600207,1.0946712577385764,-0.8388183445179105,-0.8254142057747855,5–10%,3
скачок без отметки,1055,2024-05,Маркетплейсы,вверх,0.08894927619086346,1.497804159394828,0.8971214706887186,1.0586771162619162,0.8642572300171459,0.6248246783203121,0.6096662406591303,5–10%,7
скачок без отметки,2064,2023-12,Маркетплейсы,вниз,-0.08743196771060191,0.0350521975363008,1.3338429331769042,0.21680637572082231,0.33106293412358784,1.260445867448781,0.7687319159849135,5–10%,1
скачок без отметки,334,2024-05,Маркетплейсы,вверх,0.0988425235696404,4.737030520778841,0.148844071816587,0.02367080103725793,-1.0519126456188062,-1.8927861825462584,1.0321264475967735,5–10%,2
скачок без отметки,828,2023-09,Маркетплейсы,вниз,-0.06749866389068337,-0.016010247688571046,-0.2136819684347669,1.0451880077758315,1.2499545211403489,1.3892031722178555,1.2881622953342897,5–10%,1
скачок без отметки,568,2023-07,Маркетплейсы,вверх,0.05933795743727277,0.8068186611011541,-0.9194936647578567,0.6189869956825211,-0.31451237234094387,1.937948110187567,4.056324066210737,5–10%,4
скачок без отметки,2230,2023-11,Маркетплейсы,вниз,-0.2133766000720989,-0.8673953052768834,-1.066043947488713,-1.6524803863941389,-1.195093382634709,-0.2738406422376808,-1.0956860568499196,20–40%,5
скачок без отметки,3007,2023-12,Маркетплейсы,вверх,0.10199513553865103,0.9020154654980326,0.5972623080561595,0.45874663386910075,-0.32335725942583415,0.051701308463451695,-0.3947440550227136,10–20%,4
скачок без отметки,220,2024-06,Маркетплейсы,вверх,0.053762651222443836,-0.19655496024146762,-1.16438017900517,-0.17435790766475298,0.828327036853564,0.18376263098941062,0.9120905973910383,5–10%,1
скачок без отметки,2229,2023-09,Маркетплейсы,вниз,-0.0609519346194336,1.1238599915584495,4.75821805727061,3.2992157565945006,2.7387806629613127,1.2506475462155178,2.376911456328569,5–10%,7
скачок без отметки,1139,2024-12,Маркетплейсы,вниз,-0.05416821303579411,,,,,,,5–10%,
скачок без отметки,1752,2024-04,Маркетплейсы,вверх,0.07047017233555408,0.009978429342815747,0.31335383405638667,0.6795130627262999,-0.3705976922046222,-0.13709983618408741,-0.21752707113494377,5–10%,1
скачок без отметки,1132,2023-11,Маркетплейсы,вверх,0.12100093008545976,0.08575168522291655,0.4702920891835826,-0.22215155884086513,0.5453204138141221,0.3732713550190353,0.26869073364871177,10–20%,1
скачок без отметки,898,2024-04,Маркетплейсы,вверх,0.18213207799426634,1.1550458731839282,1.56871900906721,1.6009753446572297,1.517060303025613,1.5192038462420105,1.9568782005814291,10–20%,7
скачок без отметки,2065,2023-08,Маркетплейсы,вниз,-0.13692123903297926,-0.5902555368407832,0.12224627944933199,-0.40545191461357377,-0.6642598431824004,0.1365538366930499,0.05099253800013909,10–20%,2
скачок без отметки,736,2024-04,Маркетплейсы,вниз,-0.06942976803941203,1.5791722395796262,0.37163473249750445,-0.33815028980638884,0.9147942618997004,0.04251031529868652,0.3818146724399152,5–10%,5
скачок без отметки,2204,2024-05,Маркетплейсы,вверх,0.1426732599366538,0.48967213323850767,0.9746377277719224,0.7867091701012382,0.520523434727028,0.7282820133308773,0.5139175610428169,10–20%,7
скачок без отметки,1730,2024-10,Маркетплейсы,вверх,0.1739740606403899,1.4299163017253134,1.1951095540505114,,,,,10–20%,
скачок без отметки,414,2024-06,Маркетплейсы,вниз,-0.09428118988652479,0.4850347976252876,-0.4208229732193645,-0.10239284128045711,0.37944605880080756,0.7565396708514067,0.6206003132826403,5–10%,3
скачок без отметки,1589,2024-07,Маркетплейсы,вниз,-0.05639225861743391,1.0297072400814027,1.3486286964639242,2.3076693619585353,1.9232313976652244,2.311264707901989,,5–10%,
скачок без отметки,351,2024-11,Маркетплейсы,вниз,-0.07115597103463855,-0.10934801623641434,,,,,,5–10%,1
скачок без отметки,690,2023-09,Маркетплейсы,вниз,-0.10255481519355314,1.3965943147843516,0.25640445527585026,0.3100650217341928,0.43269322032142,-0.2208546388231461,-1.1220652334453014,10–20%,2
скачок без отметки,39,2023-09,Маркетплейсы,вниз,-0.08255798552839977,1.589014106617834,0.6864456199331391,1.5022917515582128,-0.4931176248997002,-0.5886387706601065,0.0002314963382197888,5–10%,6
скачок без отметки,2093,2023-10,Маркетплейсы,вниз,-0.09734702796516181,1.6691736757823943,-0.06689082496180124,0.6265040833133263,-0.35039083513148733,-0.7772556887615445,0.7080766715326268,5–10%,2
скачок без отметки,1618,2024-06,Маркетплейсы,вверх,0.06609550349293869,1.6558472327881388,0.9055094938167312,1.491495916516849,0.787021429657467,0.04482818561906115,-0.4293954510685197,5–10%,5
скачок без отметки,195,2023-08,Маркетплейсы,вниз,-0.09333521819519497,0.44978858421448986,0.6126498102942964,-1.2884341654760123,0.7389083049345051,0.2142786567892376,0.07576001374627876,5–10%,5
скачок без отметки,2132,2024-04,Маркетплейсы,вниз,-0.09101304841137114,0.2748708988401078,0.47052992315444186,-0.27823378846802826,-0.6636922367664386,-0.8420578279530262,-0.5321042925482761,5–10%,1
скачок без отметки,929,2024-01,Маркетплейсы,вверх,0.05991794860955135,0.9119420144717872,1.2261451391863858,0.7730481278488172,3.1032220875258085,1.4547631838677855,3.704827245431119,5–10%,7
скачок без отметки,2190,2023-12,Маркетплейсы,вниз,-0.10769609475021369,0.8496368870592842,0.6928397427411936,0.8815453601135156,0.9620985658502695,0.8905302591462714,1.4369810332945088,10–20%,7
скачок без отметки,184,2024-04,Маркетплейсы,вверх,0.11626641897943912,-0.0439216968924469,1.3208171173786531,-0.36365696308247447,0.33921655996238115,0.17337388802731216,-0.6852874308489162,10–20%,1
скачок без отметки,1856,2023-07,Маркетплейсы,вверх,0.05105141680822989,-0.9384325444190229,-0.9207076702227494,-1.5202909745645614,-0.9083617272456858,-0.5406769171562359,1.1327961037514203,5–10%,7
скачок без отметки,232,2024-10,Маркетплейсы,вверх,0.08524272487356299,-0.1238833711596886,-0.46852593571748546,,,,,5–10%,1
скачок без отметки,2025,2024-03,Маркетплейсы,вверх,0.06558206536883837,3.3884362722323313,3.41719625874649,1.6786727684268234,2.696974847332813,3.8838190332958327,3.6468491153796863,5–10%,7
скачок без отметки,763,2023-10,Маркетплейсы,вниз,-0.05895076174021607,0.5598673338604624,1.3231886945487663,1.7324741169843911,2.00424087420246,1.7873083951195654,2.5982521769076894,5–10%,7
скачок без отметки,2309,2023-12,Маркетплейсы,вверх,0.20489656710377613,1.634549096806569,1.5779104187139394,0.7561473035762121,1.5247403517243623,1.7436219193863307,1.0687879448882132,20–40%,7
скачок без отметки,621,2024-01,Маркетплейсы,вверх,0.09289374689269714,-3.653151850832176,1.0,1.0,1.0,1.0,1.0,5–10%,7
скачок без отметки,60,2024-06,Маркетплейсы,вверх,0.06486798351722634,0.23328080081595842,0.6383031498094368,0.8237454518838726,1.95388306020816,1.5100937214060188,2.483659569394561,5–10%,1
скачок без отметки,511,2024-01,Маркетплейсы,вниз,-0.0675074366045072,0.5428176039305118,0.7836369727835543,0.8033760151795803,0.29037806411696354,0.25206417936612724,-0.1857766874159145,5–10%,4
скачок без отметки,2066,2024-07,Маркетплейсы,вниз,-0.051001554429317864,1.0194082300377383,0.9395104747895241,-1.5870175953440124,0.9271417458519419,-0.1712477272580392,,5–10%,5
скачок без отметки,1738,2024-03,Маркетплейсы,вниз,-0.05435427884369837,2.0259808026855954,2.248237098790157,2.126740682786444,0.9245986667642466,1.8642304040938147,1.7967396013003962,5–10%,7
скачок без отметки,1031,2023-08,Маркетплейсы,вниз,-0.07186279734653933,0.40203509050346753,0.9482784011749567,1.1424750440264189,1.4020524290285634,0.9130018428022381,0.774482000340251,5–10%,7
скачок без отметки,2039,2024-11,Маркетплейсы,вниз,-0.05789710106853718,-1.260422247666649,,,,,,5–10%,
скачок без отметки,1577,2024-05,Маркетплейсы,вверх,0.05557605426318801,0.8155316025949421,1.0,1.6003902598632065,0.7632185848534583,0.33755508267436496,0.23962391331770733,5–10%,6
скачок без отметки,237,2024-03,Маркетплейсы,вниз,-0.14135551023583126,0.49382874653459985,0.06532330530078866,0.35585102772010796,-0.0828428123922605,0.04060641213672879,-0.47708935733964697,10–20%,2
скачок без отметки,2236,2024-01,Маркетплейсы,вверх,0.11845146805465134,0.4456304337838989,0.3777177072632442,0.9795938890774386,0.6052473677052496,0.28693856216603747,0.7412986075515907,10–20%,5
скачок без отметки,1864,2023-12,Маркетплейсы,вниз,-0.07692618930777151,0.9944557179674927,0.8892082038931114,1.6947747998944667,1.8849950182456026,0.7784952710572303,1.2565072459592586,5–10%,7
скачок без отметки,1291,2024-05,Маркетплейсы,вниз,-0.07763317547388837,0.1381610423854825,1.5552692772619403,0.05785796983282138,-0.5597878813266932,2.3813332011689714,2.407453033841552,5–10%,1
скачок без отметки,2022,2024-12,Маркетплейсы,вниз,-0.0908953935607002,,,,,,,5–10%,
скачок без отметки,395,2024-09,Маркетплейсы,вверх,0.07811417366394569,1.2371055787106,-0.43650121864200214,0.7427625613326202,,,,5–10%,
скачок без отметки,876,2023-07,Маркетплейсы,вверх,0.15721374940391541,1.0053972627911163,0.31962367668672437,1.16049658975817,1.3265891888341552,2.1608013611145407,2.5978047078352353,10–20%,2
скачок без отметки,449,2024-02,Маркетплейсы,вниз,-0.09502449807786384,-0.11430148671387735,-0.1924063314231432,0.7473212338416636,0.22911358900623624,-0.0510096537108348,0.9367690280663733,5–10%,1
скачок без отметки,2156,2024-11,Маркетплейсы,вверх,0.0762637989710786,-0.45912683275900235,,,,,,5–10%,
скачок без отметки,1568,2024-09,Маркетплейсы,вниз,-0.08177726057587797,0.5651656602389524,0.9773393366208338,0.7993446554913681,,,,5–10%,
скачок без отметки,1058,2024-11,Маркетплейсы,вверх,0.08150019909246176,0.9631564559002204,,,,,,5–10%,
скачок без отметки,1644,2024-07,Маркетплейсы,вниз,-0.06804129110070711,1.0204235328848048,-0.13809735252909042,0.023083023491209678,-1.1985779821211888,-0.7936247469795557,,5–10%,2
скачок без отметки,1852,2024-06,Маркетплейсы,вверх,0.08787237158203531,0.9288817662425953,-1.1208257955995822,0.6043964919289402,1.3114183487060747,1.1322612941222172,1.4635774547644498,5–10%,7
скачок без отметки,2317,2023-09,Маркетплейсы,вверх,0.14619959167200935,1.1533157950986646,1.4847278354742621,1.1954730256189956,2.290668839506739,2.423017029170475,2.369457060584168,10–20%,7
скачок без отметки,903,2024-01,Маркетплейсы,вверх,0.05523560557190699,0.285495659581049,1.6910471954617055,3.16046378240887,1.0404188547096966,4.114461174089869,2.0530764316633503,5–10%,1
скачок без отметки,391,2023-07,Маркетплейсы,вниз,-0.16678009460711607,0.46680620258716854,0.7272586213062273,0.9929141022251023,-0.7714256817423754,0.3049815616792516,0.29600060784529203,10–20%,5
скачок без отметки,2254,2023-10,Маркетплейсы,вверх,0.15211863644731682,-0.267234732459406,-0.28158573890958677,-0.15008924394003925,0.03970036985387077,1.0595914777094033,0.49516607349143466,10–20%,1
скачок без отметки,2042,2024-07,Маркетплейсы,вверх,0.05012388069785345,0.29363480057793,0.5783684270059295,1.7144718978555145,0.6419287370957981,0.8184054721690437,,5–10%,1
скачок без отметки,1326,2023-08,Маркетплейсы,вниз,-0.16584548730242332,2.1825372901294635,1.0080093240997747,-0.4219786946483596,-0.8528697383967817,-1.8154978734243457,-1.605537348129581,10–20%,7
скачок без отметки,1574,2024-05,Маркетплейсы,вверх,0.06066988690615638,2.1624710824565465,2.4053340030461365,1.6224898136193624,2.920902071966321,2.740935661879634,2.994347164342875,5–10%,7
скачок без отметки,1661,2023-11,Маркетплейсы,вниз,-0.05208337975779376,-0.5059084657015289,-1.5580075371989959,-0.8268595216018672,-0.4758934041533897,-0.5246444167173285,0.6667744652441456,5–10%,7
скачок без отметки,2251,2023-11,Маркетплейсы,вверх,0.057144229342186215,0.05024575693533482,0.4830471937153231,-0.28792439421804605,0.22939347585076367,-0.5864379889401518,-0.11128696468042144,5–10%,1
скачок без отметки,1019,2024-05,Маркетплейсы,вверх,0.08147398451387211,0.6351859645673744,0.3448257008721495,-0.8497410385623002,0.14478368210651593,-0.7758709721709129,-0.3430491462441591,5–10%,4
скачок без отметки,1353,2024-08,Маркетплейсы,вверх,0.1962278377616249,1.7014168299632162,0.11813350976202794,0.7809872115184572,0.14881239077094316,,,10–20%,2
скачок без отметки,235,2023-10,Маркетплейсы,вверх,0.10873648656227619,0.13575383601599222,1.3784194739901152,0.0886759479843058,0.4337479445104996,1.5483705847299072,1.4183566321007781,10–20%,1
скачок без отметки,1679,2024-06,Маркетплейсы,вверх,0.11520830004076466,1.0632311496443732,0.7876919227478041,1.5386889672023871,1.756318753089538,0.9603769296513528,0.6814759567224596,10–20%,7
скачок без отметки,1149,2024-06,Маркетплейсы,вверх,0.132073455052506,-0.24008733713919994,0.017055073639512593,0.5271272060408666,0.5063587742354868,0.631262800955199,-0.793553358175325,10–20%,1
скачок без отметки,2208,2023-08,Маркетплейсы,вниз,-0.13110230054703376,0.20905760757987116,-0.35884562979590867,-1.194466191957478,-0.48715596135389166,-0.33216651734780883,-0.45468886936412023,10–20%,1
скачок без отметки,2185,2023-09,Маркетплейсы,вниз,-0.13162526153299758,1.3815058286657613,1.6837817019298702,1.6022182527161255,1.7190997073975374,-0.33728541445108556,0.21980622372345074,10–20%,6
скачок без отметки,5,2024-03,Маркетплейсы,вниз,-0.16171089617524892,0.08046638654798147,-0.5674651904153313,-0.838115500669724,-0.09344566364271631,-0.09344566364271631,-0.09344566364271631,10–20%,1
скачок без отметки,1918,2024-04,Маркетплейсы,вверх,0.06600953470792881,0.23847325617375226,0.3604885709358368,0.9071448477391725,1.3601193411558135,-0.21225101066254126,1.1105062074957772,5–10%,1
скачок без отметки,2886,2024-02,Маркетплейсы,вниз,-0.09064062470778111,0.8470015844170021,1.0963859938742249,0.4337456201687962,1.1335539343120653,0.9785690101288076,2.3823714511482863,5–10%,7
скачок без отметки,196,2023-08,Маркетплейсы,вверх,0.11059232702240607,0.5882625115104197,0.5476680046853781,0.15219629582833713,0.20075619358018873,0.4882420236771463,0.36406603182627695,10–20%,3
скачок без отметки,274,2024-07,Маркетплейсы,вниз,-0.05814777664638715,0.9292581121356077,1.2534189354972127,1.9216821395851134,2.864812720795451,1.358911000965662,,5–10%,
скачок без отметки,616,2023-08,Маркетплейсы,вниз,-0.19370554369141413,0.4347005308281296,0.6300882879505456,0.448992540761604,-1.0541055227456493,-0.7722649568819377,-0.6064955579997128,10–20%,7
скачок без отметки,2249,2024-01,Маркетплейсы,вниз,-0.061502249880559745,1.2651002446407689,1.454504284691003,5.734753841149608,7.2740834112195385,3.1368885148469983,-1.1245196565335147,5–10%,7
скачок без отметки,1303,2023-11,Маркетплейсы,вверх,0.06739291338699616,0.16672836269338212,0.6990269719546686,-1.1377476617023163,-0.7800896760597953,-1.5610905790970806,-1.2888406840218831,5–10%,1
скачок без отметки,384,2024-12,Маркетплейсы,вниз,-0.14039698847621906,,,,,,,10–20%,
скачок без отметки,690,2024-03,Маркетплейсы,вверх,0.09242348598194727,0.08703752386350591,0.21549814514545126,0.9702818261811581,1.7254632093815085,0.8594260382641498,0.9115103364987823,5–10%,1
скачок без отметки,16,2023-10,Маркетплейсы,вверх,0.13206395124695192,1.1669244640416214,0.8361054501015559,0.2848753378745867,-0.4089644543083316,-0.5092709584177744,-0.44571985989063106,10–20%,3
скачок без отметки,1890,2023-08,Маркетплейсы,вверх,0.059756827620997655,1.9236728679119053,2.332829567448138,2.373261959542665,1.4560452183853745,1.4123115058351619,1.0732841564420195,5–10%,7
скачок без отметки,1652,2023-12,Маркетплейсы,вниз,-0.07726914391378514,1.6849211705544904,1.8749588441709022,1.6127115305626378,1.8805913329060822,1.5969495394110604,2.234892121598904,5–10%,7
скачок без отметки,583,2024-05,Маркетплейсы,вверх,0.1883951149474008,0.6228800504855474,0.7765360117113995,1.6815569916366855,1.2596246981733186,0.1372410523533655,1.2975936759515687,10–20%,5
скачок без отметки,288,2023-09,Маркетплейсы,вниз,-0.0801668707942591,-1.605747103101736,-1.5807364507428876,-0.45021963174396784,-2.1509516041899563,-2.780769105686505,-1.3593736122939926,5–10%,7
скачок без отметки,1660,2024-05,Маркетплейсы,вверх,0.07003059562886627,0.5608325772940397,-0.366507286014156,-0.06976651668178964,-0.8094437111745292,-0.6052802382926504,-1.375160366907812,5–10%,3
скачок без отметки,294,2023-09,Маркетплейсы,вниз,-0.14074495609115267,0.6382713078705506,0.5773221634892197,0.3719647949407509,0.7083819334474005,0.6268954006737574,1.3468932112152445,10–20%,7
скачок без отметки,1648,2024-11,Маркетплейсы,вниз,-0.08326868770858376,-0.021796923211109202,,,,,,5–10%,1
скачок без отметки,1157,2024-01,Маркетплейсы,вверх,0.11074833854631017,0.7191181073316132,0.8855033111441646,1.0148684409250148,1.316604456714293,0.8404196469185322,0.367123022777711,10–20%,7
скачок без отметки,1203,2024-01,Маркетплейсы,вверх,0.06362445976411202,0.3797453085846724,1.0,0.6709462692302733,0.8606073757007434,1.1256630782922588,0.3055998676370597,5–10%,6
скачок без отметки,2121,2023-12,Маркетплейсы,вниз,-0.06783460746421355,0.6971225774241879,0.7185593026732603,1.0100329465232705,0.8313594623729967,0.5777199887165547,0.34366757628358685,5–10%,7
скачок без отметки,81,2024-08,Маркетплейсы,вверх,0.09502471662611178,0.8865083784587573,1.0888753805104439,0.8438185068418149,0.7781640185259211,,,5–10%,
скачок без отметки,1312,2024-07,Маркетплейсы,вниз,-0.05917590629194969,-0.6171312805453263,-1.0861686849192755,-1.2920989681766457,-1.2231141737520057,-0.677881462340978,,5–10%,
скачок без отметки,1887,2023-10,Маркетплейсы,вверх,0.08815588421357212,0.5014676997774652,1.0551831181780118,0.27282207335623515,0.8813450181135191,0.7402882358038435,-0.8080032051212752,5–10%,3
скачок без отметки,1351,2023-11,Маркетплейсы,вниз,-0.18466494308979797,-0.05798408589491053,1.0947001536303456,0.7810336456151045,0.04194304285141638,0.3834838545355405,-0.20553811793450244,10–20%,1
скачок без отметки,1878,2023-12,Маркетплейсы,вверх,0.06382747683677081,1.4217014366844238,1.5446354574570549,-0.17888223920534402,-0.9166581309738819,0.5301204279366236,-0.48261788465581734,5–10%,3
скачок без отметки,2087,2024-10,Маркетплейсы,вниз,-0.06989901858811898,1.1542564376153313,1.9091959929482387,,,,,5–10%,
скачок без отметки,1002,2024-03,Маркетплейсы,вниз,-0.1590351068477549,0.9699673219781648,0.9357353569131032,0.692931482459999,-0.0296690587748321,0.8704871516668876,0.2753152914807973,10–20%,4
скачок без отметки,1876,2023-09,Маркетплейсы,вверх,0.05093498764575877,0.3993714041289471,0.654560071070604,-0.561474245386546,-0.09895952361355694,-0.37315703116644383,-1.227825711553481,5–10%,4
скачок без отметки,37,2023-10,Маркетплейсы,вверх,0.08791092440571457,1.0911236802224065,2.2929995104456182,0.8105873330253631,1.0774163405958284,0.6250788035610835,1.095674553823819,5–10%,7
скачок без отметки,2041,2024-09,Маркетплейсы,вниз,-0.06697893178386849,0.6146522069924691,2.399222948582057,0.25495358912243105,,,,5–10%,3
скачок без отметки,555,2024-09,Маркетплейсы,вниз,-0.06264116829050614,0.12023609829774744,-0.3538438459438685,1.8701691319800644,,,,5–10%,1
скачок без отметки,807,2024-07,Маркетплейсы,вверх,0.05399954395325679,-1.6617051689618583,-1.360542707870802,0.5206542274824809,0.30005631752759887,2.0439521288246834,,5–10%,4
скачок без отметки,317,2024-06,Маркетплейсы,вниз,-0.15848318831649966,2.3274933634463837,1.2824114567094789,0.5253461241551164,-0.026716090709746225,0.16398671791646957,0.5714590500034424,10–20%,4
скачок без отметки,1742,2024-01,Маркетплейсы,вверх,0.09674675426829005,0.8191265506955855,0.7336235745134038,1.2556504458153055,0.7395343426799145,-0.031838902397040805,0.46598297176507997,5–10%,5
скачок без отметки,2344,2023-12,Маркетплейсы,вверх,0.15931976210028864,0.3423039125416202,0.5609969712438638,0.7722656165342621,-0.3251799267347204,0.31475235884988995,-0.3462160925999017,10–20%,4
скачок без отметки,290,2024-01,Маркетплейсы,вверх,0.17921287205697034,1.6971299030129736,0.8638325013843804,1.197958253616121,1.132580511799591,1.314095040512427,1.401751153025554,10–20%,7
скачок без отметки,726,2024-07,Маркетплейсы,вверх,0.3829479659582402,0.8861482168247462,-0.09238332826574604,-0.33423317991896684,0.21662294057872372,-0.10102714337060134,,20–40%,2
скачок без отметки,888,2024-01,Маркетплейсы,вверх,0.08377947158600652,-0.2977920177786406,1.2718274530405496,1.2819640324732886,1.5106517719237658,1.32091864794253,0.1977707743759995,5–10%,1
скачок без отметки,875,2024-07,Маркетплейсы,вверх,0.06056260078252684,0.8105563439411928,2.211107752057684,0.9499510883578451,1.868991786364647,1.2843032380907775,,5–10%,
скачок без отметки,587,2024-04,Маркетплейсы,вверх,0.05701102750199283,0.18461922801623518,0.20687644075792638,-1.1642734363012328,-1.1194411049438417,-1.3671169979518238,0.40462807347354357,5–10%,1
скачок без отметки,1967,2024-01,Маркетплейсы,вниз,-0.053272781490429466,-1.1647328689565484,0.6726547488923225,-0.8893504796868816,0.3546412436306124,1.8455571568257358,0.2079182182024372,5–10%,6
скачок без отметки,1025,2024-01,Маркетплейсы,вниз,-0.08709805698054573,0.46459129843386554,-0.23134809524165578,-0.11394982533636853,0.2657130023567277,0.14160087555693218,0.5383510061586391,5–10%,2
скачок без отметки,784,2023-09,Маркетплейсы,вверх,0.10342241535653152,0.9166437704829405,0.5832314877584016,0.5605302911691091,0.2777883972219284,0.07883500884276176,0.18444583564484582,10–20%,4
скачок без отметки,2085,2024-04,Маркетплейсы,вверх,0.09639251913015912,0.13921391827306873,0.3210911139609728,0.6966617548384144,0.8928416107594042,1.0093932893837056,-0.3924304243134381,5–10%,1
скачок без отметки,558,2024-04,Маркетплейсы,вверх,0.11913455656863547,0.26780098114577194,-0.14113243723217705,-0.5213395511784052,-0.4833980785991177,-0.0061407900401005645,0.293751259082005,10–20%,1
скачок без отметки,1968,2024-01,Маркетплейсы,вниз,-0.08310045073464867,0.369409493376599,-0.25862520480363066,-0.7104586667956354,-0.8962522182254332,0.24579716301304227,0.8409370346621591,5–10%,2
скачок без отметки,390,2024-12,Маркетплейсы,вверх,0.0854984959552958,,,,,,,5–10%,
скачок без отметки,1175,2024-11,Маркетплейсы,вниз,-0.061524665343704044,0.4834698171505315,,,,,,5–10%,
скачок без отметки,1727,2024-05,Маркетплейсы,вниз,-0.1045989152614375,-0.322484453059059,1.527274181616024,-0.20564168368648766,0.7328852362178807,-0.6157710705664137,-0.11688486085504947,10–20%,1
скачок без отметки,79,2023-08,Маркетплейсы,вниз,-0.06392237432479586,-0.36699129916855916,0.6856211363249196,0.1304252790194662,0.1297042688201394,0.5535178359531995,1.8074937426722189,5–10%,3
скачок без отметки,1129,2023-11,Маркетплейсы,вверх,0.18030687100331377,1.1669796979858749,2.290320197471066,1.127366757959745,1.167466085067165,0.5640220845885755,0.84429833144674,10–20%,7
скачок без отметки,1415,2024-04,Маркетплейсы,вверх,0.05084836667046666,-1.0389657278085764,0.17569741157020222,0.027711486798130496,1.0226510074667914,-0.19460758408396694,0.5208493476293872,5–10%,2
скачок без отметки,22,2023-08,Маркетплейсы,вниз,-0.1424924874407827,-1.1829805868949594,-0.6882567668323292,0.49396640822280086,0.6697667889648555,0.8474449840683835,-0.049984748281406095,10–20%,6
скачок без отметки,14,2023-11,Маркетплейсы,вниз,-0.05888610381717818,-0.0321739761326141,0.6752276144633279,-0.9751769120130582,-0.9358826482696483,0.24306267518975427,-0.5184505566613743,5–10%,1
скачок без отметки,436,2024-01,Маркетплейсы,вверх,0.08014261604878659,2.5631329967889696,1.3409767963871027,-0.017044650672309654,-0.7750935169663938,0.9035008328290911,3.131717117822023,5–10%,3
скачок без отметки,2213,2023-11,Маркетплейсы,вниз,-0.14764948371525755,0.8173415502083647,0.09324339094275753,0.35265866448760835,0.9368331194354612,0.37158981372204125,0.5806666233540779,10–20%,2
скачок без отметки,2048,2024-08,Маркетплейсы,вверх,0.07450472369022165,0.33810892276427484,-0.09951854210073625,0.07946698611130626,-0.34747409802363216,,,5–10%,2
скачок без отметки,395,2023-12,Маркетплейсы,вниз,-0.09875594357628437,0.9961347301659695,-0.8022718066177045,0.5095376591029753,1.44705902305863,-0.01602134866605055,-0.08188622306972944,5–10%,5
скачок без отметки,397,2024-02,Маркетплейсы,вверх,0.07266485784652854,-0.2945531302091914,-0.006227917942495234,-0.10696416858158829,0.2659886905537614,-0.6383151408359898,-0.8012357083916023,5–10%,1
скачок без отметки,2456,2023-10,Маркетплейсы,вверх,0.0511941273360037,0.7938715518669157,0.9598175310822736,0.4950295386839502,0.10045187641794484,2.1757126834803393,0.12512586595834552,5–10%,4
скачок без отметки,737,2024-02,Маркетплейсы,вниз,-0.1003512456097404,1.1980689563239169,0.7353998171093028,-0.15258164020594675,0.48208118621220336,0.5445853116577266,0.2984160115174285,10–20%,3
скачок без отметки,542,2024-01,Маркетплейсы,вверх,0.1973181456122024,1.2149962458179824,0.8268141563225401,1.4216583438419792,1.0266842153043334,1.4807093762790395,1.7203766165612697,10–20%,7
скачок без отметки,1904,2024-04,Маркетплейсы,вниз,-0.05441393613741674,1.1636668799545595,2.391444310617621,0.2485368481333148,0.9255585095583851,1.392821413376726,0.652635886472056,5–10%,3
скачок без отметки,1657,2024-02,Маркетплейсы,вверх,0.0687130391341162,1.1827811379770024,1.284017844012219,0.32908821762647483,0.43331709190860496,0.1426361064473029,-0.6337187141582292,5–10%,3
скачок без отметки,563,2023-07,Маркетплейсы,вниз,-0.08243835651426412,-0.01021136064694388,0.6109240463610057,1.1238697515019185,1.3055416440890006,1.296474663113675,1.1840556542084235,5–10%,1
скачок без отметки,2264,2023-11,Маркетплейсы,вверх,0.0748403549582255,1.8609700733061612,-0.0458994199193852,1.0288852280660847,1.1186236623443324,0.9926595128615169,0.42510059343429757,5–10%,2
скачок без отметки,1259,2023-10,Маркетплейсы,вниз,-0.05098629285671219,-0.20051420034951076,0.4379842739817348,1.1396875556850108,1.5009912400996475,1.8605020866082502,2.8495364114988138,5–10%,1
скачок без отметки,457,2024-02,Маркетплейсы,вверх,0.05078623364533463,-0.35560285348107673,1.8468270513340024,-0.6832487164321135,-1.471811049084788,0.9521791510096866,0.6830738640661976,5–10%,7
скачок без отметки,1242,2023-08,Маркетплейсы,вверх,0.1192027906719213,-0.07949123446557306,0.6566329319995429,-0.3908001170987984,-0.1040172543933288,0.5126186385299768,0.5677853517474424,10–20%,1
скачок без отметки,2309,2024-07,Маркетплейсы,вверх,0.06425646591564949,1.787605868819092,0.8163688159391153,1.9610438030679431,1.4726111736400838,2.8474389727586717,,5–10%,
скачок без отметки,453,2023-12,Маркетплейсы,вниз,-0.14090939860725094,0.14396243118524535,1.0375594923397495,0.6042068131249918,0.43181010135878434,-0.5290382768221747,0.35566312491178176,10–20%,1
скачок без отметки,1166,2024-10,Маркетплейсы,вниз,-0.06813518073083635,3.193103023669627,1.6498189153567142,,,,,5–10%,
скачок без отметки,1545,2024-01,Маркетплейсы,вверх,0.07665675588383358,-0.9257453476228014,-0.006282426560097488,0.2389482462184208,-1.659414909675232,0.602111014995895,0.7245307976841926,5–10%,2
скачок без отметки,697,2024-05,Маркетплейсы,вниз,-0.05396707462689321,2.613877970766819,0.00663431787838231,-0.30692311707799436,1.2278710768624364,1.1803952742219495,1.314561074689441,5–10%,2
скачок без отметки,1579,2024-12,Маркетплейсы,вниз,-0.20010914066310903,,,,,,,20–40%,
скачок без отметки,670,2024-01,Маркетплейсы,вниз,-0.061735997702406564,1.7030381867156164,1.3924070257488623,1.7622360781276165,0.8751439092718873,0.9852876364044606,0.3477110058469964,5–10%,7
скачок без отметки,1268,2023-08,Маркетплейсы,вниз,-0.05560737531099047,0.6092544274359832,0.6776697088047353,0.9888704970353925,0.7210824780581185,0.9983512933488522,1.7083840365070508,5–10%,7
скачок без отметки,369,2024-11,Маркетплейсы,вверх,0.089614598386909,0.6812524512301171,,,,,,5–10%,
скачок без отметки,2278,2023-10,Маркетплейсы,вниз,-0.07672233634732972,2.6148650911166724,2.2840431619093624,1.7350631391964042,1.3027962258321772,1.6871765448826483,2.6059714525578053,5–10%,7
скачок без отметки,1350,2024-05,Маркетплейсы,вверх,0.11216415199297369,1.2811236341041532,-0.7033471592451627,0.9942969430766544,0.6779192013702408,0.6599118194548173,1.0079435420428196,10–20%,7
скачок без отметки,381,2024-06,Маркетплейсы,вверх,0.07304221284798285,-0.14977751540005596,-0.1715825566698486,0.23166156032206736,-0.6823522822431378,-0.1163186919209634,0.19196755064234353,5–10%,1
скачок без отметки,713,2024-01,Маркетплейсы,вниз,-0.20194857520065224,0.68330083685222,-0.12309624257185983,0.1144572453708303,0.17742520431012054,0.6963436096801976,0.6787406494548068,20–40%,2
скачок без отметки,695,2024-10,Маркетплейсы,вниз,-0.052354978317831424,-0.756182098689639,-0.704522813524964,,,,,5–10%,
скачок без отметки,720,2023-08,Маркетплейсы,вверх,0.10866885456324038,-1.794222606346429,-2.6104738817083084,-0.9790712789844744,-2.5050178415333084,-1.7171305962749546,-2.042388214845401,10–20%,7
скачок без отметки,501,2023-10,Маркетплейсы,вверх,0.07853227487761405,-0.3940505616800402,-1.5464063359149018,-0.4691613419317822,-0.5465114867204272,-1.4521900955370228,-0.3661397910507876,5–10%,7
скачок без отметки,1715,2023-11,Маркетплейсы,вверх,0.14942254447517556,0.29499062598900166,1.015939544195231,1.442974527359519,0.7266565271088689,2.2917599397499493,1.0111168707856828,10–20%,1
скачок без отметки,823,2023-09,Маркетплейсы,вниз,-0.06340033289572844,0.8152109281916826,-0.7219094963775277,0.4336953722305519,0.05684924676803651,0.4250985436496094,0.23199654259633437,5–10%,4
скачок без отметки,2110,2024-08,Маркетплейсы,вниз,-0.07337618227039222,1.296667044953198,0.6003524904533755,1.2235292912604212,1.7472375147180408,,,5–10%,
скачок без отметки,1125,2024-07,Маркетплейсы,вверх,0.09853782190752902,0.5201164434666788,0.7559305971581111,0.23564749716952166,0.3989144914739534,0.13156185611512722,,5–10%,3
скачок без отметки,1778,2024-01,Маркетплейсы,вниз,-0.05328809070775442,1.2486317006465972,2.2939310905979546,3.2562181241210584,2.5234455134249303,2.7860851980439336,3.5503929604763607,5–10%,7
скачок без отметки,1640,2024-04,Маркетплейсы,вниз,-0.0926094076487276,0.8414462555770494,0.9392436560065777,0.3989175196089434,-0.2695348838335504,0.7391699317978158,0.19181973996508184,5–10%,4
скачок без отметки,1039,2024-08,Маркетплейсы,вниз,-0.05100802373393165,-0.7359932741492643,-0.0964496836257011,-1.0299741006339849,0.5287285335269121,,,5–10%,2
скачок без отметки,1028,2024-02,Маркетплейсы,вверх,0.17834706715594972,1.1362278231789762,0.43326520728043266,0.8275267601974895,0.5365307083820547,1.3164104491971067,0.721213205248491,10–20%,7
скачок без отметки,764,2023-11,Маркетплейсы,вверх,0.12630511541753364,0.38091750620375026,1.5468042622489186,0.9531973832935122,0.3346479419682212,1.1612538479037047,1.2500500281063183,10–20%,7
скачок без отметки,334,2024-02,Маркетплейсы,вверх,0.13770238367122456,-1.6974900934755148,-1.9163074093245034,-1.1985092061675064,1.483924586790403,-1.8094674020239863,-1.899316550872673,10–20%,7
скачок без отметки,1771,2023-11,Маркетплейсы,вверх,0.10307865611621025,0.9767909873642462,0.8189486649180414,0.7280137742582659,1.8806979204212437,0.6587755120234638,1.302147722700639,10–20%,7
скачок без отметки,605,2024-07,Маркетплейсы,вверх,0.05319633845836247,-0.34796348873696237,0.8811427164044522,2.730770894363168,5.144493045414925,4.708977637994118,,5–10%,
скачок без отметки,78,2024-01,Маркетплейсы,вверх,0.20419473893035,1.501890790968554,-0.18503208188454506,0.5105103755355609,0.61983993810449,1.242151492424915,-0.1917889518019794,20–40%,2
скачок без отметки,524,2024-11,Маркетплейсы,вниз,-0.07228891779019797,0.44274656994266887,,,,,,5–10%,
скачок без отметки,903,2023-11,Маркетплейсы,вниз,-0.06484969890821368,1.1501407882616672,0.2983927230919922,0.9069704125991686,-0.2902053885834456,-1.5417781234439207,0.2639660417966338,5–10%,2
скачок без отметки,2162,2024-08,Маркетплейсы,вверх,0.076725191889075,-0.1628679449413984,1.077152745378985,0.010788279301108985,-0.014709338763038924,,,5–10%,1
скачок без отметки,565,2023-09,Маркетплейсы,вверх,0.11119662881066628,-0.44707941822383274,-1.3024208861922821,1.1004510340021068,1.3038696842209059,1.1793369361350399,0.5512139966686956,10–20%,7
скачок без отметки,824,2023-11,Маркетплейсы,вверх,0.06687474988896369,-0.356545301397476,-0.2805250238412012,-0.9456621486435772,-0.17776089764747582,0.05620027640367108,-0.1834398963947173,5–10%,2
скачок без отметки,2325,2024-01,Маркетплейсы,вниз,-0.06470991233840717,-0.3538057690304771,-0.0012676408996734553,-0.06208734038233737,-0.567210686354047,-0.30948429589400134,-1.0163682886017542,5–10%,2
скачок без отметки,65,2023-07,Маркетплейсы,вверх,0.06120808665186761,2.319091255929625,0.742074199670719,-1.0090156219397448,0.6788436397925686,0.1358765054930615,0.8048786335811827,5–10%,5
скачок без отметки,1019,2024-01,Общественное питание,вверх,0.06067670960669602,-1.3110900742247118,-3.0794849191523452,-3.741227306433133,0.7870962436106418,4.793772610634516,5.965943029478279,5–10%,7
скачок без отметки,1204,2024-05,Общественное питание,вверх,0.09960988429469353,1.1740239514874193,2.201318685097336,2.0497980411733234,1.887442894093642,2.753116015618441,1.9460917399087945,5–10%,7
скачок без отметки,1273,2023-09,Общественное питание,вниз,-0.11293428577516984,-0.217265329877587,-1.2844071496701641,-0.6733777279088863,-0.4369489725518569,1.7996035699333817,2.9031118560381755,10–20%,1
скачок без отметки,237,2024-06,Общественное питание,вниз,-0.1652853855783425,0.6717123028907661,0.33983573400780115,0.7642258993967777,0.059989411518232665,1.1832723245738133,0.6743552264510219,10–20%,4
скачок без отметки,452,2024-10,Общественное питание,вниз,-0.07987250252316791,-0.19550551449138645,0.1351337553965707,,,,,5–10%,1
скачок без отметки,303,2024-01,Общественное питание,вниз,-0.07113633281288223,-1.1874693918165669,-1.7776034282994364,-1.1199763740276136,-1.9976826691906795,0.5643942719292848,0.9290412962086851,5–10%,7
скачок без отметки,687,2024-05,Общественное питание,вниз,-0.08509034106191038,-2.0651308415655483,-3.858166351237082,-5.097699929804061,-2.3322381394552125,-1.6450653331693517,-3.074191206524262,5–10%,7
скачок без отметки,228,2023-11,Общественное питание,вниз,-0.06782394341218367,0.26254465531818894,-0.14168755495084387,-0.05895671376805792,-0.7456236726230894,0.10656359060716071,-1.5956596730060504,5–10%,1
скачок без отметки,321,2024-05,Общественное питание,вверх,0.23061906521308018,0.23824714312478143,-0.011135493531097534,-0.5028755436725681,-0.3541913306427152,0.04234025962796267,-0.06345754044563356,20–40%,1
скачок без отметки,1197,2024-10,Общественное питание,вверх,0.06769480641012482,1.2531812802064872,1.84180229724724,,,,,5–10%,
скачок без отметки,1279,2024-12,Общественное питание,вниз,-0.1608595940884161,,,,,,,10–20%,
скачок без отметки,1891,2024-04,Общественное питание,вниз,-0.07441054573364791,0.332725269529995,0.3013601134589419,0.4062161185435318,-3.5028924858538413,3.441316880705714,2.108014310415897,5–10%,1
скачок без отметки,1604,2024-11,Общественное питание,вверх,0.0760251625118249,1.2992295791312662,,,,,,5–10%,
скачок без отметки,2278,2023-10,Общественное питание,вниз,-0.10560179013039672,1.12538773559499,-0.7278132182035744,1.0393008924446645,-0.6755991848737662,-0.5816133644643602,-0.3051042774412482,10–20%,6
скачок без отметки,1201,2024-03,Общественное питание,вниз,-0.13352310906845855,0.2583504919892228,4.864842626564894,0.2054873434314166,0.7543008812773048,1.9346812172254633,2.8486717636747687,10–20%,1
скачок без отметки,616,2024-06,Общественное питание,вверх,0.06400651931816626,-1.2353779763215857,-2.208313121077776,-3.085665037460268,-2.658647482886977,-3.3742923632374646,-1.8325518784729786,5–10%,7
скачок без отметки,1536,2024-10,Общественное питание,вниз,-0.06394969136913442,0.1292948448717359,-1.0343002768474563,,,,,5–10%,1
скачок без отметки,318,2024-05,Общественное питание,вниз,-0.3472439961531153,-1.741496335855156,-3.216944194661048,-2.74184645048802,-1.6249894814696038,-0.7506606413573537,-0.8774136104340243,20–40%,7
скачок без отметки,708,2024-08,Общественное питание,вниз,-0.05468918321229488,4.3479239546994455,3.9807886292318493,4.166836873181959,6.793657088093007,,,5–10%,
скачок без отметки,383,2023-12,Общественное питание,вверх,0.25299721854355184,0.7326204818083976,0.7662489298057482,0.3110578357325614,0.24042046007831866,0.12120826233781705,0.2146363125521702,20–40%,3
скачок без отметки,379,2024-02,Общественное питание,вверх,0.06161584548474153,-0.3694135523915364,0.18987385223295367,0.1114442756862473,-0.45915571890854756,-1.0870963480864013,1.2921768969140062,5–10%,2
скачок без отметки,565,2024-07,Общественное питание,вниз,-0.05586497456344652,2.4192839446404446,0.25925843396080783,2.0530188008311776,-1.0231529556150223,2.6900219581811746,,5–10%,2
скачок без отметки,1566,2024-04,Общественное питание,вверх,0.07189590178996053,0.01762865156483068,-0.457336075503706,0.9476016980533339,2.293570327816781,-0.2517495171115457,0.7458351378975541,5–10%,1
скачок без отметки,428,2024-06,Общественное питание,вверх,0.10958844236761145,2.4156559434683444,2.228654294342151,1.3376424329657064,-1.5480921114969541,-5.073258948350776,-3.560184595988234,10–20%,7
скачок без отметки,549,2024-02,Общественное питание,вниз,-0.08747025323393043,0.3438592450034233,1.0260606709763365,1.004879063183148,0.9704521090759259,-2.702504786764851,-2.120523677190635,5–10%,7
скачок без отметки,1751,2024-08,Общественное питание,вверх,0.47141210477497086,0.8787409096918924,0.20971194997644518,0.08625433804883845,-0.058639221298209435,,,>40%,2
скачок без отметки,1975,2024-05,Общественное питание,вниз,-0.13883224804606442,0.16910427738213352,-2.1439311702847506,-0.10963644786266166,1.2750236535542332,3.7903143940431385,2.3852447361753866,10–20%,1
скачок без отметки,922,2023-07,Общественное питание,вниз,-0.0765400771223348,-2.497535175247206,-4.606050289463321,-4.974060483419625,-6.561112567636783,-5.955298340309202,-3.8347621768586464,5–10%,7
скачок без отметки,1858,2023-07,Общественное питание,вверх,0.11525092377248924,-4.31538599068378,-1.5465084455323415,-3.969504159004382,-3.0043624756018246,-1.03158053152441,-8.813563135589256,10–20%,7
скачок без отметки,833,2024-09,Общественное питание,вверх,0.06126225952512154,-1.8886603771199426,-1.3316210019857173,0.06279484300515958,,,,5–10%,3
скачок без отметки,2079,2023-10,Общественное питание,вверх,0.45786454853989866,1.4052067494406524,0.23412447813592951,-2.196544132975838,-1.1950968892515879,-0.39150132549625893,-1.47179727724569,>40%,2
скачок без отметки,836,2024-09,Общественное питание,вверх,0.13726371834297701,-0.07462466948535447,-0.1120652096280728,-0.44881291526518063,,,,10–20%,1
скачок без отметки,2280,2024-06,Общественное питание,вверх,0.05482083115464409,0.7426027532049877,-0.9966442184720176,-0.06215079651024246,0.8278423528420535,1.737636270874045,2.3251350618294837,5–10%,3
скачок без отметки,580,2024-05,Общественное питание,вниз,-0.10159843397061241,0.020060707384757098,-0.48354113205404065,0.6932069547446871,-0.40174298000668,1.5544159180180144,0.23887625317327602,10–20%,1
скачок без отметки,1178,2024-11,Общественное питание,вверх,0.08255639555640482,-0.08928860087676589,,,,,,5–10%,1
скачок без отметки,1169,2024-06,Общественное питание,вниз,-0.15447390125799032,0.9229008194398979,0.7844401557222148,0.24638521588521572,0.36849504721967014,0.20328815811766304,-0.3712982009861856,10–20%,3
скачок без отметки,2314,2024-06,Общественное питание,вниз,-0.2200514475074007,0.23263013528487397,0.05567554889729082,2.044304215149173,2.067587863352521,1.2207600526673095,1.389112422425667,20–40%,1
скачок без отметки,1319,2024-12,Общественное питание,вниз,-0.1108265788089291,,,,,,,10–20%,
скачок без отметки,453,2023-10,Общественное питание,вниз,-0.07254176083382102,0.5289467616018767,3.468002618326676,2.628646481165841,3.8030095604868985,2.831195412282582,3.24056245763889,5–10%,7
скачок без отметки,308,2023-08,Общественное питание,вниз,-0.11215069415419787,1.331236933115749,1.3385389720590217,2.0126846838775223,2.6121446182297126,3.5613806516149737,2.6113781245629757,10–20%,7
скачок без отметки,823,2024-05,Общественное питание,вниз,-0.060326157659286395,0.8417627680431543,0.47853178655756157,1.7230908286485807,0.4221812891792092,1.288753794290934,1.6925931933454375,5–10%,7
скачок без отметки,1523,2024-12,Общественное питание,вверх,0.08613996863825069,,,,,,,5–10%,
скачок без отметки,2113,2024-02,Общественное питание,вверх,0.05152218042495438,0.5850898715101405,0.5922099658484288,-0.10081600735272038,-0.4610657819414085,-0.29209798122923286,0.8410907365151112,5–10%,3
скачок без отметки,1722,2024-11,Общественное питание,вверх,0.0653424258607389,-1.7209759583610071,,,,,,5–10%,
скачок без отметки,1670,2024-09,Общественное питание,вверх,0.1828932119938651,0.6846542472123958,0.15965766314214563,0.694763868119132,,,,10–20%,2
скачок без отметки,2288,2024-03,Общественное питание,вниз,-0.10048802888063513,0.83556413843367,1.216240845401873,0.7164599313536438,1.1917705171670556,1.9240802009892088,1.2463518381116347,10–20%,7
скачок без отметки,516,2024-01,Общественное питание,вниз,-0.2494078500103245,-2.3034248959945973,-1.1658163084167261,-0.8783613904594628,-0.7103162072286505,-1.0117672960014112,-1.3703434109182382,20–40%,7
скачок без отметки,1561,2024-09,Общественное питание,вниз,-0.24031062149495241,-0.2386444413832701,0.5680544951671237,0.10495883408789543,,,,20–40%,1
скачок без отметки,1159,2023-10,Общественное питание,вверх,0.12123573322864534,1.7421909776825553,2.3698905880317858,0.22536822302678106,1.213071332013462,0.1709960112283354,1.7257333847635175,10–20%,3
скачок без отметки,436,2023-09,Общественное питание,вверх,0.09098395691612371,4.7249289233637946,2.5479130577486426,1.211550365909137,2.1926144979729205,-0.7334473629720294,-0.0612439697374266,5–10%,6
скачок без отметки,1582,2024-12,Общественное питание,вверх,0.07339340284979556,,,,,,,5–10%,
скачок без отметки,369,2023-11,Общественное питание,вниз,-0.19869851372983138,0.07881228449691707,0.3321177487991645,0.020747829284786783,-0.2072428147509501,-0.4320800598929303,-0.6231766964133317,10–20%,1
скачок без отметки,4,2024-08,Общественное питание,вниз,-0.11426351806845947,0.10232986019516806,-0.5509634842534996,-0.6841632135212226,-0.7562096708935775,,,10–20%,1
скачок без отметки,2274,2024-09,Общественное питание,вниз,-0.08537022289252505,0.8519371083148249,-2.8247728435807895,-2.1575623386035248,,,,5–10%,
скачок без отметки,1660,2024-06,Общественное питание,вниз,-0.13890881684628553,0.5608968410754294,1.7526632619927458,2.9763418235302495,2.2444912505147285,2.761776176927587,1.2832031504779495,10–20%,7
скачок без отметки,1868,2023-07,Общественное питание,вниз,-0.06312113354255988,1.9045429529145648,5.319582141829328,4.057047809407946,5.422156263607293,1.4310556907949876,1.400968583421474,5–10%,7
скачок без отметки,332,2024-03,Общественное питание,вниз,-0.22694007844610198,0.444840344545392,-1.1853137725464777,-0.2804471067556873,-0.5659912409093556,0.08197632352153802,-0.5331608673492295,20–40%,3
скачок без отметки,1565,2024-09,Общественное питание,вниз,-0.06021847556171611,0.7845810940752376,2.8261965698633227,-0.8227079409572254,,,,5–10%,
скачок без отметки,2309,2024-04,Общественное питание,вверх,0.14907157644269642,-0.31900478987245157,0.0639111284758923,-0.8643673304311192,-2.2720223970496622,-0.05517223994393934,0.590281843501208,10–20%,1
скачок без отметки,2320,2023-12,Общественное питание,вверх,0.09371397756915822,1.1559120079616234,-0.5003592111692771,1.2257264824030678,0.12390110137660497,-0.8040722377798679,-1.163830286757921,5–10%,4
скачок без отметки,1257,2024-04,Общественное питание,вверх,0.10130337701613001,2.5894271931346196,4.916404341505373,5.893654438211134,4.569199916135711,3.517543803081876,3.84055847782341,10–20%,7
скачок без отметки,2181,2023-10,Общественное питание,вверх,0.14326483810796464,-1.7103287607221764,-1.2007963162078426,-0.4046164915297913,-2.3055844656113167,-2.491900265097272,-2.263062724391566,10–20%,7
скачок без отметки,1853,2024-11,Общественное питание,вниз,-0.06134725186602186,1.5795621052864128,,,,,,5–10%,
скачок без отметки,2879,2024-06,Общественное питание,вниз,-0.07226284439315922,2.1985645627733095,0.05173985495983565,-1.090156397305607,-1.1317130649285707,-1.1343688442225455,0.6500565489993186,5–10%,2
скачок без отметки,346,2023-08,Общественное питание,вверх,0.0989595867502171,3.0303753843698154,1.9187212786279213,2.012656328648603,2.4344426133234647,2.46383502663632,2.626607425965476,5–10%,7
скачок без отметки,928,2023-11,Общественное питание,вниз,-0.08905942295902047,-0.8594704983884788,-1.8360421804703835,-0.3843541931205308,-0.28467243317201796,-1.4678630284666907,-1.333477757131936,5–10%,4
скачок без отметки,1606,2024-01,Общественное питание,вниз,-0.18096411532014223,0.28990603097682893,0.27266229436952594,0.09437633749345345,0.17158718368441728,0.47656627017781744,0.0598431441557694,10–20%,1
скачок без отметки,7,2024-09,Общественное питание,вверх,0.05224032194087691,0.07198301907451116,1.6387523213036095,1.370815501271628,,,,5–10%,1
скачок без отметки,1602,2023-07,Общественное питание,вниз,-0.10402625704071422,-1.5316417173923411,-0.3395315251730115,0.7371818071770554,3.475801547322812,2.942184471761791,5.293389178930701,10–20%,7
скачок без отметки,710,2024-09,Общественное питание,вниз,-0.263692485061652,0.3407646220448057,-0.26680935756937746,1.075751883087884,,,,20–40%,2
скачок без отметки,388,2024-01,Общественное питание,вниз,-0.14751089495712488,0.7555111524864496,1.3910897479776285,1.0272480474411123,1.22153003176833,1.3322020275004975,1.6831366556813883,10–20%,7
скачок без отметки,1301,2024-11,Общественное питание,вверх,0.05111845392902303,4.509364685871569,,,,,,5–10%,
скачок без отметки,308,2023-12,Общественное питание,вниз,-0.067229847755228,2.5834853657251653,0.9987213596392145,0.9953444178049179,0.922442660632153,0.7804717478419143,3.041451155923856,5–10%,7
скачок без отметки,855,2024-12,Общественное питание,вверх,0.1574535526306402,,,,,,,10–20%,
скачок без отметки,51,2023-09,Общественное питание,вниз,-0.05513415223055684,0.29495288874018555,0.4520039561668736,1.2913729848720263,0.06415541513949269,0.34718653758360424,1.697664937030765,5–10%,1
скачок без отметки,1542,2023-12,Общественное питание,вниз,-0.07460852588449374,1.5009395832238104,-0.01692875629562196,0.4347028999040105,6.080675722793571,0.2641625809021503,-0.02375276199568598,5–10%,2
скачок без отметки,20,2024-01,Общественное питание,вниз,-0.09287412500644443,-0.0,3.5237817758513175,2.4026449917964343,2.101900465942339,1.1780976238352132,1.976793996922309,5–10%,1
скачок без отметки,2289,2024-08,Общественное питание,вниз,-0.1232012240660314,0.7299170461562082,0.14649768924322848,-0.17593329382690137,-0.055054287983598446,,,10–20%,2
скачок без отметки,833,2024-05,Общественное питание,вниз,-0.26649295816423724,0.9224537542416548,0.5124596969892331,0.26433113935527547,0.034447918623543586,0.6985024697160153,0.5704484640857681,20–40%,3
скачок без отметки,81,2023-10,Общественное питание,вверх,0.10108791086386226,2.0280959392928724,1.3488914239253162,1.401089104568283,1.168645951848562,-0.46709173478757693,0.29807244760337,10–20%,6
скачок без отметки,1620,2023-09,Общественное питание,вверх,0.13984042837334965,0.5997381963985167,1.3562641777872089,0.958654194913226,1.2264169555059063,1.3622150321870647,0.4290016579032728,10–20%,7
скачок без отметки,2190,2023-11,Общественное питание,вверх,0.08936026479571613,2.186581363642378,2.704772993473982,1.688922114844986,2.2689166624043557,1.8189263117610524,3.934113831899802,5–10%,7
скачок без отметки,1346,2023-07,Общественное питание,вниз,-0.11122454287735195,0.023300074388457166,0.4366096475469567,0.5287319429503861,-0.1747276299428799,-0.45635980313809343,0.4321085967098783,10–20%,1
скачок без отметки,343,2024-09,Общественное питание,вверх,0.08710665484745217,2.738624061502925,1.0293329206008868,2.5652928484371964,,,,5–10%,
скачок без отметки,292,2024-09,Общественное питание,вверх,0.6754386569697735,-0.21807486707265253,-0.4467849414642408,0.19127727546409773,,,,>40%,1
скачок без отметки,325,2024-08,Общественное питание,вниз,-0.08545647751211316,-2.0292065113174655,-3.2140790823379723,-2.773063572577214,-0.8935303531909483,,,5–10%,
скачок без отметки,884,2024-10,Общественное питание,вниз,-0.20541033930736496,0.024769359257735612,-1.3481249889645888,,,,,20–40%,1
скачок без отметки,1952,2024-04,Общественное питание,вверх,0.0907780630397621,0.11252284545358375,0.6415757844253449,-0.3412904285236579,-0.7742721270272228,-0.4972346431455365,-0.7893549906742202,5–10%,1
скачок без отметки,1044,2023-11,Общественное питание,вниз,-0.2369789226667809,1.0789228768603503,1.6753049930746355,-1.2197398675193314,-1.7238681264766815,-0.46264992145553874,-1.2422752375214559,20–40%,7
скачок без отметки,2292,2024-03,Общественное питание,вниз,-0.12309789260803594,1.4448586328634712,1.0877553499019716,0.8463152842661679,1.2660664494914997,1.307697091357041,0.45704379560880076,10–20%,7
скачок без отметки,600,2023-07,Общественное питание,вверх,0.2687633163194896,0.15648037674993462,0.6222431865509033,0.7002236380190193,-0.21164206601242622,0.28318211628435197,1.3778668981819222,20–40%,1
скачок без отметки,1967,2023-09,Общественное питание,вниз,-0.1423458736864971,1.7825643797744142,2.050131067783038,2.8646229074355047,1.1002020617543158,3.159068051052128,3.0414952127016406,10–20%,7
скачок без отметки,712,2024-03,Общественное питание,вверх,0.17670465800676105,1.6424760204407178,2.13172543721221,1.0193324833572364,1.147439072421863,0.6211787316181101,-1.5391387413496305,10–20%,7
скачок без отметки,1117,2024-03,Общественное питание,вверх,0.16374526111499677,0.9289200658338244,1.0315759028908467,0.07462446238280146,0.048117317982778636,0.2326145223379499,0.41369428077797826,10–20%,3
скачок без отметки,2089,2024-10,Общественное питание,вверх,0.05653948074515913,-0.08133308105755163,1.6895953272383102,,,,,5–10%,1
скачок без отметки,1269,2023-08,Общественное питание,вверх,0.1316911449309357,0.9018775903689649,-0.73784229597952,0.14926674714188734,-0.17471457257986311,-1.971755107905733,-2.1963169938371343,10–20%,3
скачок без отметки,598,2023-11,Общественное питание,вверх,0.06314011517649742,1.9678529658471817,2.947089835869791,4.600021311764204,4.5027174119059,1.798245175453234,1.6546140112689796,5–10%,7
скачок без отметки,1647,2024-02,Общественное питание,вниз,-0.10092820855442053,-2.405891899313298,-3.3091593747217583,-1.2345774343641647,-3.8117187531476797,-2.258211646107782,-3.6299148855173167,10–20%,7
скачок без отметки,495,2024-11,Общественное питание,вниз,-0.36244179165146573,0.5719598004127396,,,,,,20–40%,
скачок без отметки,487,2023-08,Общественное питание,вверх,0.06085897561773912,2.4398985656971552,3.6108192727698327,1.9010914316585539,-1.50252969969304,2.7384464376973097,-1.3503701452476136,5–10%,7
скачок без отметки,1297,2024-01,Общественное питание,вверх,0.11736770596572921,-4.612260444568183,0.0818288558261676,1.7395269130919768,2.0374674543168183,0.481043336530942,-0.37883637423348776,10–20%,2
скачок без отметки,855,2023-07,Общественное питание,вниз,-0.1411806150605539,-2.039531048347957,1.5111743105321493,-1.640438114249994,0.3763668839224096,-0.9696645383505252,0.44515501132258345,10–20%,7
скачок без отметки,442,2023-10,Общественное питание,вверх,0.19344308013781664,-0.40183098254165345,-1.9565014282678816,-1.76174787127162,-1.8483326647750147,-1.3765852067737252,-0.14628098032578218,10–20%,6
скачок без отметки,369,2024-10,Общественное питание,вверх,0.14672452729568608,0.09558185001693825,0.9534699953058348,,,,,10–20%,1
скачок без отметки,549,2024-07,Общественное питание,вверх,0.32127446979650376,0.841549703392042,0.5804571417962849,0.20760747985597522,0.9633807143560499,0.18697846292398826,,20–40%,3
скачок без отметки,1119,2023-11,Общественное питание,вверх,0.0599508318530777,1.5055222155382693,1.0612446858328333,-4.753313741969518,-2.688961223981564,-3.2951446773417525,-4.303570058103839,5–10%,7
скачок без отметки,698,2024-11,Общественное питание,вниз,-0.325253353016425,0.6959168194834283,,,,,,20–40%,
скачок без отметки,1533,2024-07,Общественное питание,вниз,-0.0989356713715317,0.5376777082933905,1.869669369828578,2.0323899923178694,1.5244834401590073,1.908963449243531,,5–10%,
скачок без отметки,302,2023-09,Общественное питание,вниз,-0.1865531059658334,1.0929678366010664,1.73829986769972,5.623840624413497,2.4094919277961346,2.2939699820091017,2.6487157362666127,10–20%,7
скачок без отметки,1023,2023-12,Общественное питание,вверх,0.24483491519029243,-0.03096030308532322,0.012573899851002952,0.18230675923775216,-0.2565659052614912,-0.5930605974596191,-0.6376063936067905,20–40%,1
скачок без отметки,2207,2024-06,Общественное питание,вниз,-0.14614713900142018,-1.8060211367860193,0.21753219071804214,-0.8040055116386159,-2.1025906520204587,-3.4604077419474604,0.015417641347472774,10–20%,2
скачок без отметки,794,2024-01,Общественное питание,вверх,0.07286102687615159,-0.625731438573186,-2.07203012916163,-2.4667346273297155,-2.2401673699810702,-1.623478841862636,-2.000133995431713,5–10%,7
скачок без отметки,992,2023-07,Общественное питание,вниз,-0.05501405888321109,0.1231615743638172,0.3261182572712037,0.16320706248483038,-0.6145999637344619,0.4717016522465857,1.052960630089358,5–10%,1
скачок без отметки,1127,2023-11,Общественное питание,вниз,-0.13449787077691955,2.5006688856846435,1.3688730793121933,0.9292528830091601,-1.0175426980176518,-1.1844378179422093,-1.6147312314271551,10–20%,7
скачок без отметки,32,2023-09,Общественное питание,вниз,-0.47720901296700546,0.7072944251954754,0.2208068703136898,0.66464063407037,0.20437843179343235,0.8299856009268443,1.1724162281559336,>40%,2
скачок без отметки,1635,2024-10,Общественное питание,вниз,-0.13382307432509943,2.318126767479889,3.845342609547089,,,,,10–20%,
скачок без отметки,706,2024-11,Общественное питание,вниз,-0.34741393539082566,0.5258887146688275,,,,,,20–40%,
скачок без отметки,1295,2023-12,Общественное питание,вниз,-0.2788143146985558,-0.5398513163823261,0.7455833917949249,0.559665522918744,1.0270743445683475,-0.2612679215440977,0.24769248454164763,20–40%,5
скачок без отметки,1339,2023-08,Общественное питание,вверх,0.3476831263682314,0.013178656166009295,0.4997923440726339,0.6049277733956608,0.6353790013329694,1.4721215786293387,0.4735744629865608,20–40%,1
скачок без отметки,753,2023-12,Общественное питание,вниз,-0.5364937323760737,0.2459164322501657,0.174885528613512,-0.21788178515354797,0.3010515228561688,-0.09016321108178549,-0.08989603821860832,>40%,1
скачок без отметки,343,2023-10,Общественное питание,вверх,0.21674308421581756,0.1749307637576571,1.6242770943796545,0.5849378371685345,0.1757171116295476,1.0797967969976905,1.3331412822069402,20–40%,1
скачок без отметки,2173,2024-01,Общественное питание,вверх,0.07767624977329479,-0.6308487164470582,-2.6852992829836926,-1.425824749464213,-2.580432084958011,-2.2857597100785974,-1.4939180344488854,5–10%,7
скачок без отметки,1291,2023-09,Общественное питание,вниз,-0.24463249731803227,1.0515487832981392,0.5005310003855177,1.328726323070809,0.6450905108243146,0.5961346640827165,0.12695940793015723,20–40%,6
скачок без отметки,569,2023-08,Общественное питание,вверх,0.07103924182008647,0.976500769738266,-2.214904119632364,-2.013199916911313,2.681061341332859,7.484745292830008,8.279176487352029,5–10%,7
скачок без отметки,1290,2024-02,Общественное питание,вниз,-0.20327015044370533,1.2753594818886211,1.4287716517574562,1.3931341033664115,1.949112810423949,1.838614829371665,1.4367088919653643,20–40%,7
скачок без отметки,437,2024-08,Общественное питание,вверх,0.11361924675070334,0.7997214350467126,-0.18246988370722939,-1.330111699914038,-0.5920794791621319,,,10–20%,2
скачок без отметки,1627,2023-08,Общественное питание,вверх,0.1458690265825373,0.8375914338489708,0.2522972532437303,1.1598026091206168,0.3893247928344332,-0.4715080723764924,0.8253980588410877,10–20%,2
скачок без отметки,1256,2023-10,Общественное питание,вверх,0.19288620087958197,1.1815314780198352,1.311388972206132,0.40975203365443386,0.9355433897910277,0.8366013129100366,1.586657868594504,10–20%,7
скачок без отметки,2244,2023-10,Общественное питание,вниз,-0.06705474510570486,2.8729229415775324,3.5801296746652556,4.907370628700676,3.7724739453755833,4.5922931055411915,7.1274902139186995,5–10%,7
скачок без отметки,386,2024-07,Общественное питание,вверх,0.1374763474082794,0.9924295683121064,2.185270911256091,0.5647886039086047,-0.304215031253217,0.1355411141672082,,10–20%,4
скачок без отметки,1686,2024-10,Общественное питание,вверх,0.11939055832619427,-0.5550267392708815,-1.9064539605839004,,,,,10–20%,
скачок без отметки,591,2023-12,Общественное питание,вверх,0.21118033631208188,1.394878769101786,1.8958333947265391,0.4611588798521583,0.4074154192510554,0.5105469416982342,0.8721167017973649,20–40%,7
скачок без отметки,778,2023-10,Общественное питание,вверх,0.12709975367328585,0.765992608196175,0.3535173167679438,1.0189322144680817,-0.3131611770937132,-0.5684538691604842,-0.5621049686144114,10–20%,4
скачок без отметки,490,2024-02,Общественное питание,вверх,0.06138326584426057,1.774879984852777,3.294999257125654,0.3518431626871778,0.41462198787656046,0.25034074724966154,-0.19958699837842042,5–10%,5
скачок без отметки,347,2023-08,Общественное питание,вверх,0.32817230522929464,0.8102419621672537,0.8542214801876792,0.32508338077134674,0.635865288854597,1.1156232978410399,1.1641403504895287,20–40%,3
скачок без отметки,2176,2024-03,Общественное питание,вверх,0.1694859170071208,1.2563807065415802,0.08789629497484654,-0.37586560640749134,0.3108799696655114,0.7399949931432582,-0.3845958742208846,10–20%,2
скачок без отметки,1612,2024-12,Общественное питание,вниз,-0.15240700022243203,,,,,,,10–20%,
скачок без отметки,1064,2024-07,Общественное питание,вверх,0.09600798175658021,-0.5960425866001174,1.5445996185048592,1.3833494981393144,4.230189082334786,1.961684539031233,,5–10%,
скачок без отметки,1681,2024-10,Общественное питание,вверх,0.22810424455412104,0.5806418856790531,1.177661107705171,,,,,20–40%,
скачок без отметки,1567,2023-08,Общественное питание,вверх,0.18506801320787947,-0.5913747541338124,-0.6008340928601823,0.43539729062551513,-2.095249805275125,-3.623493153663063,-3.278833486779141,10–20%,7
скачок без отметки,2143,2023-11,Общественное питание,вниз,-0.12157810662493507,3.0989162706426328,5.135299007347685,1.4667015401029388,0.4882337535752012,2.2756564284728786,1.9681812223280404,10–20%,7
скачок без отметки,1661,2024-06,Общественное питание,вверх,0.07404745228805876,1.4532369198951278,2.1968403793179827,0.7195503223713214,4.140848388391871,3.634246641555755,5.965231511698066,5–10%,7
скачок без отметки,1783,2023-08,Общественное питание,вверх,0.08105578004570813,0.9487800797112274,1.8110403386253953,1.4557983650181512,1.2956259548449323,0.7767093850406968,0.49579002955724916,5–10%,7
скачок без отметки,1897,2024-12,Общественное питание,вверх,0.10319198330237445,,,,,,,10–20%,
скачок без отметки,1589,2024-01,Общественное питание,вверх,0.21329037488773217,0.7972773286948328,0.7345342994808037,0.36053239949127175,0.2577634129416114,0.7940260078634143,0.5234227711836682,20–40%,4
скачок без отметки,457,2024-06,Общественное питание,вверх,0.23204964240538484,2.37299114255693,1.7621342482496034,0.4821237450178975,0.8611375998795495,1.0842199987195549,0.4122651894611726,20–40%,7
скачок без отметки,760,2024-01,Общественное питание,вверх,0.3301981799290248,1.066998670915562,0.6484211151071207,0.8746883224880656,1.7944044375177348,1.8114739878533204,1.3351779021707177,20–40%,7
скачок без отметки,2225,2023-11,Общественное питание,вверх,0.11991219336730197,1.4904867306191023,1.0001972529942633,1.581831816518206,1.3528214879171048,1.3558146358121557,1.5625370188861758,10–20%,7
скачок без отметки,1002,2024-04,Общественное питание,вверх,0.21463059771552562,-1.888150049879211,-1.5614625738395873,-1.7250418546124215,-1.2124900197264847,1.0987966165661651,0.31247958700646455,20–40%,6
скачок без отметки,1781,2023-10,Общественное питание,вниз,-0.24301932384984237,0.22767533873262882,2.6893570247033876,-0.3284660142451238,-0.654867408497727,-0.5518631841911198,-1.2485040186525338,20–40%,1
скачок без отметки,1642,2024-06,Общественное питание,вверх,0.24419847346175683,0.3935901428904588,0.7666368238680452,0.5007145946419989,0.6782968561839035,0.31586967385199927,0.37918159110768546,20–40%,5
скачок без отметки,1243,2023-10,Общественное питание,вверх,0.08094175631014,1.6784290988191484,3.1400382556876547,1.8343599109869309,0.9777777193708236,1.5476812064475074,0.6591419911905574,5–10%,7
скачок без отметки,2196,2024-10,Общественное питание,вверх,0.15369807815106906,-0.1924087242669933,0.09536604003159055,,,,,10–20%,1
скачок без отметки,2090,2024-04,Общественное питание,вниз,-0.3255528881933003,0.9323343208454408,-0.0002831797759305543,-0.20378397237084683,0.6054669047567279,0.23432398805049667,0.27626400222074576,20–40%,2
скачок без отметки,558,2023-09,Общественное питание,вниз,-0.17164217175537466,2.001496497553187,1.4961419093508685,1.066464489450883,1.6488288166994618,0.473351611273693,1.8952312163712517,10–20%,7
скачок без отметки,1545,2024-10,Общественное питание,вверх,0.23789624669487885,0.311194282776519,-0.9707842559177549,,,,,20–40%,1
скачок без отметки,1221,2024-09,Общественное питание,вверх,0.10453009103856825,2.16149184736237,2.4213416069772293,3.0213362096467815,,,,10–20%,
скачок без отметки,1273,2024-11,Общественное питание,вниз,-0.27826016952146215,0.3370907190898346,,,,,,20–40%,
скачок без отметки,1906,2024-01,Общественное питание,вверх,0.15537914751298665,1.1815512992093453,1.364542717450642,1.253091614721834,1.8562665598837036,1.0986736280707075,1.995255155661717,10–20%,7
скачок без отметки,1267,2024-04,Общественное питание,вверх,0.49671432322544984,0.5256447615105507,-0.18362228461888305,-0.42118869383867,0.7335305410389513,0.15154278814100602,0.6027482372072778,>40%,2
скачок без отметки,1018,2024-05,Общественное питание,вверх,0.158457478987299,0.253944321426817,-0.267565869837329,-0.10097561471190819,-0.4238905500082142,-0.17530911583719666,-0.10097561471190819,10–20%,1
скачок без отметки,1007,2023-07,Общественное питание,вниз,-0.12569631257043667,1.4486937777304625,-0.041702336452428705,-0.09170448947043008,0.4724785492471075,-0.42290323072623554,-1.1579164354563833,10–20%,2
скачок без отметки,2601,2024-06,Общественное питание,вверх,0.13779015391640392,0.2872780055303926,1.0438694534480464,0.6184400487566076,0.8024254074112377,0.23082888291609124,0.9741257942720104,10–20%,1
скачок без отметки,694,2024-09,Общественное питание,вниз,-0.378645720807544,0.9201631069098478,0.9091258718040229,1.1512995607820433,,,,20–40%,
скачок без отметки,566,2024-09,Общественное питание,вниз,-0.17678581406824811,-0.5238308236424898,1.1058496069426167,1.903767750089692,,,,10–20%,
скачок без отметки,723,2024-12,Общественное питание,вниз,-0.2648425804819583,,,,,,,20–40%,
скачок без отметки,1559,2023-12,Общественное питание,вверх,0.14691364376224225,-3.161172587521547,0.7116963391496663,-2.6626404150316505,-1.0030204886033478,-0.9601481929287672,-1.6140887358131608,10–20%,7
скачок без отметки,1266,2024-07,Общественное питание,вниз,-0.17268087816995337,0.3629532380937219,0.744512799668414,0.45538060306195216,0.05881539569596909,1.5571240303365317,,10–20%,4
скачок без отметки,2359,2024-09,Общественное питание,вверх,0.056579732590073206,0.6407648975289335,0.919863739054431,0.7391371297619328,,,,5–10%,
скачок без отметки,1323,2023-12,Общественное питание,вниз,-0.21614347196297334,0.34038119085865204,0.3247049345783638,-0.21230990768074223,1.0418970234842617,0.7180231171326596,-0.2113210896057361,20–40%,2
скачок без отметки,2028,2023-09,Общественное питание,вниз,-0.0811827428039047,0.4847348359474801,3.315130915318418,0.47743358810019804,3.690231770557065,2.7527563084626574,3.1813254077492936,5–10%,7
скачок без отметки,827,2023-12,Общественное питание,вниз,-0.05370335422313133,-1.2031281741102675,-0.9102628655370356,0.04198606250404076,-1.8574785449334212,3.17509682440448,0.4003690368287591,5–10%,3
скачок без отметки,589,2023-12,Общественное питание,вверх,0.06426936746422918,1.3167055656034474,0.6936178348307704,-1.7772660509170872,-4.383247002173192,-3.1674041879713184,-2.602354687195668,5–10%,7
скачок без отметки,915,2023-11,Общественное питание,вниз,-0.2320373193831582,0.8664468554499996,0.6095716806391501,0.40770899382507786,0.4841136461759053,1.0912476702181717,1.9427155437313042,20–40%,7
скачок без отметки,2068,2023-07,Общественное питание,вверх,0.09293248666997567,3.6086166984523373,3.9247583153920598,4.282282888540655,1.4122255017881014,2.833677508110756,2.845418370982624,5–10%,7
скачок без отметки,884,2024-11,Общественное питание,вверх,0.20032245681780747,2.4077637544052055,,,,,,20–40%,
скачок без отметки,765,2023-10,Общественное питание,вниз,-0.2101667875530424,0.28175991678321094,1.3226211861179127,-0.5747996534702919,-0.3586993844741033,0.44896851240154373,-0.3814407825806538,20–40%,1
скачок без отметки,404,2024-06,Общественное питание,вверх,0.12961313286620246,0.9709775564201922,2.1245910314743135,1.658056918607228,1.9633559742125943,2.615070135414567,2.476671933249175,10–20%,7
скачок без отметки,2174,2023-11,Общественное питание,вниз,-0.054343108024974995,1.5966958533429607,0.5790201076323233,0.229008422347071,0.05793785412360847,2.0822762258081164,0.07358324528509576,5–10%,3
скачок без отметки,283,2024-08,Общественное питание,вверх,0.11445207055901463,1.1894715596285013,0.8749362930518385,-0.6048691532032588,-1.6734418360912613,,,10–20%,
скачок без отметки,721,2023-11,Общественное питание,вниз,-0.4884958977774483,0.07703060365748901,-0.21024656674820552,0.09012918714192047,0.7003952723603298,0.4999906536866709,0.1786461611422332,>40%,1
скачок без отметки,558,2024-03,Общественное питание,вниз,-0.24405450339361945,0.2052117653123252,1.5493795124556957,1.427133363688126,1.285641176055903,1.2256808508121158,-0.02007074298128023,20–40%,1
скачок без отметки,340,2024-02,Общественное питание,вниз,-0.06759097739932418,6.121513526768005,8.15633213755561,15.278380813344079,8.685228643058855,7.209790591901461,9.732382996939126,5–10%,7
скачок без отметки,1871,2024-09,Общественное питание,вниз,-0.4763684596577873,1.9817043602821065,0.6732102963578612,1.6092175406542266,,,,>40%,
скачок без отметки,791,2024-11,Общественное питание,вниз,-0.09261843448587559,6.008691583509653,,,,,,5–10%,
скачок без отметки,2200,2024-01,Общественное питание,вверх,0.0716268717418389,1.4542706389855897,0.6188483272457185,0.7599403054485601,1.6125740541165716,0.6327432812255934,0.9789570871807622,5–10%,7
скачок без отметки,49,2024-05,Общественное питание,вниз,-0.07356107303294124,0.665174577833241,2.0414382144024215,1.69765610270633,1.424125954939606,-0.15540628575275373,0.5417774656186434,5–10%,5
скачок без отметки,2600,2023-11,Общественное питание,вниз,-0.050894433351727386,0.7107381835643151,0.3187622436018237,0.8308561074308453,1.436311581871852,1.4914998031232827,1.594105115339799,5–10%,2
скачок без отметки,1207,2024-09,Общественное питание,вверх,0.20170536772261283,0.98161731738179,0.9200004234002623,0.8611711026282071,,,,20–40%,
скачок без отметки,592,2023-07,Общественное питание,вверх,0.11092049938122273,1.7849922336808874,0.45880120527525836,1.625714810487825,-1.7832816225566035,-3.555244885601321,-2.2830348769726396,10–20%,7
скачок без отметки,1210,2024-07,Общественное питание,вниз,-0.294110822519996,1.4801451389266365,1.195527212439905,1.4885333787955004,0.9352458067868579,1.4390890140987722,,20–40%,
скачок без отметки,834,2024-11,Общественное питание,вниз,-0.08191325699037044,3.492399972780319,,,,,,5–10%,
скачок без отметки,1111,2024-07,Общественное питание,вверх,0.08283824145487984,1.560542038490614,3.8221384167825123,2.820861388417684,-0.0012565485003905408,1.174957186757755,,5–10%,4
скачок без отметки,184,2023-12,Общественное питание,вверх,0.1798168591789464,-1.7443167469792262,-1.1520743334481163,1.6212097691509406,1.6212097691509406,1.6212097691509406,-0.19316041130775113,10–20%,6
скачок без отметки,1132,2023-08,Общественное питание,вниз,-0.09148307408079503,-0.6139842144137215,-0.8633582705630255,0.1735637147754708,1.320407102372907,0.28484908944769566,1.288930140009035,5–10%,3
скачок без отметки,2174,2024-04,Общественное питание,вниз,-0.11000883881155321,0.007728644272285531,1.229533267703122,-0.45311883556618515,-0.5119416024854643,-0.9662530734259417,-0.8549147143190213,10–20%,1
скачок без отметки,771,2024-09,Общественное питание,вверх,0.1838065412939205,1.487221711894852,1.2905291177774099,1.854705298885159,,,,10–20%,
скачок без отметки,398,2023-12,Общественное питание,вниз,-0.07774731009158753,0.44722839541035136,-3.6469519812421685,-0.29675054797512923,0.09040227136225942,-1.5076449785449757,-3.663856260249861,5–10%,3
скачок без отметки,1545,2023-12,Общественное питание,вниз,-0.39294381268441025,1.2369990138196392,1.128644156194288,0.4017006211034329,0.6627770053813328,0.5249955445543617,0.8708041759381745,20–40%,7
скачок без отметки,1301,2024-01,Общественное питание,вниз,-0.24893294619712414,1.7231155192950314,1.9768108616508049,1.5823380515256575,1.6740058801200226,2.590370672665054,2.3118906598729985,20–40%,7
скачок без отметки,1952,2024-02,Общественное питание,вниз,-0.06626621676424183,1.1846576406387108,-0.18524194730256455,1.0305126410178664,0.30576323792133037,1.652191258041571,2.245332708407718,5–10%,2
скачок без отметки,296,2023-08,Общественное питание,вверх,0.13928521128915072,1.1298111461133393,-0.40765040759407883,-2.853830167392304,-3.3095545964927076,-2.6201861324911158,-2.800475828090096,10–20%,7
скачок без отметки,2251,2023-07,Общественное питание,вниз,-0.15042808300649568,0.9067781458256515,0.5794378464954625,-0.344765212995345,-0.7214286446615082,-0.3476215210804323,0.30213362248305137,10–20%,6
скачок без отметки,1324,2024-06,Общественное питание,вверх,0.06386576511993525,-8.377540281963023,0.2843369113931676,-0.3767001117411407,-1.4794172857864933,-0.7041508291691249,-3.8939713115363612,5–10%,2
скачок без отметки,1219,2024-08,Общественное питание,вниз,-0.11623164689972221,-1.498645980074833,0.016691554513835097,0.23988783126475827,-0.4955993956234516,,,10–20%,2
скачок без отметки,324,2024-08,Общественное питание,вниз,-0.15812403363170446,0.39158533497007464,-0.3996127797583179,-0.24890317070678347,0.4091541301191426,,,10–20%,3
скачок без отметки,2143,2023-07,Общественное питание,вниз,-0.2278454780845136,0.629651993582676,1.4458962659617927,0.5711161103776728,1.104715054921302,2.2246945616216616,3.3113062406143445,20–40%,7
скачок без отметки,2022,2024-04,Общественное питание,вниз,-0.2012437392639379,3.350487440319805,1.407473959741821,1.2259806716891626,0.4893472368652058,1.1508077164347628,-0.26767552572055214,20–40%,6
скачок без отметки,1118,2023-07,Общественное питание,вверх,0.1607247967617642,0.6933720210984746,1.2240070885292287,4.025543169586136,-0.7854816059948484,-2.2249780621420707,-1.2699210782145771,10–20%,7
скачок без отметки,1036,2023-08,Общественное питание,вверх,0.44642435165254124,1.3082031978380797,1.307052403477628,1.6172618292424843,1.5889837744970032,1.5158657075123838,1.2400236502862827,>40%,7
скачок без отметки,755,2024-01,Общественное питание,вверх,0.0710935340086154,1.4055331236668884,1.763144758671867,-0.13670325290929075,0.9177564280730508,0.30571102069529443,-0.7650847383818183,5–10%,3
скачок без отметки,212,2023-12,Общественное питание,вниз,-0.05492768468987563,0.5285574569062652,1.0029193106990693,0.04187298049546008,-0.2563664119899907,-0.11283034962015129,0.5687616439498933,5–10%,3
скачок без отметки,731,2023-09,Общественное питание,вверх,0.0952580163794936,1.6695764579307821,1.5926366980981994,1.4120048373314245,2.886069211435948,1.2999986829333028,1.9737012771801907,5–10%,7
скачок без отметки,1071,2023-11,Общественное питание,вниз,-0.06820362266072433,2.0664666823285107,-0.7473544481928179,0.5329835494223005,0.9155841149518907,1.3294809788518729,5.214702732148491,5–10%,7
скачок без отметки,1935,2024-07,Общественное питание,вниз,-0.09025052308489112,0.5135188651789521,1.7710169357721988,2.2494258947461936,3.7273535898302277,5.44914022999362,,5–10%,
скачок без отметки,2174,2023-07,Общественное питание,вверх,0.050649651454403255,1.7969133914880242,-0.10604596639380776,-0.5038912173897945,-1.5768128755752753,-2.2170207799764055,-1.1251344313934024,5–10%,2
скачок без отметки,388,2024-11,Общественное питание,вниз,-0.1588546036631593,0.15207481468892742,,,,,,10–20%,1
скачок без отметки,572,2024-11,Общественное питание,вниз,-0.30930711138149913,0.5820669531864703,,,,,,20–40%,
скачок без отметки,541,2023-12,Общественное питание,вниз,-0.2622858361705216,-0.13386908488332838,0.10906500320642967,0.08209561778240371,-0.19879006893463577,-0.24985289997417065,0.2377349581153519,20–40%,1
скачок без отметки,1110,2023-07,Общественное питание,вниз,-0.10489018166133768,2.043964056969839,1.7757997818964888,1.3537884866513388,1.5323494154866535,2.04534347661484,1.0341882761849892,10–20%,7
скачок без отметки,566,2024-11,Общественное питание,вниз,-0.2881043815920812,1.4896163248770173,,,,,,20–40%,
скачок без отметки,1975,2023-10,Общественное питание,вниз,-0.20007433941927566,1.5450205876168026,1.7602305820552326,1.0541356145510161,0.1476509926535424,0.06605650879218647,-0.09197916405949803,20–40%,4
скачок без отметки,447,2024-02,Общественное питание,вниз,-0.05936515900663686,3.9147982991182855,1.6559130142528649,-1.9492261191203308,-3.4780317785497443,-1.7120264320613086,-3.2470545386711245,5–10%,7
скачок без отметки,402,2024-11,Общественное питание,вниз,-0.11989496317759141,0.5867613084911152,,,,,,10–20%,
скачок без отметки,769,2023-12,Общественное питание,вниз,-0.06243596948900265,3.170854361760755,1.3841641806399823,-0.6708460524776674,-6.904055725448882,-3.556357427178668,-2.8822445834083035,5–10%,7
скачок без отметки,1284,2024-07,Общественное питание,вниз,-0.06124362524071891,-1.5248007322241544,-1.7669363009602754,-3.9277828305431295,-2.0159123396618037,-2.639317168457646,,5–10%,
скачок без отметки,1346,2024-01,Общественное питание,вниз,-0.098819491634063,0.03886125720904859,1.6717225241093938,-0.21116778405761133,0.4526903338388066,1.257792758005539,2.795317356573786,5–10%,1
скачок без отметки,2045,2024-03,Общественное питание,вверх,0.05426717418525584,3.9487131685873935,6.279205644327901,4.400643241688205,4.593456005086912,3.071338961577561,2.5502064531963553,5–10%,7
скачок без отметки,1727,2024-04,Общественное питание,вверх,0.3942659449647632,0.6419639361937364,0.7342981077108779,1.0798153875325582,0.5466169860688268,0.1257956508107861,-0.08098509877055128,20–40%,5
скачок без отметки,2188,2024-05,Общественное питание,вниз,-0.06828881749201443,2.8067234030050514,2.6591683720127857,0.34780325148597935,0.8960490341028887,-0.325246272206531,-0.9119986071634661,5–10%,5
скачок без отметки,335,2023-07,Общественное питание,вверх,0.42407086985008746,0.9025061024766963,-0.00654323481678601,0.09843788755741485,0.01812520042346706,0.6140850714721935,0.5331663698759014,>40%,2
скачок без отметки,1689,2024-03,Общественное питание,вниз,-0.05141008343307796,-0.872493355829862,3.1663504258194073,1.780812684350521,-0.7057300904008459,-0.4266572942815422,-1.4491030326838161,5–10%,7
скачок без отметки,697,2024-09,Общественное питание,вниз,-0.1575819506181988,0.4442614439208046,-0.9782254834549277,0.7106337748644895,,,,10–20%,
скачок без отметки,1286,2024-06,Общественное питание,вниз,-0.4282173502610416,0.4069572081131233,0.15327256029241543,0.7174529290351855,0.4680646855344501,0.04246102230964757,1.4208575539671975,>40%,2
скачок без отметки,438,2023-09,Общественное питание,вниз,-0.2564091791343861,0.36859324369972324,0.47133910790599076,0.4358050799455801,0.17411583329959535,0.02289873008022821,0.31315944512160576,20–40%,4
скачок без отметки,1869,2024-06,Общественное питание,вниз,-0.2036824830685351,3.016941254980921,1.0613328806436155,2.614231440013853,0.7801486621216661,1.2048369649765744,1.4656997547016255,20–40%,7
скачок без отметки,1425,2024-08,Общественное питание,вверх,0.06778484289178,2.690462528570567,3.720176743469389,-11.176007531893928,-4.9358311010285,,,5–10%,
скачок без отметки,537,2024-04,Общественное питание,вверх,0.1673883467826558,0.32180188128257214,-0.8627304905353356,-0.3656068162156612,-1.8259968204750048,0.025367900233611428,-0.9466673716705046,10–20%,1
скачок без отметки,2012,2024-04,Общественное питание,вверх,0.05571643442954155,0.13142966621431745,-3.466916646040559,-2.3672947108485634,-4.611023326954247,-3.0122004301167706,-5.381794881840316,5–10%,1
скачок без отметки,1132,2023-09,Общественное питание,вверх,0.14765223745244427,1.15450836131002,0.5120473161038515,-0.19851935323251874,0.44309659547202096,-0.17901670749238932,1.7377690239321175,10–20%,3
скачок без отметки,1343,2024-03,Общественное питание,вниз,-0.11120034366568365,0.7567354042660812,1.1549781885199448,2.1770503673610926,1.6731475529621094,2.18574082578067,0.6201865419316931,10–20%,7
скачок без отметки,1722,2024-07,Общественное питание,вниз,-0.2421083793731844,-0.2741992087662677,1.4598582844276144,-0.1867969135228708,-0.4566860682473361,0.277675833180308,,20–40%,1
скачок без отметки,1755,2024-09,Общественное питание,вниз,-0.12107190662812162,0.622277779715362,-0.5527920352169763,-0.1778196220660554,,,,10–20%,3
скачок без отметки,1029,2023-08,Общественное питание,вверх,0.08930307876196775,1.1739412610546056,-0.10543512682931787,-0.23177046905100523,-1.7861892603460336,-2.5908916266835096,-0.6043469391720774,5–10%,2
скачок без отметки,67,2024-05,Общественное питание,вниз,-0.056603397868991934,-0.5665425293737524,-4.219786068072195,-3.2856977229597355,-2.5762934627099177,-3.947531958341448,-2.60251713647542,5–10%,7
скачок без отметки,1065,2024-05,Общественное питание,вверх,0.17120720343771634,1.940309177173233,1.7998143729102667,-0.7270424910971893,-0.6919693147343633,-1.243439906444357,-0.508517091340646,10–20%,7
скачок без отметки,277,2024-10,Общественное питание,вниз,-0.22298428182990637,0.8468517172068277,0.6148522935204191,,,,,20–40%,
скачок без отметки,2323,2024-05,Общественное питание,вниз,-0.17467927927736682,-1.8430830843391766,-2.9579643208531543,-4.540228574213131,-4.232798830971586,-5.077550240386441,-5.862431830516565,10–20%,7
скачок без отметки,279,2024-08,Общественное питание,вверх,0.08346176729223043,1.895558185753132,1.4761260520780881,0.36493352631020765,-2.208280338849824,,,5–10%,
скачок без отметки,384,2024-02,Общественное питание,вниз,-0.1268876882644827,2.195770690539283,0.3375900491284526,-0.9100227690954428,-1.4199418703752325,1.0862001070742315,1.3742139382851484,10–20%,7
скачок без отметки,1898,2024-12,Общественное питание,вверх,0.273799231989436,,,,,,,20–40%,
скачок без отметки,369,2024-08,Общественное питание,вверх,0.14409071283276198,0.4477120031777387,1.4659908666183064,0.5450409807785334,1.4186103463224475,,,10–20%,
скачок без отметки,1405,2023-12,Общественное питание,вниз,-0.10083047022815439,0.4335198390001601,0.7509753831270105,0.8066706177027402,0.7575541881210767,0.15148321340342016,-0.4394842073008726,10–20%,5
скачок без отметки,1618,2024-11,Общественное питание,вверх,0.11602223500268583,-2.3554122512025524,,,,,,10–20%,
скачок без отметки,1550,2024-12,Общественное питание,вверх,0.09345432983000812,,,,,,,5–10%,
скачок без отметки,583,2023-11,Общественное питание,вверх,0.22879178433906766,2.869723983054934,3.9127083874298183,1.9108513116209949,1.3291312009137117,0.3605920860178121,-0.4503204306339453,20–40%,7
скачок без отметки,1463,2023-12,Общественное питание,вниз,-0.051599028107718325,0.24590693127534072,0.4817104954478403,0.8196403605414985,0.19079161206698614,-0.043787093160595286,0.46410690369946966,5–10%,1
скачок без отметки,2080,2023-12,Общественное питание,вниз,-0.0884796164527506,-0.9258915634591636,-0.32203478667849583,-1.3252775761748727,-0.8017225099375089,-0.01452756476792772,-0.8810854962790488,5–10%,2
скачок без отметки,1572,2024-10,Общественное питание,вверх,0.07792186857853522,1.640180098414638,2.7436102000727582,,,,,5–10%,
скачок без отметки,1207,2023-12,Общественное питание,вверх,0.08255123977853351,1.6410757979559902,0.27125148092298185,1.2767025337911344,0.49433467873799747,0.5644752920390288,0.5036416973288398,5–10%,2
скачок без отметки,1020,2023-12,Общественное питание,вверх,0.15818710846461936,0.8177690425737962,0.43425253154500343,-0.050554102365857896,0.5124283578953692,0.5628529982243061,-2.8704311754832026,10–20%,3
скачок без отметки,1011,2024-10,Общественное питание,вниз,-0.12925540299260074,1.3387645554647303,1.1669305752320347,,,,,10–20%,
скачок без отметки,277,2024-05,Общественное питание,вверх,0.12950198146525693,0.1842216137364671,-0.03957904668948476,1.1292074386257307,0.20605975601172058,-1.5158002441746787,-1.2521003419358803,10–20%,1
скачок без отметки,1278,2023-07,Общественное питание,вниз,-0.2296795222939947,1.2479610604506195,1.0444614575102003,1.652257101175738,1.1709186214976608,0.4770220758787725,0.2782302982051737,20–40%,6
скачок без отметки,1710,2024-02,Общественное питание,вниз,-0.1326101581052006,1.7016086605228606,-0.5681662762047964,-0.6757563671600322,-0.022660249390415454,-0.4496337219330374,-0.11746911365405927,10–20%,4
скачок без отметки,2059,2024-08,Общественное питание,вниз,-0.0653827592628522,1.0,1.0,-1.7592826053278943,-2.277828502225696,,,5–10%,
скачок без отметки,2050,2024-10,Общественное питание,вверх,0.15692052385373945,0.07795277428701532,0.04946271716295598,,,,,10–20%,1
скачок без отметки,1670,2024-03,Общественное питание,вверх,0.10589605226318888,1.9377488278672366,0.3495300056652599,0.49251120197954346,0.6247545461337872,-0.25829950526653866,1.468801818013306,10–20%,5
скачок без отметки,2178,2024-05,Общественное питание,вниз,-0.4233542514019941,1.3897123199730574,0.08751416676601234,0.15175639162539678,0.37020833540285386,-0.006439745540769957,0.21441054587568215,>40%,2
скачок без отметки,34,2024-04,Общественное питание,вниз,-0.08843611196751944,1.2754112809738456,2.2288547310691937,2.5579255806822148,2.0658060890470655,2.8725416473519565,3.7867299509850745,5–10%,7
скачок без отметки,1961,2023-10,Общественное питание,вверх,0.11406938233188768,0.5249878201368975,1.3685046377361896,3.2324007566423334,2.3306561830065236,2.1982199850089783,2.122659435294143,10–20%,7
скачок без отметки,1069,2023-12,Общественное питание,вверх,0.11138437350281283,1.1831613319724057,-1.445512168602402,-1.9416868889886219,-1.4357289073898765,-5.054110510219458,-4.233801784881235,10–20%,7
скачок без отметки,403,2023-10,Общественное питание,вверх,0.0623584355232536,2.7216177884782846,1.3116329605927206,1.4351265463879974,-2.454330492636523,-4.308702798033066,-1.490216673382798,5–10%,7
скачок без отметки,1055,2023-08,Общественное питание,вверх,0.057122939804138184,-0.8342467085379667,-1.0080581046933625,-3.7813714429546987,-6.284389552015451,-5.331501465940104,-4.052903920069626,5–10%,7
скачок без отметки,2302,2024-04,Общественное питание,вверх,0.27531850899631305,1.6227940469145712,1.618441150458653,2.0723970618971306,1.2953400510111797,1.3147052441807918,1.765142034134064,20–40%,7
скачок без отметки,752,2024-02,Общественное питание,вниз,-0.3069098427314403,0.7148421651411188,0.34491654732340804,0.26060626661093744,-0.5092363627022465,-0.18814369239886136,-0.10959946717346733,20–40%,3
скачок без отметки,1344,2024-08,Общественное питание,вверх,0.05409028281497541,11.646107229749441,21.230750762002813,11.136146748982446,8.831029368963769,,,5–10%,
скачок без отметки,327,2024-09,Общественное питание,вверх,0.31652249417168044,1.4022046552519059,1.0017192290450738,0.723110546706119,,,,20–40%,
скачок без отметки,292,2024-08,Общественное питание,вниз,-0.2833998553048005,-1.383341573139936,1.519746896751218,2.0648411252446177,0.5441209173894764,,,20–40%,
скачок без отметки,1679,2023-08,Общественное питание,вниз,-0.15907323803831908,0.9886223830997988,0.5325212527637392,-0.21113976664073397,0.1570653956003456,1.4488091808668828,2.1346562436936396,10–20%,3
скачок без отметки,843,2023-09,Общественное питание,вверх,0.12749432153079532,1.3458292580984528,1.524873313276335,1.9523195379588534,3.0519273121117676,1.9551698055589346,2.6996694952991502,10–20%,7
скачок без отметки,1580,2024-02,Общественное питание,вниз,-0.17432806543735246,1.1211024281787791,0.9779795852289501,2.0535911413408843,2.7364237714627393,2.2906860152276547,2.2367907850205824,10–20%,7
скачок без отметки,452,2024-07,Общественное питание,вверх,0.09418500276182495,1.0147714994931083,-0.056136305192191815,-0.9041747421092613,0.10965988572575104,-0.17073492389343323,,5–10%,2
скачок без отметки,532,2024-08,Общественное питание,вниз,-0.2707448386692066,0.9118032162036103,0.3999285023352831,0.2721666501690554,-0.6187572668082643,,,20–40%,3
скачок без отметки,2124,2023-08,Общественное питание,вверх,0.09209873873879015,1.8119949922428877,2.303338533090099,2.2835248195733038,1.8911761773545626,2.427252694906985,2.0982914815243117,5–10%,7
скачок без отметки,354,2023-07,Общественное питание,вниз,-0.06940356880066734,1.6172633036699129,0.6173378488880054,-0.9819061363236898,0.8891371976354948,-1.0099440790084055,0.6131433682749995,5–10%,7
скачок без отметки,928,2023-09,Общественное питание,вверх,0.11404526940815263,1.6606216838880403,0.8797087760471302,2.3317932899880636,3.094410721957733,1.960768834478641,1.8829260614585481,10–20%,7
скачок без отметки,1213,2024-01,Общественное питание,вверх,0.3027766986742657,0.3333971883429903,0.5819931855304752,-0.4489963454441215,-0.8465113125172155,-0.5313706417347941,-0.1675115442144741,20–40%,6
скачок без отметки,1706,2023-08,Общественное питание,вверх,0.13047712615816742,2.4645159415118862,2.5395802751875696,2.2654098107797696,2.781390562342219,1.1430978986573497,1.2670455708892965,10–20%,7
скачок без отметки,2309,2024-11,Общественное питание,вверх,0.052391641711099446,2.110631426473099,,,,,,5–10%,
скачок без отметки,568,2024-04,Общественное питание,вверх,0.13117345153199356,0.47670362823037804,-0.40982977060615633,0.2605872580327194,-0.3607310524906293,1.0629176605026438,1.0371975339331059,10–20%,3
скачок без отметки,1855,2023-09,Общественное питание,вниз,-0.06738747533517309,-1.7336195067738749,-2.1571663839406643,4.754833758320486,-6.305783183477018,2.6569359984567096,1.4940718068926067,5–10%,7
скачок без отметки,2265,2024-05,Общественное питание,вниз,-0.35768555235905897,-0.040734217185311644,0.2091680710859007,-0.8715421927434005,0.37453872912227354,-0.23137698635004814,-0.7418259797568496,20–40%,1
скачок без отметки,2024,2024-01,Общественное питание,вниз,-0.07403769424121798,0.24464853522327787,0.6663356995471692,0.0489231243974879,0.7075820368701524,2.474673931995249,0.49032749577155293,5–10%,1
скачок без отметки,2178,2024-12,Общественное питание,вниз,-0.18117205315972207,,,,,,,10–20%,
скачок без отметки,1758,2024-05,Общественное питание,вниз,-0.16107393152467786,1.721179014298095,2.4587394188305667,2.0871560020957047,2.3875335133471065,2.4881554143666005,0.9546757555861958,10–20%,7
скачок без отметки,1865,2024-01,Общественное питание,вниз,-0.18720420138875848,0.6463115144926486,-0.9863197214308593,0.057716506140551134,0.45061074373224774,-2.4114490083149094,-1.7051920486398902,10–20%,3
скачок без отметки,1559,2023-07,Общественное питание,вверх,0.1713738462833394,-1.3734740028216432,-0.38550435080663087,0.980830047098681,1.7201399610607653,2.5774098826294503,-0.9898382151089087,10–20%,7
скачок без отметки,17,2023-07,Общественное питание,вверх,0.08416179232171128,0.7785277290346013,-0.5527450681785527,0.0,0.0,1.2142201119709806,0.15703148693658617,5–10%,3
скачок без отметки,2089,2024-06,Общественное питание,вверх,0.16034839675618606,0.6455301339617343,-0.03677771978772278,-0.2744935075888752,0.07811045907958418,-0.30317187459113526,0.3212645068598467,10–20%,2
скачок без отметки,1659,2024-08,Общественное питание,вниз,-0.13260612178073838,1.2400367874482026,0.20719312491067585,0.7242637718192906,-0.7841088363967805,,,10–20%,2
скачок без отметки,818,2023-11,Общественное питание,вверх,0.07875023747510301,1.2449087898030702,2.3894218272626953,1.0214257315416482,0.4219934620547568,1.1425771007937708,-0.6002982576885556,5–10%,7
скачок без отметки,1936,2024-08,Общественное питание,вниз,-0.12317137690766522,1.0450049175196152,1.007848013518753,-0.519226847358162,-0.24366580160094223,,,10–20%,4
скачок без отметки,1717,2024-05,Общественное питание,вверх,0.1892419996385284,1.4347615017652087,0.632565520839042,-0.33895288428710546,-0.08620483572718854,-0.21101399484071162,0.05796298597312381,10–20%,4
скачок без отметки,43,2024-05,Общественное питание,вниз,-0.32177044795313847,0.551618450901023,0.9701430057882444,0.7858638942275616,0.8847414156570405,1.0234808950813525,0.7480780531087117,20–40%,7
скачок без отметки,1529,2024-06,Общественное питание,вверх,0.3515884452145608,0.15160401971864637,0.9117640268349017,0.8177315263207197,0.17647144028962417,-0.08968963835613888,-0.11820666237915961,20–40%,1
скачок без отметки,428,2024-12,Общественное питание,вверх,0.1658154614617935,,,,,,,10–20%,
скачок без отметки,242,2024-08,Общественное питание,вверх,0.07671764625386057,-0.39561352472944944,2.371337929447638,-1.9711492527998429,-0.07337418571163964,,,5–10%,4
скачок без отметки,1724,2023-07,Общественное питание,вниз,-0.2316626191736857,1.0201478753918294,0.6913953186927358,-0.06016295548023704,0.385244407189134,-0.8124734096060815,-0.6634624557348461,20–40%,3
скачок без отметки,2153,2023-10,Общественное питание,вниз,-0.12224476542159035,-1.3087635080924143,-0.6782671613392236,-2.447122168749714,-1.6393249956287488,-2.1365016883455774,-1.0670636401503757,10–20%,7
скачок без отметки,809,2023-07,Общественное питание,вниз,-0.07195959612753455,1.7490046501524013,0.5889703958674851,0.8284610909163491,0.7323102117727059,0.42718220175750127,0.1024508485284392,5–10%,6
скачок без отметки,2007,2024-01,Общественное питание,вниз,-0.16632297767848225,-0.2039076785198929,-0.4725138249966176,0.7960924020166305,0.7973596356821138,1.5309053965103832,-0.13957194544596796,10–20%,1
скачок без отметки,912,2023-10,Общественное питание,вниз,-0.05037652947116111,2.6160461880763317,-0.587732050093353,-0.849851459979927,2.7301535763355766,-1.044120007727657,0.9188170960834402,5–10%,7
скачок без отметки,904,2023-11,Общественное питание,вверх,0.11897409999434494,-0.28020285779546833,-1.477127916819097,-1.5829494838641875,-0.5254881517057476,-0.9543696491042999,-0.9096767204446106,10–20%,1
скачок без отметки,677,2023-08,Общественное питание,вверх,0.11459871437260283,1.3311974526745294,1.4546242511276655,1.287087749584928,1.9899902067228574,2.5726461680775925,2.0456631952135806,10–20%,7
скачок без отметки,532,2024-06,Общественное питание,вниз,-0.07425376571932318,0.8572958615256062,4.5035060711547485,4.181922057619898,2.315519249862208,1.8496726800925791,-1.3988232019929103,5–10%,7
скачок без отметки,2171,2024-02,Общественное питание,вверх,0.0780785440299896,0.36800414222464145,2.9808594707695164,0.2744129035397435,1.1285741648614207,1.0265125262001469,-0.4198937355328119,5–10%,3
скачок без отметки,1634,2024-01,Общественное питание,вниз,-0.3022292752333371,0.9290729244761846,0.3381191994084598,-0.5398784685682262,-0.5873346026947387,-0.6310650261808227,-0.04587931839536304,20–40%,6
скачок без отметки,2274,2024-04,Общественное питание,вниз,-0.1692548977936985,-0.08457583595813882,0.15934857569660435,1.5114150308842935,0.34171590530903334,0.8461043986723459,0.7714231798122452,10–20%,1
скачок без отметки,429,2024-02,Общественное питание,вверх,0.050388492412812624,1.0,-1.8289908955177474,-1.2836430358358502,-3.3813415064113035,-3.097997535430561,0.18452779790489482,5–10%,6
скачок без отметки,1299,2024-03,Общественное питание,вверх,0.13093300216375425,3.4276925889798293,4.02401834490976,2.662632852244321,3.8714261301459976,3.8099594790882243,4.7133160699569725,10–20%,7
скачок без отметки,2335,2024-08,Общественное питание,вниз,-0.05571921512516642,-0.38702767508882363,-2.0284608209848423,-1.6848087239636473,-3.101540055022666,,,5–10%,
скачок без отметки,1762,2024-08,Общественное питание,вниз,-0.055982513720135074,-0.5932583013450758,3.689025091812626,-8.235644788572404,-4.292788524341519,,,5–10%,
скачок без отметки,275,2024-04,Общественное питание,вверх,0.11601384864211184,0.8966037302324646,1.7071013626172307,-0.16913618734687066,1.3712279389746056,0.297603322445752,-2.3317769261427133,10–20%,3
скачок без отметки,1715,2024-06,Общественное питание,вниз,-0.16496596693337207,-0.4112128981520548,0.5105275114495244,-1.4355330030539528,0.2840170857718025,1.2499036121528035,-1.3685763525051968,10–20%,4
скачок без отметки,2134,2024-10,Общественное питание,вниз,-0.2810223913361396,0.27176830437408916,3.1100730091893443,,,,,20–40%,1
скачок без отметки,1271,2024-02,Общественное питание,вверх,0.8023866770318673,1.2054578131407898,0.020416706885600402,0.4600153886977086,0.31142055938613417,0.24052058523381578,0.09044354163915468,>40%,2
скачок без отметки,870,2023-11,Общественное питание,вниз,-0.17287864371836204,-0.35392196575836493,-0.43943090283404157,0.6847786933119652,-0.35809578138627257,-0.5614815245390087,-0.47599061255295894,10–20%,7
скачок без отметки,1128,2023-09,Общественное питание,вниз,-0.3949949986365029,0.7220317735442753,1.8932458040989484,1.2810214195004603,-0.6665967473724601,-2.306682465831094,-2.141137308855099,20–40%,7
скачок без отметки,1002,2023-10,Общественное питание,вниз,-0.27248894711471294,1.8586134698553238,1.859034962172756,1.9245725726029685,1.7121713430100598,2.066463052391512,1.2787958828120798,20–40%,7
скачок без отметки,1417,2024-08,Общественное питание,вниз,-0.14021499897564116,1.9688197831863772,2.5915472168999942,2.966996093406506,1.3377108925073347,,,10–20%,
скачок без отметки,278,2024-01,Общественное питание,вверх,0.2078902390150823,-0.022492947510673822,0.030069284117840323,-0.11666235481854131,0.5197909216430807,-0.12034293893952067,-0.09297000321539965,20–40%,1
скачок без отметки,67,2023-09,Общественное питание,вниз,-0.10559846925799743,0.14881133090757,0.45798751140991045,1.0497105301149634,1.0117870454513267,1.5717184593208962,1.550451246398425,10–20%,1
скачок без отметки,1028,2023-12,Общественное питание,вверх,0.23013377631820653,0.3012770246736027,-0.13585461552884484,0.0672141731035359,-1.6222049710467563,-0.4924925695215121,-1.0970685829393039,20–40%,1
скачок без отметки,548,2024-03,Общественное питание,вверх,0.07631547030949459,2.508803818522045,2.5889478180627976,2.6180344073128006,3.552875143396533,2.0843939808532457,-0.5388054848215541,5–10%,7
скачок без отметки,1709,2024-03,Общественное питание,вниз,-0.09264449464813485,-3.2432290802935193,-2.5094789994315994,-1.3509785764750377,-2.07573847593255,-2.5169031344899313,-2.369662222666119,5–10%,7
скачок без отметки,1311,2023-08,Общественное питание,вверх,0.07783851855393387,0.7786290397492107,2.4599537303825922,2.286672952336929,0.7567479024168728,-1.5365067731629936,-3.2658364480014375,5–10%,7
скачок без отметки,922,2024-12,Общественное питание,вниз,-0.08907963005368824,,,,,,,5–10%,
скачок без отметки,1155,2024-07,Общественное питание,вверх,0.15791592942581367,1.0314429034782608,0.9573756653801425,0.9714905400809147,0.8522475918969948,-0.2895353844564181,,10–20%,5
скачок без отметки,1507,2023-11,Общественное питание,вверх,0.0772265033889381,1.0465336747231857,0.8232106813042275,0.7104943901358528,0.5606462938647574,0.21326423313324086,0.3857287799750282,5–10%,5
скачок без отметки,1227,2024-01,Общественное питание,вниз,-0.07734033471155399,1.004004926894724,1.162277392230105,-0.7836895597940533,-0.7811463150432296,-1.4757098489451226,-2.3723589096043156,5–10%,7
скачок без отметки,1173,2023-09,Общественное питание,вниз,-0.06419332496279218,2.0202169317633194,1.950000562959069,1.5015168871703322,4.816398081668622,5.959591367484477,4.253649666491374,5–10%,7
скачок без отметки,619,2023-10,Общественное питание,вниз,-0.27100736389465574,1.2015681568524108,1.176178584431432,1.6218151397169298,1.230523257943581,1.7879414991365457,1.176178584431432,20–40%,7
скачок без отметки,528,2024-09,Общественное питание,вниз,-0.16991891731348474,-1.6532171399982032,-3.24451052613501,-2.8234893845177096,,,,10–20%,
скачок без отметки,2059,2024-02,Общественное питание,вверх,0.2634174504521498,1.092114709780925,1.335547815900017,1.3201866307571564,1.4911116262724764,1.340324382870632,1.092114709780925,20–40%,7
скачок без отметки,1685,2024-06,Общественное питание,вниз,-0.32288268307508083,0.8483987680869715,0.5950728293716032,-0.07924400686676551,-0.4877040593813898,-0.4108427928513834,0.28265312958287714,20–40%,3
скачок без отметки,2190,2024-02,Общественное питание,вниз,-0.09077670350724798,0.4290554255934327,0.872024329898182,-1.2101587588179796,0.019946515463273997,-0.5031218798858745,-0.5439194399512199,5–10%,4
скачок без отметки,1193,2023-10,Общественное питание,вверх,0.050883909588360865,1.0505720846798818,-2.607375683641379,-4.1641736692552636,-0.7241453779842815,-1.581447236446166,0.028183145678433077,5–10%,6
скачок без отметки,1781,2023-07,Общественное питание,вверх,0.2743463928390355,0.49584972328873533,0.21010129965460983,-0.6757106891052593,0.008423755060283002,-2.172163394883223,0.5010604329731104,20–40%,2
скачок без отметки,2136,2024-05,Общественное питание,вниз,-0.08771151978118841,0.8586118248720687,0.8551137251772563,3.6181958667177727,1.1536589344877315,-0.21441929138246707,-1.2006657039891333,5–10%,5
скачок без отметки,1519,2023-09,Общественное питание,вниз,-0.07798386363985355,1.786759605264604,0.5991274323174834,0.06760278208588491,-0.2997854257925026,-0.734790541280312,0.4267998890227041,5–10%,3
скачок без отметки,17,2023-12,Общественное питание,вверх,0.10219094089654668,0.1293270350148336,0.4038063926155727,0.0,0.0,0.33174713314364784,0.10903291872536536,10–20%,1
скачок без отметки,1776,2024-10,Общественное питание,вниз,-0.05549616463909057,5.603616691806086,5.362808786073593,,,,,5–10%,
скачок без отметки,1260,2024-06,Общественное питание,вниз,-0.128255429167476,1.658162852062424,1.1349889850345523,0.8456073135980688,0.6046398804829263,0.18572023980472682,0.3447180868612728,10–20%,5
скачок без отметки,184,2024-06,Общественное питание,вниз,-0.32625434723802016,-0.0,0.8405188203598563,0.5818851635063041,0.1873348679441683,-0.19666234261845883,0.0240400703543842,20–40%,1
скачок без отметки,1327,2024-03,Общественное питание,вниз,-0.06804467726951824,3.6743268264085183,2.7917096905900927,1.6752877335659018,-2.4094900071946874,-2.1142037921374865,-3.5288624474039785,5–10%,7
скачок без отметки,1925,2024-01,Общественное питание,вниз,-0.5043844376189268,-0.16966920531843185,0.3905000859570212,0.029525145002784883,-1.2087326318361673,-1.118795237375956,-1.1484288370615514,>40%,1
скачок без отметки,449,2024-02,Общественное питание,вверх,0.07735015071488949,1.8118075741933455,2.0637627735436817,3.058536270129454,2.541315401474908,4.1008655638726355,4.158570355587643,5–10%,7
скачок без отметки,1164,2023-08,Общественное питание,вверх,0.226117553450643,-0.17677047330510498,0.34867569021290934,1.3903749860677233,1.3108885111444317,1.1535175111187101,0.7989336992825151,20–40%,1
скачок без отметки,1233,2024-03,Общественное питание,вниз,-0.06303805860830725,1.403529630512938,1.8715406226336384,3.1191739398967457,4.215571840730939,4.837052993604601,4.537390690555943,5–10%,7
скачок без отметки,1235,2023-08,Общественное питание,вверх,0.05745703676741076,-0.30857485420875097,0.1306048666448563,-0.5701570182672423,-0.9546031699024262,-0.59817727342912,1.3928773227019409,5–10%,1
скачок без отметки,456,2024-08,Общественное питание,вниз,-0.068378969181766,2.9805100833748654,5.25159873835528,0.56936474724292,3.7382872086077588,,,5–10%,
скачок без отметки,1152,2024-01,Общественное питание,вниз,-0.050344990921304955,-5.096611882991044,-7.1118032389234855,-3.8489281942567866,-2.6226099025339655,-1.902657761373634,-10.02273322087295,5–10%,7
скачок без отметки,2161,2024-07,Общественное питание,вниз,-0.3377480789435401,1.0807214401957128,-0.4259037440081875,-0.17687913601072097,-0.6370120757999955,-0.4412861630294886,,20–40%,3
скачок без отметки,727,2023-09,Общественное питание,вверх,0.13011055153245188,1.3250206781168044,1.3307876340227534,1.3038615188606264,2.0349548150460155,1.105076955430039,1.5076490262820799,10–20%,7
скачок без отметки,767,2024-10,Общественное питание,вверх,0.06912241172447864,1.5907875784559904,1.8338215530471225,,,,,5–10%,
скачок без отметки,1921,2024-06,Общественное питание,вниз,-0.10884633668066179,1.6012556410216965,-0.01466812720074429,-1.8763562963598688,1.2382864095737867,-2.3719208857681573,1.1781932009480292,10–20%,2
скачок без отметки,2618,2023-08,Общественное питание,вниз,-0.24169847447213844,1.598698193026424,1.4473488846900002,1.0042913595755136,0.47031014637645535,-0.1033732438955839,0.8685711554521399,20–40%,5
скачок без отметки,1641,2023-10,Общественное питание,вверх,0.05325959667887936,-1.329207436885703,-0.7185533250708328,-3.738748268957132,-1.329207436885703,1.1933060800887014,-1.7344596921235447,5–10%,7
скачок без отметки,2328,2024-02,Общественное питание,вниз,-0.12447973673669033,-1.1058645466498878,1.3921925949024239,1.6489057073426876,-0.07292125119381603,-0.4820940897621625,0.34599090835904805,10–20%,4
скачок без отметки,382,2024-11,Общественное питание,вниз,-0.13353139262452274,1.1625136254973252,,,,,,10–20%,
скачок без отметки,1181,2024-12,Общественное питание,вверх,0.08836011020745005,,,,,,,5–10%,
скачок без отметки,1249,2024-10,Общественное питание,вниз,-0.051006267814785566,0.8632594063039344,1.4303062067405965,,,,,5–10%,
скачок без отметки,2249,2023-10,Общественное питание,вниз,-0.3438260693849884,1.4495006420981462,1.3467784189862897,0.36973730628171014,0.03222471862257201,-0.41084698772686445,0.7141630252272924,20–40%,4
скачок без отметки,2153,2024-07,Общественное питание,вниз,-0.11598074248457557,0.46162212043361983,-2.0070036708838406,-0.528531873824546,-1.3854981464972072,0.052324936096556925,,10–20%,5
скачок без отметки,704,2024-07,Общественное питание,вниз,-0.18641883352213284,-0.26247682461638805,-0.36991919777765303,-0.7060570910667506,-0.3402645160036866,-0.33108124550395335,,10–20%,1
скачок без отметки,2160,2023-12,Общественное питание,вниз,-0.43744815396121606,-0.018505456340495496,-0.7180034060105501,-1.7737239479513633,-0.018798512579202654,-0.506215037245417,-0.22581121987043687,>40%,1
скачок без отметки,1940,2023-11,Общественное питание,вниз,-0.09079735163264147,-2.0656758874798395,-2.815489841512219,-1.2292314888171827,-0.3565220061407195,-1.5321280354954694,0.655884312964103,5–10%,7
скачок без отметки,1741,2024-10,Общественное питание,вниз,-0.0957167455899528,8.782683149022091,9.712110144574282,,,,,5–10%,
скачок без отметки,852,2024-02,Общественное питание,вверх,0.07779276104507371,3.7304683486614874,1.435345761354204,1.276608180298342,1.885916822534261,2.6912205726006095,2.1839831084653776,5–10%,7
скачок без отметки,1009,2024-02,Общественное питание,вниз,-0.11991156417167836,0.833172544029881,1.361975785817596,0.9339397393074208,1.4567555825695844,1.0515819132638464,2.4137870867788425,10–20%,7
скачок без отметки,77,2024-04,Общественное питание,вверх,0.09000706192252217,1.3760342123653198,1.8652508719632155,1.3827025335150607,1.8505542833965805,1.1175020976058692,2.1403588627202574,5–10%,7
скачок без отметки,1144,2024-07,Общественное питание,вверх,0.20256707391336803,1.3822514850359169,2.439110647876073,2.0779016294824766,1.8372453093217445,1.4001288452238803,,20–40%,
скачок без отметки,2193,2024-12,Общественное питание,вниз,-0.1276619833790642,,,,,,,10–20%,
скачок без отметки,2,2024-11,Общественное питание,вверх,0.06249914037891724,0.23837700518162042,,,,,,5–10%,1
скачок без отметки,1656,2023-08,Общественное питание,вниз,-0.19593221384221415,0.3561227740683029,0.6726245538789991,1.0931051939359993,-0.4831729566062317,1.2201972087126005,-0.3858186082795839,10–20%,7
скачок без отметки,209,2024-07,Общественное питание,вниз,-0.19033978700763754,0.3946991363358138,0.6657097178520466,0.8646724633069688,0.6429538571282546,0.6967384562461543,,10–20%,
скачок без отметки,792,2024-07,Общественное питание,вниз,-0.6583113056420338,1.1215196118849589,1.4596052880707018,0.6030757723599885,0.9555578441629884,1.2313160796104934,,>40%,
скачок без отметки,1690,2024-01,Общественное питание,вниз,-0.11111205064467011,2.473469191984533,3.8910936553021815,1.6713259556848699,4.6793650287562505,3.3484634750122164,-0.6279976713308957,10–20%,7
скачок без отметки,208,2024-06,Общественное питание,вверх,0.10530670140543741,0.48227758482994376,-0.6763256022827789,0.6219117457554946,0.6808244163088052,-0.6348914050606351,-0.6629312896350663,10–20%,7
скачок без отметки,1639,2023-08,Общественное питание,вниз,-0.19020670043687016,0.30185513967966504,0.19425922018029806,1.0506670218617526,0.5787466838539357,1.381654591383772,0.930912288178085,10–20%,1
скачок без отметки,1707,2024-10,Общественное питание,вверх,0.06327452386231691,0.30260585376762156,0.6829038435574821,,,,,5–10%,1
скачок без отметки,1123,2023-12,Общественное питание,вниз,-0.11818778795950546,1.3088372926408867,1.314167213054422,2.7354888219590614,2.119059360220028,1.1549188677906654,2.6074189817937703,10–20%,7
скачок без отметки,1009,2024-06,Общественное питание,вниз,-0.06269166553930106,0.2250164670266785,2.8305327134651486,0.6130183738556406,1.4525751046727768,1.3967244367059548,1.4595107053855758,5–10%,1
скачок без отметки,2007,2024-04,Общественное питание,вниз,-0.21099836517830806,1.0009989180555,1.5792285887038129,0.26244698509364384,1.7596938989180317,0.5712430133118831,1.2396272190598958,20–40%,3
скачок без отметки,2185,2023-07,Общественное питание,вверх,0.06727453742403888,-3.3550932800530497,-2.0005421176985316,-4.430410396544122,-1.3829653354092724,-3.6214013590502327,-2.7653580064994054,5–10%,7
скачок без отметки,2187,2023-07,Общественное питание,вверх,0.11673187763431603,-0.3658491245333276,0.28708853163404774,2.9329728557979964,0.6934049685619891,0.846562336667534,0.37514325898274625,10–20%,2
скачок без отметки,2133,2023-08,Общественное питание,вверх,0.19072707261935395,0.9591006352042436,1.8328481669395253,1.6996226359417346,1.2104712900113341,1.0670643116624132,1.7142430099295363,10–20%,7
скачок без отметки,1915,2024-06,Общественное питание,вверх,0.3415737382358701,1.801748876195366,1.6790581508286233,0.8534507458919632,1.2804574781157954,1.2801361236674011,0.3544633387384624,20–40%,7
скачок без отметки,1115,2023-08,Общественное питание,вверх,0.13598013837793133,0.33050489074336514,0.9848830118060455,0.18421390462023302,1.570957911389859,3.3910287782965396,-2.8832796346749436,10–20%,1
скачок без отметки,201,2023-09,Транспорт,вверх,0.0821470120126433,0.8314898940905642,1.6439481647845173,0.8375088334911533,1.1396849753935725,1.1173386729794037,0.5754164780605091,5–10%,7
скачок без отметки,428,2024-10,Транспорт,вниз,-0.06542577060819621,0.039720927855473216,0.23755635108246104,,,,,5–10%,1
скачок без отметки,1197,2024-08,Транспорт,вниз,-0.05101910877460902,-1.0342237564589851,-0.6313423241976948,-0.5598502938134032,-0.5873804811259667,,,5–10%,
скачок без отметки,1657,2024-01,Транспорт,вниз,-0.050704816344064874,2.0817763126241133,0.8231071991343399,0.8377820922008199,1.2882532783421992,-0.15638096685835984,-0.6571038247936984,5–10%,5
скачок без отметки,927,2024-07,Транспорт,вверх,0.11300072463290967,1.0885664591243442,0.4052598365045973,1.3433940631475227,1.3799745793907034,1.670114433890048,,10–20%,
скачок без отметки,2278,2023-08,Транспорт,вниз,-0.1148113938941675,0.5292252119594677,2.468896662342305,2.359617692565868,0.8697937921959811,1.654822420255919,2.650632150205495,10–20%,7
скачок без отметки,2315,2023-08,Транспорт,вверх,0.05456093133208473,-0.7193101470469409,-1.8994820477772285,-0.9186278012981952,2.6927172517132525,-0.7246066003142491,0.14875216186846846,5–10%,6
скачок без отметки,849,2024-04,Транспорт,вверх,0.2113721994164912,1.0427710775042023,0.80253435809447,0.39023945504579577,0.2118131094305308,0.6707218209383304,0.7987130955976156,20–40%,4
скачок без отметки,1412,2023-07,Транспорт,вниз,-0.1568979272707285,0.8941673064104166,0.9804415931771796,1.536660889478173,0.46155176034445367,0.6914404177629124,0.40819548101072745,10–20%,7
скачок без отметки,1569,2024-01,Транспорт,вверх,0.08418455380485756,1.4182010007998451,1.6614013763876045,1.2935085294752944,1.5270236356826399,2.347939483019954,1.2860375473555625,5–10%,7
скачок без отметки,2265,2024-09,Транспорт,вниз,-0.23088053381636175,0.5632918726341821,1.0449137151699508,0.7273108369087036,,,,20–40%,
скачок без отметки,2065,2024-01,Транспорт,вниз,-0.10922926022004908,1.8839745508145715,-0.5048809481636816,0.7867573992598561,2.5409863344817185,0.9879112488241788,0.1313752560522413,10–20%,6
скачок без отметки,1406,2024-03,Транспорт,вверх,0.06244874024456859,1.5321306046241157,2.211108777441161,2.534400523430369,1.7345317609400612,1.0539581268520224,1.0687190263929334,5–10%,7
скачок без отметки,59,2024-07,Транспорт,вверх,0.057082889615451826,-0.23273621088998325,-1.5465780635955,-1.1613457915063876,1.7014935974028418,1.7783853423746854,,5–10%,1
скачок без отметки,554,2023-12,Транспорт,вниз,-0.05487529056506624,-1.5061941545325828,-0.687501966133666,-2.114709648882742,-1.1621196107365686,-1.785485486769339,-0.2822077754433304,5–10%,6
скачок без отметки,1988,2024-05,Транспорт,вверх,0.11921951676221543,0.6796127649599442,0.8775451141021365,1.485431421570013,0.8877933342644267,0.6381857721916846,0.4410984901604432,10–20%,7
скачок без отметки,270,2024-09,Транспорт,вверх,0.1474417705960711,0.30816170828644457,0.9103174025452977,0.2418206004622481,,,,10–20%,1
скачок без отметки,243,2024-01,Транспорт,вверх,0.19182322848466082,0.9841908278656618,1.4202195091184768,0.7446946406054947,-2.2596662713255737,-1.4915678344910641,-1.2208363239859923,10–20%,7
скачок без отметки,2194,2024-08,Транспорт,вверх,0.05684322622464766,-0.013656150898740473,1.0891310140609787,0.37688688076015425,-0.44946159984819783,,,5–10%,1
скачок без отметки,1174,2024-02,Транспорт,вниз,-0.07452616119803057,-0.41905669525202294,0.6658588994937957,1.5042581835095035,2.358056907904953,1.129495778770672,2.3261651199290774,5–10%,7
скачок без отметки,2879,2024-09,Транспорт,вниз,-0.0528842284626414,0.34126030188236345,1.2407822396822998,3.93585714469664,,,,5–10%,
скачок без отметки,377,2024-01,Транспорт,вниз,-0.08318150081273235,-0.7942575268349904,0.034359302353599706,0.5265740526685218,1.1419259476595707,-1.0625411177365927,0.44254243681461,5–10%,2
скачок без отметки,2139,2024-09,Транспорт,вверх,0.11981151620913266,0.30122608039300386,0.15981927633049392,0.2849557674085828,,,,10–20%,1
скачок без отметки,2067,2024-05,Транспорт,вверх,0.08260126291546843,-0.35232372245066845,-1.6281674381779792,-1.2816083402810374,0.771478723786824,0.3584755858789444,-0.7518558376371548,5–10%,7
скачок без отметки,392,2024-05,Транспорт,вниз,-0.09769678258961179,0.8890055964478677,0.0626855078319779,0.054671572636251095,-0.9775079742639254,-0.8173972766778193,0.7730588846826224,5–10%,2
скачок без отметки,2007,2024-02,Транспорт,вниз,-0.08373533921780041,-1.213747715522812,-1.4780237903373377,-1.52723794108486,0.2233037389599442,-0.7333622685275092,0.9596104606842563,5–10%,4
скачок без отметки,1718,2023-12,Транспорт,вниз,-0.050241216436746505,5.743679428076373,4.8146545369602975,2.053803756585884,4.8574813946424085,4.655658707460941,3.0743918340427756,5–10%,7
скачок без отметки,496,2023-11,Транспорт,вверх,0.3101771265264528,-0.02915613065972714,0.45821072769637383,0.41523897768591594,0.8099867161397765,0.2234199073247038,0.21778590282204022,20–40%,1
скачок без отметки,1124,2024-07,Транспорт,вверх,0.10528716630915369,3.5047727471707733,1.4346657122850817,0.6549268614693972,2.4178562460880224,2.6935871687358883,,10–20%,
скачок без отметки,1215,2023-08,Транспорт,вверх,0.10971240316028386,1.5456627515382628,2.0585559311789248,1.0809650807174367,1.1192265492899296,-0.1461168273751111,-1.5679982388268783,10–20%,5
скачок без отметки,2126,2023-07,Транспорт,вниз,-0.10334785122684575,0.7864145203744236,1.37887118603206,1.4505948446366794,0.938275671281408,0.25389612689041663,0.6875607032191793,10–20%,5
скачок без отметки,742,2023-08,Транспорт,вниз,-0.13262375936086368,0.00018433682515970712,-0.318465915401736,-0.5955968952895172,-0.23270740849975358,0.06373567530131849,0.5090684716657864,10–20%,1
скачок без отметки,844,2024-07,Транспорт,вниз,-0.06984888423879809,1.729871830790235,0.6221081905754665,1.811279101051678,2.847814997561931,3.5726075252650658,,5–10%,
скачок без отметки,2242,2023-07,Транспорт,вниз,-0.08694338892721287,0.6283625144020828,-0.6975718806631198,-1.1608462404816704,-2.0662589714342947,-2.3416164904149612,-2.6728103746325376,5–10%,7
скачок без отметки,2088,2023-12,Транспорт,вверх,0.07720762303876061,-0.8409755244206308,0.073164464676843,1.5392289050994734,0.9666110559227321,1.7117857289394371,-0.3212683934823882,5–10%,2
скачок без отметки,2001,2024-01,Транспорт,вверх,0.09457854513220898,-1.0329358507556692,-0.13365314779684545,0.4634992240894577,0.3863203650301937,-0.20666579150944245,0.3925707590411565,5–10%,2
скачок без отметки,918,2024-07,Транспорт,вверх,0.09616923181143644,0.5694998810143915,0.13113248961159726,0.6777253325721623,0.6796500120480654,0.7024987350708018,,5–10%,2
скачок без отметки,1750,2023-11,Транспорт,вниз,-0.07130042256286728,-0.49804187592102234,0.01038686144466765,-2.2491273458280934,1.5018264292710946,4.661723795384042,3.610257086791507,5–10%,2
скачок без отметки,562,2023-12,Транспорт,вверх,0.10175269497103656,0.6033948232964568,-0.11651472312914256,0.08288619190695161,0.5948481337276076,0.6505438859224563,0.9975231873407341,10–20%,2
скачок без отметки,1184,2023-07,Транспорт,вверх,0.10211103534097266,0.985955511771637,0.7125773902635257,1.6929349474168314,1.7766231357480902,1.9666909870752707,2.034167414604607,10–20%,7
скачок без отметки,1055,2023-12,Транспорт,вниз,-0.07878229472712484,0.46531909107605646,0.32332945916251327,-0.874103628079573,-0.1556171793125346,-0.4343307958387392,-0.24833022919486422,5–10%,2
скачок без отметки,492,2023-08,Транспорт,вверх,0.069903005164492,0.7723386241653971,2.1954994037646123,1.4902014957356902,1.0804521149893218,1.374799014095207,1.6857880507947727,5–10%,7
скачок без отметки,2136,2024-05,Транспорт,вниз,-0.05407366833340532,1.9336571654717765,0.46360343812533333,1.2109050327692248,0.3789805863818079,2.2745659584299256,2.367774692970772,5–10%,7
скачок без отметки,1062,2024-12,Транспорт,вверх,0.05887826413570174,,,,,,,5–10%,
скачок без отметки,2054,2023-09,Транспорт,вверх,0.23895769559200097,0.49497598882174815,0.3186221898914876,0.12097799336782623,0.3883860646477278,0.16980131377371638,0.17238961945408687,20–40%,2
скачок без отметки,436,2023-09,Транспорт,вверх,0.23926445056136814,0.09786880247560122,0.4318782891734352,0.09974553168527982,-0.8199377936325402,0.9856369876320659,0.3476940770515041,20–40%,1
скачок без отметки,2266,2023-10,Транспорт,вверх,0.062063542810034455,-0.8361205246303235,-1.5997877991775196,-1.5950529006905987,-3.036872077844459,-2.731920938866963,-2.484989694524697,5–10%,7
скачок без отметки,2205,2024-03,Транспорт,вниз,-0.06395387351356252,2.1403499502167302,1.4750482093960806,2.905932321123149,3.2595172465067455,3.3385266359421224,4.599860263048575,5–10%,7
скачок без отметки,2007,2023-10,Транспорт,вверх,0.08078815308133791,-0.9876302655459969,0.30342379424481775,0.36380834245937743,-0.6726720822570442,1.6218340901430481,1.8957510684091967,5–10%,2
скачок без отметки,1588,2024-03,Транспорт,вверх,0.10915241255378927,0.5358439306424688,0.6587152983009729,1.1700228267294566,0.6932895781858465,0.994203836976091,2.663403396626388,10–20%,7
скачок без отметки,871,2023-09,Транспорт,вверх,0.1215232547383911,1.4441341517431958,0.5631619202790614,1.7595355072376304,1.655344280165364,2.1970882001440564,1.5741208602053545,10–20%,7
скачок без отметки,583,2024-06,Транспорт,вверх,0.06137295011870858,0.11696921374736723,-0.045726408596902086,0.23432629380419082,-0.5967401215136371,-1.8037255415308793,0.5416591801668271,5–10%,1
скачок без отметки,1759,2023-09,Транспорт,вверх,0.05653642666444458,0.34912582199043185,-1.6462843824497044,-0.015514225381282644,-0.6233012126767499,-1.9395820367032364,-0.4033159297979877,5–10%,3
скачок без отметки,1195,2024-02,Транспорт,вниз,-0.15565540887536944,1.1840444659535057,2.1610617568458848,1.22550961343422,0.7457823245835264,1.4505210365248922,1.6505093309053365,10–20%,7
скачок без отметки,1289,2023-09,Транспорт,вниз,-0.1275327099395156,0.6004769897739538,-0.3498950466929872,-0.7740386466513112,-1.5396385860562902,-0.11202170394196678,-0.2891912607891036,10–20%,5
скачок без отметки,618,2024-08,Транспорт,вверх,0.08123243417680648,-3.539709706200425,-1.358226262801937,-8.847275189933027,-3.842043788223147,,,5–10%,
скачок без отметки,670,2024-02,Транспорт,вниз,-0.0802948826843286,1.2247443488146235,1.6248238543010922,1.6880962704573277,0.28554129325827604,-1.1059596547907817,-1.757199335847191,5–10%,4
скачок без отметки,1630,2024-04,Транспорт,вверх,0.08077631002728758,0.9079559528653036,0.5471379746069068,1.0767032646472565,1.0473116524011277,1.3305691804685778,3.992949474831201,5–10%,7
скачок без отметки,874,2023-12,Транспорт,вниз,-0.05550398858916328,-1.1155755331376247,-1.525146268507945,-0.7458042288326151,-3.3038624363279103,-2.3542657175144774,-2.375048515506167,5–10%,7
скачок без отметки,2341,2023-07,Транспорт,вниз,-0.08842305887600954,0.9090468982216536,1.014228940543671,1.4759633100433505,1.7164845864682936,2.0935562301418296,2.0524563117330907,5–10%,7
скачок без отметки,1343,2024-09,Транспорт,вниз,-0.2021944091232033,0.1023102962313096,0.5119437258583303,0.8421961402310361,,,,20–40%,1
скачок без отметки,2600,2023-09,Транспорт,вверх,0.06330880496738445,0.952163512829665,1.3595405317550413,1.6314456160358182,0.9052206837570196,1.2824330574080713,0.31124191313990224,5–10%,6
скачок без отметки,2191,2023-12,Транспорт,вверх,0.07920986788067097,-0.18418956220898552,0.398813598166284,0.35479988288599373,0.4034409413803405,-0.3542615062229577,-0.7635378375554827,5–10%,1
скачок без отметки,1766,2024-05,Транспорт,вверх,0.12455056917289475,1.260170209547765,1.2025017191034062,0.3863064553161229,0.9605301916494077,1.363026970307786,1.0885700150260718,10–20%,7
скачок без отметки,553,2024-08,Транспорт,вниз,-0.06920927577644331,0.5109300908406488,2.13413311362276,1.302672589573795,3.4974489894516956,,,5–10%,
скачок без отметки,2129,2024-03,Транспорт,вверх,0.08564348557514201,1.1957130730913974,1.758178721551329,1.7392367568423932,0.2433050971680768,0.32084665061825574,1.3680086495343042,5–10%,4
скачок без отметки,1201,2023-12,Транспорт,вверх,0.24800207016792353,-0.011342410870645981,0.4769654459286273,-0.15741164716338746,0.33034651773691526,0.08179234615973315,0.0,20–40%,1
скачок без отметки,693,2024-10,Транспорт,вверх,0.0569436141398425,1.3634261537155914,1.075187148787602,,,,,5–10%,
скачок без отметки,1235,2023-08,Транспорт,вниз,-0.05464097345714691,1.0696434527937742,2.3717150327288445,1.3729986023833134,2.1905523947139214,0.5065062747343038,0.448035397185055,5–10%,7
скачок без отметки,1967,2024-06,Транспорт,вниз,-0.11634752685697514,0.424037623325654,0.08443602913181922,0.8802974424503404,0.07499122012474209,-0.5171965992722434,-0.13863835727314966,10–20%,2
скачок без отметки,1635,2024-10,Транспорт,вниз,-0.12779944884550254,0.9030732312388938,0.5484320851291163,,,,,10–20%,
скачок без отметки,2647,2024-04,Транспорт,вниз,-0.05132935295532359,1.2242434814433547,1.492109368903052,1.2924169105197996,0.5608026917897826,0.9599423522617266,0.3532342120406022,5–10%,7
скачок без отметки,2295,2024-05,Транспорт,вверх,0.06721872887217639,0.4107330500392232,1.1078142215635944,1.2200775468301066,0.676841476303318,1.0466681997510823,0.7061942806785505,5–10%,7
скачок без отметки,1530,2024-05,Транспорт,вниз,-0.11407671037116174,0.46595221231526385,0.12963604836792236,0.6939272963503291,1.1781131706298134,0.5472383767741512,1.5955509383567417,10–20%,2
скачок без отметки,1923,2023-07,Транспорт,вверх,0.2626397739263746,-0.5795118371884708,-0.4770791123954161,0.28946274305867337,0.45953199841215975,0.16498810749250434,-0.09261366822278813,20–40%,3
скачок без отметки,1628,2024-01,Транспорт,вниз,-0.07139961151751706,0.3274350458334257,-0.6138055741280587,-0.44466205963586586,-1.230751812917737,-0.5620773078922288,-0.3184223801981586,5–10%,1
скачок без отметки,870,2024-01,Транспорт,вниз,-0.08949685168465926,-0.0,-0.0,0.5092177618810658,-0.8790875960707631,0.0589191887636222,-3.8372980998253143,5–10%,1
скачок без отметки,548,2023-09,Транспорт,вниз,-0.05403986011425754,1.117045672649689,1.812695947637424,0.32926876819875656,1.8041922165574678,0.8948847330865424,1.0352908820200428,5–10%,3
скачок без отметки,2040,2023-12,Транспорт,вверх,0.10223368653101783,1.4294474778378607,1.3241587054647008,0.8049086625896742,0.4109218331464721,1.5753788110606735,1.0176480134445076,10–20%,7
скачок без отметки,2021,2023-12,Транспорт,вниз,-0.08180310408456659,0.5922437932624605,0.8495856273265475,-0.35850809216710805,-0.057802076181466024,0.23219026004704463,-0.29483890766184284,5–10%,4
скачок без отметки,1909,2023-09,Транспорт,вверх,0.11601873865501933,-0.041750045006256314,-0.12088943643311313,-0.350443043911935,-0.5088089652736582,-0.2748378041070477,-0.07089382613763578,10–20%,1
скачок без отметки,1994,2024-05,Транспорт,вверх,0.1305871137532666,0.6742594553699489,1.152194810116379,0.9890550724538607,0.6915724374050489,0.68807839957191,-0.4094792187611783,10–20%,7
скачок без отметки,371,2024-01,Транспорт,вниз,-0.06317880403271126,0.0965743210329466,0.45215936656169814,0.10789830164390765,1.381116399386327,-0.0201842824379734,0.6860347386204405,5–10%,1
скачок без отметки,1221,2024-02,Транспорт,вниз,-0.0606783824484296,0.0757951839707664,-1.0650646036733107,-2.4670735176180383,-1.5608005344515956,-0.41379861871523704,-0.4475670678940004,5–10%,1
скачок без отметки,587,2024-10,Транспорт,вниз,-0.0879193630073658,-0.7440803644535967,0.2577989894780331,,,,,5–10%,2
скачок без отметки,1760,2024-04,Транспорт,вниз,-0.16431081767081324,1.4697463174179795,0.5175091489842297,0.09627961457704333,-0.166794342645893,-0.23897918566966558,0.1450717136026055,10–20%,3
скачок без отметки,621,2023-08,Транспорт,вверх,0.2014342556809261,-1.6821941092385653,0.005881462352091523,-1.3200774020920805,-1.0859692152849445,-1.7049265050331508,-1.398644635397095,20–40%,2
скачок без отметки,2049,2024-12,Транспорт,вверх,0.1536787929565655,,,,,,,10–20%,
скачок без отметки,857,2024-03,Транспорт,вниз,-0.29128637471031116,-0.3417020626139127,-0.013031647698823253,-0.0827462505804104,-0.1734912551375208,0.15196695685840772,-0.15789014981554603,20–40%,2
скачок без отметки,1733,2024-05,Транспорт,вниз,-0.1498120814766235,0.03556224603551456,1.7551744809490506,-0.31141931939161815,0.421162479289053,1.3385562933306527,0.856056691233393,10–20%,1
скачок без отметки,589,2024-03,Транспорт,вниз,-0.07118132992093074,0.9405791895390081,0.16653394207482655,0.9636621403868217,1.0823526793808402,1.8649018626084914,0.6971979637578667,5–10%,2
скачок без отметки,349,2023-11,Транспорт,вверх,0.23158661115395685,0.3597965941844887,0.09219857711874731,0.41741313443341677,0.5929355406105492,0.7166721837196228,0.27927602226512915,20–40%,2
скачок без отметки,2593,2024-03,Транспорт,вниз,-0.15239467414181096,-0.4011464216118939,-1.346089891442478,-2.558744920039424,-2.6484845915625486,-2.110520602453234,-2.7185629298092038,10–20%,7
скачок без отметки,1894,2023-08,Транспорт,вверх,0.16005406976714376,1.4629200388516754,1.8071499127610477,1.7046327833373236,1.741783450788911,1.6934010618017719,1.1554985719283728,10–20%,7
скачок без отметки,2253,2024-09,Транспорт,вниз,-0.12744143908226846,-0.6467314116057332,-0.06534941606398526,-0.5202225806618919,,,,10–20%,2
скачок без отметки,537,2024-07,Транспорт,вниз,-0.11911290512759898,0.9020594286733108,0.2516650154908697,0.3548787205485439,0.10346142171833082,0.4356884054910976,,10–20%,2
скачок без отметки,2139,2024-01,Транспорт,вниз,-0.12355611252120369,0.7672786792363413,1.2298800443289268,1.51798378937127,0.6599846609228861,0.08119312470247203,0.3124857672814489,10–20%,5
скачок без отметки,1278,2023-10,Транспорт,вниз,-0.17976114175431146,0.8702392200886458,0.24485087055484678,0.517828155568959,-0.1738043851695205,0.4551975056198273,1.0903909412400952,10–20%,2
скачок без отметки,1668,2024-11,Транспорт,вверх,0.06748313612922541,1.3431513329237816,,,,,,5–10%,
скачок без отметки,836,2024-07,Транспорт,вверх,0.10095939987754043,0.7471121491352788,0.4997555556900171,1.1336479695761053,1.1327361511866165,0.6100261872599327,,10–20%,
скачок без отметки,2294,2024-03,Транспорт,вверх,0.07303509005679576,1.5140842366189422,0.5753850056888249,1.9632435885590354,1.8828328029306698,1.5475983962050033,0.8329429517157421,5–10%,7
скачок без отметки,485,2023-10,Транспорт,вверх,0.06608166127949389,-0.6618054673708001,0.46983077929658124,2.588520758763595,0.419113578879,2.442309075754137,3.3759049904271126,5–10%,7
скачок без отметки,1157,2024-07,Транспорт,вверх,0.08123867978250843,-0.28732645507806065,-0.4164352509525001,-1.4080220337391192,-1.5892252155504702,-0.7599293071671489,,5–10%,1
скачок без отметки,1967,2023-08,Транспорт,вверх,0.06454357841604708,1.3994609939282634,0.37197048823771284,1.6933905791924855,0.47856924485601465,2.3869988261915793,1.4631878677584924,5–10%,7
скачок без отметки,855,2023-11,Транспорт,вверх,0.21607608811353085,-0.5706588335478807,-0.32766252451166283,-0.930355360480287,-0.3516785118009646,0.6631586279839627,1.0361437686320338,20–40%,2
скачок без отметки,388,2024-06,Транспорт,вверх,0.10429106752326067,0.2336735023813889,0.6620293972575856,0.40072698026657305,0.9107436033897678,0.11314796288809656,-0.1907921374250518,10–20%,1
скачок без отметки,351,2024-12,Транспорт,вниз,-0.05362757885064262,,,,,,,5–10%,
скачок без отметки,2317,2024-09,Транспорт,вниз,-0.05218575317057006,0.4270233592463438,1.0,0.6435535597283196,,,,5–10%,
скачок без отметки,2146,2024-02,Транспорт,вверх,0.10031129810913697,0.7626234236741875,0.4654427197143067,0.2277661017123825,1.8329398608018996,0.8592050430921724,0.729557464497408,10–20%,3
скачок без отметки,1970,2023-12,Транспорт,вниз,-0.08124017149237339,1.3856559838695528,2.664113267280917,-1.6931802502700333,-1.7746686391635902,-3.683948576458705,-5.575628564546438,5–10%,7
скачок без отметки,42,2024-11,Транспорт,вверх,0.053110324198131664,1.0196690661266292,,,,,,5–10%,
скачок без отметки,434,2023-10,Транспорт,вниз,-0.11804192475110487,0.47189022155313065,0.5828967903296706,0.7174748939472068,0.853513934591286,1.0351270205669392,0.5828967903296706,10–20%,7
скачок без отметки,1861,2023-09,Транспорт,вниз,-0.05835883457260582,-0.002692912332182082,-0.6177813446219895,-0.4375077782874061,-0.8650899153625805,-0.13595168466266294,2.0987867645963276,5–10%,1
скачок без отметки,1573,2024-08,Транспорт,вверх,0.1381425373207561,0.16332842281131588,0.5782052270941545,0.22760934631037635,0.7688249433686065,,,10–20%,1
скачок без отметки,517,2023-07,Транспорт,вниз,-0.09662022835850248,0.16107553113935644,-0.5197723305098886,-1.5378075444937283,-1.792046751961335,-2.059439512119033,-0.5518819945986322,5–10%,1
скачок без отметки,2276,2023-12,Транспорт,вверх,0.07080028236154767,0.7070423504683505,0.5590123765054676,1.3326514026577037,1.0,1.254039896026607,1.2471495685807588,5–10%,7
скачок без отметки,18,2024-12,Транспорт,вверх,0.06736112671480576,,,,,,,5–10%,
скачок без отметки,2154,2024-04,Транспорт,вверх,0.13871231839401954,1.5855330109678691,1.622276161855874,1.3042180877113343,1.5339384925322737,1.4850565063038454,1.9636246612402055,10–20%,7
скачок без отметки,2032,2024-03,Транспорт,вверх,0.053260868987087484,0.5064770670450609,1.1558383058958879,0.4685370984410732,0.5481940092024821,0.37169199599247055,0.9523389803268193,5–10%,7
скачок без отметки,297,2024-11,Транспорт,вверх,0.10628724002711554,0.5012208346038968,,,,,,10–20%,
скачок без отметки,494,2024-11,Транспорт,вниз,-0.15801013630238803,-0.1092242774796735,,,,,,10–20%,1
скачок без отметки,2025,2024-04,Транспорт,вверх,0.12563181756835728,0.34545152653938344,0.5036182942954743,1.1773366332801571,0.6842375411561621,0.565227887680101,0.44710718096849034,10–20%,7
скачок без отметки,243,2023-11,Транспорт,вниз,-0.09945275451329927,-2.7692570482621646,-4.698044535581174,-4.667552002183591,-5.508558666696229,-4.20561475293557,1.5891589813874054,5–10%,7
скачок без отметки,1754,2024-04,Транспорт,вниз,-0.11127259933811295,0.4419957293779197,-0.17884875477338694,1.131021664699939,0.6871958485172217,1.3328366221120553,0.9675873658178725,10–20%,2
скачок без отметки,608,2024-06,Транспорт,вниз,-0.09630639216289882,-0.3841009978921383,0.09405592452296525,2.8765439697730093,2.9650692807193924,3.596529041223423,3.447925645981007,5–10%,2
скачок без отметки,1749,2024-03,Транспорт,вверх,0.08412865911365408,2.2527907547786112,-1.2619485582942054,-0.6166651941005394,1.628690928072513,-0.3196072852419612,0.7682071617941866,5–10%,5
скачок без отметки,1152,2023-08,Транспорт,вверх,0.08874911474772063,1.83603686461444,0.46538280022422923,-1.519333734263437,-3.834355868672081,-3.008495285349965,2.688207659895422,5–10%,7
скачок без отметки,61,2023-07,Транспорт,вниз,-0.08740597661706229,0.05608278506723755,0.7300890436715483,1.3612426478221251,2.346808007308385,1.9163250349886891,1.2739648893111946,5–10%,1
скачок без отметки,1659,2024-07,Транспорт,вниз,-0.06930591984683865,-0.1827669190898932,0.4284178144890117,0.3375602142874297,0.7465444772243803,-0.01028897712933377,,5–10%,1
скачок без отметки,432,2024-07,Транспорт,вниз,-0.09328591508853101,-0.46377338665432655,1.2801920528597326,1.0300349595855225,0.16312161599311392,-0.10091857187813423,,5–10%,4
скачок без отметки,1291,2024-10,Транспорт,вниз,-0.10213546844114507,0.9572163036919195,0.7911580709590978,,,,,10–20%,
скачок без отметки,1588,2024-11,Транспорт,вниз,-0.10567034827450428,-0.6106899515689164,,,,,,10–20%,
скачок без отметки,2065,2023-10,Транспорт,вниз,-0.2095613491456607,0.7294969043236839,0.6610204314993392,1.1822485141842174,1.643000874447523,0.39786230290386,1.0711004822536951,20–40%,7
скачок без отметки,2119,2023-09,Транспорт,вверх,0.06425813968655358,2.406907407433294,1.0291056003739913,1.4924951886062114,2.2842985911847196,2.2200419933005127,2.1155719944595437,5–10%,7
скачок без отметки,860,2024-03,Транспорт,вниз,-0.16499766159681517,-0.09104871349612026,0.32226208804900713,0.3061179681264312,0.5439293753578319,1.0403452366859767,0.43538154204851565,10–20%,1
скачок без отметки,1122,2024-04,Транспорт,вверх,0.156660372684561,-0.9067175840876025,-1.7846425871508538,-2.294250233507139,-3.1329804196278577,-0.874738739155005,-1.2903837410200802,10–20%,7
скачок без отметки,416,2023-10,Транспорт,вниз,-0.06778034610832684,-1.1290666314326043,-0.9817577702346786,-2.86489018578515,-2.7349220767520244,-4.785941717237938,-4.4209138538085275,5–10%,7
скачок без отметки,1287,2024-11,Транспорт,вверх,0.137290027237583,0.3976156781241326,,,,,,10–20%,
скачок без отметки,1522,2023-09,Транспорт,вниз,-0.07891300178564986,3.7077167012497667,2.284282515009371,2.428543150158574,3.436801036434341,1.1208280135210869,0.15812366656331342,5–10%,6
скачок без отметки,1918,2024-12,Транспорт,вниз,-0.09876577223823624,,,,,,,5–10%,
скачок без отметки,571,2023-07,Транспорт,вниз,-0.07605810102638255,0.5356739332378828,1.2501291701199733,0.4511583905410415,0.8419555682991199,0.4478155831991864,1.967393060756839,5–10%,7
скачок без отметки,787,2024-11,Транспорт,вниз,-0.2667635904325065,0.7701684011541476,,,,,,20–40%,
скачок без отметки,1587,2024-10,Транспорт,вниз,-0.0851577611127432,1.2902868020102534,-0.13865370249732695,,,,,5–10%,2
скачок без отметки,405,2024-03,Транспорт,вниз,-0.07635388182155989,1.1250948208342566,0.9784405504919043,0.0529093985795161,1.3117327266707715,2.5177745593286636,0.4695622357594459,5–10%,3
скачок без отметки,196,2024-01,Транспорт,вниз,-0.096192423659895,1.363653283677778,1.1807911079471434,1.027760095270659,0.3707756583508435,1.377545010509109,0.3264861389057269,5–10%,6
скачок без отметки,790,2024-02,Транспорт,вверх,0.05200571951802857,1.4416946474138375,3.337940035886694,3.1642237336546635,0.9768858308659326,0.8501608124923122,-0.42596631373166155,5–10%,7
скачок без отметки,719,2024-01,Транспорт,вниз,-0.05209079169732789,2.602445493223712,1.3790627195469176,1.072071125711991,2.259194714147254,1.340353729427197,2.900108979889337,5–10%,7
скачок без отметки,420,2024-04,Транспорт,вверх,0.05974622043274902,1.5048680271282742,1.3425046841728634,1.8430529122485848,2.030035998391461,1.820514213844683,1.1247391565989007,5–10%,7
скачок без отметки,402,2024-06,Транспорт,вниз,-0.05069895443282313,-0.4589690563724201,-1.4145696423841347,-1.4550985026098242,-1.97504007763788,-0.5921438055604652,-1.4322444465470359,5–10%,7
скачок без отметки,605,2023-12,Транспорт,вверх,0.055527251601021455,-0.5876586314339647,-0.9940970966532889,-0.03567715027771518,-0.5237288120050153,-1.877474280396636,-3.205486619759234,5–10%,3
скачок без отметки,1912,2024-01,Транспорт,вниз,-0.09918249695259806,1.0459706335127832,1.365332872313258,0.9125260268115937,1.3980066538556608,0.312850830890417,-0.03720348861923505,5–10%,5
скачок без отметки,874,2024-04,Транспорт,вверх,0.14198243355923434,0.6287822083050941,0.6369066512637392,0.3851028406430178,0.8657088492628251,1.114585587512418,0.9612333839211178,10–20%,7
скачок без отметки,836,2024-02,Транспорт,вниз,-0.12023424670596583,0.44858710163135385,1.8431835946617154,2.1331779301682747,2.2581647470280806,1.4184755349815517,1.6308227352102895,10–20%,7
скачок без отметки,800,2024-05,Транспорт,вверх,0.07605434264237854,-0.9841736332021598,-0.4322027583325629,-0.12058092675720339,0.021743036192487408,-0.32037841776589715,-0.5222391666663846,5–10%,3
скачок без отметки,711,2024-04,Транспорт,вниз,-0.10835889785820285,-0.16688710769784693,0.47934687662607495,0.47934687662607495,0.6053551291545617,0.9918618007039856,0.47934687662607495,10–20%,1
скачок без отметки,2287,2024-10,Транспорт,вниз,-0.06697962518930023,0.9993398131682935,1.9029588398178752,,,,,5–10%,
скачок без отметки,1730,2023-08,Транспорт,вниз,-0.5302918564894066,0.4299245057820545,0.3533725763948704,0.7271540929221236,0.7635837581267264,0.41349747289376587,1.2052892596213387,>40%,7
скачок без отметки,2012,2023-08,Транспорт,вниз,-0.06015546282493034,-0.023951681657416516,1.6092004004884684,1.159683135233648,0.5614687525417517,0.43486969094732264,0.3603472073772089,5–10%,1
скачок без отметки,912,2024-07,Транспорт,вверх,0.20246994019503184,-0.04206793167896192,0.6774768041288867,0.9829948246342685,1.1766801576381922,0.6513043526384416,,20–40%,1
скачок без отметки,2130,2024-11,Транспорт,вверх,0.056807433084448355,4.399370235471876,,,,,,5–10%,
скачок без отметки,1926,2024-08,Транспорт,вверх,0.06636483287702966,1.5451707369802758,1.1182956557222579,0.9075038605523544,0.5841709216932245,,,5–10%,
скачок без отметки,568,2024-04,Транспорт,вниз,-0.08575712816602277,0.8985074855434367,0.25170642445800495,0.7387315421291551,0.3410699453036672,-0.9138861387966469,-0.22538309049595803,5–10%,2
скачок без отметки,2190,2024-01,Транспорт,вниз,-0.07455312514196866,0.9875997797050413,1.2489615923031618,0.7894194614051375,0.9719370213314813,0.8953622513832427,1.175337411810991,5–10%,7
скачок без отметки,1117,2024-10,Транспорт,вверх,0.09701572968233041,-0.1330109801809066,-0.40418184028121973,,,,,5–10%,1
скачок без отметки,2198,2023-11,Транспорт,вверх,0.09068994152310239,0.45839315561306127,0.3713019845545834,0.4373327346914301,0.1990869730516724,0.11214240969247888,0.7336641121473436,5–10%,4
скачок без отметки,1343,2023-10,Транспорт,вниз,-0.07751619724131409,1.348812669528822,0.7313780420178725,0.8183714953160196,1.364950304670573,-0.07977565461692296,-0.20169679027828732,5–10%,5
скачок без отметки,1017,2023-09,Транспорт,вверх,0.08956335638463297,0.4527790067562591,-0.16825264163356238,0.0884496791963054,-0.7582013759824326,0.6977099508213842,-0.22969888100661298,5–10%,2
скачок без отметки,2131,2023-07,Транспорт,вверх,0.12050341532341768,0.5646298385768106,0.10757456161350305,-0.504397132840787,-0.6136961735604903,-0.764810053765696,-1.327407687493074,10–20%,2
скачок без отметки,1341,2023-12,Транспорт,вниз,-0.06811150487249495,-0.011146663045709698,0.8327981112109334,2.223331875097552,1.6125689901469165,0.10574430616616591,-0.3132913604428322,5–10%,1
скачок без отметки,815,2024-07,Транспорт,вверх,0.052959413611039174,1.4476078308706728,1.1321224518263084,2.3876706300359785,2.6533363690730756,1.9415923103695463,,5–10%,
скачок без отметки,70,2024-10,Транспорт,вверх,0.185348617533597,0.8736148949696042,1.2931388668829311,,,,,10–20%,
скачок без отметки,1671,2023-09,Транспорт,вверх,0.10091987155441906,0.2062463426953346,-0.28434795291675374,-0.7099756343464123,-0.4272950960625833,-1.2181866802148165,-0.9628847448054251,10–20%,1
скачок без отметки,484,2024-02,Транспорт,вниз,-0.11092630043628482,0.2860428010227862,-0.23272944163083154,0.2153128022445935,-0.23272944163083154,0.8249946290969677,1.1803233185154183,10–20%,1
скачок без отметки,81,2024-11,Транспорт,вверх,0.05712453303544063,0.6542898081739099,,,,,,5–10%,
скачок без отметки,2088,2023-07,Транспорт,вниз,-0.13827824575199088,-0.2158807575565378,0.07095754700490181,-0.11134717462389096,0.4986550754282513,-0.059694668010325705,0.9682135437266333,10–20%,1
скачок без отметки,1311,2023-12,Транспорт,вверх,0.08114277758237964,-1.998218142786155,-0.31569240281103794,-0.44973580626036674,-0.08011387149517886,0.013979684266620905,-0.14743242708608637,5–10%,2
скачок без отметки,1196,2023-11,Транспорт,вниз,-0.10149157598541247,-0.1383830328796076,0.683046749195545,1.1890931115019205,0.619553848333726,1.352317387894465,1.4928650962008432,10–20%,1
скачок без отметки,47,2024-11,Транспорт,вниз,-0.054640979814692514,-0.7970283496729144,,,,,,5–10%,
скачок без отметки,2057,2024-10,Транспорт,вверх,0.3321352137082725,0.8307541849045811,0.2944021477762448,,,,,20–40%,2
скачок без отметки,1724,2023-12,Транспорт,вверх,0.054509405668372146,2.609445652357236,0.0,0.42175323584637403,0.7604507323959061,3.1591506918279753,3.169792919057855,5–10%,2
скачок без отметки,2024,2024-02,Транспорт,вверх,0.07153087564982297,0.704480545294649,0.033053530522132134,1.2925433155534853,-0.4688659449439565,1.3385009596094621,0.8851122812214662,5–10%,2
скачок без отметки,1299,2023-10,Транспорт,вверх,0.15396739672070758,-0.12468519825947365,0.5879110400675657,2.149662255378931,0.7310944345991927,1.170393309575076,0.9748285866892761,10–20%,1
скачок без отметки,168,2024-03,Транспорт,вниз,-0.06480683087738459,0.09458345129193092,-0.09114526746734118,-0.7440625116361168,0.0839223654832093,-0.5171048776125411,0.007925310983994729,5–10%,1
скачок без отметки,2249,2024-02,Транспорт,вверх,0.050823945470169996,2.74870156020648,0.0,-10.767631035177715,1.304681561203681,1.1065594731500157,1.6914797707404319,5–10%,2
скачок без отметки,2236,2024-10,Транспорт,вниз,-0.06522015753175658,1.0760624393072764,2.833191209444374,,,,,5–10%,
скачок без отметки,203,2023-12,Транспорт,вниз,-0.08400197099850093,-0.41026346371984146,1.3215999112528862,1.8642361796630715,2.228063403425103,-1.28478600286355,-1.705992523031097,5–10%,7
скачок без отметки,181,2023-12,Транспорт,вниз,-0.06969243180578832,2.821038389010195,0.8948429930388074,-0.24116131236771793,2.328374433036112,1.1918965971389237,1.3984441740266862,5–10%,3
скачок без отметки,1907,2023-08,Транспорт,вверх,0.05067160508937363,1.9852514175180382,2.275665725151197,2.282111877975118,2.2085860428549524,3.7241206737052517,2.4045832418546507,5–10%,7
скачок без отметки,1928,2023-08,Транспорт,вверх,0.11084049680972541,0.7092115285593236,0.5013093895508689,0.567059413646469,0.5132110894177082,0.023175382810224528,-1.486792523428287,10–20%,5
скачок без отметки,1878,2024-08,Транспорт,вверх,0.12343575384921124,1.783126060146666,0.8183808719953647,0.3429775382777494,-0.34202802843544566,,,10–20%,
скачок без отметки,1325,2023-07,Транспорт,вниз,-0.19101911442913355,0.2052746474391698,0.8851722106654634,0.4053149497581019,0.8272770405707921,0.7690829653386243,0.2589584524877234,10–20%,1
скачок без отметки,2234,2023-09,Транспорт,вниз,-0.12376952874371927,1.16895601992808,1.8652240845702,1.3086883184597273,1.2083572551446577,0.9158168000131066,0.3814515018222805,10–20%,7
скачок без отметки,678,2024-02,Транспорт,вниз,-0.07459393355382282,0.8304040942948021,0.1975426866081229,0.8312722406428428,0.9972695517221762,1.506369066069163,0.9369063524875682,5–10%,2
скачок без отметки,560,2024-11,Транспорт,вниз,-0.05860566295570724,0.7181162657922868,,,,,,5–10%,
скачок без отметки,2194,2024-01,Транспорт,вниз,-0.09832064085349312,0.6427196140961879,0.7307001577581268,0.16658338401356065,0.7812379521903734,1.8894040069293738,1.9364507687930055,5–10%,3
скачок без отметки,47,2024-07,Транспорт,вниз,-0.14016947562377968,0.23637004183376728,-0.6425430615042537,0.0014226174025607898,0.39124343660396116,-0.3092756267936748,,10–20%,1
скачок без отметки,1348,2024-03,Транспорт,вверх,0.1475061336451633,0.9762359972512453,0.2718364812371245,1.0574901778893178,0.32499379929043565,0.9378964865986997,0.009081448200277812,10–20%,2
скачок без отметки,1627,2023-07,Транспорт,вверх,0.07538415094798534,0.7060487469203867,1.4595051586957672,0.15483113307385693,1.0727048915599136,-0.46295615868883766,1.1901878251395814,5–10%,3
скачок без отметки,1578,2024-08,Транспорт,вниз,-0.05630988405303583,-0.6797646578158463,-1.1254934232521894,0.10648888791132925,-1.5779232358448665,,,5–10%,3
скачок без отметки,3009,2024-02,Транспорт,вниз,-0.0653210230052208,0.40841402848614505,0.49497827144202144,1.2947216728653044,0.8488772024152619,0.6155373855416192,0.7548816320513656,5–10%,7
скачок без отметки,558,2023-08,Транспорт,вверх,0.2562283023437111,0.40696181300078743,1.3337855803715037,0.03971851137352004,0.47311566175199593,-0.7671749007783977,0.0924894437485065,20–40%,3
скачок без отметки,1572,2024-11,Транспорт,вниз,-0.053960705399491715,0.5890117230957889,,,,,,5–10%,
скачок без отметки,848,2024-07,Транспорт,вниз,-0.05251176260853274,4.053039316217028,1.1615879927269368,2.2128825876882425,3.2181195306409482,3.244373315703165,,5–10%,
скачок без отметки,2249,2024-09,Транспорт,вниз,-0.06609508524133201,2.4357250114380697,3.8051904336639706,1.013020800244997,,,,5–10%,
скачок без отметки,2330,2024-06,Транспорт,вверх,0.13304940443386037,-1.085414256413534,-1.6646406559613236,-2.6893946256214494,-1.4808409546180359,-0.9600235998332476,-0.4647352639515029,10–20%,7
скачок без отметки,907,2024-10,Транспорт,вниз,-0.15488850283113376,1.9265135603896082,-0.32702524045855347,,,,,10–20%,2
скачок без отметки,490,2023-11,Транспорт,вверх,0.07346183633249481,0.5172489966278322,2.475744270723481,-0.5836657221252833,2.386197039536266,0.8769686895938534,0.25063318385588756,5–10%,6
скачок без отметки,1411,2024-04,Транспорт,вниз,-0.050397189463549985,0.7853746319736663,0.5126518111154107,-1.2749597809087967,-1.1547787550637394,-0.5219632717613872,0.5244753952451912,5–10%,7
скачок без отметки,2370,2023-07,Транспорт,вниз,-0.05925834200930957,1.4642710278732274,-0.3337897097908743,-0.15504298315366005,-0.5412728371006228,0.2070798678161783,-0.3272893203625203,5–10%,3
скачок без отметки,553,2024-12,Транспорт,вниз,-0.15189888512677907,,,,,,,10–20%,
скачок без отметки,556,2024-09,Транспорт,вниз,-0.16033712229200958,-0.9315710388141406,-0.20475170208180965,-0.17539129621479005,,,,10–20%,2
скачок без отметки,1180,2024-09,Транспорт,вверх,0.16890364084089793,0.7079046838553958,0.4022884443338291,-0.45855075947164325,,,,10–20%,
скачок без отметки,1602,2024-05,Транспорт,вниз,-0.06030060024302131,-0.1651209700477533,1.36660994499858,-0.930765771507635,0.03899884358017651,1.8482991458050184,-1.40878820550988,5–10%,1
скачок без отметки,73,2024-11,Транспорт,вверх,0.07469396214925172,1.01869322051629,,,,,,5–10%,
скачок без отметки,870,2024-06,Транспорт,вниз,-0.08394865410152708,-3.1537197295186443,-2.4701889136647677,-2.3949528558371935,-3.237021539801405,-3.595526932725927,-3.213273081081177,5–10%,7
скачок без отметки,1879,2023-08,Транспорт,вверх,0.05076093769783707,0.5443754522144342,1.4305146874778034,0.5282924548730747,-0.4257752170501011,1.419927753237018,-0.22505590190698171,5–10%,6
скачок без отметки,80,2024-08,Транспорт,вниз,-0.07338503384884643,0.38467460227669326,-0.8064329759688971,-0.5735815062139308,-1.0235185294588294,,,5–10%,
скачок без отметки,70,2023-08,Транспорт,вверх,0.05825413853099359,0.8779759642691177,0.27361837382909765,0.6505740554706413,3.0678977583078284,0.4409575520692866,2.1400008635574608,5–10%,2
скачок без отметки,457,2024-12,Транспорт,вниз,-0.11213922233375762,,,,,,,10–20%,
скачок без отметки,1235,2024-06,Транспорт,вверх,0.07442663396854954,0.5290531129834745,0.07593462071196946,0.6502704231725873,-0.3381175463253193,-0.16900572540649286,0.17658133754548577,5–10%,2
скачок без отметки,1986,2024-05,Транспорт,вверх,0.06159259491620084,0.7866483104387905,1.3808339422722622,0.7663515706923641,0.19046971406645044,0.5472904757429583,0.4651546561056323,5–10%,4
скачок без отметки,1644,2024-12,Транспорт,вниз,-0.07713408512049202,,,,,,,5–10%,
скачок без отметки,429,2024-10,Транспорт,вниз,-0.11909088565831105,1.1779506356162606,0.3862641337341958,,,,,10–20%,
скачок без отметки,77,2024-02,Транспорт,вниз,-0.05581977939104377,1.0895249079683942,0.5805317482351313,0.7618197457177733,0.9059781597443453,0.5021807704294102,0.4900878742650849,5–10%,7
скачок без отметки,283,2024-12,Транспорт,вниз,-0.08417163707003006,,,,,,,5–10%,
скачок без отметки,1048,2024-05,Транспорт,вверх,0.057374224100406046,0.7867933095839807,3.083150217519762,0.0,0.0,0.0358999706803136,0.15198172053246187,5–10%,3
скачок без отметки,293,2023-07,Транспорт,вверх,0.22757271551435743,0.7883397438700368,0.5836123518539541,0.7650403119246268,0.8239078548447658,0.6204880988848868,0.7130772908594329,20–40%,7
скачок без отметки,1705,2024-07,Транспорт,вниз,-0.12551644459039846,0.538619832369402,0.2516978807551468,0.5967227989889277,0.35246081706325916,0.7699270887323982,,10–20%,2
скачок без отметки,2049,2023-10,Транспорт,вверх,0.09542432086087338,-0.8812304967467635,-3.1863928239289185,-1.2489849076237682,-1.3497017536241995,0.5621237836634186,0.33414696685337253,5–10%,7
скачок без отметки,1568,2024-07,Транспорт,вниз,-0.1007411029736609,0.8198621705286698,0.9665257880495058,0.09946681951895282,0.7985006755744668,0.4309890918723804,,10–20%,3
скачок без отметки,1586,2023-08,Транспорт,вверх,0.06985610523209917,1.5349656492206927,3.045989576041686,1.82383959540225,1.5382747574960731,1.7736830608440657,1.4389237373848391,5–10%,7
скачок без отметки,279,2023-10,Транспорт,вверх,0.09833458999541023,-1.7883571597837926,-1.791932493326027,-1.517471964045612,-2.929496178515044,-2.0592057658080694,-3.062753375832028,5–10%,7
скачок без отметки,2323,2024-01,Транспорт,вниз,-0.09082833530261958,2.280565443697297,0.4797308053594965,0.16671850584569015,0.6105764162317948,-0.07312657463004037,1.6032696208148907,5–10%,3
скачок без отметки,81,2023-08,Транспорт,вниз,-0.10554619062691106,0.6865140404781036,-0.40490501877118273,-0.9093319958137883,-1.198338703755672,-0.44161442217292435,-0.6081876596980328,10–20%,7
скачок без отметки,555,2024-02,Транспорт,вверх,0.1288856321037164,1.17742617919576,1.3948601460512982,1.3563476249949429,0.8735411216523365,1.1764608061489306,1.2744969316571546,10–20%,7
скачок без отметки,794,2024-12,Транспорт,вниз,-0.10214121550163302,,,,,,,10–20%,
скачок без отметки,1660,2024-10,Транспорт,вверх,0.1241375242760494,-0.029107122489736403,0.985857671055372,,,,,10–20%,1
скачок без отметки,1062,2024-11,Транспорт,вверх,0.11281672534246656,1.5218930434026587,,,,,,10–20%,
скачок без отметки,749,2024-09,Транспорт,вверх,0.05994599023035452,1.529762087463962,1.4361937293870728,0.28031426070909593,,,,5–10%,3
скачок без отметки,890,2024-07,Транспорт,вверх,0.0573691887468728,0.4436252722033592,1.72145667468734,1.5464362943440684,1.7523725514504989,1.1795451263107049,,5–10%,
скачок без отметки,1125,2024-10,Транспорт,вверх,0.12135278168979369,0.06759797555070349,0.26090406856172277,,,,,10–20%,1
скачок без отметки,74,2024-10,Транспорт,вверх,0.055152351371775765,0.5667985228297335,1.356295588739518,,,,,5–10%,
скачок без отметки,347,2024-07,Транспорт,вверх,0.056870668895080634,1.5777828212756575,1.0,0.5613508961429726,0.15220856275462633,-1.6972380983246116,,5–10%,4
скачок без отметки,2298,2024-06,Транспорт,вверх,0.07287938722057774,0.15416043322370604,0.46161307545148056,1.684937696761605,0.23630028946404408,0.46951260246650145,0.5641691039931609,5–10%,1
скачок без отметки,2059,2023-11,Транспорт,вниз,-0.10111377508438846,2.1657613993329683,0.924115418854148,0.4119897984160485,0.9648294810596221,0.5801754617609862,1.3429546177476837,10–20%,7
скачок без отметки,1219,2024-10,Транспорт,вверх,0.06719961515965078,-0.007795144027585899,0.09323398592713968,,,,,5–10%,1
скачок без отметки,1298,2024-02,Транспорт,вниз,-0.1398229198440024,0.6942080081353715,0.9508908916844316,0.7591749805997755,0.7946489785128588,0.5250925350379633,0.7515217928317162,10–20%,7
скачок без отметки,374,2024-01,Транспорт,вниз,-0.0887917044439055,0.3234313342583781,1.0179336238034424,0.8102126235729544,0.7956961278131226,-0.6561081681321266,-1.0402687252226122,5–10%,1
скачок без отметки,2203,2023-11,Транспорт,вниз,-0.05530431349910625,0.0749227372013597,3.2947307643600974,2.984979528329198,2.7361793897116256,0.9155286502873653,1.034175610140673,5–10%,1
скачок без отметки,1171,2023-12,Транспорт,вверх,0.05301384231734119,2.1937052237479495,1.847106174403946,1.2937653081812253,0.31242168514840607,2.6709122785711994,1.9616986122928948,5–10%,4
скачок без отметки,1349,2024-10,Транспорт,вверх,0.16895642934035315,0.23434619097053772,-1.4589502280288797,,,,,10–20%,1
скачок без отметки,1417,2024-01,Транспорт,вниз,-0.12560718465427545,1.47246751758584,1.1162055488286626,0.10930067411511776,-0.48464354856268943,-0.9762601188166756,-0.6574333726821386,10–20%,3
скачок без отметки,404,2024-11,Транспорт,вверх,0.09742636552634387,-0.7967706927054575,,,,,,5–10%,
скачок без отметки,703,2023-10,Транспорт,вниз,-0.061853577562715145,-0.26678797296427953,-3.121277912577713,-1.3387203017108331,-1.2141361566575763,-1.0265890792576724,-1.1567298844445828,5–10%,1
скачок без отметки,22,2023-10,Транспорт,вниз,-0.13352482557397405,1.1867273616032346,0.6528546612985848,2.5351083459161536,3.130598817460367,2.4554486503566397,1.1251883957745286,10–20%,7
скачок без отметки,1197,2024-06,Транспорт,вверх,0.05284411337538053,1.195887439982291,0.23042306721114622,2.194393630316982,1.805425961017695,1.7364029527445894,1.7629823677705856,5–10%,2
скачок без отметки,555,2023-11,Транспорт,вниз,-0.05708356543233695,1.1766358732355284,3.000186097318694,0.7423447882209145,0.34174463151734225,-0.14918676085008883,-0.062231599891552095,5–10%,5
скачок без отметки,1652,2024-04,Транспорт,вверх,0.08215393725314524,-0.07775191667560105,0.3757682556532722,-0.7778957057339311,-0.8360230675152307,-1.1820850224223822,-1.0829745684004153,5–10%,1
скачок без отметки,341,2024-04,Транспорт,вниз,-0.2576420013903373,1.5880367442367982,1.8612858446608374,1.3063326125850352,0.09566693900073908,1.4265490962293252,1.205283786250807,20–40%,4
скачок без отметки,285,2024-06,Транспорт,вниз,-0.09124674296278545,1.099783282935639,0.06425387422166409,-0.7576979949790825,0.0014527549770572555,0.5301139945557045,1.1202676883173948,5–10%,2
скачок без отметки,2171,2024-05,Транспорт,вниз,-0.056899127970128305,-0.5988513090875313,-1.1545214032678563,-2.1457226168527503,-0.4620220825609676,-0.7981797470362941,-0.9706810971251234,5–10%,7
скачок без отметки,828,2023-12,Транспорт,вниз,-0.055490479303598406,0.33142774378375783,1.5729057351055806,0.6245757532925627,1.0652741425014753,0.6773341653573628,2.5875026012648634,5–10%,1
скачок без отметки,2297,2024-12,Транспорт,вниз,-0.050803284838198515,,,,,,,5–10%,
скачок без отметки,33,2023-10,Транспорт,вниз,-0.08400747416508825,1.128551258109441,1.0789576721182499,1.3876558730642137,0.8137721638432625,0.11227396384028657,0.09510448346886932,5–10%,5
скачок без отметки,1657,2024-08,Транспорт,вверх,0.09343307676159185,0.48458019516804407,0.5266674664495788,-1.284167949434536,-0.7711920548865939,,,5–10%,
скачок без отметки,440,2024-06,Транспорт,вверх,0.07735952130438495,0.18034729138281555,0.2396657596562836,0.7164857827950686,-0.04176629491713328,1.036364695963729,0.32256661873706965,5–10%,1
скачок без отметки,2326,2023-11,Транспорт,вверх,0.0770271153374793,0.05853200527060575,0.29567726113330683,0.059872947536016595,-0.1863727106211776,-0.8638188048606193,0.15441142016402376,5–10%,1
скачок без отметки,528,2024-05,Транспорт,вверх,0.22723557044750642,0.7727327604720873,0.8808232877604673,1.013676757423492,0.7986509267165137,1.2766277539859878,1.3682710177949897,20–40%,7
скачок без отметки,487,2024-05,Транспорт,вниз,-0.10726008423049027,1.759279022801886,0.9041692206240621,1.0385730968518587,0.4404914126069441,-0.25724442463137437,0.9084705654808829,10–20%,5
скачок без отметки,325,2024-06,Транспорт,вниз,-0.12237302771997527,0.6067589517478409,0.9095591840969197,0.17099568170471263,-0.09546266425995095,0.9614027270993861,1.5266899480676912,10–20%,3
скачок без отметки,1871,2024-03,Транспорт,вниз,-0.5102087787748504,1.3844409448134816,0.7102974486343929,0.7065289054970499,0.7730018154497423,0.5709350066100543,0.5140224172337117,>40%,7
скачок без отметки,16,2024-12,Транспорт,вверх,0.059407504226898666,,,,,,,5–10%,
скачок без отметки,1649,2023-09,Транспорт,вниз,-0.0735042009085447,0.7072613520603037,2.4716968810324813,2.8011237412839476,1.1222221671700252,0.9683249505651902,2.0688540542009197,5–10%,7
скачок без отметки,1744,2024-03,Транспорт,вниз,-0.05513207069471626,-0.5705491624162157,0.9439311360752344,1.8194999109323986,2.178302752948636,2.213793934451107,3.425395947806842,5–10%,7
скачок без отметки,2259,2024-12,Транспорт,вверх,0.1231799007247183,,,,,,,10–20%,
скачок без отметки,2100,2024-01,Транспорт,вниз,-0.053801689334243896,2.124817365172164,-0.015197591329685116,0.5723005315374545,0.0721950615478462,0.501637622859854,0.8255056781919345,5–10%,2
скачок без отметки,1855,2024-05,Транспорт,вверх,0.15389576427799945,1.296172490609171,1.1305799856142371,-0.3714194197586737,0.03832088185325761,0.043787850105727465,0.21935556698134445,10–20%,4
скачок без отметки,2232,2024-05,Транспорт,вверх,0.0702286827542915,1.484842272823582,1.5178084030354881,1.3087967056392324,0.6653349942338485,1.1805922379392393,0.8376429329080954,5–10%,7
скачок без отметки,2024,2023-11,Транспорт,вверх,0.10456063659533932,0.3762805300135378,0.1369138800539145,0.8210229097899804,0.6188553823633715,0.15952609874876175,1.021154433549047,10–20%,2
скачок без отметки,2217,2024-04,Транспорт,вверх,0.07815774563763167,1.3580899314648527,1.3913207827328424,1.8296337397851097,1.4654255711191009,0.6647473319408356,0.4239252547001535,5–10%,7
скачок без отметки,1603,2023-12,Транспорт,вниз,-0.0660033138150693,-0.027855082792785764,0.7931015441001527,0.5141701446041863,0.08996776334859828,0.8365881395884432,0.464645509947383,5–10%,1
скачок без отметки,1857,2024-11,Транспорт,вверх,0.14605294552915193,0.3439243026618968,,,,,,10–20%,
скачок без отметки,2293,2024-10,Транспорт,вниз,-0.06988907141761924,1.3327562342850272,0.9882573742248544,,,,,5–10%,
скачок без отметки,1701,2023-07,Транспорт,вниз,-0.052065974299156714,-0.02308140828570606,-1.2571434892623283,-2.139196600565101,0.3646878942987336,3.604339844736414,4.909987844976805,5–10%,1
скачок без отметки,1770,2024-01,Транспорт,вниз,-0.0718802584889966,-0.5008770982587377,-0.48779016809419473,-0.4077214191884733,-0.6317472666174193,-1.1008390155504444,-0.6486845269852115,5–10%,7
скачок без отметки,1317,2024-07,Транспорт,вверх,0.13848823907618169,1.1248019453262632,1.7730046551673964,1.9038715416674943,2.0473630178294746,1.5813110842936606,,10–20%,
скачок без отметки,329,2024-08,Транспорт,вниз,-0.12135618385230451,0.10971588771631602,-0.9875426999721802,-1.331692636048361,-1.442541770055152,,,10–20%,1
скачок без отметки,1559,2024-08,Транспорт,вверх,0.13856364821750855,-0.15672087641438595,-0.19784059814260693,-0.3017089773681069,0.4657017780134928,,,10–20%,1
скачок без отметки,555,2023-10,Транспорт,вниз,-0.06941982659199297,1.8222948433426522,1.9675416110535537,3.467037556893479,1.6104262913363512,1.2810148482367454,0.8773244958579784,5–10%,7
скачок без отметки,282,2023-10,Транспорт,вниз,-0.15431329725425513,-0.17887681006768535,-0.01309105735709525,0.8688366068088819,-0.5604523125748656,-0.6743434814445377,0.5465834247218944,10–20%,1
скачок без отметки,303,2024-10,Транспорт,вверх,0.07788897647227788,0.8730764776365895,2.459518511047456,,,,,5–10%,
скачок без отметки,2245,2024-07,Транспорт,вниз,-0.08851513667149558,0.5888471782514139,-0.0,-0.6295343920577994,-0.0,0.8322320656875624,,5–10%,2
скачок без отметки,731,2024-03,Транспорт,вверх,0.0653625444724586,0.33784273414869576,0.71142215207965,0.5463431777874688,0.788223982673354,0.5939950304706865,1.1098891753535407,5–10%,7
скачок без отметки,1940,2024-09,Транспорт,вниз,-0.09587523460901792,0.7987796148514811,0.9415179591290371,2.264020800146946,,,,5–10%,
скачок без отметки,601,2024-09,Транспорт,вверх,0.07703308375865792,-0.9158988316622123,0.8480292169855383,0.5208953375044956,,,,5–10%,
скачок без отметки,47,2024-12,Транспорт,вверх,0.09819138978090791,,,,,,,5–10%,
скачок без отметки,1288,2023-11,Транспорт,вверх,0.11386267748809598,0.9686533893535247,-0.8661832224138974,-0.39106904113214874,-0.10941943554143718,-0.984642020417242,-1.0787641266825152,10–20%,4
скачок без отметки,2121,2024-04,Транспорт,вверх,0.06563129963268377,2.681766522943931,2.049949331446145,0.9511139106243378,1.1932397698704076,1.6258132390601445,1.3139526906241268,5–10%,7
скачок без отметки,274,2023-10,Транспорт,вверх,0.10770639782849134,0.8843791159399058,1.0077804389718528,1.1109579513560839,0.07189737669194654,0.863171562943777,-0.24985421477497383,10–20%,4
скачок без отметки,450,2024-04,Транспорт,вверх,0.052942345430062154,1.254442139696519,1.193198176600747,0.28646858332503766,-0.19615655947714644,-0.9813822296972757,-1.5097781952204838,5–10%,3
скачок без отметки,375,2024-06,Транспорт,вверх,0.06915273835226277,0.19802098976787574,0.806372018801959,1.149927428486606,1.8254460809868047,0.8486466564453913,1.401389808310899,5–10%,1
скачок без отметки,1285,2023-11,Транспорт,вниз,-0.05148209754475186,0.1415255535268113,-2.75608931415959,0.0974613711967292,-0.6376139650037163,-0.2123972238972309,0.2467043801657621,5–10%,1
скачок без отметки,829,2023-08,Транспорт,вниз,-0.09142748749580765,0.5859248783230854,0.8363558782035545,0.9960425080734872,1.1825695428905283,0.9817563108368488,0.9214703858348697,5–10%,7
скачок без отметки,2311,2023-11,Транспорт,вверх,0.056983122309789636,1.9119721667439122,0.8879054161234892,0.16350230964852833,0.7448988550207606,0.5533371068341061,1.6257845841080254,5–10%,3
скачок без отметки,1118,2024-06,Транспорт,вниз,-0.12128991034624104,-1.396197336200028,0.33628314900747197,-1.834567041182461,-0.42776110277799323,-2.2511477975065577,-1.7523555202385108,10–20%,7
скачок без отметки,59,2024-02,Транспорт,вниз,-0.07144079133723569,-1.4431219778576472,-2.0922906989886347,-1.2223822666265522,0.13083097842902644,-0.6681927802243807,0.3167927404290929,5–10%,4
скачок без отметки,1221,2023-11,Транспорт,вверх,0.07976521729472541,0.8609227841809926,1.7646161558875104,1.0039038491156456,1.7069578266469108,2.5748239074088963,3.6413493424505066,5–10%,7
скачок без отметки,2326,2023-10,Транспорт,вверх,0.08243496449505283,1.9343985990568593,1.0546922237248426,1.276280418575931,1.0559451982990586,0.8258536002931423,0.19284891889926672,5–10%,6
скачок без отметки,1603,2023-07,Транспорт,вниз,-0.06812780160234677,1.1136678060240004,-1.0806797557023167,-0.7713687751613689,-0.6484688167521795,0.32034732383492126,-0.6754552705592204,5–10%,5
скачок без отметки,1775,2024-03,Транспорт,вверх,0.09782201357568798,0.031292734189445864,-1.3234725252140978,-0.9653177401482935,-0.3537411453572841,-0.9613700808617991,-0.7790488425449142,5–10%,1
скачок без отметки,1737,2023-08,Транспорт,вниз,-0.07936968465318017,0.2151610012413995,-1.2513367242902853,0.11221590277347973,0.6098614438645097,0.040403890019117844,0.9648079116310551,5–10%,1
скачок без отметки,705,2024-02,Транспорт,вниз,-0.05220675095828842,1.1393059776031063,2.409475878564828,2.4838686468874784,3.0813182496940805,3.2137823639978165,2.3199613643919244,5–10%,7
скачок без отметки,1910,2023-12,Транспорт,вниз,-0.05985114168436567,-0.32625175238780474,1.129984864154284,2.356428409501121,2.1165852879354032,0.8779136033259787,1.9847476177430345,5–10%,1
скачок без отметки,423,2024-03,Транспорт,вверх,0.09294811936263692,0.8169068619367618,0.07857403985784166,0.5848236405509706,0.2835332893675182,-0.08953179563225885,0.3090798240513162,5–10%,2
скачок без отметки,1754,2024-03,Транспорт,вверх,0.1102158244997149,-0.00958823148304615,0.553766313254287,1.1805635980346088,-0.14186616223342208,0.30621515861300685,-0.34561616817394714,10–20%,1
скачок без отметки,1648,2023-11,Транспорт,вниз,-0.12063705146547665,0.7130152853776105,0.514714137145795,-0.5113230519077369,0.9568637677080806,0.5639972949711416,-0.15755039007567917,10–20%,6
скачок без отметки,1861,2024-05,Транспорт,вверх,0.06080564921234277,1.0402079228549463,2.8098651682002425,3.530218119863685,5.056499562510227,2.991343031364134,5.800562440448723,5–10%,7
скачок без отметки,549,2024-12,Транспорт,вверх,0.09782200733845237,,,,,,,5–10%,
скачок без отметки,880,2023-12,Транспорт,вниз,-0.07073257461249405,-0.032746828350003095,-0.17583337721664458,0.3880341265520065,-0.9709368868935337,0.27211689783941884,0.7554594001435057,5–10%,1
скачок без отметки,2126,2023-09,Транспорт,вниз,-0.06122912334073849,1.121061442569821,0.25632448702120036,-0.89883095988616,-0.16685408889022282,-0.13856505019577928,-0.05039477038208757,5–10%,2
скачок без отметки,1546,2024-01,Транспорт,вверх,0.184725063366443,0.6369668418180172,0.6272560125253798,1.3717900546699502,1.3436050456796085,1.377240105346915,1.3388438903716073,10–20%,7
скачок без отметки,1406,2023-10,Транспорт,вниз,-0.0972945491031858,0.9779659041546,0.8136155127509817,0.31056860298201994,0.3068393836068599,-0.3350130204609007,-0.6765623283169204,5–10%,3
скачок без отметки,1617,2023-07,Транспорт,вниз,-0.05724999466973468,0.5820189815944509,-1.3130068924869729,-1.498424117833318,-0.25929634736063534,3.1173049044429124,0.4586375820439168,5–10%,4
скачок без отметки,5,2024-04,Транспорт,вверх,0.12994677623074224,0.3952135621193195,0.557020327009554,1.37631576625339,0.2623631255797195,0.9961999015424994,0.6115118670082854,10–20%,4
скачок без отметки,1788,2023-10,Транспорт,вниз,-0.18560831240858366,0.5675772331039053,-0.4738472421238545,-0.19240756655460117,-0.041665089386374164,-0.015113117553657195,0.14453231136361802,10–20%,3
скачок без отметки,2512,2024-01,Транспорт,вверх,0.053953269414529714,0.6661803568208032,0.4261377041434201,0.38240522170191676,0.9951190849958528,0.7782294622135062,0.9059325245408066,5–10%,7
скачок без отметки,2061,2024-03,Транспорт,вверх,0.149726578594767,-0.03148768534453142,0.07641055189115628,0.1680996240607023,0.6059355986159235,0.7354211786692334,1.2389840717492349,10–20%,1
скачок без отметки,505,2024-03,Транспорт,вниз,-0.05548060880053818,1.8744394390533348,1.1929249431974684,-0.6354160165667511,-1.274439468580922,-0.535797502048282,-0.4208766714442706,5–10%,7
скачок без отметки,923,2023-11,Транспорт,вверх,0.06600989941549784,0.6972769140555066,2.8023926657800367,3.0081184919145674,0.7235270955469466,0.1326785710802756,1.584986663593035,5–10%,5
скачок без отметки,1605,2024-07,Транспорт,вверх,0.09594827323341626,0.39946817147643765,0.38806228599215964,0.4091225114973763,1.0068901299126545,0.6494872660230379,,5–10%,
скачок без отметки,396,2024-02,Транспорт,вверх,0.126372470167329,0.5927431205987087,1.2100037406455089,1.326098694641313,1.2702475296645048,1.6773860355844554,1.077631782318601,10–20%,7
скачок без отметки,1299,2024-03,Транспорт,вверх,0.06763770416237236,0.5548253500614222,1.1904017301564072,1.4184252500013035,2.0538997788985394,3.29105775824634,1.6268570962537428,5–10%,7
скачок без отметки,1036,2024-01,Транспорт,вниз,-0.06455777612514524,0.7240511860666992,0.867630554141893,1.4315269315067232,-0.0654942907295311,-0.08588985211469483,0.976748341839618,5–10%,4
скачок без отметки,2045,2024-06,Транспорт,вверх,0.1147343479106473,1.5297167870424462,1.1835571405688854,1.4065492605670191,0.7089280851411025,-0.37986491120643595,-1.1155752381979143,10–20%,7
скачок без отметки,686,2023-07,Транспорт,вниз,-0.08191976413099678,0.8205893260281459,-0.2593656972206898,-1.1075070449714808,-1.490496848851706,-2.764180175042612,-2.674807337284691,5–10%,2
скачок без отметки,1285,2024-01,Транспорт,вверх,0.14917529126535456,0.015207052814877749,0.26888995056566334,0.12214279453453786,-0.03629841488317968,0.474157241928662,0.6668231079610883,10–20%,1
скачок без отметки,2023,2024-03,Транспорт,вниз,-0.051472017646394974,4.194874228012861,2.7054722830903972,1.6033448599089482,1.0948105454900965,1.4438865868538868,-2.403970001306827,5–10%,7
скачок без отметки,1625,2024-04,Транспорт,вверх,0.08878007156488987,0.0,0.381859927325047,-0.11964149612440392,0.0,-0.19767963003752076,-0.06542393459890296,5–10%,1
скачок без отметки,2332,2024-03,Транспорт,вверх,0.057122243384469584,-3.545531692602723,0.8878372037460446,-1.402465537302417,-2.663105380897829,-2.6744725632375723,-3.055127456728591,5–10%,7
скачок без отметки,201,2024-04,Транспорт,вниз,-0.057037983032655504,0.23661717538263352,-0.03799458793603366,2.228721792219432,2.718835044153471,0.929308322241916,2.6784823042136114,5–10%,1
скачок без отметки,1313,2023-07,Транспорт,вниз,-0.10943742255657618,0.35080858192422193,0.01753603953660549,0.5663244812792908,-0.589211149635501,1.0805133313707735,0.43617172328294707,10–20%,2
скачок без отметки,1682,2023-11,Транспорт,вниз,-0.22428480670807627,1.1669807975256679,1.6301455733933763,2.2569570343433965,2.189127742476417,2.7104291058501304,1.9196763157030023,20–40%,7
скачок без отметки,1949,2023-09,Транспорт,вниз,-0.1581118797032044,0.7670519440422368,-0.3701982562271481,-0.4100591637323684,-0.40440964530976936,-0.13853053816374133,-0.3205059462594965,10–20%,5
скачок без отметки,1310,2023-09,Транспорт,вверх,0.05737277107892069,-0.8482433411659694,-0.2558379090640247,-0.7114687683180578,-0.35385507275956446,-1.6607520015246513,1.1302979441875407,5–10%,2
скачок без отметки,58,2023-10,Транспорт,вниз,-0.0566051674583985,-0.8050229213507528,0.8576274605890282,0.6833609017378515,1.4719462974594903,1.2028928766797942,0.3815842644695312,5–10%,7
скачок без отметки,1543,2024-12,Транспорт,вниз,-0.09319710136583836,,,,,,,5–10%,
скачок без отметки,2181,2024-05,Транспорт,вверх,0.05813859687288314,0.3196791708474727,-0.3524835407293928,-0.01592989800173457,0.3025575918843051,0.5679855788290529,-0.15836682954386283,5–10%,1
скачок без отметки,1709,2024-04,Транспорт,вверх,0.0745123198209745,1.0216903635896926,1.06951116366791,1.7581535707196358,2.3289996686375676,1.8867309547957642,1.5535764532856755,5–10%,7
скачок без отметки,1731,2023-12,Транспорт,вниз,-0.10348129881277313,2.3078402222395473,0.9004829394028022,1.4103828051780622,1.4316766552096951,-0.11356156834205051,-2.3296054290282022,10–20%,5
скачок без отметки,1037,2024-11,Транспорт,вверх,0.08572711450493653,1.139066301229931,,,,,,5–10%,
скачок без отметки,1559,2024-04,Транспорт,вверх,0.13529698959876502,0.2370295541335822,0.4856166283145554,0.12912198352370916,1.1532663390517301,-0.031382817449488745,-0.0734953483583292,10–20%,1
скачок без отметки,3012,2024-11,Транспорт,вниз,-0.10428299012766562,-0.1474322672866232,,,,,,10–20%,1
скачок без отметки,524,2024-12,Транспорт,вниз,-0.07050947234555505,,,,,,,5–10%,
скачок без отметки,798,2023-10,Транспорт,вверх,0.06667054543667028,1.3544469759752338,1.9741478635702499,1.93878889425717,1.9155699529992283,1.2720943204428772,1.507945903488115,5–10%,7
скачок без отметки,361,2024-01,Транспорт,вверх,0.055544393554443516,-0.006253210168491433,-1.4024316757477322,0.2922791391497875,-0.008394488035618387,0.004424036688966297,-1.5848456931231667,5–10%,1
скачок без отметки,899,2024-09,Транспорт,вниз,-0.06841288221657216,0.21569022570278967,0.6489071768364528,0.2463652051910364,,,,5–10%,1
скачок без отметки,1689,2024-02,Транспорт,вверх,0.0966848021805582,0.6501844149921034,-0.5445576741082946,0.04333789983922312,-0.07855848668119883,-0.6231743258021231,-0.3688110189569807,5–10%,3
скачок без отметки,854,2024-05,Транспорт,вниз,-0.16590640619966823,0.6803370084744225,-0.3489078869963247,-0.20712502028114632,0.28307982106826685,0.057371155205839325,-1.4077451049661822,10–20%,3
скачок без отметки,2096,2023-08,Транспорт,вверх,0.18649192189148955,-0.7021547717582572,0.301014307070099,0.1721014350418181,0.4684403317165037,0.6624317741482513,0.07439118778912199,10–20%,2
скачок без отметки,496,2024-01,Транспорт,вверх,0.15117005168912012,0.9118287399446845,1.7217888997006296,0.5182462320814661,0.5066861425799617,0.13851656029446452,-0.6182626459796224,10–20%,5
скачок без отметки,1710,2024-10,Транспорт,вверх,0.1344188218798843,1.5083899622378814,1.5133158849037498,,,,,10–20%,
скачок без отметки,808,2024-05,Транспорт,вверх,0.14769739957782235,-0.7671151167107882,1.3391450342960936,1.8526896561639727,1.390659821572672,0.6683434419313602,1.749122596348173,10–20%,7
скачок без отметки,2057,2024-09,Транспорт,вниз,-0.23893547026914153,-0.39006240192864194,-0.15480015768073319,0.5907626433292021,,,,20–40%,2
скачок без отметки,929,2024-10,Транспорт,вверх,0.06396878787836169,1.5971833325083273,1.5228715413858558,,,,,5–10%,
скачок без отметки,297,2024-08,Транспорт,вниз,-0.1556214893269754,1.1407798586442341,0.3230416603071344,-0.35994396389413547,-0.01928496427748945,,,10–20%,2
скачок без отметки,1993,2024-09,Транспорт,вниз,-0.06389900215092847,1.0345042401570748,1.932368466686157,1.849343237295553,,,,5–10%,
скачок без отметки,2184,2023-12,Транспорт,вниз,-0.06659917319407072,1.7668835568935652,0.7636613864416847,0.36872117161820134,-0.436760820281079,0.564886642466195,0.5352203185550141,5–10%,7
скачок без отметки,2173,2024-10,Транспорт,вверх,0.07833985548823019,0.6873458352000452,0.6747929240102745,,,,,5–10%,
скачок без отметки,1347,2023-08,Транспорт,вниз,-0.05315088363459086,-2.2082440001932118,-1.2445302104106837,-1.6181020482480952,-3.138189994794674,-2.285353783294317,0.08383943380930603,5–10%,6
скачок без отметки,423,2024-12,Транспорт,вверх,0.10872672882065881,,,,,,,10–20%,
скачок без отметки,33,2024-08,Транспорт,вниз,-0.06420007824188545,0.7515581251102891,0.7494386139786189,-0.6492864099786696,0.05879068678583251,,,5–10%,4
скачок без отметки,453,2023-09,Транспорт,вверх,0.1081887730614497,0.7720391480634137,1.6171491760542802,1.1940862825741358,0.2723884711344008,-0.1373698725740473,-0.698964543122197,10–20%,4
скачок без отметки,1019,2024-12,Транспорт,вниз,-0.07530452364908768,,,,,,,5–10%,
скачок без отметки,753,2024-09,Транспорт,вверх,0.06616948320225724,0.5032971525435358,1.2630952907019644,0.3309505012101945,,,,5–10%,3
скачок без отметки,481,2023-08,Транспорт,вниз,-0.052324928578949326,0.646142457914801,-0.2912474843927676,1.2594298210277186,0.414609118013585,-1.6542924247039852,2.6442687103071627,5–10%,2
скачок без отметки,2054,2024-02,Транспорт,вниз,-0.05223250836040538,0.9881588003279226,3.838122230665556,5.674850842915374,-1.5453439416037065,1.006353000924785,1.6255813710905298,5–10%,7
скачок без отметки,294,2024-06,Транспорт,вниз,-0.06559102064398292,0.3425341440004614,1.0018271924926099,1.853155530188328,1.1252234551952585,1.6741477966031455,0.4141674823972857,5–10%,7
скачок без отметки,1641,2024-06,Транспорт,вверх,0.052618273546839234,3.1777334898178613,4.72058521036928,4.782836570401514,4.5180759330770455,2.6077627809362984,3.006102668763179,5–10%,7
скачок без отметки,1554,2023-07,Транспорт,вниз,-0.06332463369122987,0.7965321362050214,0.6198472568327287,-0.7376426576610315,1.1932281811598817,0.6161271483356411,2.624632601072231,5–10%,7
скачок без отметки,281,2023-10,Транспорт,вверх,0.06172738353211926,6.628401199613667,3.825522115036596,3.856821606168035,1.9282811593810136,3.483574171215974,7.167196300022111,5–10%,7
скачок без отметки,704,2024-04,Транспорт,вниз,-0.06556165012730197,0.831530721310827,1.2672150811771468,1.28677935581113,0.05130860696333402,0.20542503402657739,0.7590246790203741,5–10%,4
скачок без отметки,2165,2023-10,Транспорт,вверх,0.06164310684756291,0.3839516885886928,-0.16284925556039567,0.12092963089604063,-0.2114890385480304,0.8626696503617345,0.9142749171937856,5–10%,2
скачок без отметки,2175,2024-07,Транспорт,вниз,-0.10928238990616901,-0.17749582434481453,-0.15212511862757316,-0.06975054976570527,0.04117440734663265,-0.48405014159339943,,10–20%,1
скачок без отметки,1864,2024-10,Транспорт,вверх,0.11831654452634943,-0.6727038972349348,1.3413514117726264,,,,,10–20%,
скачок без отметки,493,2024-02,Транспорт,вниз,-0.3598409259848232,0.4956370763350538,0.8051574701588747,0.6292833801789145,0.3967228353595037,0.5531451730589362,0.6158487890154982,20–40%,7
скачок без отметки,1602,2023-08,Транспорт,вверх,0.061380339985617205,2.417704317617446,3.9027224351263143,0.025160411655294965,-0.16559448227357274,0.6989231944628645,1.821210031980767,5–10%,3
скачок без отметки,1648,2024-03,Транспорт,вниз,-0.17711772891892785,0.7324138403314772,0.2409588869110199,-0.10039879110958502,-0.0,0.5428681654817701,1.109131341876483,10–20%,2
скачок без отметки,306,2024-03,Транспорт,вниз,-0.3618133713258711,1.1923666649593214,0.756065848658578,0.794187071399399,0.8365614281450351,0.4009669422929449,0.7985423246431187,20–40%,7
скачок без отметки,562,2024-04,Транспорт,вверх,0.05209350730285678,1.108788852540057,1.7865331789724839,0.1817422770499024,-1.7919035591228683,-1.1529195038807507,-0.45756139347300107,5–10%,3
скачок без отметки,1438,2024-03,Транспорт,вверх,0.12197842688648652,1.0,-0.7550216188655899,1.0,1.0,1.0,1.0,10–20%,7
скачок без отметки,539,2024-12,Транспорт,вниз,-0.05391373995114623,,,,,,,5–10%,
скачок без отметки,1016,2024-06,Транспорт,вверх,0.08337389191971223,-0.6283034138904018,1.2892712798880361,0.2229233228417396,0.0161983378012254,-0.05789259065573592,-1.106160407821557,5–10%,3
скачок без отметки,2226,2024-04,Транспорт,вверх,0.06796686507253291,1.5097484492592093,1.0938279748571385,0.9684514989226491,0.5131650872993946,0.7654642023173417,1.3005519367843852,5–10%,7
скачок без отметки,618,2024-10,Транспорт,вверх,0.17720721022366082,-2.43300745636834,-0.1385910504788072,,,,,10–20%,2
скачок без отметки,1274,2024-09,Транспорт,вверх,0.07390323123449782,-1.5227501201974933,0.2589658687108246,-0.25539295212114327,,,,5–10%,2
скачок без отметки,532,2024-02,Транспорт,вверх,0.10327632142096199,-0.33765521096901036,1.058967664596357,1.8783717370647626,1.3595902510832298,1.2433331821828284,1.4814569368623476,10–20%,7
скачок без отметки,2339,2024-11,Транспорт,вверх,0.08256435836430231,-0.6630845852954282,,,,,,5–10%,
скачок без отметки,55,2023-09,Транспорт,вверх,0.07036685553777122,2.1932412331393514,2.150902718091041,2.617473294496746,1.4573861026014814,1.7152489530846922,1.4393919687170798,5–10%,7
скачок без отметки,363,2023-09,Транспорт,вниз,-0.1902788820393999,0.3535232287075316,0.7365219455044452,0.6388414856200434,0.20863928778351204,0.6752630416819979,0.660021502055646,10–20%,4
скачок без отметки,1170,2024-09,Транспорт,вверх,0.05995112457585172,2.0453969278134556,3.354007771691219,2.7694702241647398,,,,5–10%,
