month,МО,регион,territory_id,уровень,постепенный,оценка (процентиль),главная категория,главное,тип,надёжность,z: Все категории,z: Здоровье,z: Маркетплейсы,z: Общественное питание,z: Продовольствие,z: Транспорт
2023-07,Эвенкийский,Красноярский край,726,шок,False,100.0,Все категории,Все категории +10%; Общественное питание +65%; Здоровье +49%,сдвиг уровня,ниже: обучение < 12 мес.,8.44,3.55,1.21,7.71,2.65,0.58
2023-08,Нарьян-Мар,Ненецкий автономный округ,916,шок,False,100.0,Все категории,Все категории -13%; Здоровье -21%; Общественное питание -12%,нарастающий,ниже: обучение < 12 мес.,-8.0,-4.82,0.9,-3.23,-1.08,-0.13
2024-05,Анивский,Сахалинская область,1955,шок,False,100.0,Транспорт,Транспорт -30%; Все категории -16%; Продовольствие -17%,сдвиг уровня,,-7.28,0.12,1.21,-2.96,-5.25,-7.39
2023-11,Вуктыл,Республика Коми,226,шок,False,99.99,Маркетплейсы,Маркетплейсы -34%; Все категории -11%; Здоровье -15%,разовый,ниже: обучение < 12 мес.,-3.32,-2.66,-7.59,0.47,0.59,-1.5
2023-07,Чурапчинский,Республика Саха (Якутия),343,шок,False,99.99,Транспорт,Транспорт +56%; Все категории -5%,разовый,ниже: обучение < 12 мес.,-3.16,-1.73,0.05,-0.25,-0.33,7.06
2023-12,Карагинский,Камчатский край,618,шок,False,99.99,Общественное питание,Общественное питание -50%; Маркетплейсы -39%; Продовольствие -1%,сдвиг уровня,ниже: обучение < 12 мес.,-1.88,-0.21,-4.22,-7.34,-2.49,-0.15
2023-09,Эвенкийский,Красноярский край,726,шок,False,99.99,Все категории,Все категории -23%; Общественное питание -48%; Здоровье -27%,сдвиг уровня,ниже: обучение < 12 мес.,-7.61,-2.46,-2.08,-4.02,-1.76,-1.92
2023-09,Нарьян-Мар,Ненецкий автономный округ,916,шок,False,99.99,Все категории,Все категории -16%; Маркетплейсы -19%,сдвиг уровня,ниже: обучение < 12 мес.,-7.91,-0.46,-2.98,-1.23,-0.74,-0.61
2023-09,Барятинский,Калужская область,1201,шок,False,99.99,Маркетплейсы,Маркетплейсы -30%; Транспорт -31%,разовый,ниже: обучение < 12 мес.,-1.12,0.91,-7.42,-1.0,-0.05,-4.31
2023-07,Амгинский,Республика Саха (Якутия),314,шок,False,99.98,Транспорт,Транспорт +26%; Все категории -8%,сдвиг уровня,ниже: обучение < 12 мес.,-2.45,-1.96,0.0,-1.16,-0.47,6.81
2023-08,Чурапчинский,Республика Саха (Якутия),343,шок,False,99.98,Транспорт,Транспорт -22%,нарастающий,ниже: обучение < 12 мес.,0.59,1.75,1.59,1.72,0.0,-7.83
2023-11,Барун-Хемчикский,Республика Тыва,402,шок,False,99.98,Общественное питание,Общественное питание -29%; Транспорт -16%,разовый,ниже: обучение < 12 мес.,-0.99,0.73,0.56,-6.84,-1.77,-4.96
2023-07,Мамоновский,Калининградская область,1178,шок,False,99.98,Здоровье,Здоровье -30%; Все категории -16%,разовый,ниже: обучение < 12 мес.,-2.8,-7.86,-1.32,-1.69,-1.49,0.92
2024-09,Прионежский,Республика Карелия,218,шок,False,99.97,Здоровье,Здоровье -25%; Транспорт -19%,сдвиг уровня,,-1.97,-7.79,0.77,-1.1,-1.75,-2.06
2023-08,Эвенкийский,Красноярский край,726,шок,False,99.97,Все категории,Все категории -10%; Общественное питание +14%,нарастающий,ниже: обучение < 12 мес.,-5.1,-0.99,0.01,3.92,-0.69,1.38
2023-10,Частинский,Пермский край,764,шок,False,99.97,Здоровье,Здоровье -38%,сдвиг уровня,ниже: обучение < 12 мес.,-1.25,-8.19,0.77,1.89,-0.87,-0.51
2024-02,Богородский,Кировская область,1267,шок,False,99.97,Маркетплейсы,Маркетплейсы +1054%,сдвиг уровня,,1.68,0.35,8.17,-0.88,-0.17,-0.54
2023-07,Сосновский,Тамбовская область,2095,шок,False,99.97,Общественное питание,Общественное питание +9600%,сдвиг уровня,ниже: обучение < 12 мес.,-1.32,0.47,-0.73,7.79,-0.88,-1.1
2023-12,Баймакский,Республика Башкортостан,35,шок,False,99.96,Общественное питание,Общественное питание +88%; Продовольствие -5%,сдвиг уровня,ниже: обучение < 12 мес.,0.11,0.24,-0.31,7.93,-2.04,-0.61
2024-05,Зилаирский,Республика Башкортостан,54,шок,False,99.96,Общественное питание,Общественное питание -52%,сдвиг уровня,,0.43,-0.29,-0.73,-7.94,1.16,0.89
2023-07,Усть-Алданский,Республика Саха (Якутия),339,шок,False,99.96,Маркетплейсы,Маркетплейсы -53%,разовый,ниже: обучение < 12 мес.,-1.43,-0.03,-7.97,-1.37,-0.9,0.56
2023-09,Лабытнанги,Ямало-Ненецкий автономный округ,2880,шок,False,99.96,Транспорт,Транспорт -30%; Общественное питание -37%; Все категории -13%,сдвиг уровня,ниже: обучение < 12 мес.,-3.3,1.03,-0.32,-4.31,-0.28,-6.13
2024-05,Баймакский,Республика Башкортостан,35,шок,False,99.95,Общественное питание,Общественное питание -41%,сдвиг уровня,,0.05,-0.4,0.43,-7.94,1.91,0.3
2024-12,Ильинский,Ивановская область,1118,шок,False,99.95,Маркетплейсы,Маркетплейсы -22%,,,-1.78,0.0,-7.95,-0.62,-0.77,0.5
2024-07,Южно-Курильский,Сахалинская область,1970,шок,False,99.95,Маркетплейсы,Маркетплейсы +18%,сдвиг уровня,,0.77,1.45,7.64,-0.29,-0.88,0.85
2024-12,Барун-Хемчикский,Республика Тыва,402,шок,False,99.94,Здоровье,Здоровье -72%,,,-0.37,-7.95,-0.18,-0.69,0.93,-0.32
2023-10,Дебёсский,Удмуртская Республика,429,шок,False,99.94,Продовольствие,Продовольствие -16%,сдвиг уровня,ниже: обучение < 12 мес.,-1.77,-0.16,0.08,0.32,-7.48,-0.47
2024-06,Волгореченск,Костромская область,1305,шок,False,99.94,Все категории,Все категории -15%; Продовольствие -19%; Здоровье -30%,сдвиг уровня,,-6.08,-3.09,-1.85,-0.68,-4.1,-0.55
2024-12,Сосновский,Нижегородская область,1568,шок,False,99.94,Общественное питание,Общественное питание -63%,,,-0.68,0.27,0.02,-7.87,1.17,0.55
2023-11,Чеди-Хольский,Республика Тыва,416,шок,False,99.93,Общественное питание,Общественное питание +36%; Все категории +21%,разовый,ниже: обучение < 12 мес.,5.45,0.78,1.62,5.5,0.47,0.18
2023-10,Коношский,Архангельская область,902,шок,False,99.93,Здоровье,Здоровье -30%,сдвиг уровня,ниже: обучение < 12 мес.,-0.33,-7.43,-0.78,1.21,1.69,1.33
2024-04,Ершичский,Смоленская область,2054,шок,False,99.93,Общественное питание,Общественное питание -58%,сдвиг уровня,,0.39,1.16,0.11,-7.61,-0.77,-1.29
2023-09,Ямальский,Ямало-Ненецкий автономный округ,2250,шок,False,99.93,Транспорт,Транспорт -45%; Все категории -22%; Маркетплейсы -26%,сдвиг уровня,ниже: обучение < 12 мес.,-4.55,-0.43,-2.21,-2.14,0.33,-6.13
2023-07,Сорск,Республика Хакасия,451,шок,False,99.92,Маркетплейсы,Маркетплейсы -19%; Здоровье +21%,разовый,ниже: обучение < 12 мес.,-0.7,2.37,-6.94,-1.27,1.12,0.02
2023-08,Карагинский,Камчатский край,618,шок,False,99.92,Здоровье,Здоровье +37%; Все категории +9%; Продовольствие +7%,разовый,ниже: обучение < 12 мес.,4.34,6.01,0.0,0.0,2.48,0.0
2024-01,Долинский,Сахалинская область,1956,шок,False,99.92,Транспорт,Транспорт -32%; Общественное питание -37%; Здоровье -31%,разовый,,-1.22,-2.96,-1.3,-4.13,-1.14,-5.92
2023-07,Калязинский,Тверская область,2120,шок,False,99.92,Маркетплейсы,Маркетплейсы +20%,разовый,ниже: обучение < 12 мес.,0.78,-0.03,7.38,0.33,0.38,-0.26
2023-09,Усинск,Республика Коми,228,шок,False,99.91,Все категории,Все категории -16%; Транспорт -27%; Маркетплейсы -8%,сдвиг уровня,ниже: обучение < 12 мес.,-6.09,0.12,-2.3,-1.33,0.32,-3.28
2023-08,Кобяйский,Республика Саха (Якутия),323,шок,False,99.91,Продовольствие,Продовольствие -14%; Общественное питание +22%,сдвиг уровня,ниже: обучение < 12 мес.,-1.71,-1.45,-1.53,2.62,-6.24,0.45
2023-07,Мегино-Кангаласский,Республика Саха (Якутия),326,шок,False,99.91,Транспорт,Транспорт +22%; Все категории -7%,сдвиг уровня,ниже: обучение < 12 мес.,-4.21,-1.94,-0.69,-1.22,0.0,4.43
2024-05,Рамешковский,Тверская область,2134,шок,False,99.91,Маркетплейсы,Маркетплейсы -32%,сдвиг уровня,,-1.44,1.61,-7.25,0.65,-0.47,-0.2
2023-09,Эгвекинот,Чукотский автономный округ,2345,шок,False,99.91,Транспорт,Транспорт -26%; Общественное питание -41%; Маркетплейсы -26%,нарастающий,ниже: обучение < 12 мес.,-1.16,-0.61,-2.56,-4.45,-0.57,-5.72
2023-08,Пуровский,Ямало-Ненецкий автономный округ,2882,шок,False,99.91,Общественное питание,Общественное питание -13%; Здоровье -19%; Транспорт -9%,нарастающий,ниже: обучение < 12 мес.,-0.47,-4.41,-0.77,-4.69,1.57,-4.15
2023-07,Туруханский,Красноярский край,720,шок,False,99.9,Общественное питание,Общественное питание +57%; Транспорт +90%; Здоровье +34%,сдвиг уровня,ниже: обучение < 12 мес.,3.48,3.81,2.96,5.3,0.98,3.97
2024-05,Невельский,Псковская область,1774,шок,False,99.9,Продовольствие,Продовольствие -17%; Все категории -5%; Здоровье -11%,сдвиг уровня,,-3.07,-2.26,1.6,-0.09,-6.54,-2.23
2024-05,Макаровский,Сахалинская область,1959,шок,False,99.9,Все категории,Все категории -17%; Продовольствие -7%; Здоровье -22%,сдвиг уровня,,-6.36,-2.16,-0.63,-0.19,-3.45,-2.07
2024-04,Ковдорский,Мурманская область,1512,шок,False,99.89,Все категории,Все категории +11%; Продовольствие +3%,сдвиг уровня,,6.66,-0.06,0.83,1.66,2.45,0.82
2023-09,Кедровый,Томская область,2145,шок,False,99.89,Транспорт,Транспорт -48%; Общественное питание -55%; Здоровье -18%,нарастающий,ниже: обучение < 12 мес.,0.16,-2.24,2.11,-4.09,0.85,-5.78
2023-08,Балахтинский,Красноярский край,685,шок,False,99.88,Общественное питание,Общественное питание +190%,сдвиг уровня,ниже: обучение < 12 мес.,1.38,0.37,1.23,6.98,-1.6,1.01
2024-11,Мезенский,Архангельская область,907,шок,False,99.88,Маркетплейсы,Маркетплейсы -42%,сдвиг уровня,,-1.59,-0.0,-6.97,0.25,0.79,0.01
2024-05,Волгореченск,Костромская область,1305,шок,False,99.88,Продовольствие,Продовольствие -13%; Все категории -10%; Общественное питание -18%,нарастающий,,-4.2,-0.92,-0.18,-2.28,-5.58,0.34
2024-05,Хвойнинский,Новгородская область,1593,шок,False,99.88,Продовольствие,Продовольствие -5%,нарастающий,,0.21,0.3,0.43,0.0,-6.0,-0.63
2023-10,Спас-Деменский,Калужская область,1217,шок,False,99.87,Продовольствие,Продовольствие -18%; Общественное питание -28%; Здоровье -2%,сдвиг уровня,ниже: обучение < 12 мес.,-1.69,-2.1,0.2,-2.39,-6.21,-0.23
2024-09,Торопецкий,Тверская область,2142,шок,False,99.87,Маркетплейсы,Маркетплейсы -25%; Транспорт +23%; Все категории -7%,разовый,,-2.96,-0.92,-5.73,0.0,-1.63,3.26
2024-06,Александровский,Томская область,2148,шок,False,99.87,Маркетплейсы,Маркетплейсы +38%,сдвиг уровня,,1.95,0.68,6.84,1.42,1.18,0.03
2023-10,Прионежский,Республика Карелия,218,шок,False,99.86,Здоровье,Здоровье -18%; Продовольствие -14%,разовый,ниже: обучение < 12 мес.,-1.53,-4.96,0.64,-0.66,-4.9,-1.55
2023-07,Булунский,Республика Саха (Якутия),316,шок,False,99.86,Общественное питание,Общественное питание +48%; Все категории +11%,сдвиг уровня,ниже: обучение < 12 мес.,4.2,1.07,1.1,5.67,0.22,0.98
2024-03,Мильковский,Камчатский край,613,шок,False,99.86,Продовольствие,Продовольствие +10%,сдвиг уровня,,0.26,0.42,0.44,1.07,5.82,-1.09
2024-08,Устюженский,Вологодская область,1068,шок,False,99.86,Общественное питание,Общественное питание -41%,сдвиг уровня,,-0.83,-0.5,-1.57,-6.85,0.27,-0.16
2023-07,Оленекский,Республика Саха (Якутия),334,шок,False,99.85,Общественное питание,Общественное питание +95%,сдвиг уровня,ниже: обучение < 12 мес.,-0.0,0.39,-0.05,6.85,0.0,-0.92
2023-09,Среднеколымский,Республика Саха (Якутия),335,шок,False,99.85,Общественное питание,Общественное питание -63%; Все категории -26%,сдвиг уровня,ниже: обучение < 12 мес.,-3.57,-0.48,-1.68,-5.8,-0.36,1.14
2023-07,Нарьян-Мар,Ненецкий автономный округ,916,шок,False,99.85,Все категории,Все категории +7%; Общественное питание +34%; Здоровье +15%,разовый,ниже: обучение < 12 мес.,5.87,2.27,0.58,2.61,1.03,0.22
2024-05,Антроповский,Костромская область,1309,шок,False,99.85,Продовольствие,Продовольствие -13%; Все категории -12%; Здоровье -30%,сдвиг уровня,,-3.29,-2.98,-0.7,-0.81,-5.46,-0.63
2024-10,Торопецкий,Тверская область,2142,шок,False,99.85,Транспорт,Транспорт -18%; Все категории +7%,сдвиг уровня,,2.44,-1.18,0.73,0.0,1.37,-5.54
2024-07,Юстинский,Республика Калмыкия,191,шок,False,99.84,Здоровье,Здоровье +54%; Общественное питание -30%,разовый,,0.0,6.37,1.2,-2.12,0.31,-0.76
2024-05,Коряжма,Архангельская область,891,шок,False,99.84,Продовольствие,Продовольствие -16%; Все категории -11%; Общественное питание -12%,сдвиг уровня,,-4.23,-1.8,-0.41,-2.97,-4.54,-1.11
2024-04,Качугский,Иркутская область,1153,шок,False,99.84,Общественное питание,Общественное питание -21%,нарастающий,,-0.26,0.0,0.27,-6.74,0.91,0.62
2023-07,Пуровский,Ямало-Ненецкий автономный округ,2882,шок,False,99.84,Транспорт,Транспорт +34%; Общественное питание +29%; Здоровье +18%,сдвиг уровня,ниже: обучение < 12 мес.,0.0,2.2,-1.24,2.91,0.08,5.93
2024-06,Залесовский,Алтайский край,525,шок,False,99.83,Все категории,Все категории -12%; Продовольствие -10%; Транспорт -15%,сдвиг уровня,,-5.54,-1.46,-1.4,1.53,-3.47,-2.05
2023-10,Суздальский,Владимирская область,1005,шок,False,99.83,Маркетплейсы,Маркетплейсы +27%,разовый,ниже: обучение < 12 мес.,1.57,-0.64,6.35,-0.96,1.57,-0.98
2024-09,Верхнекетский,Томская область,2151,шок,False,99.83,Общественное питание,Общественное питание -45%; Здоровье -13%,сдвиг уровня,,-1.2,-2.8,-0.86,-6.13,0.28,-0.77
2023-08,Мегино-Кангаласский,Республика Саха (Якутия),326,шок,False,99.82,Все категории,Все категории +5%; Транспорт -7%; Общественное питание +37%,разовый,ниже: обучение < 12 мес.,4.23,0.93,0.43,2.02,0.19,-3.06
2024-06,Каракулинский,Удмуртская Республика,433,шок,False,99.82,Продовольствие,Продовольствие -10%; Все категории -7%,разовый,,-4.48,-0.89,0.74,0.69,-4.89,-1.21
2024-03,Тернейский,Приморский край,801,шок,False,99.82,Общественное питание,Общественное питание +82%,сдвиг уровня,,0.41,-0.42,0.7,6.63,0.07,0.89
2024-04,Кичменгско-Городецкий,Вологодская область,1059,шок,False,99.82,Общественное питание,Общественное питание +76%; Продовольствие -4%,сдвиг уровня,,-0.41,-0.1,1.41,4.97,-3.62,-0.81
2023-10,Краснопахорское,Москва,2596,шок,False,99.82,Общественное питание,Общественное питание -19%,сдвиг уровня,ниже: обучение < 12 мес.,0.72,1.98,-0.64,-6.05,0.42,-0.26
2024-07,Архаринский,Амурская область,870,шок,False,99.81,Транспорт,Транспорт +42%,сдвиг уровня,,-0.47,1.75,-1.19,0.05,-0.54,6.08
2023-09,Дубенский,Тульская область,2176,шок,False,99.81,Маркетплейсы,Маркетплейсы -17%,разовый,ниже: обучение < 12 мес.,-1.55,-1.54,-6.35,0.3,-0.01,-0.66
2023-09,Пуровский,Ямало-Ненецкий автономный округ,2882,шок,False,99.81,Транспорт,Транспорт -26%; Здоровье -16%,сдвиг уровня,ниже: обучение < 12 мес.,-0.86,-2.18,0.83,-0.28,-1.34,-6.13
2023-08,Заполярный,Ненецкий автономный округ,917,шок,False,99.8,Здоровье,Здоровье -23%,нарастающий,ниже: обучение < 12 мес.,-1.7,-6.09,0.19,-1.79,-1.14,0.0
2023-09,Ольский,Магаданская область,1431,шок,False,99.8,Маркетплейсы,Маркетплейсы -21%,сдвиг уровня,ниже: обучение < 12 мес.,-1.26,0.25,-6.28,-1.35,0.15,-0.33
2024-06,Невельский,Псковская область,1774,шок,False,99.8,Продовольствие,Продовольствие -13%; Маркетплейсы -15%; Все категории -11%,сдвиг уровня,,-3.53,-1.56,-3.7,0.52,-4.04,-0.25
2023-10,Охинский,Сахалинская область,1962,шок,False,99.8,Общественное питание,Общественное питание +38%,сдвиг уровня,ниже: обучение < 12 мес.,0.55,-0.17,0.46,6.15,-1.95,0.96
2023-07,Тигильский,Камчатский край,621,шок,False,99.79,Общественное питание,Общественное питание +166%; Маркетплейсы +69%; Здоровье +94%,сдвиг уровня,ниже: обучение < 12 мес.,0.78,3.56,3.79,3.9,-0.23,-0.17
2024-05,Кировский,Приморский край,790,шок,False,99.79,Продовольствие,Продовольствие -9%; Общественное питание -18%,сдвиг уровня,,-1.41,-0.68,-1.55,-2.75,-5.38,0.26
2024-08,Николаевский,Хабаровский край,853,шок,False,99.79,Все категории,Все категории +4%; Здоровье +10%; Продовольствие +3%,разовый,,4.44,4.11,1.08,1.61,2.43,1.61
2023-09,Магадан,Магаданская область,1430,шок,False,99.79,Маркетплейсы,Маркетплейсы -7%; Здоровье -13%; Все категории -10%,сдвиг уровня,ниже: обучение < 12 мес.,-3.46,-3.69,-4.11,-2.76,0.09,-0.27
2023-08,Княгининский,Нижегородская область,1556,шок,False,99.79,Маркетплейсы,Маркетплейсы +19%,сдвиг уровня,ниже: обучение < 12 мес.,0.77,-1.47,5.89,-1.24,0.96,0.16
2024-05,Орск,Оренбургская область,1673,шок,False,99.79,Маркетплейсы,Маркетплейсы +15%; Общественное питание +17%; Все категории +5%,сдвиг уровня,,3.37,1.64,4.3,3.42,1.55,0.43
2023-10,Лунинский,Пензенская область,1750,шок,False,99.79,Общественное питание,Общественное питание -67%,сдвиг уровня,ниже: обучение < 12 мес.,0.38,-1.19,0.23,-5.87,1.6,1.16
2023-10,Краснинский,Смоленская область,2056,шок,False,99.78,Маркетплейсы,Маркетплейсы -17%; Продовольствие -9%,разовый,ниже: обучение < 12 мес.,-1.72,1.3,-5.71,0.53,-2.38,-0.21
2024-07,Краснопахорское,Москва,2596,шок,False,99.78,Общественное питание,Общественное питание -22%; Маркетплейсы +9%,разовый,,-0.91,0.67,3.85,-4.68,0.01,-0.33
2023-09,Амгинский,Республика Саха (Якутия),314,шок,False,99.77,Транспорт,Транспорт -21%,сдвиг уровня,ниже: обучение < 12 мес.,0.01,0.17,0.91,0.13,-0.37,-6.23
2024-01,Макаровский,Сахалинская область,1959,шок,False,99.77,Общественное питание,Общественное питание -58%,сдвиг уровня,,-0.42,0.01,-0.99,-6.19,-0.14,0.91
2024-03,Таборинский,Свердловская область,2043,шок,False,99.77,Маркетплейсы,Маркетплейсы +38%,сдвиг уровня,,1.93,-0.3,5.97,0.16,1.17,-0.5
2023-09,Губкинский,Ямало-Ненецкий автономный округ,2879,шок,False,99.77,Транспорт,Транспорт -28%,сдвиг уровня,ниже: обучение < 12 мес.,-1.21,0.0,0.27,1.05,-0.47,-6.13
2023-08,Улаганский,Республика Алтай,15,шок,False,99.76,Все категории,Все категории -10%; Маркетплейсы -9%,разовый,ниже: обучение < 12 мес.,-4.75,-0.63,-4.07,-0.72,-0.33,-0.91
2024-07,Ленский,Республика Саха (Якутия),325,шок,False,99.76,Продовольствие,Продовольствие +4%; Здоровье +20%,нарастающий,,0.07,2.41,-1.11,0.31,5.01,0.79
2023-09,Полины Осипенко,Хабаровский край,855,шок,False,99.76,Общественное питание,Общественное питание -60%,сдвиг уровня,ниже: обучение < 12 мес.,-0.42,-0.73,-0.04,-6.25,-0.1,0.03
2023-10,Миякинский,Республика Башкортостан,69,шок,False,99.75,Продовольствие,Продовольствие +11%; Общественное питание -24%; Транспорт -11%,сдвиг уровня,ниже: обучение < 12 мес.,-1.17,-0.16,-1.73,-2.45,4.02,-2.25
2023-12,Дальнереченский,Приморский край,788,шок,False,99.75,Общественное питание,Общественное питание -16%,сдвиг уровня,ниже: обучение < 12 мес.,-0.86,-1.6,-0.01,-5.97,0.95,-0.24
2024-03,Кичменгско-Городецкий,Вологодская область,1059,шок,False,99.75,Общественное питание,Общественное питание +112%,сдвиг уровня,,1.21,0.5,0.42,5.64,-1.99,-0.5
2024-11,Становлянский,Липецкая область,1425,шок,False,99.75,Общественное питание,Общественное питание -65%; Продовольствие -11%,сдвиг уровня,,-0.36,0.72,1.1,-5.08,-3.18,-1.9
2024-04,Залегощенский,Орловская область,1715,шок,False,99.75,Общественное питание,Общественное питание -36%; Транспорт +47%; Все категории +15%,сдвиг уровня,,2.05,0.2,1.56,-4.28,-0.43,3.13
2024-02,Анивский,Сахалинская область,1955,шок,False,99.75,Транспорт,Транспорт +22%; Все категории +10%; Общественное питание +41%,сдвиг уровня,,3.4,1.56,-0.87,3.04,2.72,4.34
2024-06,Краснослободский,Республика Мордовия,300,шок,False,99.74,Общественное питание,Общественное питание +101%,сдвиг уровня,,0.85,0.71,1.22,6.06,-0.82,0.13
2023-10,Усть-Янский,Республика Саха (Якутия),341,шок,False,99.74,Транспорт,Транспорт -50%,разовый,ниже: обучение < 12 мес.,-0.07,0.54,-0.63,-0.09,0.61,-5.98
2023-07,Бай-Тайгинский,Республика Тыва,401,шок,False,99.74,Общественное питание,Общественное питание +85%; Маркетплейсы -15%,сдвиг уровня,ниже: обучение < 12 мес.,-0.9,-1.19,-3.97,4.15,-1.95,-0.2
2023-08,Барятинский,Калужская область,1201,шок,False,99.74,Маркетплейсы,Маркетплейсы +39%,разовый,ниже: обучение < 12 мес.,0.97,0.22,5.99,-0.03,0.47,1.14
2024-09,Смирныховский,Сахалинская область,1965,шок,False,99.74,Все категории,Все категории -9%,сдвиг уровня,,-5.19,-1.13,0.18,-1.23,-0.52,-1.93
2024-09,Улаганский,Республика Алтай,15,шок,False,99.73,Транспорт,Транспорт -19%; Все категории +8%; Маркетплейсы +15%,сдвиг уровня,,2.45,0.11,2.08,0.77,0.99,-4.84
2024-03,Хотынецкий,Орловская область,1732,шок,False,99.73,Все категории,Все категории +17%; Общественное питание +68%; Транспорт +27%,разовый,,4.79,0.57,1.83,3.01,1.26,2.49
2023-07,Красноселькупский,Ямало-Ненецкий автономный округ,2244,шок,False,99.73,Здоровье,Здоровье +72%,сдвиг уровня,ниже: обучение < 12 мес.,-0.32,5.88,1.49,-0.52,-0.38,-0.68
2023-11,Сунтарский,Республика Саха (Якутия),336,шок,False,99.72,Маркетплейсы,Маркетплейсы -32%; Продовольствие -6%; Все категории -11%,разовый,ниже: обучение < 12 мес.,-2.6,-1.2,-4.7,-0.58,-2.91,-0.37
2024-05,Тотемский,Вологодская область,1066,шок,False,99.72,Общественное питание,Общественное питание +98%,сдвиг уровня,,0.77,-0.95,0.72,5.92,-1.16,0.76
2024-08,Юрьянский,Кировская область,1301,шок,False,99.72,Маркетплейсы,Маркетплейсы -17%; Все категории -11%; Общественное питание -27%,разовый,,-3.08,-0.56,-4.43,-2.86,-1.62,0.41
2023-08,Салехард,Ямало-Ненецкий автономный округ,2238,шок,False,99.72,Все категории,Все категории -11%; Общественное питание -8%,нарастающий,ниже: обучение < 12 мес.,-4.74,0.42,0.59,-2.5,-1.83,0.0
2024-04,Стерлибашевский,Республика Башкортостан,72,шок,False,99.71,Продовольствие,Продовольствие +18%; Маркетплейсы +63%,разовый,,1.32,0.06,2.05,-1.38,5.09,-0.27
2024-10,Пий-Хемский,Республика Тыва,408,шок,False,99.71,Маркетплейсы,Маркетплейсы -27%; Все категории -11%,разовый,,-2.63,0.84,-5.41,-0.35,0.71,-0.16
2024-08,Тотемский,Вологодская область,1066,шок,False,99.71,Общественное питание,Общественное питание -44%; Продовольствие +2%,сдвиг уровня,,0.03,0.0,0.38,-5.44,2.18,-1.38
2024-05,Усть-Цилемский,Республика Коми,243,шок,False,99.7,Маркетплейсы,Маркетплейсы -53%; Транспорт -46%; Продовольствие -12%,разовый,,-2.78,-2.32,-4.16,-2.03,-2.95,-3.26
2024-12,Пущино,Московская область,1474,шок,False,99.7,Маркетплейсы,Маркетплейсы -6%,,,-1.19,-1.16,-5.8,-0.89,-0.52,-0.66
2023-11,Баймакский,Республика Башкортостан,35,шок,False,99.69,Общественное питание,Общественное питание -26%,провал с отскоком,ниже: обучение < 12 мес.,0.16,-0.45,-0.14,-5.89,0.61,0.06
2023-12,Ленский,Республика Саха (Якутия),325,шок,False,99.69,Продовольствие,Продовольствие +9%,разовый,ниже: обучение < 12 мес.,-0.58,-0.02,1.07,-0.04,4.53,-0.17
2024-03,Катангский,Иркутская область,1152,шок,False,99.69,Транспорт,Транспорт +94%,сдвиг уровня,,-0.68,0.54,0.56,0.51,0.29,5.54
2023-09,Салехард,Ямало-Ненецкий автономный округ,2238,шок,False,99.69,Все категории,Все категории -17%; Общественное питание -31%,сдвиг уровня,ниже: обучение < 12 мес.,-5.15,-1.98,-1.55,-2.42,-0.93,0.0
2023-11,Понтонный,Санкт-Петербург,2395,шок,False,99.69,Все категории,Все категории -2%,сдвиг уровня,ниже: обучение < 12 мес.,-4.7,0.49,-1.27,0.82,-0.26,-0.2
2023-08,Марушкинское,Москва,2597,шок,False,99.69,Общественное питание,Общественное питание +14%,сдвиг уровня,ниже: обучение < 12 мес.,1.39,1.35,-0.55,5.71,0.13,0.71
2023-08,Оленекский,Республика Саха (Якутия),334,шок,False,99.68,Общественное питание,Общественное питание -10%,нарастающий,ниже: обучение < 12 мес.,-0.84,1.3,0.35,-5.34,-0.56,1.54
2024-01,Тоджинский,Республика Тыва,413,шок,False,99.68,Продовольствие,Продовольствие -21%; Транспорт -3%,разовый,,-0.13,0.9,0.79,1.02,-4.46,2.31
2024-03,Чеди-Хольский,Республика Тыва,416,шок,False,99.68,Все категории,Все категории +22%; Продовольствие +18%; Транспорт +21%,сдвиг уровня,,3.95,0.85,0.56,0.38,3.59,2.68
2023-12,Вяземский,Хабаровский край,849,шок,False,99.68,Продовольствие,Продовольствие -8%; Все категории -3%,разовый,ниже: обучение < 12 мес.,-2.67,0.08,1.13,-0.68,-5.2,-0.91
2023-07,Когалым,Ханты-Мансийский автономный округ — Югра,2217,шок,False,99.68,Транспорт,Транспорт +28%,сдвиг уровня,ниже: обучение < 12 мес.,0.88,1.1,-0.87,-0.93,1.1,5.65
2024-04,Калевальский,Республика Карелия,209,шок,False,99.67,Транспорт,Транспорт -11%,разовый,,-0.3,-0.37,1.42,-0.93,-0.13,-5.67
2023-09,Лотошино,Московская область,1494,шок,False,99.67,Маркетплейсы,Маркетплейсы -12%; Общественное питание -1%,разовый,ниже: обучение < 12 мес.,-0.09,-0.32,-4.93,2.47,-0.66,0.41
2024-08,Апатиты,Мурманская область,1507,шок,False,99.67,Транспорт,Транспорт +2%; Все категории +3%; Общественное питание +1%,всплеск с провалом,,2.46,0.36,0.92,2.04,1.78,4.98
2023-09,Захаровский,Рязанская область,1850,шок,False,99.67,Транспорт,Транспорт -53%; Общественное питание -56%,сдвиг уровня,ниже: обучение < 12 мес.,-1.15,-0.38,-0.46,-3.23,-0.11,-4.86
2024-03,Пионерский,Калининградская область,1179,шок,False,99.66,Транспорт,Транспорт -22%,сдвиг уровня,,-1.65,-0.56,-1.46,-0.46,-0.1,-5.43
2023-08,Ягоднинский,Магаданская область,1438,шок,False,99.66,Продовольствие,Продовольствие -10%,сдвиг уровня,ниже: обучение < 12 мес.,-0.61,0.81,-0.64,-0.01,-5.03,0.56
2023-07,Гагинский,Нижегородская область,1552,шок,False,99.66,Общественное питание,Общественное питание +5241%,сдвиг уровня,ниже: обучение < 12 мес.,-0.47,-1.8,-1.42,5.25,0.69,0.35
2023-10,Починковский,Нижегородская область,1565,шок,False,99.66,Продовольствие,Продовольствие -12%; Все категории -6%,сдвиг уровня,ниже: обучение < 12 мес.,-2.65,0.36,-0.11,-0.46,-5.2,0.83
2023-12,Курильский,Сахалинская область,1958,шок,False,99.66,Здоровье,Здоровье +33%; Продовольствие +8%,разовый,ниже: обучение < 12 мес.,1.49,4.74,1.43,1.13,3.15,1.12
2023-11,Пуровский,Ямало-Ненецкий автономный округ,2882,шок,False,99.66,Все категории,Все категории -4%,сдвиг уровня,ниже: обучение < 12 мес.,-4.73,-0.29,-0.35,0.06,-0.5,-0.24
2023-10,Соболевский,Камчатский край,614,шок,False,99.65,Маркетплейсы,Маркетплейсы +69%; Общественное питание +36%,сдвиг уровня,ниже: обучение < 12 мес.,0.95,1.09,4.48,3.32,1.32,0.84
2024-04,Звериноголовский,Курганская область,1339,шок,False,99.65,Продовольствие,Продовольствие -9%; Все категории -2%; Здоровье -19%,сдвиг уровня,,-2.24,-2.22,-0.99,0.02,-4.94,-0.77
2024-11,Краснопартизанский,Саратовская область,1932,шок,False,99.65,Общественное питание,Общественное питание -37%,сдвиг уровня,,-0.6,-0.92,-0.4,-5.74,-0.25,-0.44
2023-08,Краснопахорское,Москва,2596,шок,False,99.65,Здоровье,Здоровье +30%,сдвиг уровня,ниже: обучение < 12 мес.,1.13,5.67,-0.04,-0.96,0.34,-0.11
2023-08,Улуг-Хемский,Республика Тыва,414,шок,False,99.64,Все категории,Все категории +8%; Продовольствие -12%,сдвиг уровня,ниже: обучение < 12 мес.,3.01,0.13,1.62,1.05,-2.46,-1.07
2023-09,Казачинско-Ленский,Иркутская область,1151,шок,False,99.64,Общественное питание,Общественное питание -41%; Маркетплейсы +24%,сдвиг уровня,ниже: обучение < 12 мес.,-0.95,-0.44,3.13,-4.18,-0.2,0.98
2024-07,Полярные Зори,Мурманская область,1511,шок,False,99.64,Общественное питание,Общественное питание -15%; Маркетплейсы -7%; Транспорт -3%,разовый,,-1.43,0.85,-2.33,-4.85,-0.27,-2.24
2024-07,Тазовский,Ямало-Ненецкий автономный округ,2248,шок,False,99.64,Здоровье,Здоровье +38%,разовый,,1.59,5.28,1.58,1.87,0.51,0.72
2023-08,Ямальский,Ямало-Ненецкий автономный округ,2250,шок,False,99.64,Все категории,Все категории -16%; Общественное питание -17%,нарастающий,ниже: обучение < 12 мес.,-4.78,0.17,-1.18,-2.48,-0.4,-1.99
2024-09,Ямальский,Ямало-Ненецкий автономный округ,2250,шок,False,99.64,Здоровье,Здоровье -37%,сдвиг уровня,,-1.03,-5.56,-1.37,-0.17,0.0,-0.94
2023-07,Горно-Алтайск,Республика Алтай,10,шок,False,99.63,Транспорт,Транспорт +19%,сдвиг уровня,ниже: обучение < 12 мес.,-1.53,0.0,1.15,-1.29,-0.77,4.35
2023-08,Пряжинский,Республика Карелия,219,шок,False,99.63,Все категории,Все категории -12%; Продовольствие -10%,сдвиг уровня,ниже: обучение < 12 мес.,-4.42,-1.9,0.3,-0.01,-3.24,-1.17
2024-02,Мотыгинский,Красноярский край,708,шок,False,99.63,Маркетплейсы,Маркетплейсы +137%; Все категории +11%,сдвиг уровня,,2.52,0.05,4.97,0.49,0.57,1.57
2024-06,Межевской,Костромская область,1319,шок,False,99.63,Маркетплейсы,Маркетплейсы -29%,сдвиг уровня,,-1.16,-1.73,-5.33,0.05,-1.01,0.39
2023-09,Ягоднинский,Магаданская область,1438,шок,False,99.63,Маркетплейсы,Маркетплейсы -7%; Общественное питание -54%; Здоровье -33%,провал с отскоком,ниже: обучение < 12 мес.,-1.78,-2.63,-3.93,-3.24,-1.12,-2.58
2024-08,Анивский,Сахалинская область,1955,шок,False,99.63,Транспорт,Транспорт -21%,сдвиг уровня,,-0.84,-0.2,0.41,-0.81,-1.71,-5.45
2024-11,Сарпинский,Республика Калмыкия,188,шок,False,99.62,Все категории,Все категории -13%,сдвиг уровня,,-3.75,1.45,0.0,-0.82,0.0,1.16
2024-07,Хангаласский,Республика Саха (Якутия),342,шок,False,99.62,Продовольствие,Продовольствие -8%; Здоровье -9%,сдвиг уровня,,-1.99,-2.23,0.0,-1.83,-4.91,-0.97
2024-07,Болховский,Орловская область,1710,шок,False,99.62,Здоровье,Здоровье -28%; Продовольствие -8%,разовый,,-1.14,-5.04,-0.3,0.01,-2.49,0.22
2023-07,Тазовский,Ямало-Ненецкий автономный округ,2248,шок,False,99.62,Здоровье,Здоровье +48%,сдвиг уровня,ниже: обучение < 12 мес.,0.46,5.63,0.72,0.82,-0.57,0.0
2024-05,Морские ворота,Санкт-Петербург,2391,шок,False,99.62,Общественное питание,Общественное питание -8%,сдвиг уровня,,0.7,-0.26,-0.77,-5.27,1.23,-0.49
2023-08,Ферзиковский,Калужская область,1221,шок,False,99.61,Все категории,Все категории +9%; Общественное питание +61%,разовый,ниже: обучение < 12 мес.,3.93,0.39,-0.09,3.27,-0.45,1.51
2023-10,Ольский,Магаданская область,1431,шок,False,99.61,Здоровье,Здоровье -29%,сдвиг уровня,ниже: обучение < 12 мес.,-1.18,-5.48,-0.07,0.13,-1.19,-0.43
2024-05,Домбаровский,Оренбургская область,1686,шок,False,99.61,Продовольствие,Продовольствие -13%; Все категории -9%,сдвиг уровня,,-2.22,-1.82,0.07,-1.08,-4.96,-1.15
2023-07,Камешкирский,Пензенская область,1746,шок,False,99.61,Общественное питание,Общественное питание +1330%,сдвиг уровня,ниже: обучение < 12 мес.,-0.49,-0.15,-1.84,4.88,-0.92,-1.53
2024-02,Макаровский,Сахалинская область,1959,шок,False,99.61,Здоровье,Здоровье -12%; Маркетплейсы +101%,разовый,,-1.48,-3.24,3.02,-0.83,1.33,-0.64
2024-10,Дульдургинский,Забайкальский край,606,шок,False,99.6,Все категории,Все категории -7%; Маркетплейсы -11%,сдвиг уровня,,-5.03,0.1,-2.18,-0.09,-1.4,-1.66
2023-11,Краснознаменский,Калининградская область,1189,шок,False,99.6,Общественное питание,Общественное питание +67%; Здоровье -15%,сдвиг уровня,ниже: обучение < 12 мес.,-1.6,-2.07,-1.24,4.62,-1.42,-0.52
2023-12,Охинский,Сахалинская область,1962,шок,False,99.6,Общественное питание,Общественное питание -15%,нарастающий,ниже: обучение < 12 мес.,-0.49,-0.52,0.37,-5.61,-0.65,0.62
2023-11,Нюрбинский,Республика Саха (Якутия),324,шок,False,99.59,Продовольствие,Продовольствие -9%; Маркетплейсы -23%,сдвиг уровня,ниже: обучение < 12 мес.,-1.69,0.45,-2.49,-0.18,-4.72,0.66
2024-05,Пестяковский,Ивановская область,1124,шок,False,99.59,Транспорт,Транспорт +58%,разовый,,-1.47,-0.21,-1.16,-0.08,-0.68,4.96
2024-06,Звериноголовский,Курганская область,1339,шок,False,99.59,Маркетплейсы,Маркетплейсы -26%; Здоровье -32%; Продовольствие -10%,разовый,,-2.36,-2.86,-4.18,0.61,-2.63,0.16
2023-08,Анивский,Сахалинская область,1955,шок,False,99.59,Общественное питание,Общественное питание +12%; Все категории -2%,нарастающий,ниже: обучение < 12 мес.,2.25,-0.04,0.81,5.07,1.36,0.09
2024-10,Чебаркульский,Челябинская область,2316,шок,False,99.59,Все категории,Все категории +12%; Общественное питание +30%,сдвиг уровня,,4.49,-0.38,1.48,3.2,1.14,1.02
2024-10,Рыбинский,Ярославская область,2334,шок,False,99.59,Все категории,Все категории +16%; Транспорт +45%; Маркетплейсы +16%,сдвиг уровня,,3.56,1.95,2.31,2.19,-1.24,2.82
2024-08,Сенной,Санкт-Петербург,2352,шок,False,99.59,Транспорт,Транспорт -11%; Маркетплейсы -9%,сдвиг уровня,,-0.23,-0.73,-2.41,-0.54,-0.59,-4.8
2024-11,Киренский,Иркутская область,1154,шок,False,99.57,Маркетплейсы,Маркетплейсы -21%,разовый,,-0.29,-0.76,-5.14,0.8,-0.34,0.49
2024-05,Кашира,Московская область,1454,шок,False,99.57,Продовольствие,Продовольствие +6%; Все категории +3%,сдвиг уровня,,2.69,0.26,-0.42,1.8,4.6,1.92
2024-10,Лабытнанги,Ямало-Ненецкий автономный округ,2880,шок,False,99.57,Общественное питание,Общественное питание -6%,нарастающий,,0.06,-0.95,1.96,-5.17,0.1,0.0
2023-10,Шаранский,Республика Башкортостан,82,шок,False,99.56,Маркетплейсы,Маркетплейсы +69%; Все категории +15%; Продовольствие +5%,разовый,ниже: обучение < 12 мес.,2.74,0.41,4.48,-0.95,2.1,-0.54
2023-09,Чурапчинский,Республика Саха (Якутия),343,шок,False,99.56,Транспорт,Транспорт -24%,сдвиг уровня,ниже: обучение < 12 мес.,-1.91,-0.34,-0.86,0.55,0.16,-5.22
2024-02,Пионерский,Калининградская область,1179,шок,False,99.56,Все категории,Все категории -7%; Продовольствие -7%,нарастающий,,-4.08,-0.96,-0.7,-1.94,-3.37,-0.48
2024-08,Беляевский,Оренбургская область,1682,шок,False,99.56,Маркетплейсы,Маркетплейсы -24%,разовый,,-0.65,0.13,-4.94,0.39,1.91,0.17
2023-11,Базарносызганский,Ульяновская область,2254,шок,False,99.56,Здоровье,Здоровье -44%,сдвиг уровня,ниже: обучение < 12 мес.,-1.78,-5.28,-0.96,0.08,-0.54,-0.16
2023-10,Вороновское,Москва,2591,шок,False,99.56,Маркетплейсы,Маркетплейсы +5%; Продовольствие -4%,разовый,ниже: обучение < 12 мес.,0.09,1.21,-4.23,-0.0,-2.11,-0.2
2023-11,Сосновоборский,Пензенская область,1760,шок,False,99.55,Транспорт,Транспорт -22%; Общественное питание -35%,разовый,ниже: обучение < 12 мес.,-0.85,-0.89,-0.56,-3.32,-0.58,-4.43
2023-09,Ногликский,Сахалинская область,1961,шок,False,99.55,Все категории,Все категории -14%,сдвиг уровня,ниже: обучение < 12 мес.,-3.9,0.78,-0.27,-0.43,0.45,0.35
2024-03,Большесельский,Ярославская область,2321,шок,False,99.55,Транспорт,Транспорт +42%; Продовольствие +8%; Все категории +10%,сдвиг уровня,,3.14,0.82,1.28,0.61,3.18,3.39
2024-05,Усть-Ишимский,Омская область,1662,шок,False,99.54,Маркетплейсы,Маркетплейсы -52%,разовый,,-0.01,0.33,-4.56,1.9,1.72,-0.24
2024-10,Малышевский,Свердловская область,1975,шок,False,99.54,Все категории,Все категории -11%; Маркетплейсы -14%,сдвиг уровня,,-4.6,-0.19,-2.6,-1.78,-1.8,-1.22
2024-03,Новофедоровское,Москва,2601,шок,False,99.54,Продовольствие,Продовольствие -9%,сдвиг уровня,,-0.78,-1.6,0.38,-0.99,-4.79,-0.19
2024-08,Федоровский,Республика Башкортостан,78,шок,False,99.53,Все категории,Все категории -14%; Здоровье -35%,разовый,,-3.89,-3.66,-0.15,0.62,-0.69,-1.12
2023-11,Абаза,Республика Хакасия,449,шок,False,99.53,Здоровье,Здоровье -30%; Транспорт -15%,сдвиг уровня,ниже: обучение < 12 мес.,-0.28,-4.89,0.03,0.89,-0.54,-2.5
2023-10,Бикинский,Хабаровский край,846,шок,False,99.53,Продовольствие,Продовольствие -6%; Все категории -5%; Маркетплейсы +3%,сдвиг уровня,ниже: обучение < 12 мес.,-3.15,-0.75,-2.08,0.39,-4.07,0.5
2023-10,Елховский,Самарская область,1891,шок,False,99.53,Продовольствие,Продовольствие -10%,сдвиг уровня,ниже: обучение < 12 мес.,1.19,1.66,-0.55,-0.22,-3.45,-1.17
2024-08,Невельский,Сахалинская область,1960,шок,False,99.53,Здоровье,Здоровье -23%; Общественное питание -26%,сдвиг уровня,,-1.2,-4.86,-1.36,-2.36,0.29,-0.87
2024-09,Нижняя Салда,Свердловская область,2001,шок,False,99.53,Все категории,Все категории -7%,сдвиг уровня,,-4.44,0.58,-1.35,-0.38,-0.07,-1.21
2024-08,Сарпинский,Республика Калмыкия,188,шок,False,99.52,Продовольствие,Продовольствие +8%; Все категории +11%,разовый,,3.67,1.08,-0.28,-0.06,3.89,1.4
2024-07,Прионежский,Республика Карелия,218,шок,False,99.52,Маркетплейсы,Маркетплейсы +11%; Общественное питание -15%,разовый,,1.82,0.64,3.98,-3.3,0.38,0.7
2023-09,Туруханский,Красноярский край,720,шок,False,99.52,Общественное питание,Общественное питание -44%; Маркетплейсы -26%; Все категории -19%,сдвиг уровня,ниже: обучение < 12 мес.,-2.22,-1.27,-3.53,-3.59,-0.6,-1.48
2024-05,Вилегодский,Архангельская область,899,шок,False,99.52,Все категории,Все категории -8%; Общественное питание -23%; Здоровье -16%,сдвиг уровня,,-3.56,-2.76,-1.67,-3.15,0.08,-0.6
2023-12,Магадан,Магаданская область,1430,шок,False,99.52,Маркетплейсы,Маркетплейсы -8%,провал с отскоком,ниже: обучение < 12 мес.,0.44,0.08,-4.77,1.16,0.82,1.29
2024-03,Александровск-Сахалинский,Сахалинская область,1954,шок,False,99.52,Маркетплейсы,Маркетплейсы +31%,сдвиг уровня,,0.39,-0.78,4.96,0.73,0.72,-0.74
2023-12,Сунтарский,Республика Саха (Якутия),336,шок,False,99.51,Продовольствие,Продовольствие +19%; Здоровье +34%; Все категории +29%,разовый,ниже: обучение < 12 мес.,2.51,3.09,2.22,1.42,3.76,0.26
2023-11,Солтонский,Алтайский край,556,шок,False,99.5,Маркетплейсы,Маркетплейсы +187%,сдвиг уровня,ниже: обучение < 12 мес.,0.31,-0.78,5.04,0.36,0.25,-0.79
2024-11,Табунский,Алтайский край,558,шок,False,99.5,Все категории,Все категории +9%; Продовольствие +6%,сдвиг уровня,,4.25,1.08,1.99,0.0,2.76,0.26
2024-06,Балейский,Забайкальский край,578,шок,False,99.5,Продовольствие,Продовольствие +7%; Общественное питание -38%,разовый,,0.11,-0.74,-0.19,-2.12,4.23,-0.01
2023-10,Тернейский,Приморский край,801,шок,False,99.5,Продовольствие,Продовольствие +4%; Маркетплейсы +51%; Здоровье +22%,сдвиг уровня,ниже: обучение < 12 мес.,0.97,2.51,2.99,-0.38,3.51,0.21
2023-11,Селемджинский,Амурская область,884,шок,False,99.5,Здоровье,Здоровье -24%,сдвиг уровня,ниже: обучение < 12 мес.,-0.54,-5.21,0.54,0.34,-0.96,1.24
2024-05,Межевской,Костромская область,1319,шок,False,99.5,Маркетплейсы,Маркетплейсы +21%; Все категории +7%,всплеск с провалом,,2.64,0.34,4.65,0.12,1.11,0.26
2024-10,Одесский,Омская область,1650,шок,False,99.5,Продовольствие,Продовольствие -6%; Все категории -7%; Здоровье -15%,нарастающий,,-3.03,-2.34,-0.46,-1.09,-3.87,-0.95
2023-07,Егорьевский,Алтайский край,522,шок,False,99.49,Здоровье,Здоровье -32%; Транспорт -5%,сдвиг уровня,ниже: обучение < 12 мес.,1.12,-3.5,-1.37,0.59,-0.52,-2.51
2023-11,Кыринский,Забайкальский край,587,шок,False,99.49,Продовольствие,Продовольствие +10%; Все категории +9%,сдвиг уровня,ниже: обучение < 12 мес.,2.84,0.3,1.04,1.44,4.4,0.11
2024-10,Балтийский,Калининградская область,1184,шок,False,99.49,Здоровье,Здоровье +25%; Все категории +8%; Транспорт +27%,сдвиг уровня,,2.63,4.19,0.64,0.59,1.79,2.21
2024-03,Похвистневский,Самарская область,1902,шок,False,99.49,Маркетплейсы,Маркетплейсы +20%; Все категории +14%; Здоровье -17%,сдвиг уровня,,3.08,-2.73,3.2,2.36,0.99,0.41
2023-09,Турочакский,Республика Алтай,14,шок,False,99.48,Маркетплейсы,Маркетплейсы -8%,сдвиг уровня,ниже: обучение < 12 мес.,0.0,-0.03,-4.82,1.12,1.01,-0.45
2023-12,Зилаирский,Республика Башкортостан,54,шок,False,99.48,Общественное питание,Общественное питание +186%,сдвиг уровня,ниже: обучение < 12 мес.,0.35,0.0,0.52,5.38,-0.21,0.35
2023-08,Усть-Алданский,Республика Саха (Якутия),339,шок,False,99.48,Транспорт,Транспорт -18%,нарастающий,ниже: обучение < 12 мес.,0.87,0.04,1.24,0.44,-0.31,-4.9
2023-07,Агинский,Забайкальский край,605,шок,False,99.48,Транспорт,Транспорт +23%; Продовольствие +8%,сдвиг уровня,ниже: обучение < 12 мес.,0.68,-1.94,0.3,-0.67,2.63,4.09
2023-12,Кондинский,Ханты-Мансийский автономный округ — Югра,2231,шок,False,99.48,Маркетплейсы,Маркетплейсы +15%; Продовольствие +8%; Все категории +9%,сдвиг уровня,ниже: обучение < 12 мес.,2.49,-0.28,3.65,0.31,3.14,0.28
2023-07,Билибинский,Чукотский автономный округ,2349,шок,False,99.48,Продовольствие,Продовольствие +5%; Транспорт +48%; Маркетплейсы +53%,разовый,ниже: обучение < 12 мес.,1.58,1.05,2.26,1.67,3.52,3.44
2023-12,Сарпинский,Республика Калмыкия,188,шок,False,99.47,Маркетплейсы,Маркетплейсы +51%; Все категории +13%,сдвиг уровня,ниже: обучение < 12 мес.,2.5,-0.73,4.62,0.81,1.19,-0.16
2024-12,Усинск,Республика Коми,228,шок,False,99.47,Маркетплейсы,Маркетплейсы -6%,,,-0.58,-0.91,-4.94,1.05,-0.74,-0.32
2024-05,Залесовский,Алтайский край,525,шок,False,99.47,Все категории,Все категории -10%; Продовольствие -8%; Транспорт -17%,нарастающий,,-3.68,-0.17,0.24,0.0,-3.06,-2.53
2023-08,Мещовский,Калужская область,1214,шок,False,99.47,Все категории,Все категории -13%; Продовольствие -12%,сдвиг уровня,ниже: обучение < 12 мес.,-3.72,0.0,0.99,0.0,-3.7,-1.32
2024-07,Мошенской,Новгородская область,1585,шок,False,99.47,Общественное питание,Общественное питание -44%,сдвиг уровня,,-1.4,-1.34,-1.33,-5.03,-1.32,-0.5
2024-11,Пыть-Ях,Ханты-Мансийский автономный округ — Югра,2224,шок,False,99.47,Общественное питание,Общественное питание -9%; Все категории +2%,провал с отскоком,,3.21,0.51,0.4,-3.35,1.51,0.68
2023-09,Николаевский,Ульяновская область,2262,шок,False,99.47,Продовольствие,Продовольствие -16%; Маркетплейсы +27%,сдвиг уровня,ниже: обучение < 12 мес.,0.04,0.72,2.74,0.04,-3.51,1.75
2024-10,Юстинский,Республика Калмыкия,191,шок,False,99.46,Все категории,Все категории -11%,разовый,,-3.84,0.0,0.0,-1.2,0.69,-1.7
2023-07,Кинельский,Самарская область,1894,шок,False,99.46,Маркетплейсы,Маркетплейсы +21%; Транспорт -4%,разовый,ниже: обучение < 12 мес.,-0.13,-0.78,4.59,-0.35,-0.54,-2.2
2023-08,Федоровский,Саратовская область,1950,шок,False,99.46,Общественное питание,Общественное питание +124%,сдвиг уровня,ниже: обучение < 12 мес.,1.56,-0.27,-0.87,5.06,0.96,0.81
2023-08,Красноуральск,Свердловская область,1994,шок,False,99.46,Здоровье,Здоровье -13%,разовый,ниже: обучение < 12 мес.,-0.44,-5.09,0.02,-1.65,0.24,-0.37
2023-08,Когалым,Ханты-Мансийский автономный округ — Югра,2217,шок,False,99.46,Транспорт,Транспорт -10%; Здоровье -1%,нарастающий,ниже: обучение < 12 мес.,-1.06,-2.0,-1.13,-1.43,-0.36,-4.77
2023-09,Дульдургинский,Забайкальский край,606,шок,False,99.45,Транспорт,Транспорт -25%; Все категории -17%; Продовольствие -10%,сдвиг уровня,ниже: обучение < 12 мес.,-2.39,0.38,-0.64,-0.06,-2.0,-4.37
2023-07,Заполярный,Ненецкий автономный округ,917,шок,False,99.45,Здоровье,Здоровье +47%,разовый,ниже: обучение < 12 мес.,1.2,4.86,0.12,1.21,1.92,0.17
2024-12,Невельский,Псковская область,1774,шок,False,99.45,Продовольствие,Продовольствие +15%; Все категории +9%,,,2.47,0.37,-0.37,0.36,4.72,0.02
2023-12,Сегежский,Республика Карелия,221,шок,False,99.44,Продовольствие,Продовольствие -3%,разовый,ниже: обучение < 12 мес.,-0.45,0.71,-0.35,-1.41,-4.5,-0.08
2023-10,Кувшиновский,Тверская область,2126,шок,False,99.44,Маркетплейсы,Маркетплейсы +2%,разовый,ниже: обучение < 12 мес.,-1.23,0.18,-4.84,0.46,-1.78,-1.05
2023-11,Максатихинский,Тверская область,2129,шок,False,99.44,Здоровье,Здоровье -20%; Все категории -4%; Продовольствие -4%,разовый,ниже: обучение < 12 мес.,-2.92,-3.8,-0.19,0.45,-2.34,-0.72
2023-07,Анадырь,Чукотский автономный округ,2344,шок,False,99.44,Все категории,Все категории +12%; Продовольствие +4%,сдвиг уровня,ниже: обучение < 12 мес.,3.93,1.21,1.72,0.37,3.17,1.31
2023-09,Кемский,Республика Карелия,210,шок,False,99.43,Маркетплейсы,Маркетплейсы -13%,сдвиг уровня,ниже: обучение < 12 мес.,-0.91,-1.02,-4.89,-0.69,0.69,-1.18
2024-09,Среднеколымский,Республика Саха (Якутия),335,шок,False,99.43,Здоровье,Здоровье -22%; Общественное питание -41%,нарастающий,,-0.95,-3.97,-1.04,-3.38,-0.12,0.38
2024-09,Пий-Хемский,Республика Тыва,408,шок,False,99.43,Общественное питание,Общественное питание +33%; Маркетплейсы +15%; Все категории +14%,сдвиг уровня,,2.67,0.9,3.15,3.34,0.03,2.4
2023-09,Опаринский,Кировская область,1286,шок,False,99.43,Продовольствие,Продовольствие +10%,нарастающий,ниже: обучение < 12 мес.,0.14,0.5,1.08,-0.17,4.36,0.09
2024-11,Усть-Камчатский,Камчатский край,616,шок,False,99.42,Продовольствие,Продовольствие -5%; Здоровье -16%,разовый,,-1.31,-3.61,0.61,-0.54,-3.66,0.68
2023-09,Олюторский,Камчатский край,619,шок,False,99.42,Маркетплейсы,Маркетплейсы -39%; Транспорт -50%; Здоровье -33%,сдвиг уровня,ниже: обучение < 12 мес.,-1.68,-2.26,-3.94,-1.63,0.26,-2.75
2023-10,Барятинский,Калужская область,1201,шок,False,99.42,Продовольствие,Продовольствие +7%; Транспорт +37%,нарастающий,ниже: обучение < 12 мес.,1.0,-0.99,0.08,1.1,4.07,3.04
2023-09,Износковский,Калужская область,1208,шок,False,99.42,Маркетплейсы,Маркетплейсы +33%; Продовольствие +2%,сдвиг уровня,ниже: обучение < 12 мес.,0.66,-0.04,3.45,0.39,3.39,-0.18
2024-05,Александровский,Томская область,2148,шок,False,99.42,Маркетплейсы,Маркетплейсы +32%; Общественное питание -18%,нарастающий,,-0.16,-0.42,4.1,-2.6,-1.46,-1.46
2023-08,Хангаласский,Республика Саха (Якутия),342,шок,False,99.41,Продовольствие,Продовольствие -11%,сдвиг уровня,ниже: обучение < 12 мес.,-0.68,1.31,-0.26,0.42,-4.53,0.29
2024-11,Усть-Удинский,Иркутская область,1166,шок,False,99.41,Маркетплейсы,Маркетплейсы -19%; Общественное питание -27%,разовый,,-0.61,-0.1,-4.13,-2.29,1.86,0.11
2024-07,Полесский,Калининградская область,1194,шок,False,99.41,Продовольствие,Продовольствие -11%,разовый,,-1.44,-1.72,0.93,0.25,-4.68,-0.45
2023-10,Ковдорский,Мурманская область,1512,шок,False,99.41,Продовольствие,Продовольствие -6%; Все категории -2%,сдвиг уровня,ниже: обучение < 12 мес.,-3.39,-0.11,0.1,-0.6,-3.54,-1.95
2024-04,Рамешковский,Тверская область,2134,шок,False,99.41,Маркетплейсы,Маркетплейсы +85%; Все категории +17%,разовый,,2.24,0.05,4.73,0.35,-0.69,-0.44
2023-12,Бурзянский,Республика Башкортостан,47,шок,False,99.4,Общественное питание,Общественное питание +126%,сдвиг уровня,ниже: обучение < 12 мес.,0.86,0.39,0.08,5.0,-1.33,0.36
2024-12,Дзун-Хемчикский,Республика Тыва,403,шок,False,99.4,Транспорт,Транспорт -20%,,,-1.12,-1.77,-0.34,-1.6,-0.31,-4.67
2024-03,Газимуро-Заводский,Забайкальский край,580,шок,False,99.4,Транспорт,Транспорт +32%; Здоровье +28%; Продовольствие -1%,сдвиг уровня,,1.36,2.46,-0.47,0.04,-2.28,3.09
2024-01,Кишертский,Пермский край,746,шок,False,99.4,Общественное питание,Общественное питание -43%,сдвиг уровня,,-0.47,0.05,0.72,-5.12,-0.69,0.73
2023-09,Нагорский,Кировская область,1282,шок,False,99.4,Маркетплейсы,Маркетплейсы -41%,провал с отскоком,ниже: обучение < 12 мес.,0.23,1.21,-4.68,-0.06,-0.02,0.48
2023-10,Опаринский,Кировская область,1286,шок,False,99.4,Продовольствие,Продовольствие +16%,сдвиг уровня,ниже: обучение < 12 мес.,1.56,-0.15,0.55,0.0,4.92,0.9
2024-11,Улаганский,Республика Алтай,15,шок,False,99.39,Транспорт,Транспорт -13%; Все категории -14%; Маркетплейсы -24%,сдвиг уровня,,-2.91,-0.03,-2.67,0.0,-0.1,-3.41
2024-11,Крапивинский,Кемеровская область,1244,шок,False,99.39,Здоровье,Здоровье +22%,разовый,,0.3,5.15,-0.29,-0.81,0.06,0.4
2024-12,Одесский,Омская область,1650,шок,False,99.39,Продовольствие,Продовольствие -12%; Транспорт -14%; Здоровье -17%,,,0.07,-2.16,-0.64,-1.2,-3.39,-2.38
2024-07,Пий-Хемский,Республика Тыва,408,шок,False,99.38,Продовольствие,Продовольствие +12%; Все категории +9%; Транспорт +19%,разовый,,2.25,0.56,1.78,1.72,4.21,2.11
2024-11,Шелопугинский,Забайкальский край,602,шок,False,99.38,Продовольствие,Продовольствие -19%,разовый,,-1.1,-0.9,0.11,0.99,-4.68,-0.6
2023-09,Елховский,Самарская область,1891,шок,False,99.38,Здоровье,Здоровье +95%; Продовольствие +4%,сдвиг уровня,ниже: обучение < 12 мес.,0.67,3.72,-1.43,0.37,3.32,0.11
2024-12,Казачинский,Красноярский край,699,шок,False,99.37,Общественное питание,Общественное питание +216%; Здоровье +13%,,,-0.01,2.63,-0.1,4.06,-0.61,-1.56
2024-07,Енотаевский,Астраханская область,922,шок,False,99.37,Общественное питание,Общественное питание -48%,сдвиг уровня,,0.05,0.56,0.0,-5.16,0.47,-0.21
2024-05,Звериноголовский,Курганская область,1339,шок,False,99.37,Маркетплейсы,Маркетплейсы -20%; Транспорт -23%; Общественное питание +240%,нарастающий,,-1.18,-0.87,-3.02,2.5,-1.2,-2.93
2024-07,Песочный,Санкт-Петербург,2416,шок,False,99.37,Транспорт,Транспорт +13%; Все категории +1%; Общественное питание +0%,разовый,,2.41,-0.18,1.4,2.4,0.16,3.94
2024-03,Бикинский,Хабаровский край,846,шок,False,99.36,Продовольствие,Продовольствие +6%; Все категории +4%,сдвиг уровня,,2.45,0.58,-1.77,-0.14,3.95,-0.4
2023-07,Междуреченский,Вологодская область,1060,шок,False,99.36,Здоровье,Здоровье +27%; Все категории +13%; Транспорт +59%,всплеск с провалом,ниже: обучение < 12 мес.,3.07,3.62,-0.99,0.93,0.64,2.06
2024-02,Гаврилово-Посадский,Ивановская область,1115,шок,False,99.36,Общественное питание,Общественное питание -46%,сдвиг уровня,,-0.15,-0.49,0.2,-5.0,0.28,-1.26
2023-07,Павинский,Костромская область,1324,шок,False,99.36,Общественное питание,Общественное питание +540%; Продовольствие +8%,сдвиг уровня,ниже: обучение < 12 мес.,1.59,-2.0,-0.01,3.98,2.53,1.75
2023-08,Воркута,Республика Коми,225,шок,False,99.35,Здоровье,Здоровье -9%,нарастающий,ниже: обучение < 12 мес.,-0.61,-4.92,0.01,-1.44,0.04,0.48
2024-10,Нюксенский,Вологодская область,1062,шок,False,99.35,Общественное питание,Общественное питание -33%; Все категории -6%,сдвиг уровня,,-3.45,-0.26,-0.26,-3.52,0.0,-1.52
2024-05,Ивановский,Ивановская область,1117,шок,False,99.35,Транспорт,Транспорт -12%,сдвиг уровня,,-0.78,0.04,0.83,-0.8,0.1,-5.03
2024-04,Альшеевский,Республика Башкортостан,31,шок,False,99.34,Общественное питание,Общественное питание -24%,сдвиг уровня,,-1.21,-0.21,-1.63,-4.73,0.37,-0.34
2023-12,Дальнегорский,Приморский край,779,шок,False,99.34,Продовольствие,Продовольствие -3%; Общественное питание -12%,разовый,ниже: обучение < 12 мес.,-1.06,-0.27,-1.21,-2.02,-4.32,-1.28
2024-12,Усть-Большерецкий,Камчатский край,615,шок,False,99.33,Транспорт,Транспорт +18%,,,-0.5,1.2,1.82,-0.79,-0.56,3.96
2023-08,Соль-Илецкий,Оренбургская область,1674,шок,False,99.33,Все категории,Все категории +8%; Маркетплейсы +34%; Общественное питание +20%,сдвиг уровня,ниже: обучение < 12 мес.,3.72,-0.02,2.91,2.05,0.87,1.57
2023-12,Ханты-Мансийск,Ханты-Мансийский автономный округ — Югра,2216,шок,False,99.33,Продовольствие,Продовольствие +6%; Все категории +5%; Маркетплейсы +11%,сдвиг уровня,ниже: обучение < 12 мес.,2.93,-0.59,2.75,0.89,3.22,1.56
2024-11,Ольгинский,Приморский край,796,шок,False,99.32,Маркетплейсы,Маркетплейсы +28%; Все категории +5%,сдвиг уровня,,2.65,-0.59,4.36,0.0,0.52,0.34
2024-04,Даровской,Кировская область,1271,шок,False,99.32,Общественное питание,Общественное питание -46%,сдвиг уровня,,0.93,0.77,0.0,-4.64,1.17,0.39
2024-07,Волгореченск,Костромская область,1305,шок,False,99.32,Все категории,Все категории -15%; Общественное питание -21%,сдвиг уровня,,-4.27,-1.86,-1.24,-2.17,-0.42,-0.98
2024-08,Пий-Хемский,Республика Тыва,408,шок,False,99.31,Продовольствие,Продовольствие -11%,сдвиг уровня,,-1.97,-0.52,0.39,-0.83,-4.53,0.93
2024-07,Черноярский,Астраханская область,930,шок,False,99.31,Все категории,Все категории -11%; Продовольствие -12%; Маркетплейсы -11%,сдвиг уровня,,-3.37,-0.73,-2.01,-0.54,-3.29,-0.45
2024-04,Сакмарский,Оренбургская область,1699,шок,False,99.31,Продовольствие,Продовольствие -5%; Общественное питание -20%,сдвиг уровня,,-0.81,0.44,0.22,-3.11,-3.79,-1.3
2023-08,Усть-Джегутинский,Карачаево-Черкесская Республика,204,шок,False,99.3,Все категории,Все категории +14%; Здоровье +26%; Общественное питание +47%,сдвиг уровня,ниже: обучение < 12 мес.,3.64,2.65,0.66,2.28,-0.45,1.37
2024-06,Коряжма,Архангельская область,891,шок,False,99.3,Все категории,Все категории -9%; Транспорт -12%; Продовольствие -9%,нарастающий,,-3.87,-1.0,-0.94,-0.9,-2.19,-2.52
2024-01,Елец,Липецкая область,1411,шок,False,99.3,Общественное питание,Общественное питание +19%; Транспорт +1%; Маркетплейсы -19%,сдвиг уровня,,1.26,-0.9,2.3,3.61,-0.01,2.79
2024-03,Должанский,Орловская область,1714,шок,False,99.3,Все категории,Все категории +10%; Общественное питание +65%,разовый,,3.09,0.31,-0.28,2.61,0.25,-1.66
2023-08,Первомайский,Тамбовская область,2089,шок,False,99.3,Маркетплейсы,Маркетплейсы -14%; Транспорт -16%; Здоровье -4%,нарастающий,ниже: обучение < 12 мес.,-1.65,-2.02,-4.13,-0.01,-1.06,-2.22
2023-10,Усть-Майский,Республика Саха (Якутия),340,шок,False,99.29,Маркетплейсы,Маркетплейсы -35%,разовый,ниже: обучение < 12 мес.,0.4,-0.36,-4.16,-0.22,-0.24,-1.21
2023-10,Киясовский,Удмуртская Республика,436,шок,False,99.29,Общественное питание,Общественное питание +44%,сдвиг уровня,ниже: обучение < 12 мес.,-1.76,1.83,-1.54,3.56,-0.42,-1.06
2024-05,Нюксенский,Вологодская область,1062,шок,False,99.29,Продовольствие,Продовольствие -7%; Здоровье -19%,сдвиг уровня,,-1.58,-2.88,0.23,0.13,-3.91,-0.1
2023-11,Казачинско-Ленский,Иркутская область,1151,шок,False,99.29,Здоровье,Здоровье -6%,нарастающий,ниже: обучение < 12 мес.,1.21,-4.31,1.99,-0.1,0.88,0.83
2024-11,Барабинский,Новосибирская область,1603,шок,False,99.29,Общественное питание,Общественное питание -20%,сдвиг уровня,,-0.03,-0.15,0.07,-5.08,0.08,-0.0
2023-08,Верхнекетский,Томская область,2151,шок,False,99.29,Все категории,Все категории -11%; Маркетплейсы -10%; Продовольствие -12%,сдвиг уровня,ниже: обучение < 12 мес.,-3.54,0.0,-2.81,0.02,-2.37,-0.43
2024-11,Чебаркульский,Челябинская область,2316,шок,False,99.29,Общественное питание,Общественное питание +37%,разовый,,1.94,0.08,-0.99,4.45,0.83,1.6
2023-10,Малодербетовский,Республика Калмыкия,185,шок,False,99.28,Общественное питание,Общественное питание +45%; Транспорт +25%,всплеск с провалом,ниже: обучение < 12 мес.,-0.44,-0.21,1.44,3.47,0.13,3.06
2024-10,Сортавальский,Республика Карелия,222,шок,False,99.28,Продовольствие,Продовольствие +6%,сдвиг уровня,,1.7,1.09,0.02,0.5,4.48,1.71
2023-09,Старошайговский,Республика Мордовия,304,шок,False,99.28,Здоровье,Здоровье -13%; Маркетплейсы +33%; Общественное питание +59%,провал с отскоком,ниже: обучение < 12 мес.,-0.4,-3.57,2.53,2.04,-0.12,0.02
2023-09,Янтиковский,Чувашская Республика,503,шок,False,99.28,Общественное питание,Общественное питание -51%; Транспорт -29%,сдвиг уровня,ниже: обучение < 12 мес.,-0.2,-1.78,-0.14,-4.0,-0.75,-2.59
2023-07,Шелопугинский,Забайкальский край,602,шок,False,99.28,Все категории,Все категории -4%,нарастающий,ниже: обучение < 12 мес.,-3.27,0.33,1.98,-0.76,-1.24,-1.12
2023-07,Нефтеюганск,Ханты-Мансийский автономный округ — Югра,2220,шок,False,99.28,Транспорт,Транспорт +22%,сдвиг уровня,ниже: обучение < 12 мес.,-0.62,-0.16,0.06,1.91,-0.6,4.44
2023-08,Булунский,Республика Саха (Якутия),316,шок,False,99.27,Все категории,Все категории -13%,нарастающий,ниже: обучение < 12 мес.,-3.81,-0.69,0.14,1.05,-0.61,-0.29
2024-02,Мошенской,Новгородская область,1585,шок,False,99.27,Общественное питание,Общественное питание +47%; Транспорт -18%,сдвиг уровня,,-1.65,-0.85,-1.04,2.89,0.84,-2.78
2024-09,Морские ворота,Санкт-Петербург,2391,шок,False,99.27,Здоровье,Здоровье -14%; Маркетплейсы +8%,разовый,,1.24,-4.0,2.06,0.59,0.16,1.78
2024-09,Чеди-Хольский,Республика Тыва,416,шок,False,99.26,Транспорт,Транспорт +9%,сдвиг уровня,,-0.09,1.22,0.16,0.0,0.91,4.69
2023-09,Норильск,Красноярский край,678,шок,False,99.26,Маркетплейсы,Маркетплейсы -8%; Общественное питание -22%,сдвиг уровня,ниже: обучение < 12 мес.,-0.37,-1.47,-4.11,-2.19,0.22,-0.42
2023-07,Пестяковский,Ивановская область,1124,шок,False,99.26,Маркетплейсы,Маркетплейсы -14%,провал с отскоком,ниже: обучение < 12 мес.,-1.34,-1.25,-3.97,-1.95,1.32,-1.54
2024-05,Тяжинский,Кемеровская область,1253,шок,False,99.26,Продовольствие,Продовольствие -7%; Все категории -6%,сдвиг уровня,,-2.63,-0.57,-0.36,-0.05,-4.16,-1.18
2023-11,Бисертский,Свердловская область,2027,шок,False,99.26,Здоровье,Здоровье -33%,сдвиг уровня,ниже: обучение < 12 мес.,-1.74,-4.71,-0.6,0.71,-0.36,-0.1
2024-10,Верхнеуслонский,Республика Татарстан,370,шок,False,99.25,Общественное питание,Общественное питание -19%; Транспорт -17%,сдвиг уровня,,-0.49,0.33,-0.51,-4.57,-0.5,-2.1
2024-10,Тетюшский,Республика Татарстан,393,шок,False,99.25,Здоровье,Здоровье -19%,разовый,,1.95,-4.01,0.38,-0.68,0.58,0.7
2023-10,Карачаевский,Карачаево-Черкесская Республика,195,шок,False,99.24,Здоровье,Здоровье -12%,разовый,ниже: обучение < 12 мес.,-0.48,-4.91,-0.17,-0.03,-0.71,0.21
2023-09,Усть-Камчатский,Камчатский край,616,шок,False,99.24,Все категории,Все категории -13%,сдвиг уровня,ниже: обучение < 12 мес.,-3.03,0.82,0.94,-1.96,-1.59,1.42
2023-10,Октябрьский,Волгоградская область,1033,шок,False,99.24,Продовольствие,Продовольствие -9%; Все категории -5%,сдвиг уровня,ниже: обучение < 12 мес.,-2.4,-0.78,-0.9,0.4,-4.31,0.23
2024-06,Пестяковский,Ивановская область,1124,шок,False,99.24,Транспорт,Транспорт -42%,сдвиг уровня,,-1.61,0.3,0.35,-0.81,0.1,-4.66
2024-04,Макаровский,Сахалинская область,1959,шок,False,99.24,Продовольствие,Продовольствие -7%; Все категории -0%; Маркетплейсы +55%,нарастающий,,-2.6,-0.67,2.24,-0.97,-3.49,-1.11
2024-01,Нижнеколымский,Республика Саха (Якутия),331,шок,False,99.23,Транспорт,Транспорт -44%,разовый,,0.61,0.59,0.0,-0.42,0.59,-4.62
2024-03,Абаза,Республика Хакасия,449,шок,False,99.23,Здоровье,Здоровье +27%; Продовольствие +7%; Все категории +7%,сдвиг уровня,,2.49,3.38,0.15,0.12,2.67,0.61
2023-08,Газимуро-Заводский,Забайкальский край,580,шок,False,99.23,Все категории,Все категории -11%; Транспорт -12%; Маркетплейсы -16%,сдвиг уровня,ниже: обучение < 12 мес.,-3.27,-1.7,-2.2,-1.73,-0.69,-3.04
2024-10,Николаевский,Хабаровский край,853,шок,False,99.23,Все категории,Все категории +5%; Маркетплейсы +16%,сдвиг уровня,,3.61,1.55,2.09,1.85,-0.87,0.05
2024-06,Полесский,Калининградская область,1194,шок,False,99.23,Здоровье,Здоровье -35%; Продовольствие -8%,сдвиг уровня,,-0.97,-4.11,0.26,-1.22,-2.5,-0.42
2023-10,Нижневартовский,Ханты-Мансийский автономный округ — Югра,2233,шок,False,99.23,Продовольствие,Продовольствие -7%,сдвиг уровня,ниже: обучение < 12 мес.,0.28,0.26,-0.21,0.35,-3.96,0.88
2023-11,Тоджинский,Республика Тыва,413,шок,False,99.22,Общественное питание,Общественное питание -24%; Продовольствие -6%; Все категории -6%,сдвиг уровня,ниже: обучение < 12 мес.,-2.32,-0.13,-0.14,-3.42,-2.73,0.33
2023-07,Усть-Большерецкий,Камчатский край,615,шок,False,99.22,Здоровье,Здоровье -12%; Маркетплейсы -10%; Продовольствие +7%,разовый,ниже: обучение < 12 мес.,1.26,-2.59,-2.55,-0.14,2.12,-0.55
2024-03,Притобольный,Курганская область,1350,шок,False,99.22,Общественное питание,Общественное питание -50%,разовый,,-0.39,0.57,0.32,-4.32,-1.51,1.34
2024-10,Тонкинский,Нижегородская область,1570,шок,False,99.22,Здоровье,Здоровье -11%; Продовольствие -4%; Все категории -3%,разовый,,-2.67,-3.22,-0.69,0.0,-2.68,-1.0
2023-08,Сосновский,Тамбовская область,2095,шок,False,99.22,Общественное питание,Общественное питание +311%,сдвиг уровня,ниже: обучение < 12 мес.,1.09,-0.01,0.04,4.84,-0.01,0.2
2023-09,Булунский,Республика Саха (Якутия),316,шок,False,99.21,Общественное питание,Общественное питание -36%,сдвиг уровня,ниже: обучение < 12 мес.,-0.4,0.12,-0.91,-4.83,0.04,-0.55
2024-12,Верхнеуслонский,Республика Татарстан,370,шок,False,99.21,Общественное питание,Общественное питание -21%,,,-1.89,-0.62,-0.95,-4.27,-1.63,-0.04
2023-09,Галичский,Костромская область,1312,шок,False,99.21,Все категории,Все категории +8%; Транспорт +29%,разовый,ниже: обучение < 12 мес.,3.79,0.47,0.29,1.1,1.16,2.96
2024-04,Половинский,Курганская область,1349,шок,False,99.21,Общественное питание,Общественное питание -55%,сдвиг уровня,,0.33,0.09,0.09,-4.38,0.72,1.72
2023-10,Пелым,Свердловская область,1984,шок,False,99.21,Продовольствие,Продовольствие -15%,разовый,ниже: обучение < 12 мес.,-1.13,-0.4,0.27,-1.38,-4.28,0.92
2024-08,Бондарский,Тамбовская область,2078,шок,False,99.21,Маркетплейсы,Маркетплейсы +32%; Продовольствие -8%,разовый,,0.65,-0.86,3.69,0.88,-2.05,-1.68
2024-08,Нижневартовский,Ханты-Мансийский автономный округ — Югра,2233,шок,False,99.21,Транспорт,Транспорт -13%; Общественное питание -14%,сдвиг уровня,,-1.85,0.66,0.23,-2.49,-1.99,-3.79
2024-07,Сортавальский,Республика Карелия,222,шок,False,99.2,Маркетплейсы,Маркетплейсы +7%,сдвиг уровня,,1.0,0.44,4.58,0.3,0.21,1.53
2024-04,Кызылский,Республика Тыва,405,шок,False,99.2,Общественное питание,Общественное питание +13%,сдвиг уровня,,1.3,0.33,0.55,4.73,0.6,-0.29
2023-10,Ононский,Забайкальский край,592,шок,False,99.2,Продовольствие,Продовольствие -12%,сдвиг уровня,ниже: обучение < 12 мес.,-1.81,0.16,-0.07,0.4,-4.57,-0.45
2024-12,Тындинский,Амурская область,888,шок,False,99.2,Маркетплейсы,Маркетплейсы +28%,,,0.75,-0.61,4.67,1.04,-0.02,0.13
2024-02,Новобурасский,Саратовская область,1935,шок,False,99.2,Общественное питание,Общественное питание -40%,разовый,,-0.93,1.09,-1.05,-4.57,0.66,0.22
2023-10,Сарапульский,Удмуртская Республика,440,шок,False,99.19,Все категории,Все категории +13%; Маркетплейсы +39%; Общественное питание +29%,сдвиг уровня,ниже: обучение < 12 мес.,3.6,-0.55,2.44,2.33,1.97,1.76
2023-11,Лузский,Кировская область,1279,шок,False,99.19,Продовольствие,Продовольствие -8%,нарастающий,ниже: обучение < 12 мес.,-1.37,-0.82,-0.41,-0.01,-4.63,-0.48
2023-08,Калевальский,Республика Карелия,209,шок,False,99.18,Транспорт,Транспорт +12%; Общественное питание +59%; Все категории +2%,сдвиг уровня,ниже: обучение < 12 мес.,2.1,0.09,0.58,2.53,0.45,3.66
2024-05,Петуховский,Курганская область,1348,шок,False,99.18,Продовольствие,Продовольствие -7%; Маркетплейсы -12%,сдвиг уровня,,-1.86,-0.35,-2.22,0.4,-3.97,-1.21
2023-10,Лабытнанги,Ямало-Ненецкий автономный округ,2880,шок,False,99.18,Маркетплейсы,Маркетплейсы +2%,нарастающий,ниже: обучение < 12 мес.,-1.96,1.68,-4.18,-0.53,0.23,0.0
2024-05,Бурзянский,Республика Башкортостан,47,шок,False,99.17,Общественное питание,Общественное питание -48%; Маркетплейсы -21%,сдвиг уровня,,-0.77,-1.22,-2.28,-4.17,0.3,-0.64
2024-03,Северо-Енисейский,Красноярский край,716,шок,False,99.17,Здоровье,Здоровье +21%,сдвиг уровня,,0.45,4.67,1.18,-0.9,0.59,0.24
2024-07,Пустошкинский,Псковская область,1784,шок,False,99.17,Здоровье,Здоровье -13%; Продовольствие -8%,нарастающий,,1.02,-3.18,1.75,0.06,-2.28,-0.13
2023-12,Пыталовский,Псковская область,1786,шок,False,99.17,Общественное питание,Общественное питание -15%,нарастающий,ниже: обучение < 12 мес.,1.05,0.49,1.02,-4.42,0.13,0.54
2024-05,Новобурасский,Саратовская область,1935,шок,False,99.17,Общественное питание,Общественное питание -52%; Транспорт +30%,разовый,,1.21,0.75,-0.01,-3.13,0.36,3.12
2024-07,Хиславичский,Смоленская область,2067,шок,False,99.17,Общественное питание,Общественное питание -41%,сдвиг уровня,,-1.07,0.08,-1.14,-4.64,-0.5,-1.12
2024-02,Бурзянский,Республика Башкортостан,47,шок,False,99.16,Общественное питание,Общественное питание +25%,сдвиг уровня,,-0.46,0.77,0.72,4.24,0.09,-1.39
2024-04,Шаблыкинский,Орловская область,1733,шок,False,99.16,Транспорт,Транспорт +87%,сдвиг уровня,,0.83,0.16,1.34,1.71,-1.58,3.99
2024-03,Белозерский,Курганская область,1336,шок,False,99.15,Общественное питание,Общественное питание -56%,сдвиг уровня,,-0.77,-0.17,-0.69,-4.77,-0.12,-0.35
2024-07,Северный,Новосибирская область,1622,шок,False,99.15,Здоровье,Здоровье -18%; Все категории -8%; Продовольствие -8%,сдвиг уровня,,-2.74,-3.02,-0.56,-0.81,-2.7,0.63
2023-08,Кедровый,Томская область,2145,шок,False,99.15,Транспорт,Транспорт -44%,нарастающий,ниже: обучение < 12 мес.,-0.6,0.05,-0.23,0.49,-1.7,-4.55
2024-06,Тазовский,Ямало-Ненецкий автономный округ,2248,шок,False,99.15,Здоровье,Здоровье +22%; Продовольствие -4%,нарастающий,,-0.59,3.46,1.61,0.0,-2.36,-1.28
2023-08,Мильковский,Камчатский край,613,шок,False,99.14,Здоровье,Здоровье +25%; Общественное питание +38%; Продовольствие -7%,разовый,ниже: обучение < 12 мес.,-0.03,3.19,-0.41,2.64,-2.28,0.44
2024-04,Бондарский,Тамбовская область,2078,шок,False,99.14,Маркетплейсы,Маркетплейсы +72%,сдвиг уровня,,0.14,-0.71,3.74,0.56,-1.96,1.41
2023-08,Ольский,Магаданская область,1431,шок,False,99.13,Маркетплейсы,Маркетплейсы +45%,разовый,ниже: обучение < 12 мес.,0.44,-0.16,4.62,0.13,-0.18,-0.82
2023-11,Оленегорск,Мурманская область,1510,шок,False,99.13,Все категории,Все категории -3%,разовый,ниже: обучение < 12 мес.,-4.24,-0.82,0.01,-0.43,-1.31,-0.7
2023-07,Югорск,Ханты-Мансийский автономный округ — Югра,2228,шок,False,99.13,Транспорт,Транспорт +19%; Общественное питание +26%; Все категории +4%,сдвиг уровня,ниже: обучение < 12 мес.,2.55,-0.02,2.42,2.58,0.96,3.23
2023-10,Кокошкино,Москва,2595,шок,False,99.13,Все категории,Все категории +11%,сдвиг уровня,ниже: обучение < 12 мес.,3.91,-0.19,0.46,0.55,0.48,-0.45
2024-06,Малодербетовский,Республика Калмыкия,185,шок,False,99.12,Здоровье,Здоровье -32%,сдвиг уровня,,-1.15,-4.36,0.71,0.53,-1.78,0.25
2023-07,Верхоянский,Республика Саха (Якутия),319,шок,False,99.12,Транспорт,Транспорт +2%; Общественное питание +132%; Здоровье +34%,нарастающий,ниже: обучение < 12 мес.,1.13,2.32,1.33,2.4,-1.26,-2.46
2024-01,Сунтарский,Республика Саха (Якутия),336,шок,False,99.12,Продовольствие,Продовольствие -16%,сдвиг уровня,,-0.37,-0.24,0.1,-0.74,-3.99,1.35
2023-11,Юкаменский,Удмуртская Республика,445,шок,False,99.12,Маркетплейсы,Маркетплейсы -8%; Продовольствие -10%,провал с отскоком,ниже: обучение < 12 мес.,-0.5,1.43,-3.49,-1.66,-2.01,0.19
2023-08,Таймырский Долгано-Ненецкий,Красноярский край,718,шок,False,99.12,Все категории,Все категории -12%,нарастающий,ниже: обучение < 12 мес.,-3.47,-1.85,-0.45,-0.79,0.27,0.97
2023-11,Вадинский,Пензенская область,1741,шок,False,99.12,Транспорт,Транспорт -32%,разовый,ниже: обучение < 12 мес.,-0.71,0.57,-0.37,-1.47,-1.07,-4.5
2023-07,Майминский,Республика Алтай,12,шок,False,99.11,Транспорт,Транспорт +18%,сдвиг уровня,ниже: обучение < 12 мес.,-0.32,0.7,1.62,0.0,0.9,3.95
2024-11,Балтасинский,Республика Татарстан,367,шок,False,99.11,Общественное питание,Общественное питание +36%; Транспорт +30%,сдвиг уровня,,0.49,-0.18,0.51,3.74,-1.62,2.61
2024-11,Ивановский,Ивановская область,1117,шок,False,99.11,Все категории,Все категории +5%; Продовольствие +4%,всплеск с провалом,,3.39,0.68,0.39,0.6,2.58,-1.97
2023-10,Левашово,Санкт-Петербург,2362,шок,False,99.11,Здоровье,Здоровье -10%,сдвиг уровня,ниже: обучение < 12 мес.,-1.01,-4.5,0.02,-0.19,-1.45,0.27
2024-10,Федоровский,Республика Башкортостан,78,шок,False,99.1,Общественное питание,Общественное питание -39%; Все категории -10%; Продовольствие -12%,сдвиг уровня,,-2.65,0.43,-1.41,-3.11,-2.57,-0.87
2024-06,Тоджинский,Республика Тыва,413,шок,False,99.1,Здоровье,Здоровье +57%; Общественное питание +15%,сдвиг уровня,,0.29,4.15,-0.82,2.27,-0.43,-0.85
2023-10,Солтонский,Алтайский край,556,шок,False,99.1,Маркетплейсы,Маркетплейсы -22%,провал с отскоком,ниже: обучение < 12 мес.,-0.05,-0.02,-4.04,-1.87,-0.29,-0.33
2024-03,Приморский,Архангельская область,912,шок,False,99.1,Общественное питание,Общественное питание +32%,сдвиг уровня,,-0.93,-0.03,-0.27,4.54,-0.33,-0.03
2024-03,Балтийский,Калининградская область,1184,шок,False,99.1,Транспорт,Транспорт -13%; Продовольствие -6%; Здоровье -11%,разовый,,-2.19,-2.34,0.93,-0.78,-2.65,-3.28
2023-07,Эгвекинот,Чукотский автономный округ,2345,шок,False,99.1,Маркетплейсы,Маркетплейсы +76%; Общественное питание +23%; Все категории +13%,сдвиг уровня,ниже: обучение < 12 мес.,2.22,0.42,3.54,2.41,0.8,1.75
2023-07,Усть-Янский,Республика Саха (Якутия),341,шок,False,99.09,Здоровье,Здоровье +85%; Все категории +16%,сдвиг уровня,ниже: обучение < 12 мес.,2.66,3.67,0.47,1.59,0.57,0.38
2024-07,Бондарский,Тамбовская область,2078,шок,False,99.09,Все категории,Все категории +7%; Маркетплейсы +18%; Общественное питание -51%,разовый,,2.61,-0.33,2.36,-2.11,-0.98,0.33
2024-04,Онежский,Архангельская область,909,шок,False,99.08,Продовольствие,Продовольствие +3%,сдвиг уровня,,-0.39,0.03,-0.58,0.3,3.49,-1.89
2024-08,Тарногский,Вологодская область,1065,шок,False,99.08,Общественное питание,Общественное питание -36%,сдвиг уровня,,-0.59,-0.46,-0.69,-4.71,0.17,-0.28
2024-11,Волгореченск,Костромская область,1305,шок,False,99.08,Все категории,Все категории +11%; Продовольствие +16%; Общественное питание +21%,сдвиг уровня,,3.3,1.55,1.16,2.09,2.79,1.03
2023-07,Первомайск,Нижегородская область,1534,шок,False,99.08,Здоровье,Здоровье -18%,сдвиг уровня,ниже: обучение < 12 мес.,0.41,-4.72,-0.09,-0.04,0.65,-0.24
2024-01,Хилокский,Забайкальский край,599,шок,False,99.07,Общественное питание,Общественное питание -37%,сдвиг уровня,,-0.13,-0.84,-0.72,-4.62,-0.36,0.52
2024-06,Иловлинский,Волгоградская область,1020,шок,False,99.07,Общественное питание,Общественное питание -33%,сдвиг уровня,,-0.58,-1.92,0.52,-4.28,-0.22,-0.95
2024-11,Баганский,Новосибирская область,1602,шок,False,99.07,Общественное питание,Общественное питание +37%; Все категории +6%; Транспорт +31%,сдвиг уровня,,2.94,0.92,0.11,3.19,0.61,2.03
2024-03,Прионежский,Республика Карелия,218,шок,False,99.06,Все категории,Все категории +8%; Общественное питание +22%; Продовольствие +6%,сдвиг уровня,,3.17,0.53,1.16,2.91,2.1,0.43
2024-03,Дигорский,Республика Северная Осетия — Алания,348,шок,False,99.06,Транспорт,Транспорт +25%; Маркетплейсы -15%,сдвиг уровня,,-1.54,-1.45,-3.03,0.0,-0.58,3.17
2024-04,Бай-Тайгинский,Республика Тыва,401,шок,False,99.06,Все категории,Все категории -1%; Продовольствие +8%,провал с отскоком,,-2.44,0.21,-0.41,-1.25,2.12,-1.05
2023-12,Горный,Республика Саха (Якутия),321,шок,False,99.05,Общественное питание,Общественное питание -33%,сдвиг уровня,ниже: обучение < 12 мес.,-0.51,-0.75,1.81,-4.19,-1.36,-0.76
2023-08,Бай-Тайгинский,Республика Тыва,401,шок,False,99.05,Здоровье,Здоровье -25%,разовый,ниже: обучение < 12 мес.,0.57,-3.59,0.24,-1.34,-1.61,1.38
2024-07,Бай-Тайгинский,Республика Тыва,401,шок,False,99.05,Все категории,Все категории +16%,сдвиг уровня,,3.39,1.18,-1.39,0.03,1.2,-0.02
2024-10,Городищенский,Волгоградская область,1015,шок,False,99.05,Все категории,Все категории +13%; Транспорт +34%,сдвиг уровня,,3.65,1.58,0.57,1.25,1.94,2.36
2023-10,Уватский,Тюменская область,2211,шок,False,99.04,Маркетплейсы,Маркетплейсы +5%; Продовольствие -4%,всплеск с провалом,ниже: обучение < 12 мес.,-1.8,-1.16,-3.63,-1.44,-2.48,-1.02
2024-07,Усть-Янский,Республика Саха (Якутия),341,шок,False,99.03,Маркетплейсы,Маркетплейсы +55%,сдвиг уровня,,1.63,0.97,4.34,0.78,-0.54,0.28
2024-03,Каракулинский,Удмуртская Республика,433,шок,False,99.03,Здоровье,Здоровье -21%; Продовольствие -3%,разовый,,-0.69,-4.05,1.36,-1.03,-2.04,-1.27
2023-09,Абаза,Республика Хакасия,449,шок,False,99.03,Продовольствие,Продовольствие -11%; Общественное питание -40%,сдвиг уровня,ниже: обучение < 12 мес.,-1.34,0.49,-0.54,-2.69,-3.54,-1.65
2023-07,Красночетайский,Чувашская Республика,492,шок,False,99.03,Здоровье,Здоровье +53%,сдвиг уровня,ниже: обучение < 12 мес.,1.26,4.11,-0.03,-0.98,1.76,-1.26
2023-11,Сусанинский,Костромская область,1330,шок,False,99.03,Транспорт,Транспорт +36%; Продовольствие -4%,разовый,ниже: обучение < 12 мес.,-1.27,0.23,-1.14,0.21,-2.85,3.13
2023-10,Кобяйский,Республика Саха (Якутия),323,шок,False,99.02,Продовольствие,Продовольствие -9%; Маркетплейсы -23%,нарастающий,ниже: обучение < 12 мес.,-1.54,0.14,-2.98,-0.23,-3.33,-1.25
2024-11,Олюторский,Камчатский край,619,шок,False,99.02,Все категории,Все категории -13%; Общественное питание -24%; Маркетплейсы -17%,разовый,,-2.96,-1.4,-2.58,-2.62,-0.7,-1.42
2024-11,Иссинский,Пензенская область,1744,шок,False,99.02,Общественное питание,Общественное питание -41%,сдвиг уровня,,1.48,-0.07,1.37,-3.86,1.73,0.51
2024-06,Смирныховский,Сахалинская область,1965,шок,False,99.02,Общественное питание,Общественное питание +32%; Все категории -5%,сдвиг уровня,,-2.58,0.35,-0.48,2.68,-0.5,-1.93
2024-11,Александровский,Томская область,2148,шок,False,99.02,Маркетплейсы,Маркетплейсы -25%,разовый,,-1.41,-0.01,-4.45,-0.78,0.34,-0.07
2023-11,Малодербетовский,Республика Калмыкия,185,шок,False,99.01,Общественное питание,Общественное питание -71%,сдвиг уровня,ниже: обучение < 12 мес.,0.0,-0.55,0.0,-4.66,-0.09,-0.36
2023-08,Усть-Янский,Республика Саха (Якутия),341,шок,False,99.01,Транспорт,Транспорт +21%; Общественное питание -8%; Все категории -15%,сдвиг уровня,ниже: обучение < 12 мес.,-2.01,-1.07,-0.96,-2.05,1.06,2.46
2024-02,Тоджинский,Республика Тыва,413,шок,False,99.01,Транспорт,Транспорт -13%,сдвиг уровня,,-0.17,-1.47,0.64,0.27,0.4,-4.39
2024-05,Пограничный,Приморский край,798,шок,False,99.01,Общественное питание,Общественное питание -25%,сдвиг уровня,,0.52,-0.38,-0.52,-4.47,0.48,-0.83
2024-12,Кормиловский,Омская область,1641,шок,False,99.01,Общественное питание,Общественное питание -42%; Все категории -7%,,,-2.12,-0.79,-0.77,-4.06,-1.07,0.22
2024-11,Струго-Красненский,Псковская область,1788,шок,False,99.01,Общественное питание,Общественное питание -21%; Здоровье -13%,сдвиг уровня,,-1.85,-2.01,0.19,-3.84,-0.55,-0.68
2024-06,Карагинский,Камчатский край,618,шок,False,99.0,Маркетплейсы,Маркетплейсы -18%,провал с отскоком,,0.43,-0.65,-3.84,1.49,-0.28,1.16
2024-02,Хвойнинский,Новгородская область,1593,шок,False,99.0,Здоровье,Здоровье -13%; Маркетплейсы +45%,разовый,,0.0,-3.59,2.14,0.54,1.32,0.92
2023-07,Милославский,Рязанская область,1855,шок,False,99.0,Здоровье,Здоровье -18%; Все категории -5%,сдвиг уровня,ниже: обучение < 12 мес.,-2.87,-3.33,-1.65,0.47,-0.9,-0.49
2023-11,Намский,Республика Саха (Якутия),329,шок,False,98.99,Продовольствие,Продовольствие -10%,разовый,ниже: обучение < 12 мес.,-1.02,0.23,-0.37,1.49,-3.67,1.66
2023-09,Таймырский Долгано-Ненецкий,Красноярский край,718,шок,False,98.99,Транспорт,Транспорт -35%; Все категории -17%,нарастающий,ниже: обучение < 12 мес.,-2.21,-1.9,-1.24,-0.95,0.09,-3.68
2024-08,Межевской,Костромская область,1319,шок,False,98.99,Здоровье,Здоровье +13%; Маркетплейсы +44%,разовый,,1.18,3.47,2.92,-0.65,-0.46,-1.08
2023-08,Целинный,Курганская область,1352,шок,False,98.99,Здоровье,Здоровье -19%; Транспорт -18%,разовый,ниже: обучение < 12 мес.,-1.52,-3.37,1.07,1.15,-1.65,-2.59
2023-07,Ермишинский,Рязанская область,1849,шок,False,98.99,Продовольствие,Продовольствие +6%; Все категории +11%; Общественное питание +402%,всплеск с провалом,ниже: обучение < 12 мес.,2.66,0.6,0.06,2.19,3.18,1.02
2023-10,Большеберезниковский,Республика Мордовия,290,шок,False,98.98,Продовольствие,Продовольствие -11%; Маркетплейсы -0%,разовый,ниже: обучение < 12 мес.,0.01,-0.37,-2.37,0.05,-3.09,0.74
2024-12,Кологривский,Костромская область,1314,шок,False,98.98,Здоровье,Здоровье +50%,,,0.26,4.58,0.47,0.85,0.17,-0.06
2024-06,Понтонный,Санкт-Петербург,2395,шок,False,98.98,Общественное питание,Общественное питание -10%; Маркетплейсы +12%,сдвиг уровня,,-0.47,-1.21,2.32,-3.88,0.3,-0.73
2024-04,Рязановское,Москва,2604,шок,False,98.98,Все категории,Все категории +0%,сдвиг уровня,,-3.58,0.3,-1.12,0.38,0.17,0.15
2023-11,Щаповское,Москва,2607,шок,False,98.98,Продовольствие,Продовольствие -4%; Общественное питание -24%,сдвиг уровня,ниже: обучение < 12 мес.,-1.6,0.45,-1.06,-3.09,-3.13,-0.13
2024-09,Оймяконский,Республика Саха (Якутия),332,шок,False,98.97,Здоровье,Здоровье -25%; Транспорт -15%,сдвиг уровня,,0.48,-3.24,-0.12,0.34,0.62,-3.08
2023-10,Бавлинский,Республика Татарстан,366,шок,False,98.97,Транспорт,Транспорт -21%; Все категории -3%,разовый,ниже: обучение < 12 мес.,-2.08,-1.19,0.57,-0.69,-1.85,-3.76
2023-08,Уссурийский,Приморский край,785,шок,False,98.97,Транспорт,Транспорт -10%,разовый,ниже: обучение < 12 мес.,-0.33,-1.54,-0.02,-0.1,0.6,-4.38
2024-07,Кромской,Орловская область,1719,шок,False,98.97,Все категории,Все категории -10%; Продовольствие -7%; Транспорт -19%,сдвиг уровня,,-2.88,-2.47,-0.66,-1.34,-2.68,-2.53
2024-10,Лисий Нос,Санкт-Петербург,2370,шок,False,98.97,Все категории,Все категории +5%,нарастающий,,3.51,-0.7,0.79,-1.23,0.58,1.39
2024-07,Павинский,Костромская область,1324,шок,False,98.96,Общественное питание,Общественное питание -44%; Все категории +9%,разовый,,2.67,0.84,0.12,-2.99,1.34,0.25
2024-07,Варнавинский,Нижегородская область,1545,шок,False,98.96,Транспорт,Транспорт -12%; Здоровье +17%,сдвиг уровня,,1.03,2.09,1.1,0.46,0.19,-3.71
2023-08,Александровск-Сахалинский,Сахалинская область,1954,шок,False,98.95,Все категории,Все категории -12%; Общественное питание -12%,сдвиг уровня,ниже: обучение < 12 мес.,-3.39,-1.46,0.54,-2.19,-0.69,0.42
2024-10,Тазовский,Ямало-Ненецкий автономный округ,2248,шок,False,98.95,Здоровье,Здоровье -12%; Транспорт -13%,нарастающий,,0.39,-2.64,-0.38,1.85,1.92,-2.23
2023-08,Первомайское,Москва,2602,шок,False,98.95,Общественное питание,Общественное питание +11%; Все категории +0%,сдвиг уровня,ниже: обучение < 12 мес.,2.44,1.02,1.98,3.42,0.89,0.6
2023-09,Верхнеуслонский,Республика Татарстан,370,шок,False,98.94,Транспорт,Транспорт -26%,сдвиг уровня,ниже: обучение < 12 мес.,0.61,-0.25,1.71,0.95,-1.27,-3.75
2024-12,Усть-Кутский,Иркутская область,1165,шок,False,98.94,Транспорт,Транспорт +15%,,,-1.27,-0.45,-1.04,-1.18,-0.54,3.87
2024-03,Красноармейский,Самарская область,1898,шок,False,98.94,Здоровье,Здоровье -11%; Общественное питание -42%,сдвиг уровня,,-0.96,-3.5,-0.04,-2.9,0.2,-0.18
2023-07,Охинский,Сахалинская область,1962,шок,False,98.94,Здоровье,Здоровье +12%; Транспорт +23%,сдвиг уровня,ниже: обучение < 12 мес.,1.34,3.73,-0.19,0.25,0.9,2.42
2023-09,Кобяйский,Республика Саха (Якутия),323,шок,False,98.93,Все категории,Все категории -18%; Общественное питание -54%; Маркетплейсы -27%,нарастающий,ниже: обучение < 12 мес.,-3.58,-1.04,-2.03,-2.12,0.3,-1.04
2024-12,Черемшанский,Республика Татарстан,396,шок,False,98.93,Транспорт,Транспорт -21%; Общественное питание -25%,,,-1.04,-1.19,0.18,-2.21,0.03,-3.9
2023-08,Тандинский,Республика Тыва,410,шок,False,98.93,Транспорт,Транспорт +10%,разовый,ниже: обучение < 12 мес.,0.98,1.87,-0.72,0.73,-0.06,4.12
2024-03,Краснозоренский,Орловская область,1718,шок,False,98.93,Продовольствие,Продовольствие -8%; Все категории -6%,разовый,,-2.25,1.59,0.66,-0.82,-2.97,1.32
2023-08,Пелым,Свердловская область,1984,шок,False,98.93,Транспорт,Транспорт -31%,сдвиг уровня,ниже: обучение < 12 мес.,-1.08,0.51,-0.0,-0.92,-0.47,-4.41
2024-06,Шурышкарский,Ямало-Ненецкий автономный округ,2249,шок,False,98.93,Продовольствие,Продовольствие +17%,сдвиг уровня,,-0.02,-1.95,-0.08,0.42,3.53,-0.38
2023-12,Хилокский,Забайкальский край,599,шок,False,98.92,Общественное питание,Общественное питание +32%,всплеск с провалом,ниже: обучение < 12 мес.,0.05,-0.84,-0.17,4.5,-0.55,0.17
2024-09,Большеулуйский,Красноярский край,691,шок,False,98.92,Транспорт,Транспорт -37%; Все категории -12%,разовый,,-2.46,-0.39,0.56,-0.29,0.87,-3.09
2024-07,Шимский,Новгородская область,1596,шок,False,98.92,Все категории,Все категории +6%; Общественное питание -21%,всплеск с провалом,,2.38,-0.6,0.43,-2.2,-0.96,0.94
2023-10,Чучковский,Рязанская область,1871,шок,False,98.92,Общественное питание,Общественное питание -63%,разовый,ниже: обучение < 12 мес.,1.69,0.39,1.68,-3.22,-0.26,1.8
2024-02,Казанский,Тюменская область,2204,шок,False,98.92,Транспорт,Транспорт -17%; Маркетплейсы +12%,сдвиг уровня,,-1.27,0.98,-2.48,-0.55,-0.5,-3.68
2024-05,Приаргунский,Забайкальский край,594,шок,False,98.91,Здоровье,Здоровье -21%,сдвиг уровня,,-1.58,-4.09,-0.21,-0.54,-0.8,1.39
2024-01,Поронайский,Сахалинская область,1963,шок,False,98.91,Продовольствие,Продовольствие -7%,разовый,,-1.7,-0.63,-0.49,-1.83,-3.85,0.03
2024-01,Кондинский,Ханты-Мансийский автономный округ — Югра,2231,шок,False,98.91,Продовольствие,Продовольствие -6%,разовый,,-1.66,-0.02,0.11,-1.05,-4.15,-0.12
2023-10,Октябрьский,Еврейская автономная область,2342,шок,False,98.91,Маркетплейсы,Маркетплейсы +82%,сдвиг уровня,ниже: обучение < 12 мес.,0.78,0.12,4.54,-0.18,-0.08,-0.16
2024-12,Малодербетовский,Республика Калмыкия,185,шок,False,98.9,Все категории,Все категории +7%; Транспорт -21%,,,2.73,1.47,0.15,0.0,0.0,-2.26
2024-04,Кайбицкий,Республика Татарстан,376,шок,False,98.9,Транспорт,Транспорт -26%; Все категории -2%,разовый,,-2.56,-0.1,0.56,-1.35,-0.93,-3.56
2024-01,Петровск-Забайкальский,Забайкальский край,593,шок,False,98.9,Общественное питание,Общественное питание -30%; Маркетплейсы -15%; Транспорт +2%,разовый,,-0.0,0.56,2.19,-2.3,-1.97,2.02
2023-12,Свердловский,Орловская область,1728,шок,False,98.9,Общественное питание,Общественное питание -39%; Транспорт -30%,сдвиг уровня,ниже: обучение < 12 мес.,-1.22,0.52,0.66,-3.6,-1.37,-2.48
2023-10,Бельский,Тверская область,2112,шок,False,98.9,Здоровье,Здоровье +68%,сдвиг уровня,ниже: обучение < 12 мес.,0.81,4.16,0.31,1.2,-0.15,1.51
2023-07,Чемальский,Республика Алтай,18,шок,False,98.89,Маркетплейсы,Маркетплейсы +51%; Все категории +11%,сдвиг уровня,ниже: обучение < 12 мес.,3.02,0.16,3.27,1.03,0.93,-0.85
2023-12,Полтавский,Омская область,1654,шок,False,98.89,Общественное питание,Общественное питание +110%,сдвиг уровня,ниже: обучение < 12 мес.,-0.08,-1.2,-0.07,4.36,0.39,-0.46
2024-11,Красноуфимский,Свердловская область,2025,шок,False,98.89,Общественное питание,Общественное питание -21%,разовый,,-1.18,0.13,-0.38,-4.4,0.44,0.07
2024-02,Ханты-Мансийский,Ханты-Мансийский автономный округ — Югра,2237,шок,False,98.89,Транспорт,Транспорт -11%,разовый,,-1.83,1.83,0.87,0.25,0.21,-3.08
2024-03,Кадошкинский,Республика Мордовия,297,шок,False,98.88,Все категории,Все категории +13%,сдвиг уровня,,3.62,1.61,1.5,-0.68,0.08,-0.3
2023-07,Нижневартовск,Ханты-Мансийский автономный округ — Югра,2221,шок,False,98.88,Транспорт,Транспорт +21%,сдвиг уровня,ниже: обучение < 12 мес.,-1.28,-0.87,-0.16,0.36,-0.21,3.92
2024-01,Пущино,Московская область,1474,внимание,False,98.88,Транспорт,Транспорт -30%; Маркетплейсы -25%,,,0.34,0.33,2.47,-1.12,0.68,-3.66
2024-12,Ноябрьск,Ямало-Ненецкий автономный округ,2243,внимание,False,98.88,Общественное питание,Общественное питание -6%; Продовольствие -4%; Маркетплейсы +5%,,,-1.45,-0.03,-2.37,-2.91,-2.59,-0.47
2023-11,Читинский,Забайкальский край,601,внимание,False,98.87,Продовольствие,Продовольствие -4%,,ниже: обучение < 12 мес.,1.69,-1.07,-0.72,-0.08,-2.04,1.67
2024-02,Балтийский,Калининградская область,1184,внимание,False,98.87,Общественное питание,Общественное питание -12%; Транспорт -11%,,,-0.96,-0.57,1.51,-3.76,-0.51,-2.08
2023-09,Медынский,Калужская область,1213,внимание,False,98.87,Продовольствие,Продовольствие -9%,,ниже: обучение < 12 мес.,0.71,-0.99,-1.85,1.52,-2.3,-1.03
2024-05,Исетский,Тюменская область,2202,внимание,True,98.87,Продовольствие,Продовольствие -8%,,,-1.88,-1.26,-0.01,-0.09,-3.96,-1.13
2023-08,Арбат,Москва,2535,внимание,False,98.87,Все категории,Все категории +1%; Маркетплейсы -3%,,ниже: обучение < 12 мес.,2.57,-0.02,-2.33,1.48,1.34,1.88
2024-05,Городовиковский,Республика Калмыкия,181,внимание,False,98.86,Общественное питание,Общественное питание -43%; Маркетплейсы +5%,,,-0.38,-0.91,2.53,-3.62,-0.49,0.33
2024-06,Прионежский,Республика Карелия,218,внимание,False,98.86,Общественное питание,Общественное питание -9%,,,-0.08,-0.92,0.33,-4.37,0.62,-0.87
2023-12,Дрожжановский,Республика Татарстан,372,внимание,False,98.86,Общественное питание,Общественное питание -36%,,ниже: обучение < 12 мес.,0.94,0.31,-0.32,-4.03,0.36,-1.4
2024-10,Тоджинский,Республика Тыва,413,внимание,False,98.86,Продовольствие,Продовольствие +8%,,,1.71,0.44,1.5,1.31,3.94,0.6
2023-07,Северо-Енисейский,Красноярский край,716,внимание,False,98.86,Все категории,Все категории +4%; Маркетплейсы +32%,,ниже: обучение < 12 мес.,3.61,0.31,2.03,1.9,0.76,-0.35
2024-07,Коряжма,Архангельская область,891,внимание,True,98.86,Общественное питание,Общественное питание -19%,,,-1.9,-1.93,-0.85,-3.66,-1.3,-0.56
2024-10,Котельничский,Кировская область,1276,внимание,False,98.86,Общественное питание,Общественное питание -29%; Транспорт +31%,,,-0.5,-1.8,-1.52,-2.92,-0.51,2.44
2023-10,Пущино,Московская область,1474,внимание,True,98.86,Здоровье,Здоровье -13%; Маркетплейсы +8%,,ниже: обучение < 12 мес.,-1.37,-3.11,-2.69,1.03,1.26,-0.45
2023-09,Чемальский,Республика Алтай,18,внимание,False,98.85,Маркетплейсы,Маркетплейсы -18%; Все категории -14%,,ниже: обучение < 12 мес.,-2.3,-0.86,-3.65,-1.44,-0.36,1.01
2023-09,Алагирский,Республика Северная Осетия — Алания,346,внимание,False,98.85,Продовольствие,Продовольствие +3%; Общественное питание -6%,,ниже: обучение < 12 мес.,-0.01,0.38,-1.27,2.16,3.35,0.0
2023-10,Нагорский,Кировская область,1282,внимание,False,98.85,Маркетплейсы,Маркетплейсы +144%,,ниже: обучение < 12 мес.,-0.35,-0.52,3.53,-0.92,0.97,-1.79
2024-11,Межевской,Костромская область,1319,внимание,False,98.85,Здоровье,Здоровье -16%,,,-1.48,-4.25,0.57,-0.63,0.37,0.49
2024-11,Южно-Курильский,Сахалинская область,1970,внимание,False,98.85,Маркетплейсы,Маркетплейсы +8%; Общественное питание -16%; Транспорт -28%,,,-1.87,-0.59,2.46,-2.41,-2.0,-2.21
2023-12,Адыгейск,Республика Адыгея,2,внимание,False,98.84,Маркетплейсы,Маркетплейсы -12%; Все категории -5%,,ниже: обучение < 12 мес.,-2.48,0.0,-3.61,-0.53,0.21,-1.18
2024-08,Параньгинский,Республика Марий Эл,282,внимание,False,98.84,Маркетплейсы,Маркетплейсы +32%,,,-1.67,-0.93,3.23,-0.69,-0.45,-1.15
2024-02,Воловский,Липецкая область,1412,внимание,False,98.84,Маркетплейсы,Маркетплейсы +10%; Общественное питание +71%,,,-1.03,-0.39,-3.74,2.34,-0.24,-0.19
2023-09,Гаринский,Свердловская область,2022,внимание,False,98.84,Маркетплейсы,Маркетплейсы -29%; Общественное питание -47%,,ниже: обучение < 12 мес.,0.13,0.41,-3.36,-2.11,-0.27,-1.38
2023-09,Фировский,Тверская область,2143,внимание,True,98.84,Продовольствие,Продовольствие -12%,,ниже: обучение < 12 мес.,-0.26,0.0,0.0,-1.58,-3.8,-0.78
2023-12,Ирафский,Республика Северная Осетия — Алания,349,внимание,False,98.83,Все категории,Все категории -10%; Маркетплейсы -16%,,ниже: обучение < 12 мес.,-3.45,0.11,-2.71,0.0,0.32,-1.11
2024-12,Пушкиногорский,Псковская область,1785,внимание,False,98.83,Общественное питание,Общественное питание -35%,,,-1.27,0.82,-0.73,-4.26,0.26,-0.64
2024-08,Сапожковский,Рязанская область,1864,внимание,False,98.83,Здоровье,Здоровье -26%,,,-0.35,-4.14,1.75,-0.18,-0.53,-0.41
2024-11,Гавриловский,Тамбовская область,2079,внимание,False,98.83,Маркетплейсы,Маркетплейсы -18%,,,-0.97,-1.24,-3.74,-0.06,1.86,-0.15
2023-07,Староюрьевский,Тамбовская область,2096,внимание,False,98.83,Здоровье,Здоровье -19%,,ниже: обучение < 12 мес.,-0.87,-3.6,1.05,-0.56,1.74,-0.02
2023-12,Билибинский,Чукотский автономный округ,2349,внимание,False,98.83,Продовольствие,Продовольствие +12%,,ниже: обучение < 12 мес.,0.33,0.36,-0.83,-0.82,3.92,0.05
2023-08,Тигильский,Камчатский край,621,внимание,True,98.82,Маркетплейсы,Маркетплейсы +35%; Здоровье -10%,,ниже: обучение < 12 мес.,0.12,-2.68,2.88,1.64,0.96,0.3
2023-11,Большой Камень,Приморский край,778,внимание,False,98.82,Все категории,Все категории -2%,,ниже: обучение < 12 мес.,-4.01,-1.18,-0.6,-0.78,-0.55,-0.47
2024-09,Ольгинский,Приморский край,796,внимание,False,98.82,Все категории,Все категории -6%,,,-3.7,-0.44,-0.55,-0.76,-0.14,0.34
2024-07,Оймяконский,Республика Саха (Якутия),332,внимание,False,98.81,Маркетплейсы,Маркетплейсы +24%,,,0.03,-0.35,3.56,1.12,1.53,0.49
2024-07,Аликовский,Чувашская Республика,484,внимание,False,98.81,Здоровье,Здоровье -26%,,,1.68,-3.59,-0.02,0.45,0.91,-0.94
2024-12,Звериноголовский,Курганская область,1339,внимание,False,98.81,Общественное питание,Общественное питание -61%,,,0.51,1.56,1.01,-3.83,1.15,0.78
2024-06,Макаровский,Сахалинская область,1959,внимание,True,98.81,Продовольствие,Продовольствие -9%,,,-1.38,-1.65,0.95,-0.62,-3.96,0.06
2023-10,Тереньгульский,Ульяновская область,2271,внимание,False,98.81,Здоровье,Здоровье -17%; Все категории -8%; Продовольствие -9%,,ниже: обучение < 12 мес.,-2.68,-2.99,-0.91,-0.75,-2.06,0.05
2023-10,Верхнеколымский,Республика Саха (Якутия),318,внимание,False,98.8,Все категории,Все категории -11%; Здоровье -16%; Продовольствие -6%,,ниже: обучение < 12 мес.,-3.45,-2.07,0.65,-1.27,-2.02,-1.34
2023-09,Оймяконский,Республика Саха (Якутия),332,внимание,False,98.8,Все категории,Все категории -18%,,ниже: обучение < 12 мес.,-3.61,-1.15,0.17,0.26,-1.5,0.64
2024-12,Чеди-Хольский,Республика Тыва,416,внимание,False,98.8,Транспорт,Транспорт -7%,,,0.01,0.97,0.37,1.06,-0.81,-4.07
2024-10,Улётовский,Забайкальский край,598,внимание,False,98.8,Транспорт,Транспорт -21%,,,-0.64,0.35,0.63,-0.28,0.18,-4.41
2023-10,Сокольский,Вологодская область,1063,внимание,False,98.8,Здоровье,Здоровье -18%,,ниже: обучение < 12 мес.,1.06,-4.03,-0.55,-0.16,1.17,-0.0
2024-08,Ярославский,Ярославская область,2337,внимание,False,98.8,Транспорт,Транспорт -9%,,,-1.33,-1.59,-0.14,-0.93,-1.59,-3.89
2023-10,Урицкий,Орловская область,1731,внимание,False,98.79,Транспорт,Транспорт -31%; Маркетплейсы -6%; Общественное питание -29%,,ниже: обучение < 12 мес.,-1.75,-0.15,-2.33,-2.02,-1.31,-3.26
2024-08,Урицкий,Орловская область,1731,внимание,False,98.79,Общественное питание,Общественное питание -30%; Все категории -11%,,,-2.34,1.4,0.23,-3.36,-1.46,-1.83
2024-10,Касимовский,Рязанская область,1852,внимание,False,98.79,Здоровье,Здоровье -20%,,,0.46,-4.39,0.67,-0.66,-0.06,0.54
2023-10,Суетский,Алтайский край,553,внимание,False,98.78,Продовольствие,Продовольствие -10%,,ниже: обучение < 12 мес.,-1.13,-1.39,0.46,-0.41,-4.02,0.53
2023-12,Павинский,Костромская область,1324,внимание,False,98.78,Продовольствие,Продовольствие +23%,,ниже: обучение < 12 мес.,1.03,-0.48,1.09,0.04,4.08,0.19
2023-08,Магадан,Магаданская область,1430,внимание,False,98.78,Все категории,Все категории -7%; Здоровье +2%,,ниже: обучение < 12 мес.,-3.57,-2.23,-0.41,-0.36,-1.52,-0.6
2023-08,Троснянский,Орловская область,1730,внимание,False,98.78,Маркетплейсы,Маркетплейсы -51%; Здоровье +45%,,ниже: обучение < 12 мес.,-1.48,2.07,-3.38,-1.1,-1.56,-1.47
2023-11,Новофедоровское,Москва,2601,внимание,False,98.78,Транспорт,Транспорт +9%; Все категории +7%,,ниже: обучение < 12 мес.,2.05,-0.5,-0.54,0.09,0.88,3.89
2024-01,Дигорский,Республика Северная Осетия — Алания,348,внимание,False,98.77,Транспорт,Транспорт -28%,,,0.53,-0.71,0.0,0.0,-0.26,-4.22
2023-12,Кишертский,Пермский край,746,внимание,False,98.77,Общественное питание,Общественное питание +147%,,ниже: обучение < 12 мес.,-0.17,0.7,-1.8,3.94,0.68,-0.68
2024-01,Ольский,Магаданская область,1431,внимание,False,98.77,Общественное питание,Общественное питание -24%,,,-0.38,-0.89,0.21,-4.36,-0.02,0.43
2024-01,Струго-Красненский,Псковская область,1788,внимание,False,98.77,Общественное питание,Общественное питание -24%,,,-1.76,0.15,-1.48,-3.83,-0.62,0.72
2024-09,Ярославский,Ярославская область,2337,внимание,True,98.77,Все категории,Все категории -4%; Продовольствие -4%,,,-3.3,-1.58,0.5,-1.49,-2.56,-1.45
2024-08,Калевальский,Республика Карелия,209,внимание,False,98.76,Транспорт,Транспорт +2%,,,0.77,1.6,1.61,1.09,1.42,3.83
2024-02,Спасский,Приморский край,800,внимание,False,98.76,Транспорт,Транспорт +28%,,,-0.17,0.95,-0.96,-0.63,-0.07,4.2
2023-12,Сакмарский,Оренбургская область,1699,внимание,False,98.76,Общественное питание,Общественное питание -42%; Транспорт -17%,,ниже: обучение < 12 мес.,0.29,-0.78,0.63,-3.83,-0.3,-2.15
2023-07,Пыталовский,Псковская область,1786,внимание,False,98.76,Маркетплейсы,Маркетплейсы -8%,,ниже: обучение < 12 мес.,-1.35,-1.19,-4.06,0.93,-1.28,0.35
2024-09,Рыбинский,Ярославская область,2334,внимание,True,98.76,Маркетплейсы,Маркетплейсы +18%; Транспорт +30%; Здоровье +33%,,,1.75,2.08,2.81,1.92,-1.14,2.12
2023-08,Большеберезниковский,Республика Мордовия,290,внимание,False,98.75,Общественное питание,Общественное питание +742%,,ниже: обучение < 12 мес.,-0.58,-0.03,-0.25,4.35,-0.37,-0.47
2023-08,Юкаменский,Удмуртская Республика,445,внимание,True,98.75,Общественное питание,Общественное питание -23%; Все категории -10%; Маркетплейсы -23%,,ниже: обучение < 12 мес.,-2.46,-0.57,-2.08,-3.08,-0.23,-1.53
2024-09,Эвенкийский,Красноярский край,726,внимание,False,98.75,Общественное питание,Общественное питание -38%; Маркетплейсы -27%,,,-0.27,-0.1,-2.03,-3.93,0.06,-0.3
2024-04,Ермишинский,Рязанская область,1849,внимание,False,98.75,Маркетплейсы,Маркетплейсы +81%,,,1.2,0.01,3.85,0.98,1.06,1.86
2024-03,Быковский,Волгоградская область,1014,внимание,False,98.74,Маркетплейсы,Маркетплейсы -17%; Транспорт -13%; Все категории -8%,,,-2.02,1.44,-3.07,-0.45,-0.59,-2.47
2024-10,Буй,Костромская область,1304,внимание,False,98.74,Продовольствие,Продовольствие -5%; Все категории -2%,,,-2.09,-0.95,0.63,-1.14,-3.74,-0.48
2023-09,Урицкий,Орловская область,1731,внимание,False,98.74,Маркетплейсы,Маркетплейсы +36%; Здоровье +61%,,ниже: обучение < 12 мес.,0.17,2.03,3.81,0.0,0.06,-0.13
2024-10,Холмский,Сахалинская область,1969,внимание,False,98.74,Продовольствие,Продовольствие -2%,,,-1.08,-0.07,-0.37,0.37,-3.97,-1.64
2023-08,Хиславичский,Смоленская область,2067,внимание,False,98.74,Здоровье,Здоровье -14%; Продовольствие +3%,,ниже: обучение < 12 мес.,0.2,-3.69,0.16,-0.19,2.14,0.99
2024-07,Щаповское,Москва,2607,внимание,False,98.74,Здоровье,Здоровье +20%; Маркетплейсы -13%,,,-0.4,3.52,-2.55,0.05,0.85,0.61
2024-05,Сунтарский,Республика Саха (Якутия),336,внимание,False,98.73,Общественное питание,Общественное питание -40%; Транспорт -29%; Здоровье -27%,,,-0.38,-2.19,0.22,-3.13,0.27,-2.23
2023-11,Каргатский,Новосибирская область,1610,внимание,True,98.73,Здоровье,Здоровье -22%,,ниже: обучение < 12 мес.,-0.81,-3.55,-1.99,0.48,1.49,0.67
2024-07,Домбаровский,Оренбургская область,1686,внимание,False,98.73,Общественное питание,Общественное питание -27%; Продовольствие -11%,,,-0.46,-1.93,0.8,-2.95,-2.67,-0.57
2023-11,Дегтярск,Свердловская область,2007,внимание,False,98.73,Общественное питание,Общественное питание -32%; Транспорт -24%,,ниже: обучение < 12 мес.,1.05,0.06,-0.36,-3.05,-0.56,-2.43
2024-08,Кобяйский,Республика Саха (Якутия),323,внимание,False,98.72,Маркетплейсы,Маркетплейсы +46%; Продовольствие -8%,,,-1.35,0.51,2.89,0.24,-2.27,-1.59
2023-11,Оленекский,Республика Саха (Якутия),334,внимание,False,98.72,Здоровье,Здоровье -33%,,ниже: обучение < 12 мес.,-1.47,-2.84,1.65,-0.91,1.18,0.31
2024-03,Тандинский,Республика Тыва,410,внимание,False,98.72,Общественное питание,Общественное питание +80%,,,1.01,-0.01,1.24,4.11,0.01,-0.79
2023-10,Свирск,Иркутская область,1143,внимание,False,98.72,Продовольствие,Продовольствие -7%; Все категории -5%,,ниже: обучение < 12 мес.,-2.79,0.08,-1.36,-1.26,-3.14,0.31
2023-10,Сорокинский,Тюменская область,2208,внимание,False,98.72,Продовольствие,Продовольствие -4%; Маркетплейсы +35%; Все категории +11%,,ниже: обучение < 12 мес.,2.04,0.82,2.11,1.62,-2.19,0.44
2024-05,Вуктыл,Республика Коми,226,внимание,False,98.71,Общественное питание,Общественное питание +18%; Продовольствие -7%,,,-1.04,0.48,-0.08,3.15,-2.77,-0.49
2023-08,Межевской,Костромская область,1319,внимание,False,98.71,Маркетплейсы,Маркетплейсы -28%,,ниже: обучение < 12 мес.,0.22,-0.3,-3.97,0.56,1.02,-0.37
2024-12,Мокроусовский,Курганская область,1347,внимание,False,98.71,Общественное питание,Общественное питание -50%; Здоровье -15%; Транспорт -18%,,,-0.18,-2.07,-0.44,-3.32,-1.28,-2.04
2024-10,Бай-Тайгинский,Республика Тыва,401,внимание,False,98.7,Все категории,Все категории -15%,,,-3.68,-0.02,-1.18,-0.13,-1.61,-1.8
2023-10,Череповецкий,Вологодская область,1071,внимание,False,98.7,Все категории,Все категории +11%; Транспорт +16%; Маркетплейсы +30%,,ниже: обучение < 12 мес.,2.93,0.15,2.13,0.37,0.93,2.51
2024-08,Полярные Зори,Мурманская область,1511,внимание,False,98.7,Общественное питание,Общественное питание +8%; Здоровье -2%,,,-0.27,2.5,-0.57,3.57,-0.2,0.59
2024-04,Мошковский,Новосибирская область,1619,внимание,False,98.7,Общественное питание,Общественное питание +70%; Продовольствие -2%,,,-0.32,1.3,-0.42,3.18,-2.27,-1.09
2023-07,Заокский,Тульская область,2177,внимание,False,98.7,Маркетплейсы,Маркетплейсы +11%,,ниже: обучение < 12 мес.,0.98,0.41,4.27,0.01,-0.11,0.34
2024-08,Среднеколымский,Республика Саха (Якутия),335,внимание,False,98.69,Здоровье,Здоровье +28%; Общественное питание +15%,,,0.62,3.5,-0.05,2.58,0.23,0.64
2024-01,Тогульский,Алтайский край,560,внимание,False,98.69,Общественное питание,Общественное питание -43%,,,0.71,1.86,0.82,-3.53,0.63,-1.71
2023-12,Варгашинский,Курганская область,1337,внимание,False,98.69,Транспорт,Транспорт -19%; Все категории -4%,,ниже: обучение < 12 мес.,-2.21,-0.86,-0.05,-0.28,-1.61,-3.44
2024-04,Липецк,Липецкая область,1410,внимание,False,98.69,Маркетплейсы,Маркетплейсы +29%; Общественное питание +6%,,,0.26,-1.27,3.26,2.5,-0.15,0.72
2023-10,Смидовичский,Еврейская автономная область,2343,внимание,False,98.69,Здоровье,Здоровье +22%; Все категории +6%,,ниже: обучение < 12 мес.,2.42,3.16,-0.07,1.84,0.08,1.06
2023-08,Таттинский,Республика Саха (Якутия),337,внимание,False,98.68,Общественное питание,Общественное питание +62%,,ниже: обучение < 12 мес.,0.69,-0.58,-1.35,3.36,-0.39,-1.74
2024-07,Мариинско-Посадский,Чувашская Республика,493,внимание,False,98.68,Общественное питание,Общественное питание -40%,,,-1.65,1.13,0.18,-3.9,-0.1,-0.95
2024-04,Иссинский,Пензенская область,1744,внимание,False,98.68,Общественное питание,Общественное питание -23%,,,1.55,1.73,0.0,-3.23,-0.36,0.64
2024-03,Нефтеюганский,Ханты-Мансийский автономный округ — Югра,2232,внимание,False,98.68,Маркетплейсы,Маркетплейсы +8%; Все категории +5%; Продовольствие +4%,,,2.61,2.22,2.63,2.05,2.34,0.19
2023-12,Надымский,Ямало-Ненецкий автономный округ,2245,внимание,False,98.68,Маркетплейсы,Маркетплейсы -11%; Общественное питание +10%,,ниже: обучение < 12 мес.,-0.05,-1.6,-3.04,2.32,-0.4,-0.81
2024-08,Переславль-Залесский,Ярославская область,2619,внимание,False,98.68,Все категории,Все категории +5%; Продовольствие +1%,,,3.31,1.69,1.98,0.62,2.08,1.94
2023-07,Нальчик,Кабардино-Балкарская Республика,167,внимание,False,98.67,Транспорт,Транспорт +12%; Здоровье +11%,,ниже: обучение < 12 мес.,0.82,2.7,1.04,-0.07,-0.23,3.29
2024-03,Ардонский,Республика Северная Осетия — Алания,347,внимание,False,98.67,Общественное питание,Общественное питание -25%,,,0.56,-0.49,0.99,-4.09,1.17,-0.74
2024-08,Беловский,Кемеровская область,1240,внимание,False,98.67,Общественное питание,Общественное питание +26%; Маркетплейсы +29%; Все категории +12%,,,2.43,0.62,2.5,2.65,0.28,-0.24
2024-12,Ржаксинский,Тамбовская область,2093,внимание,False,98.67,Общественное питание,Общественное питание -32%,,,0.12,-1.72,0.47,-3.98,-0.64,-0.01
2023-12,Эгвекинот,Чукотский автономный округ,2345,внимание,False,98.67,Продовольствие,Продовольствие +19%,,ниже: обучение < 12 мес.,1.02,0.25,-0.4,0.11,4.12,-0.13
2023-11,Дрожжановский,Республика Татарстан,372,внимание,False,98.66,Общественное питание,Общественное питание +47%,,ниже: обучение < 12 мес.,1.28,0.18,1.62,3.86,0.41,1.06
2024-01,Калганский,Забайкальский край,583,внимание,False,98.66,Продовольствие,Продовольствие -14%,,,0.33,1.27,-0.85,1.69,-3.08,-0.0
2023-08,Полины Осипенко,Хабаровский край,855,внимание,False,98.66,Общественное питание,Общественное питание +84%,,ниже: обучение < 12 мес.,0.46,0.82,1.49,4.04,-0.79,0.58
2023-09,Ермишинский,Рязанская область,1849,внимание,True,98.66,Общественное питание,Общественное питание +122%,,ниже: обучение < 12 мес.,1.61,-1.02,0.95,3.94,-0.49,0.98
2023-10,Малышевский,Свердловская область,1975,внимание,False,98.66,Здоровье,Здоровье -8%; Маркетплейсы +29%,,ниже: обучение < 12 мес.,0.72,-3.55,2.17,-1.37,0.01,0.01
2024-03,Анивский,Сахалинская область,1955,внимание,False,98.65,Продовольствие,Продовольствие -4%,,,-1.01,0.94,0.4,-0.11,-3.94,0.27
2024-03,Усть-Янский,Республика Саха (Якутия),341,внимание,False,98.64,Транспорт,Транспорт +44%,,,1.08,0.61,1.41,-1.91,0.19,3.52
2023-11,Приаргунский,Забайкальский край,594,внимание,False,98.64,Продовольствие,Продовольствие -5%; Здоровье +14%; Транспорт +9%,,ниже: обучение < 12 мес.,-0.26,2.38,0.48,0.77,-2.55,2.13
2024-06,Анивский,Сахалинская область,1955,внимание,True,98.64,Все категории,Все категории -8%,,,-2.76,0.15,0.55,-0.03,0.85,-0.01
2023-11,Углегорский,Сахалинская область,1968,внимание,False,98.64,Все категории,Все категории -4%; Транспорт -12%,,ниже: обучение < 12 мес.,-3.64,-0.79,-1.2,-0.12,-1.04,-2.09
2024-10,Чеди-Хольский,Республика Тыва,416,внимание,True,98.63,Транспорт,Транспорт +10%,,,0.27,0.36,0.15,1.47,-0.25,4.1
2024-10,Большеулуйский,Красноярский край,691,внимание,False,98.63,Продовольствие,Продовольствие -6%,,,0.01,-1.65,-0.33,-0.33,-3.45,-0.68
2024-04,Краснооктябрьский,Нижегородская область,1559,внимание,False,98.63,Продовольствие,Продовольствие +11%; Транспорт +30%,,,1.33,1.21,0.85,0.22,3.62,2.02
2023-12,Прионежский,Республика Карелия,218,внимание,False,98.62,Маркетплейсы,Маркетплейсы +13%,,ниже: обучение < 12 мес.,0.31,0.78,4.04,0.44,0.67,0.13
2023-08,Горный,Республика Саха (Якутия),321,внимание,False,98.62,Все категории,Все категории +3%,,ниже: обучение < 12 мес.,3.39,-0.56,0.27,0.49,1.15,-1.1
2024-10,Звериноголовский,Курганская область,1339,внимание,False,98.62,Транспорт,Транспорт -20%; Все категории -6%; Маркетплейсы -15%,,,-2.65,-0.33,-2.08,-1.91,-2.04,-2.76
2023-08,Куркинский,Тульская область,2181,внимание,False,98.62,Маркетплейсы,Маркетплейсы -7%; Здоровье -8%,,ниже: обучение < 12 мес.,-0.61,-2.02,-3.71,0.01,0.95,0.68
2024-11,Березовский,Ханты-Мансийский автономный округ — Югра,2230,внимание,False,98.62,Продовольствие,Продовольствие -13%,,,-0.24,-0.09,-0.25,0.06,-3.87,-0.32
2023-12,Воркута,Республика Коми,225,внимание,False,98.61,Маркетплейсы,Маркетплейсы -15%,,ниже: обучение < 12 мес.,0.23,-0.1,-3.31,0.35,-1.74,-0.02
2023-08,Кежемский,Красноярский край,702,внимание,False,98.61,Все категории,Все категории -8%,,ниже: обучение < 12 мес.,-3.37,-0.2,-0.34,1.28,-0.63,-1.31
2023-12,Калтанский,Кемеровская область,1228,внимание,False,98.61,Продовольствие,Продовольствие -4%; Здоровье -13%,,ниже: обучение < 12 мес.,-1.95,-2.3,-0.56,0.17,-3.12,-0.72
2024-04,Нальчик,Кабардино-Балкарская Республика,167,внимание,False,98.6,Общественное питание,Общественное питание +24%; Здоровье -3%,,,-0.05,-2.79,-0.16,3.18,-0.92,0.35
2024-08,Чурапчинский,Республика Саха (Якутия),343,внимание,False,98.6,Транспорт,Транспорт +10%; Здоровье -16%,,,0.01,-2.0,0.9,0.31,-1.63,3.17
2024-07,Эгвекинот,Чукотский автономный округ,2345,внимание,True,98.6,Маркетплейсы,Маркетплейсы +46%,,,1.03,0.65,3.98,0.42,1.37,-0.24
2023-12,Балтийский,Калининградская область,1184,внимание,False,98.59,Общественное питание,Общественное питание +15%,,ниже: обучение < 12 мес.,1.55,1.12,0.45,3.8,0.19,1.41
2024-01,Становлянский,Липецкая область,1425,внимание,False,98.59,Транспорт,Транспорт -30%; Общественное питание -29%; Все категории -9%,,,-2.06,-0.67,-1.58,-2.53,-0.31,-2.85
2024-04,Новосильский,Орловская область,1725,внимание,False,98.59,Общественное питание,Общественное питание -30%; Маркетплейсы +46%,,,0.77,-0.81,2.12,-3.45,-0.28,0.94
2024-08,Алексеевский,Самарская область,1884,внимание,False,98.59,Продовольствие,Продовольствие -9%,,,-1.24,1.25,0.43,0.75,-3.47,1.15
2023-10,Красноуфимский,Свердловская область,2025,внимание,False,98.59,Маркетплейсы,Маркетплейсы +57%,,ниже: обучение < 12 мес.,1.19,1.71,3.8,0.47,0.58,0.43
2024-06,Вуктыл,Республика Коми,226,внимание,False,98.58,Здоровье,Здоровье +25%; Маркетплейсы +32%,,,0.95,3.0,2.36,-1.84,-0.89,0.09
2024-12,Боградский,Республика Хакасия,456,внимание,False,98.58,Транспорт,Транспорт -17%; Здоровье -20%,,,-0.99,-2.9,0.3,-0.01,-0.29,-3.06
2024-08,Благовещенский,Амурская область,872,внимание,False,98.58,Транспорт,Транспорт +3%; Все категории +4%,,,2.03,0.37,-0.07,1.81,1.59,3.37
2024-09,Дивеевский,Нижегородская область,1555,внимание,False,98.58,Транспорт,Транспорт +18%; Здоровье -6%; Все категории +3%,,,2.06,-2.23,0.52,0.04,0.61,3.09
2023-08,Фировский,Тверская область,2143,внимание,False,98.58,Транспорт,Транспорт -23%,,ниже: обучение < 12 мес.,-0.66,-0.47,0.27,0.08,-0.15,-4.26
2023-12,Верхневилюйский,Республика Саха (Якутия),317,внимание,False,98.57,Маркетплейсы,Маркетплейсы -43%,,ниже: обучение < 12 мес.,2.0,-0.3,-2.22,-0.92,0.62,-0.69
2024-01,Чугуевский,Приморский край,806,внимание,False,98.57,Транспорт,Транспорт -24%,,,-1.54,0.27,0.88,0.52,-0.61,-3.95
2023-08,Тымовский,Сахалинская область,1967,внимание,True,98.57,Все категории,Все категории -9%,,ниже: обучение < 12 мес.,-3.11,-1.63,-0.77,0.69,0.08,0.94
2024-07,Александровский,Томская область,2148,внимание,True,98.57,Маркетплейсы,Маркетплейсы +15%,,,-0.52,-0.86,3.77,0.36,-0.63,0.0
2024-10,Юринский,Республика Марий Эл,285,внимание,False,98.56,Все категории,Все категории +16%; Маркетплейсы +34%,,,3.29,1.27,2.5,-0.25,0.36,0.47
2023-08,Красногорский,Удмуртская Республика,437,внимание,False,98.56,Общественное питание,Общественное питание -30%,,ниже: обучение < 12 мес.,-0.03,1.54,-1.26,-3.84,0.29,-0.21
2023-07,Княгининский,Нижегородская область,1556,внимание,False,98.56,Маркетплейсы,Маркетплейсы +22%; Общественное питание +9%; Все категории +7%,,ниже: обучение < 12 мес.,2.16,1.68,2.79,-2.2,0.01,-0.58
2024-11,Чучковский,Рязанская область,1871,внимание,False,98.56,Здоровье,Здоровье -23%,,,0.52,-4.12,0.55,0.41,1.19,-0.27
2023-10,Спировский,Тверская область,2139,внимание,False,98.56,Здоровье,Здоровье -9%,,ниже: обучение < 12 мес.,-1.87,-2.64,-0.95,-1.15,1.3,1.5
2023-12,Стрельна,Санкт-Петербург,2446,внимание,False,98.56,Здоровье,Здоровье -7%; Общественное питание -6%,,ниже: обучение < 12 мес.,-0.35,-3.47,0.97,-2.11,0.84,0.95
2023-10,Чеди-Хольский,Республика Тыва,416,внимание,False,98.55,Общественное питание,Общественное питание +53%,,ниже: обучение < 12 мес.,1.94,-0.17,-0.7,3.7,0.69,-0.74
2024-12,Коряжма,Архангельская область,891,внимание,False,98.55,Здоровье,Здоровье +19%; Все категории +12%; Транспорт +20%,,,2.35,2.79,0.55,1.36,2.3,2.31
2023-08,Стерлибашевский,Республика Башкортостан,72,внимание,False,98.54,Маркетплейсы,Маркетплейсы +48%,,ниже: обучение < 12 мес.,-1.13,-0.76,3.27,0.69,-1.4,0.03
2023-10,Благовещенский,Алтайский край,518,внимание,False,98.54,Продовольствие,Продовольствие -9%; Все категории -3%,,ниже: обучение < 12 мес.,-2.04,0.4,-0.42,-0.54,-3.76,-0.46
2024-03,Шуйский,Ивановская область,1131,внимание,False,98.54,Здоровье,Здоровье -13%,,,1.61,-3.3,-0.67,1.39,0.33,0.62
2024-06,Морские ворота,Санкт-Петербург,2391,внимание,True,98.54,Здоровье,Здоровье +11%; Все категории +4%,,,2.64,3.14,0.57,1.33,0.21,0.65
2024-12,Агидель,Республика Башкортостан,22,внимание,False,98.53,Транспорт,Транспорт -30%; Общественное питание -19%,,,-0.29,0.82,-0.21,-2.07,-0.97,-3.65
2024-11,Корткеросский,Республика Коми,233,внимание,False,98.53,Общественное питание,Общественное питание -41%,,,0.54,-0.08,0.06,-3.93,0.92,1.23
2023-10,Козульский,Красноярский край,703,внимание,False,98.53,Общественное питание,Общественное питание -49%; Продовольствие -6%,,ниже: обучение < 12 мес.,-1.26,0.7,-0.39,-3.26,-2.53,-0.72
2023-12,Чистоозерный,Новосибирская область,1630,внимание,False,98.53,Здоровье,Здоровье +37%,,ниже: обучение < 12 мес.,1.47,3.76,-0.68,0.31,1.49,-0.49
2024-12,Викуловский,Тюменская область,2200,внимание,False,98.53,Транспорт,Транспорт +15%; Маркетплейсы -3%,,,-0.39,0.29,-2.35,0.41,-0.21,3.58
2024-10,Гусь-Хрустальный,Владимирская область,994,внимание,False,98.52,Все категории,Все категории -2%; Здоровье -14%; Продовольствие -3%,,,-2.6,-2.54,-0.84,0.68,-2.3,-1.49
2024-10,Боханский,Иркутская область,1172,внимание,False,98.52,Здоровье,Здоровье +33%,,,-1.99,2.97,0.38,-1.0,-1.65,-1.53
2024-12,Курманаевский,Оренбургская область,1690,внимание,False,98.52,Общественное питание,Общественное питание -43%; Продовольствие -11%,,,-1.12,-0.63,-0.3,-3.43,-2.35,-0.39
2024-07,Кувшиновский,Тверская область,2126,внимание,False,98.52,Маркетплейсы,Маркетплейсы +6%; Транспорт -9%,,,-1.05,-0.37,2.97,-1.03,-0.52,-2.67
2024-01,Кизильский,Челябинская область,2302,внимание,False,98.52,Транспорт,Транспорт -30%; Все категории -13%,,,-2.68,-0.0,-1.26,-1.82,-1.28,-2.83
2024-03,Сыктывдинский,Республика Коми,237,внимание,False,98.51,Маркетплейсы,Маркетплейсы -15%,,,-0.73,-0.05,-3.98,0.69,-1.23,-0.64
2024-11,Печенгский,Мурманская область,1521,внимание,False,98.51,Транспорт,Транспорт -7%; Общественное питание -7%,,,-0.28,-0.16,-1.81,-2.14,0.11,-3.25
2023-10,Михайлово-Ярцевское,Москва,2598,внимание,False,98.51,Маркетплейсы,Маркетплейсы +5%,,ниже: обучение < 12 мес.,-0.39,-1.31,-3.93,-0.88,-0.28,0.31
2023-10,Краснослободский,Республика Мордовия,300,внимание,False,98.5,Общественное питание,Общественное питание +36%; Продовольствие -10%,,ниже: обучение < 12 мес.,-0.9,0.59,-1.83,2.72,-2.6,0.07
2024-10,Балейский,Забайкальский край,578,внимание,False,98.5,Продовольствие,Продовольствие +10%; Все категории +10%,,,2.0,-0.04,0.05,0.05,3.66,1.01
2024-11,Буйский,Костромская область,1310,внимание,True,98.5,Продовольствие,Продовольствие -12%,,,-1.94,-1.46,-1.29,0.16,-3.54,0.47
2024-05,Оленегорск,Мурманская область,1510,внимание,False,98.5,Продовольствие,Продовольствие -3%; Транспорт +0%,,,-1.06,-1.28,-1.46,-0.16,-3.46,-2.09
2024-12,Краснопартизанский,Саратовская область,1932,внимание,True,98.5,Общественное питание,Общественное питание -33%; Все категории +7%; Маркетплейсы +25%,,,2.28,-0.59,2.04,-2.81,1.34,-0.1
2024-09,Федоровский,Республика Башкортостан,78,внимание,False,98.49,Все категории,Все категории +16%; Общественное питание +69%,,,3.46,0.24,1.3,2.17,0.18,0.84
2023-12,Эвенкийский,Красноярский край,726,внимание,False,98.49,Продовольствие,Продовольствие +10%,,ниже: обучение < 12 мес.,0.05,-0.94,-0.95,0.03,3.59,0.48
2023-08,Частоозерский,Курганская область,1353,внимание,False,98.49,Общественное питание,Общественное питание -22%,,ниже: обучение < 12 мес.,1.57,0.41,-0.22,-3.55,1.17,0.32
2024-11,Ачитский,Свердловская область,2018,внимание,False,98.49,Все категории,Все категории -10%; Маркетплейсы -15%,,,-3.04,-0.75,-2.83,-1.05,-0.95,-0.07
2024-01,Вилюйский,Республика Саха (Якутия),320,внимание,False,98.48,Все категории,Все категории -20%,,,-2.97,-0.55,1.25,-0.06,-0.29,-0.33
2024-10,Пожарский,Приморский край,799,внимание,False,98.48,Все категории,Все категории +6%; Продовольствие +5%,,,2.8,1.73,0.74,-0.19,2.73,1.66
2024-06,Северный,Новосибирская область,1622,внимание,True,98.48,Здоровье,Здоровье -29%,,,-0.04,-3.79,-0.42,1.88,0.62,0.57
2024-04,Асекеевский,Оренбургская область,1681,внимание,False,98.48,Маркетплейсы,Маркетплейсы +62%; Продовольствие +10%,,,1.81,1.81,2.74,0.35,2.74,-0.89
2023-07,Тобольск,Тюменская область,2193,внимание,False,98.48,Транспорт,Транспорт +15%,,ниже: обучение < 12 мес.,0.29,0.12,0.09,0.26,-0.03,4.26
2024-11,Большесельский,Ярославская область,2321,внимание,False,98.48,Продовольствие,Продовольствие +6%,,,1.12,0.87,-0.29,0.67,3.48,-1.67
2024-04,Прионежский,Республика Карелия,218,внимание,True,98.47,Все категории,Все категории +8%; Здоровье +18%,,,2.27,2.16,1.15,1.91,-1.59,0.64
2024-09,Краснинский,Липецкая область,1421,внимание,False,98.47,Общественное питание,Общественное питание -26%; Маркетплейсы +11%,,,1.37,-0.3,2.76,-2.96,0.01,-0.82
2024-05,Таборинский,Свердловская область,2043,внимание,False,98.47,Транспорт,Транспорт -22%; Продовольствие -10%,,,-0.47,-0.72,-1.54,-1.44,-2.17,-3.19
2024-07,Замоскворечье,Москва,2537,внимание,False,98.47,Транспорт,Транспорт -5%,,,-0.59,-0.22,0.04,-1.79,-1.59,-3.54
2023-11,Атюрьевский,Республика Мордовия,288,внимание,False,98.46,Транспорт,Транспорт +34%,,ниже: обучение < 12 мес.,1.59,0.53,0.74,-0.66,0.87,3.86
2023-12,Верхнеколымский,Республика Саха (Якутия),318,внимание,False,98.46,Здоровье,Здоровье +44%,,ниже: обучение < 12 мес.,-0.55,3.8,0.82,-1.22,-0.84,-0.88
2024-08,Альменевский,Курганская область,1335,внимание,False,98.46,Транспорт,Транспорт +24%; Все категории +9%,,,2.56,0.3,0.37,-0.97,0.33,3.27
2023-08,Питкярантский,Республика Карелия,217,внимание,False,98.45,Транспорт,Транспорт -16%; Продовольствие -6%,,ниже: обучение < 12 мес.,-1.88,0.13,-0.85,0.12,-2.51,-2.88
2024-08,Ленский,Республика Саха (Якутия),325,внимание,True,98.45,Продовольствие,Продовольствие +3%,,,0.29,1.05,-0.26,0.2,3.74,-0.0
2024-07,Усть-Алданский,Республика Саха (Якутия),339,внимание,False,98.45,Маркетплейсы,Маркетплейсы +50%,,,-0.77,-0.28,3.44,0.07,-0.93,-1.79
2024-12,Волотовский,Новгородская область,1579,внимание,False,98.45,Маркетплейсы,Маркетплейсы -12%; Все категории -11%,,,-2.06,0.0,-3.67,0.06,-0.56,-0.66
2024-05,Северный,Новосибирская область,1622,внимание,False,98.45,Продовольствие,Продовольствие -5%; Здоровье -15%,,,-0.68,-2.29,-0.49,-0.5,-3.3,0.86
2023-08,Сызранский,Самарская область,1906,внимание,False,98.45,Здоровье,Здоровье +43%; Все категории +4%,,ниже: обучение < 12 мес.,2.19,3.18,0.14,0.45,1.81,1.2
2024-06,Черноярский,Астраханская область,930,внимание,True,98.44,Здоровье,Здоровье -24%; Все категории -4%,,,-2.28,-3.37,-1.26,0.37,-1.23,-1.02
2023-11,Лабытнанги,Ямало-Ненецкий автономный округ,2880,внимание,False,98.44,Продовольствие,Продовольствие -4%,,ниже: обучение < 12 мес.,-1.9,0.33,0.9,-1.1,-3.62,0.44
2023-08,Калманский,Алтайский край,528,внимание,True,98.43,Здоровье,Здоровье -15%; Маркетплейсы +37%,,ниже: обучение < 12 мес.,-0.06,-3.49,2.03,-0.22,0.07,-1.34
2024-05,Нововаршавский,Омская область,1649,внимание,False,98.43,Маркетплейсы,Маркетплейсы -22%,,,-0.93,0.17,-3.89,0.15,-0.92,-1.43
2023-07,Каменский,Тульская область,2178,внимание,False,98.43,Здоровье,Здоровье -28%,,ниже: обучение < 12 мес.,-0.38,-4.04,-0.16,-1.27,0.35,-0.13
2024-11,Красноармейский,Челябинская область,2304,внимание,False,98.43,Продовольствие,Продовольствие -7%,,,-1.36,1.14,-0.81,-0.53,-3.82,0.17
2024-05,Ленинский,Еврейская автономная область,2340,внимание,False,98.43,Общественное питание,Общественное питание -19%,,,-0.8,-0.73,-0.47,-4.05,0.46,-0.97
2023-09,Усть-Янский,Республика Саха (Якутия),341,внимание,True,98.42,Здоровье,Здоровье -41%; Маркетплейсы -38%,,ниже: обучение < 12 мес.,0.34,-2.81,-2.59,-1.08,0.31,0.57
2024-10,Макаровский,Сахалинская область,1959,внимание,False,98.42,Все категории,Все категории +15%,,,3.7,0.14,1.93,0.48,0.55,-0.49
2023-07,Юсьвинский,Пермский край,774,внимание,False,98.41,Продовольствие,Продовольствие +13%,,ниже: обучение < 12 мес.,-0.22,0.94,-1.36,-0.56,3.22,-0.87
2024-05,Половинский,Курганская область,1349,внимание,True,98.41,Общественное питание,Общественное питание -61%,,,0.16,-0.12,-0.66,-4.13,-0.17,-0.7
2023-09,Терский,Мурманская область,1522,внимание,False,98.41,Продовольствие,Продовольствие -11%; Маркетплейсы -7%,,ниже: обучение < 12 мес.,-0.5,-0.57,-2.42,-0.36,-2.85,1.14
2023-07,Урай,Ханты-Мансийский автономный округ — Югра,2227,внимание,False,98.41,Транспорт,Транспорт +21%,,ниже: обучение < 12 мес.,0.9,1.2,-0.73,-0.42,-0.25,3.96
2024-11,Октябрьский,Ханты-Мансийский автономный округ — Югра,2234,внимание,False,98.41,Маркетплейсы,Маркетплейсы -10%; Продовольствие -7%,,,-1.03,-0.56,-3.43,-1.23,-2.16,-0.47
2024-05,Красногвардейский,Республика Адыгея,5,внимание,False,98.4,Все категории,Все категории +9%,,,2.72,-0.6,0.45,0.59,-1.05,-0.48
2023-07,Сыктывкар,Республика Коми,224,внимание,False,98.4,Транспорт,Транспорт +15%,,ниже: обучение < 12 мес.,-0.47,-1.22,0.14,0.0,0.24,3.87
2024-01,Охотский,Хабаровский край,854,внимание,False,98.4,Маркетплейсы,Маркетплейсы +28%,,,0.08,0.37,3.9,-0.99,-0.69,0.01
2024-08,Ольский,Магаданская область,1431,внимание,False,98.4,Транспорт,Транспорт -41%,,,-0.36,-1.29,-0.61,-1.85,-0.15,-3.58
2024-11,Усть-Цилемский,Республика Коми,243,внимание,False,98.39,Маркетплейсы,Маркетплейсы -45%,,,-0.74,0.19,-4.06,0.94,0.11,0.04
2024-10,Мариинско-Посадский,Чувашская Республика,493,внимание,False,98.39,Транспорт,Транспорт +40%; Маркетплейсы -16%,,,-0.54,-1.16,-2.42,-1.51,0.39,2.81
2024-06,Монастырщинский,Смоленская область,2057,внимание,False,98.39,Все категории,Все категории -6%; Маркетплейсы -17%,,,-2.92,-0.01,-2.67,-1.19,-1.5,-0.34
2023-10,Радужный,Ханты-Мансийский автономный округ — Югра,2225,внимание,False,98.39,Продовольствие,Продовольствие -5%; Все категории -2%,,ниже: обучение < 12 мес.,-2.41,0.02,-1.91,-0.94,-2.9,0.0
2023-09,Муравленко,Ямало-Ненецкий автономный округ,2241,внимание,False,98.39,Транспорт,Транспорт -30%,,ниже: обучение < 12 мес.,1.15,1.3,-0.51,1.47,0.06,-3.11
2024-04,Газимуро-Заводский,Забайкальский край,580,внимание,True,98.38,Продовольствие,Продовольствие -5%; Транспорт +28%,,,0.29,-0.26,0.62,0.28,-2.76,2.48
2024-04,Гайнский,Пермский край,769,внимание,False,98.38,Общественное питание,Общественное питание +82%; Здоровье -9%,,,0.4,-2.15,-0.15,3.58,0.06,0.6
2024-03,Южно-Курильский,Сахалинская область,1970,внимание,False,98.38,Маркетплейсы,Маркетплейсы +22%; Транспорт +21%,,,0.77,-0.31,2.78,1.29,1.54,2.72
2023-07,Старокулаткинский,Ульяновская область,2268,внимание,False,98.38,Здоровье,Здоровье -33%,,ниже: обучение < 12 мес.,0.67,-4.06,0.51,0.14,0.95,0.31
2024-04,Кадошкинский,Республика Мордовия,297,внимание,True,98.37,Транспорт,Транспорт +58%,,,1.09,-0.66,-0.84,0.62,-1.27,3.35
2024-07,Верхнеколымский,Республика Саха (Якутия),318,внимание,False,98.37,Маркетплейсы,Маркетплейсы +69%,,,0.87,0.01,3.6,1.2,1.84,0.4
2024-12,Третьяковский,Алтайский край,562,внимание,False,98.37,Общественное питание,Общественное питание -39%,,,-0.1,-0.33,-1.65,-3.87,0.06,-0.17
2024-06,Руднянский,Волгоградская область,1036,внимание,False,98.37,Общественное питание,Общественное питание +95%,,,-0.77,-0.34,-0.73,3.83,-1.28,0.93
2023-07,Шиханы,Саратовская область,1912,внимание,False,98.37,Транспорт,Транспорт +61%,,ниже: обучение < 12 мес.,0.51,0.37,-1.34,1.05,0.59,3.86
2023-09,Кайбицкий,Республика Татарстан,376,внимание,False,98.36,Здоровье,Здоровье -7%,,ниже: обучение < 12 мес.,1.66,-2.86,-1.1,1.52,0.55,0.34
2024-02,Казачинско-Ленский,Иркутская область,1151,внимание,False,98.36,Маркетплейсы,Маркетплейсы +60%,,,0.99,-0.11,4.09,-0.09,-0.26,0.08
2023-10,Тепло-Огаревский,Тульская область,2185,внимание,False,98.36,Продовольствие,Продовольствие -7%,,ниже: обучение < 12 мес.,-1.44,-1.46,-0.83,-1.62,-3.6,-0.67
2024-06,Сарапульский,Удмуртская Республика,440,внимание,True,98.35,Транспорт,Транспорт +25%; Здоровье -22%,,,-0.87,-2.15,1.14,-1.93,-0.24,2.4
2024-08,Жиздринский,Калужская область,1205,внимание,False,98.35,Транспорт,Транспорт -15%,,,-0.32,0.73,0.49,1.99,0.0,-3.42
2024-04,Холмский,Сахалинская область,1969,внимание,False,98.35,Все категории,Все категории -1%; Продовольствие -3%,,,-2.84,-2.0,-1.47,0.36,-2.38,-0.75
2024-04,Красноселькупский,Ямало-Ненецкий автономный округ,2244,внимание,False,98.35,Общественное питание,Общественное питание -10%; Все категории -1%,,,-2.69,-0.47,-0.84,-3.03,-1.16,-0.29
2023-08,Агидель,Республика Башкортостан,22,внимание,False,98.34,Общественное питание,Общественное питание -27%,,ниже: обучение < 12 мес.,-1.18,0.28,-1.05,-3.9,0.08,-0.39
2024-05,Усть-Алданский,Республика Саха (Якутия),339,внимание,False,98.34,Продовольствие,Продовольствие +6%; Здоровье -32%,,,-0.72,-2.48,0.0,0.2,2.6,0.22
2023-09,Мотыгинский,Красноярский край,708,внимание,False,98.34,Транспорт,Транспорт -22%; Общественное питание -43%; Все категории -16%,,ниже: обучение < 12 мес.,-2.15,-0.62,0.22,-2.48,-1.16,-2.62
2023-09,Уссурийский,Приморский край,785,внимание,False,98.34,Транспорт,Транспорт -3%,,ниже: обучение < 12 мес.,1.76,1.85,0.9,-0.04,-0.09,3.34
2024-06,Федоровский,Республика Башкортостан,78,внимание,False,98.33,Здоровье,Здоровье +24%; Транспорт +32%,,,1.53,2.93,0.68,1.04,-0.14,2.6
2024-05,Кызылский,Республика Тыва,405,внимание,True,98.33,Общественное питание,Общественное питание +8%,,,1.46,1.04,0.34,3.8,0.71,-0.26
2023-09,Тоншаевский,Нижегородская область,1571,внимание,False,98.33,Продовольствие,Продовольствие +4%,,ниже: обучение < 12 мес.,1.56,0.23,-0.94,0.48,3.63,-0.79
2024-11,Юстинский,Республика Калмыкия,191,внимание,False,98.32,Маркетплейсы,Маркетплейсы +35%; Все категории +7%; Здоровье -25%,,,2.27,-2.03,2.39,0.0,-0.65,-0.21
2023-07,Ильинский,Ивановская область,1118,внимание,False,98.32,Общественное питание,Общественное питание +522%,,ниже: обучение < 12 мес.,-0.48,1.17,-0.43,3.87,0.66,0.75
2023-08,Усть-Илимск,Иркутская область,1141,внимание,False,98.32,Транспорт,Транспорт -8%,,ниже: обучение < 12 мес.,-1.39,-0.11,-1.36,-0.68,-0.66,-3.72
2023-09,Холмский,Новгородская область,1594,внимание,False,98.32,Общественное питание,Общественное питание -48%,,ниже: обучение < 12 мес.,0.22,-0.85,0.54,-4.08,0.13,0.33
2024-12,Ирбитское,Свердловская область,2023,внимание,False,98.32,Продовольствие,Продовольствие -10%,,,-0.16,-0.6,0.82,-0.72,-3.51,0.64
2024-02,Прионежский,Республика Карелия,218,внимание,False,98.31,Продовольствие,Продовольствие +14%; Общественное питание +14%,,,1.8,1.32,-0.02,2.6,2.75,1.26
2023-11,Баганский,Новосибирская область,1602,внимание,False,98.31,Транспорт,Транспорт -18%,,ниже: обучение < 12 мес.,-1.21,-0.96,0.76,-1.62,-1.3,-3.65
2023-10,Дегтярск,Свердловская область,2007,внимание,False,98.31,Маркетплейсы,Маркетплейсы +31%,,ниже: обучение < 12 мес.,-0.71,-1.37,3.43,0.18,-0.79,0.04
2023-10,Фировский,Тверская область,2143,внимание,True,98.31,Продовольствие,Продовольствие -10%; Все категории -5%,,ниже: обучение < 12 мес.,-2.5,0.5,-0.82,0.62,-2.84,-1.81
2024-02,Вешкаймский,Ульяновская область,2256,внимание,False,98.31,Общественное питание,Общественное питание +180%,,,-0.24,0.45,-0.44,4.14,-0.51,0.0
2023-08,Агинский,Забайкальский край,605,внимание,False,98.3,Транспорт,Транспорт -11%,,ниже: обучение < 12 мес.,-0.03,-0.55,0.95,-0.58,-1.62,-3.75
2023-07,Звериноголовский,Курганская область,1339,внимание,False,98.3,Общественное питание,Общественное питание +526%,,ниже: обучение < 12 мес.,0.11,-0.46,0.35,3.89,0.9,-0.94
2023-10,Холмский,Сахалинская область,1969,внимание,False,98.3,Транспорт,Транспорт -13%; Продовольствие -5%; Общественное питание -19%,,ниже: обучение < 12 мес.,-0.52,-0.43,-0.18,-2.19,-2.38,-2.67
2024-11,Сорокинский,Тюменская область,2208,внимание,False,98.29,Продовольствие,Продовольствие -10%,,,-1.82,1.1,-1.71,-0.97,-3.36,-0.98
2024-09,Чебаркульский,Челябинская область,2316,внимание,False,98.29,Все категории,Все категории +8%; Общественное питание +28%,,,3.12,-0.14,0.87,2.14,0.99,1.79
2024-08,Вологодский,Вологодская область,1054,внимание,True,98.28,Транспорт,Транспорт -12%; Общественное питание -13%,,,-0.68,-1.66,-0.88,-2.01,-0.86,-3.28
2024-12,Баганский,Новосибирская область,1602,внимание,True,98.28,Все категории,Все категории +6%; Здоровье +13%; Продовольствие +4%,,,2.79,2.23,1.18,1.07,2.18,1.57
2024-01,Пителинский,Рязанская область,1858,внимание,False,98.28,Общественное питание,Общественное питание -60%,,,-1.47,-1.7,-0.41,-3.53,-0.31,-0.83
2023-07,Тымовский,Сахалинская область,1967,внимание,False,98.28,Транспорт,Транспорт +12%; Здоровье -8%,,ниже: обучение < 12 мес.,-0.36,-2.17,1.03,0.33,-1.51,2.83
2024-08,Олекминский,Республика Саха (Якутия),333,внимание,False,98.27,Здоровье,Здоровье +6%,,,0.68,4.08,0.42,0.09,0.63,-0.06
2023-07,Калманский,Алтайский край,528,внимание,False,98.27,Продовольствие,Продовольствие -7%,,ниже: обучение < 12 мес.,-0.34,-1.56,-0.18,-0.58,-3.49,-0.94
2024-11,Карагинский,Камчатский край,618,внимание,False,98.27,Транспорт,Транспорт -35%,,,-0.45,0.42,-1.33,0.88,0.34,-3.7
2024-06,Сараевский,Рязанская область,1865,внимание,False,98.27,Маркетплейсы,Маркетплейсы -11%,,,-0.11,0.09,-3.15,1.69,1.85,-0.33
2024-02,Правобережный,Республика Северная Осетия — Алания,352,внимание,False,98.26,Общественное питание,Общественное питание -14%; Здоровье -3%,,,0.0,-2.52,-0.83,-3.22,-0.45,0.0
2023-07,Каа-Хемский,Республика Тыва,404,внимание,False,98.26,Общественное питание,Общественное питание +61%,,ниже: обучение < 12 мес.,1.95,1.89,1.48,3.17,-0.08,-0.14
2023-08,Дульдургинский,Забайкальский край,606,внимание,False,98.26,Транспорт,Транспорт -7%; Здоровье -8%,,ниже: обучение < 12 мес.,0.62,-2.68,1.34,0.17,0.29,-2.85
2024-11,Белоярский,Ханты-Мансийский автономный округ — Югра,2229,внимание,False,98.26,Продовольствие,Продовольствие -10%,,,-0.51,0.85,0.5,0.28,-3.67,-0.62
2023-10,Первомайский,Ярославская область,2330,внимание,False,98.26,Продовольствие,,,ниже: обучение < 12 мес.,-1.88,0.01,0.0,0.72,1.89,0.61
2024-08,Псковский,Псковская область,1783,внимание,False,98.25,Общественное питание,Общественное питание +3%; Все категории +3%,,,2.63,1.48,0.67,2.88,0.24,1.03
2024-07,Пушкиногорский,Псковская область,1785,внимание,False,98.25,Здоровье,Здоровье -12%; Все категории -7%; Общественное питание -20%,,,-2.32,-2.82,1.14,-2.01,-0.84,-1.32
2023-07,Сортавальский,Республика Карелия,222,внимание,False,98.24,Маркетплейсы,Маркетплейсы +10%,,ниже: обучение < 12 мес.,1.2,0.01,3.81,1.18,0.51,-0.38
2023-08,Амгинский,Республика Саха (Якутия),314,внимание,False,98.24,Все категории,Все категории +8%,,ниже: обучение < 12 мес.,2.97,1.54,-0.22,1.45,0.2,-0.89
2024-09,Дивногорск,Красноярский край,670,внимание,True,98.24,Транспорт,Транспорт +21%; Общественное питание +7%,,,0.91,1.2,0.37,2.24,0.8,3.3
2024-08,Полины Осипенко,Хабаровский край,855,внимание,False,98.24,Продовольствие,Продовольствие +11%; Здоровье +32%,,,1.76,2.36,0.98,0.01,2.94,0.04
2024-10,Междуреченский,Вологодская область,1060,внимание,False,98.24,Здоровье,Здоровье -8%,,,1.87,-2.3,0.0,-0.11,-1.1,-0.23
2024-09,Селемджинский,Амурская область,884,внимание,False,98.23,Маркетплейсы,Маркетплейсы +15%; Здоровье -19%,,,-0.69,-2.03,2.06,0.28,1.78,-0.78
2024-02,Оленегорск,Мурманская область,1510,внимание,False,98.23,Все категории,Все категории +8%,,,3.76,-0.03,0.69,0.35,1.65,-0.0
2024-07,Печенгский,Мурманская область,1521,внимание,False,98.23,Транспорт,Транспорт +7%; Все категории +2%,,,2.16,0.64,-0.13,1.52,1.55,3.2
2024-03,Ершичский,Смоленская область,2054,внимание,False,98.23,Общественное питание,Общественное питание +119%,,,1.23,1.4,0.65,3.72,0.48,-0.57
2024-05,Ленский,Архангельская область,905,внимание,False,98.22,Маркетплейсы,Маркетплейсы +16%,,,1.98,-0.58,3.54,0.59,0.02,0.88
2024-11,Кологривский,Костромская область,1314,внимание,False,98.22,Здоровье,Здоровье +49%,,,-0.62,3.38,-1.11,0.15,-1.73,-1.17
2023-10,Шелопугинский,Забайкальский край,602,внимание,False,98.21,Продовольствие,Продовольствие -7%; Общественное питание +52%; Здоровье +55%,,ниже: обучение < 12 мес.,-0.24,2.05,-0.75,2.15,-2.27,-1.15
2024-09,Городищенский,Волгоградская область,1015,внимание,False,98.21,Все категории,Все категории +7%; Общественное питание +28%; Транспорт +24%,,,2.58,0.88,1.3,2.5,0.16,2.08
2024-11,Сонковский,Тверская область,2138,внимание,False,98.21,Общественное питание,Общественное питание -53%; Маркетплейсы -11%,,,-1.05,0.27,-2.48,-2.95,-1.55,0.04
2023-10,Лисий Нос,Санкт-Петербург,2370,внимание,False,98.21,Все категории,Все категории -3%,,ниже: обучение < 12 мес.,-3.05,-1.77,-0.39,0.71,-0.07,0.37
2023-09,Пестяковский,Ивановская область,1124,внимание,False,98.2,Общественное питание,Общественное питание +74%,,ниже: обучение < 12 мес.,-0.75,-0.2,0.22,3.75,-1.42,0.4
2023-07,Пучежский,Ивановская область,1126,внимание,False,98.2,Общественное питание,Общественное питание +240%; Маркетплейсы +20%,,ниже: обучение < 12 мес.,-1.06,-1.17,2.12,2.23,-0.29,-1.4
2024-10,Волгореченск,Костромская область,1305,внимание,False,98.2,Маркетплейсы,Маркетплейсы -12%,,,0.09,-0.84,-3.54,-0.7,0.1,-1.02
2024-12,Шиханы,Саратовская область,1912,внимание,False,98.2,Маркетплейсы,Маркетплейсы +28%; Здоровье +7%,,,1.46,2.16,3.22,0.69,-0.06,0.02
2024-11,Полярные Зори,Мурманская область,1511,внимание,False,98.19,Маркетплейсы,Маркетплейсы -7%,,,-1.3,1.8,-3.4,0.99,-0.64,0.94
2024-07,Крутинский,Омская область,1642,внимание,False,98.19,Транспорт,Транспорт -14%; Все категории -9%,,,-2.57,0.01,-1.9,0.27,-1.18,-2.63
2024-07,Камышловский,Свердловская область,2040,внимание,False,98.19,Маркетплейсы,Маркетплейсы -18%,,,-0.42,-0.48,-3.6,1.17,-1.28,0.17
2023-08,Красноселькупский,Ямало-Ненецкий автономный округ,2244,внимание,True,98.19,Общественное питание,Общественное питание +12%,,ниже: обучение < 12 мес.,1.48,0.14,-0.63,3.55,1.05,1.53
2024-02,Биробиджанский,Еврейская автономная область,2339,внимание,False,98.19,Здоровье,Здоровье +37%,,,0.09,3.81,0.14,0.93,-1.0,1.29
2023-07,Лахденпохский,Республика Карелия,212,внимание,False,98.18,Маркетплейсы,Маркетплейсы +10%,,ниже: обучение < 12 мес.,0.06,-0.5,3.72,0.09,-1.14,-0.98
2023-07,Пряжинский,Республика Карелия,219,внимание,False,98.18,Маркетплейсы,Маркетплейсы +18%,,ниже: обучение < 12 мес.,-0.18,0.05,2.82,-1.74,-1.96,-1.76
2024-02,Троицко-Печорский,Республика Коми,239,внимание,False,98.18,Все категории,Все категории +7%; Общественное питание -23%,,,2.61,1.06,1.01,-2.51,1.74,0.26
2024-03,Правобережный,Республика Северная Осетия — Алания,352,внимание,False,98.18,Маркетплейсы,Маркетплейсы -17%; Все категории -6%,,,-2.56,0.12,-3.11,0.95,0.0,-0.5
2024-11,Смирныховский,Сахалинская область,1965,внимание,False,98.18,Общественное питание,Общественное питание +26%,,,1.62,1.34,0.22,3.57,0.6,0.34
2024-11,Некрасовский,Ярославская область,2329,внимание,False,98.18,Маркетплейсы,Маркетплейсы -13%,,,-0.02,-0.86,-3.47,-0.68,1.42,0.89
2024-09,Введенский,Санкт-Петербург,2439,внимание,False,98.18,Все категории,Все категории +4%; Продовольствие +6%,,,3.22,0.06,0.59,0.86,2.31,1.19
2023-09,Усть-Канский,Республика Алтай,16,внимание,False,98.17,Общественное питание,Общественное питание -36%; Маркетплейсы +23%,,ниже: обучение < 12 мес.,-1.23,0.19,2.17,-2.92,-1.67,-0.23
2024-10,Сысольский,Республика Коми,238,внимание,False,98.17,Продовольствие,Продовольствие +7%; Маркетплейсы +22%,,,1.75,0.37,2.62,1.23,2.68,0.82
2023-08,Артемовский,Приморский край,777,внимание,False,98.17,Транспорт,Транспорт -16%,,ниже: обучение < 12 мес.,-0.16,-0.51,0.65,-0.83,0.55,-4.0
2023-07,Уссурийский,Приморский край,785,внимание,False,98.17,Транспорт,Транспорт +14%,,ниже: обучение < 12 мес.,1.42,-0.06,0.24,0.2,1.0,3.75
2024-09,Котельничский,Кировская область,1276,внимание,False,98.17,Транспорт,Транспорт -23%; Общественное питание +30%,,,1.14,0.18,1.76,2.43,0.11,-2.6
2024-04,Оршанский,Республика Марий Эл,281,внимание,False,98.16,Маркетплейсы,Маркетплейсы +1%; Транспорт +57%,,,-0.01,-0.32,-2.99,-0.07,0.92,2.69
2024-11,Калманский,Алтайский край,528,внимание,False,98.16,Общественное питание,Общественное питание +50%; Все категории +4%,,,2.01,-0.01,0.65,3.51,-0.04,0.8
2023-08,Крестецкий,Новгородская область,1581,внимание,False,98.16,Маркетплейсы,Маркетплейсы -7%,,ниже: обучение < 12 мес.,-0.3,-0.8,-3.84,0.53,0.81,0.17
2024-06,Домбаровский,Оренбургская область,1686,внимание,True,98.16,Общественное питание,Общественное питание +83%; Продовольствие -7%,,,-1.23,0.13,-0.09,3.22,-2.11,0.48
2024-07,Кедровый,Томская область,2145,внимание,False,98.16,Здоровье,Здоровье +58%; Транспорт -44%,,,0.26,2.64,1.57,0.75,-0.78,-2.53
2024-04,Ольхонский,Иркутская область,1159,внимание,True,98.15,Транспорт,Транспорт -26%; Здоровье +27%; Все категории -3%,,,-2.05,2.25,-0.78,0.7,-1.14,-2.44
2024-11,Апатиты,Мурманская область,1507,внимание,False,98.15,Транспорт,Транспорт -8%; Маркетплейсы +4%,,,0.87,-1.09,2.06,0.38,1.19,-3.04
2023-10,Исаклинский,Самарская область,1892,внимание,False,98.15,Транспорт,Транспорт -14%; Продовольствие -8%,,ниже: обучение < 12 мес.,-0.26,-0.08,-1.57,0.45,-2.42,-2.58
2024-12,Анивский,Сахалинская область,1955,внимание,True,98.15,Транспорт,Транспорт +19%; Продовольствие +6%,,,0.71,0.85,0.55,1.03,2.29,3.27
2024-03,Смирныховский,Сахалинская область,1965,внимание,False,98.15,Транспорт,Транспорт -22%,,,-1.17,-1.27,-1.24,0.18,-1.08,-3.72
2024-10,Тверской,Москва,2543,внимание,False,98.15,Общественное питание,Общественное питание -2%; Все категории -2%,,,-2.65,-1.14,0.01,-2.94,-0.55,-0.87
2024-02,Свирск,Иркутская область,1143,внимание,False,98.14,Все категории,Все категории +10%; Маркетплейсы +78%; Продовольствие +7%,,,2.75,-0.83,2.29,1.29,2.03,0.0
2023-09,Первомайский,Тамбовская область,2089,внимание,True,98.14,Маркетплейсы,Маркетплейсы -20%,,ниже: обучение < 12 мес.,-1.79,-1.38,-3.44,0.2,-0.56,0.09
2023-10,Некрасовский,Ярославская область,2329,внимание,False,98.14,Продовольствие,Продовольствие +3%,,ниже: обучение < 12 мес.,-0.3,-1.11,-1.03,0.9,3.11,0.75
2023-08,Анадырь,Чукотский автономный округ,2344,внимание,False,98.14,Все категории,Все категории -13%; Продовольствие -5%,,ниже: обучение < 12 мес.,-3.47,-0.8,-0.39,-0.43,-2.07,0.03
2024-01,Липецк,Липецкая область,1410,внимание,False,98.13,Общественное питание,Общественное питание +14%; Транспорт -1%,,,1.4,-0.01,1.68,2.88,0.02,2.41
2023-08,Клявлинский,Самарская область,1896,внимание,False,98.13,Транспорт,Транспорт -21%,,ниже: обучение < 12 мес.,-1.92,0.11,-1.13,-0.74,-1.12,-3.46
2024-04,Советский,Саратовская область,1947,внимание,False,98.13,Общественное питание,Общественное питание +54%; Транспорт -5%; Маркетплейсы +45%,,,1.79,0.61,2.11,2.21,-0.13,-2.16
2024-12,Ромодановский,Республика Мордовия,302,внимание,False,98.12,Все категории,Все категории -8%; Маркетплейсы -6%,,,-2.89,-1.64,-2.33,-0.36,-1.75,-0.17
2024-10,Верхошижемский,Кировская область,1269,внимание,False,98.12,Маркетплейсы,Маркетплейсы +31%,,,1.86,-1.07,3.5,0.92,-0.0,0.51
2023-11,Спировский,Тверская область,2139,внимание,True,98.12,Продовольствие,Продовольствие +13%,,ниже: обучение < 12 мес.,-0.19,0.4,-0.25,0.8,3.28,1.07
2024-12,Брейтовский,Ярославская область,2323,внимание,False,98.12,Общественное питание,Общественное питание -46%,,,-0.35,1.51,-0.4,-3.56,0.42,1.05
2024-06,Олекминский,Республика Саха (Якутия),333,внимание,False,98.11,Здоровье,Здоровье +20%,,,0.55,3.6,1.03,-0.26,0.76,1.67
2024-08,Котласский,Архангельская область,903,внимание,False,98.11,Все категории,Все категории -12%; Здоровье -35%,,,-2.68,-2.65,-1.61,-1.5,0.2,0.2
2023-08,Приморский,Архангельская область,912,внимание,True,98.11,Маркетплейсы,Маркетплейсы +11%,,ниже: обучение < 12 мес.,0.28,0.55,3.65,1.37,0.44,0.23
2024-04,Чесменский,Челябинская область,2317,внимание,False,98.11,Все категории,Все категории +14%,,,2.19,-1.38,0.38,-1.46,-0.74,0.81
2023-08,Введенский,Санкт-Петербург,2439,внимание,False,98.11,Общественное питание,Общественное питание -4%; Все категории -6%; Транспорт -6%,,ниже: обучение < 12 мес.,-2.22,-0.69,-0.03,-2.66,-0.24,-2.19
2023-07,Янтиковский,Чувашская Республика,503,внимание,False,98.1,Здоровье,Здоровье -26%,,ниже: обучение < 12 мес.,0.33,-3.35,-0.91,-0.83,1.74,-0.66
2024-10,Усть-Большерецкий,Камчатский край,615,внимание,True,98.1,Все категории,Все категории +13%; Транспорт +27%; Общественное питание +47%,,,2.78,0.75,2.03,2.11,1.82,2.14
2024-10,Краснознаменский,Калининградская область,1189,внимание,False,98.1,Здоровье,Здоровье -18%,,,-0.93,-3.31,1.45,-0.36,-1.93,0.0
2023-12,Искитим,Новосибирская область,1599,внимание,False,98.1,Общественное питание,Общественное питание +22%,,ниже: обучение < 12 мес.,-0.44,0.0,-0.34,4.02,-0.64,0.35
2024-11,Анивский,Сахалинская область,1955,внимание,False,98.1,Продовольствие,Продовольствие +9%; Транспорт +13%,,,0.7,0.01,-0.35,1.3,3.15,2.26
2023-08,Эгвекинот,Чукотский автономный округ,2345,внимание,False,98.1,Транспорт,Транспорт +10%; Общественное питание -5%,,ниже: обучение < 12 мес.,-1.37,-0.33,-0.06,-2.08,0.16,2.74
2024-11,Верхошижемский,Кировская область,1269,внимание,False,98.09,Продовольствие,Продовольствие +9%,,,0.7,0.11,0.51,-0.91,3.34,1.83
2024-10,Ярковский,Тюменская область,2215,внимание,False,98.09,Маркетплейсы,Маркетплейсы +21%; Продовольствие -1%,,,0.07,-1.32,2.81,0.31,-2.23,0.63
2024-06,Рязановское,Москва,2604,внимание,False,98.09,Здоровье,Здоровье +12%,,,0.58,4.01,-0.38,0.53,0.33,-0.56
2024-06,Южно-Курильский,Сахалинская область,1970,внимание,True,98.08,Маркетплейсы,Маркетплейсы +30%; Транспорт +21%,,,1.2,0.69,3.06,0.09,0.82,2.44
2024-05,Ершичский,Смоленская область,2054,внимание,True,98.08,Маркетплейсы,Маркетплейсы -26%,,,-1.22,-0.14,-3.58,-0.47,-0.4,-1.55
2023-09,Томпонский,Республика Саха (Якутия),338,внимание,False,98.07,Маркетплейсы,Маркетплейсы -27%; Здоровье -32%,,ниже: обучение < 12 мес.,-0.96,-2.67,-2.94,-0.76,0.36,-0.69
2024-10,Архаринский,Амурская область,870,внимание,True,98.07,Транспорт,Транспорт +18%,,,1.03,-0.74,1.4,-0.3,0.0,3.7
2023-09,Селемджинский,Амурская область,884,внимание,False,98.07,Все категории,Все категории -15%,,ниже: обучение < 12 мес.,-3.18,-0.85,0.0,-1.81,0.08,-0.56
2024-08,Тейковский,Ивановская область,1129,внимание,False,98.07,Общественное питание,Общественное питание -35%,,,0.01,-1.42,-1.13,-3.36,0.69,1.16
2024-11,Рыбновский,Рязанская область,1861,внимание,False,98.07,Общественное питание,Общественное питание +19%,,,-0.07,1.29,0.9,3.57,-0.01,1.51
2024-05,Викуловский,Тюменская область,2200,внимание,False,98.07,Транспорт,Транспорт -19%,,,-0.56,-1.77,-0.47,-0.46,1.09,-3.51
2023-08,Братск,Иркутская область,1136,внимание,False,98.06,Транспорт,Транспорт -8%,,ниже: обучение < 12 мес.,-0.47,0.01,-1.36,-0.19,-0.47,-3.83
2024-10,Александрово-Гайский,Саратовская область,1915,внимание,False,98.06,Маркетплейсы,Маркетплейсы -17%; Транспорт +23%,,,-1.85,-1.64,-2.43,0.79,-0.7,2.33
2024-10,Аромашевский,Тюменская область,2197,внимание,False,98.06,Все категории,Все категории +12%,,,3.51,-0.24,0.44,-0.02,0.95,1.67
2023-08,Менделеевский,Республика Татарстан,382,внимание,False,98.05,Маркетплейсы,Маркетплейсы -10%; Транспорт -17%,,ниже: обучение < 12 мес.,-1.23,-0.53,-3.11,-0.06,-0.32,-2.34
2024-01,Барун-Хемчикский,Республика Тыва,402,внимание,False,98.05,Транспорт,Транспорт -26%,,,0.06,1.15,-0.22,-1.04,-0.4,-3.77
2023-10,Урмарский,Чувашская Республика,496,внимание,False,98.05,Все категории,,,ниже: обучение < 12 мес.,1.92,-0.64,-1.41,-0.62,-0.16,-1.3
2024-02,Усть-Камчатский,Камчатский край,616,внимание,False,98.05,Маркетплейсы,Маркетплейсы +46%,,,-0.6,-1.63,3.0,0.22,-1.75,0.2
2023-07,Куйбышевский,Калужская область,1210,внимание,False,98.05,Транспорт,Транспорт -8%; Маркетплейсы +19%,,ниже: обучение < 12 мес.,-0.28,0.33,2.74,-1.13,-0.84,-2.81
2023-09,Атнинский,Республика Татарстан,365,внимание,False,98.04,Маркетплейсы,Маркетплейсы -29%; Здоровье +75%,,ниже: обучение < 12 мес.,-0.75,2.16,-2.93,-1.66,-0.57,0.59
2023-07,Сапожковский,Рязанская область,1864,внимание,False,98.04,Здоровье,Здоровье -18%,,ниже: обучение < 12 мес.,0.69,-3.27,1.13,1.93,0.79,0.92
2024-11,Сенной,Санкт-Петербург,2352,внимание,False,98.04,Транспорт,Транспорт -4%; Здоровье -4%,,,-0.42,-2.53,0.19,0.4,0.97,-3.02
2023-11,Шаранский,Республика Башкортостан,82,внимание,False,98.03,Продовольствие,Продовольствие -6%; Маркетплейсы -13%; Все категории -8%,,ниже: обучение < 12 мес.,-2.18,0.02,-2.25,-1.68,-2.61,0.02
2024-09,Карачаевский,Карачаево-Черкесская Республика,195,внимание,True,98.03,Общественное питание,Общественное питание +18%,,,-0.65,-0.92,-0.29,3.76,-0.8,-0.5
2023-10,Олюторский,Камчатский край,619,внимание,True,98.03,Все категории,Все категории -5%,,ниже: обучение < 12 мес.,-2.46,1.32,0.16,-1.74,0.01,0.68
2024-07,Томаринский,Сахалинская область,1966,внимание,False,98.03,Продовольствие,Продовольствие -6%,,,0.22,1.38,0.22,1.52,-3.01,0.14
2023-12,Кемеровский,Кемеровская область,1224,внимание,False,98.02,Транспорт,Транспорт +12%,,ниже: обучение < 12 мес.,0.59,-1.7,0.14,-0.21,0.35,3.65
2024-03,Самойловский,Саратовская область,1945,внимание,False,98.02,Здоровье,Здоровье -9%,,,-0.45,-3.81,-1.13,0.74,-0.88,0.35
2024-12,Камышловский,Свердловская область,2040,внимание,False,98.02,Общественное питание,Общественное питание +12%; Маркетплейсы +27%,,,1.63,1.22,2.26,2.75,0.16,1.97
2023-08,Тобольск,Тюменская область,2193,внимание,False,98.02,Транспорт,Транспорт -8%,,ниже: обучение < 12 мес.,-0.04,0.22,0.61,0.53,0.21,-3.92
2024-04,Владикавказ,Республика Северная Осетия — Алания,345,внимание,False,98.01,Здоровье,Здоровье +2%,,,1.17,-2.0,-0.43,1.79,-1.69,0.25
2023-12,Каларский,Забайкальский край,582,внимание,False,98.01,Продовольствие,Продовольствие -0%; Все категории -4%,,ниже: обучение < 12 мес.,-2.45,0.25,-1.99,-0.05,-2.55,-0.18
2024-08,Партизанский,Красноярский край,712,внимание,False,98.01,Все категории,Все категории -8%; Здоровье -18%,,,-2.93,-2.17,-0.73,-0.64,-1.79,-0.27
2024-02,Саянский,Красноярский край,715,внимание,False,98.01,Здоровье,Здоровье -19%,,,0.5,-3.56,0.05,0.56,1.02,-1.42
2024-05,Советский,Саратовская область,1947,внимание,False,98.01,Общественное питание,Общественное питание -29%,,,-0.12,0.0,1.48,-3.53,-0.54,1.07
2024-12,Мирнинский,Республика Саха (Якутия),327,внимание,False,98.0,Транспорт,Транспорт +11%; Продовольствие -7%,,,-1.28,-1.2,-0.17,-0.38,-2.26,2.73
2024-10,Сунтарский,Республика Саха (Якутия),336,внимание,False,98.0,Здоровье,Здоровье -21%,,,-1.17,-3.56,0.7,-1.57,-0.79,0.0
2024-09,Новичихинский,Алтайский край,541,внимание,False,98.0,Маркетплейсы,Маркетплейсы -22%; Все категории -8%,,,-2.32,-1.34,-3.05,-0.49,0.09,0.01
2024-03,Пестяковский,Ивановская область,1124,внимание,False,98.0,Транспорт,Транспорт -23%,,,0.85,-1.13,1.33,-0.99,-0.49,-3.32
2024-05,Порецкий,Чувашская Республика,495,внимание,False,97.99,Все категории,Все категории -10%; Маркетплейсы -18%,,,-2.99,-0.71,-2.57,-0.95,-0.75,0.13
2024-05,Селивановский,Владимирская область,1002,внимание,False,97.99,Продовольствие,Продовольствие -4%; Все категории -6%,,,-2.52,0.41,-0.75,-1.74,-2.66,-1.3
2024-08,Даниловский,Волгоградская область,1016,внимание,False,97.99,Транспорт,Транспорт +16%; Продовольствие -6%,,,-0.16,-1.19,1.61,0.43,-2.01,2.5
2023-12,Кемский,Республика Карелия,210,внимание,False,97.98,Продовольствие,Продовольствие -2%,,ниже: обучение < 12 мес.,-0.02,-0.25,-0.38,-1.92,-2.9,0.78
2023-07,Катангский,Иркутская область,1152,внимание,False,97.98,Здоровье,Здоровье +43%,,ниже: обучение < 12 мес.,0.15,3.55,1.17,1.55,-0.04,-0.47
2024-06,Богатовский,Самарская область,1886,внимание,False,97.98,Общественное питание,Общественное питание -36%,,,-1.02,-0.23,0.59,-3.84,-0.77,-0.15
2024-02,Зеленогорск,Санкт-Петербург,2411,внимание,False,97.98,Продовольствие,Продовольствие +5%,,,-0.03,0.93,0.25,-0.45,3.31,-0.27
2024-07,Абазинский,Карачаево-Черкесская Республика,196,внимание,False,97.97,Продовольствие,Продовольствие +7%,,,-0.27,0.91,0.1,-0.58,3.07,1.08
2024-05,Дигорский,Республика Северная Осетия — Алания,348,внимание,False,97.97,Здоровье,Здоровье -26%,,,1.65,-3.34,0.84,0.44,0.4,0.81
2023-09,Пий-Хемский,Республика Тыва,408,внимание,False,97.97,Все категории,Все категории -14%; Транспорт -24%; Продовольствие -14%,,ниже: обучение < 12 мес.,-2.61,-0.92,0.07,0.02,-2.01,-2.35
2023-07,Бийск,Алтайский край,507,внимание,False,97.97,Транспорт,Транспорт +16%,,ниже: обучение < 12 мес.,-0.64,-0.32,0.94,-0.13,0.01,3.5
2024-03,Частинский,Пермский край,764,внимание,False,97.97,Общественное питание,Общественное питание -31%,,,-0.22,0.52,-0.7,-3.54,0.75,-1.81
2023-08,Баяндаевский,Иркутская область,1171,внимание,False,97.97,Все категории,Все категории +8%; Транспорт +29%,,ниже: обучение < 12 мес.,2.54,0.25,1.98,0.01,0.8,2.45
2024-09,Нагайбакский,Челябинская область,2307,внимание,False,97.97,Здоровье,Здоровье -12%; Продовольствие +7%,,,0.78,-3.12,0.67,0.03,2.27,0.51
2024-05,Кобяйский,Республика Саха (Якутия),323,внимание,False,97.96,Здоровье,Здоровье -41%; Продовольствие +7%,,,-1.19,-2.63,-1.16,-0.82,2.05,-0.48
2024-06,Залегощенский,Орловская область,1715,внимание,False,97.96,Все категории,Все категории -8%,,,-3.64,0.04,-0.8,-1.11,-0.67,-0.91
2024-05,Новосильский,Орловская область,1725,внимание,False,97.96,Продовольствие,Продовольствие +9%,,,-0.58,-0.79,-0.36,-0.7,3.09,0.15
2023-09,Воскресенский,Саратовская область,1923,внимание,False,97.96,Общественное питание,Общественное питание -57%,,ниже: обучение < 12 мес.,-0.36,0.78,0.77,-3.85,-0.97,-0.44
2023-09,Заокский,Тульская область,2177,внимание,False,97.96,Маркетплейсы,Маркетплейсы +13%,,ниже: обучение < 12 мес.,0.94,0.91,3.82,0.8,-0.56,-0.36
2024-02,Оленекский,Республика Саха (Якутия),334,внимание,False,97.95,Все категории,Все категории -15%,,,-3.19,0.04,0.09,-0.18,-0.14,-0.63
2024-05,Дульдургинский,Забайкальский край,606,внимание,False,97.95,Продовольствие,Продовольствие +9%; Все категории +5%,,,2.04,-1.84,0.77,-0.17,2.95,-0.0
2024-12,Ивановский,Ивановская область,1117,внимание,False,97.95,Все категории,Все категории -7%,,,-3.34,-0.23,-1.39,-1.52,-0.59,-1.69
2024-11,Людиновский,Калужская область,1211,внимание,False,97.95,Общественное питание,Общественное питание -14%,,,1.49,0.0,1.14,-3.35,0.93,0.67
2023-11,Салаватский,Республика Башкортостан,71,внимание,False,97.94,Общественное питание,Общественное питание -19%,,ниже: обучение < 12 мес.,-0.38,-1.36,-0.71,-3.73,0.63,0.31
2024-10,Алагирский,Республика Северная Осетия — Алания,346,внимание,False,97.94,Маркетплейсы,Маркетплейсы -14%; Общественное питание +19%,,,-0.13,-0.93,-3.16,2.01,-0.6,0.0
2023-10,Атнинский,Республика Татарстан,365,внимание,False,97.94,Здоровье,Здоровье -29%,,ниже: обучение < 12 мес.,0.15,-4.02,0.0,0.07,0.11,-0.28
2023-09,Тигильский,Камчатский край,621,внимание,False,97.94,Здоровье,Здоровье -24%; Общественное питание -33%,,ниже: обучение < 12 мес.,0.0,-2.74,-1.74,-2.21,-0.73,-0.6
2023-10,Няндомский,Архангельская область,908,внимание,False,97.94,Здоровье,Здоровье -12%,,ниже: обучение < 12 мес.,-0.99,-3.72,-0.33,0.04,-0.58,-1.2
2024-02,Благоварский,Республика Башкортостан,43,внимание,False,97.93,Общественное питание,Общественное питание +59%,,,-0.18,-0.48,1.01,3.43,0.34,1.82
2023-09,Тымовский,Сахалинская область,1967,внимание,True,97.93,Транспорт,Транспорт -15%; Все категории -10%,,ниже: обучение < 12 мес.,-2.31,0.07,-0.44,-1.93,0.38,-2.68
2023-11,Усть-Майский,Республика Саха (Якутия),340,внимание,False,97.92,Маркетплейсы,Маркетплейсы +92%; Все категории +12%,,ниже: обучение < 12 мес.,2.63,0.19,2.8,0.73,0.5,-1.2
2024-04,Абаза,Республика Хакасия,449,внимание,True,97.92,Все категории,Все категории +10%; Продовольствие +4%; Здоровье +21%,,,2.37,2.23,0.66,0.14,2.36,1.37
2023-07,Калганский,Забайкальский край,583,внимание,False,97.92,Маркетплейсы,Маркетплейсы +55%,,ниже: обучение < 12 мес.,-0.39,-0.63,3.57,0.02,-0.67,0.04
2024-05,Посадский,Санкт-Петербург,2441,внимание,False,97.92,Продовольствие,Продовольствие +3%,,,-0.39,-0.8,1.72,0.79,2.41,0.75
2023-09,Койгородский,Республика Коми,232,внимание,False,97.91,Продовольствие,Продовольствие -13%,,ниже: обучение < 12 мес.,0.77,0.07,0.79,0.43,-3.02,-0.43
2024-11,Гайнский,Пермский край,769,внимание,False,97.91,Общественное питание,Общественное питание -35%,,,-1.79,-0.78,-1.35,-3.14,-1.51,-1.77
2024-03,Сусанинский,Костромская область,1330,внимание,False,97.91,Общественное питание,Общественное питание -36%,,,0.5,-0.1,1.13,-3.65,-0.39,0.77
2024-02,Жарковский,Тверская область,2116,внимание,False,97.91,Все категории,Все категории -1%; Общественное питание -42%,,,-2.49,0.04,-0.17,-2.42,0.23,0.86
2024-12,Веневский,Тульская область,2174,внимание,False,97.91,Маркетплейсы,Маркетплейсы +1%,,,-0.44,-0.03,-3.79,0.79,-0.65,0.55
2024-06,Агидель,Республика Башкортостан,22,внимание,False,97.9,Общественное питание,Общественное питание +26%; Маркетплейсы -22%,,,-1.92,0.6,-2.37,2.53,-0.36,0.32
2024-05,Нюрбинский,Республика Саха (Якутия),324,внимание,False,97.9,Общественное питание,Общественное питание -30%,,,-0.71,-1.06,0.0,-3.64,-0.81,-1.33
2024-09,Усть-Большерецкий,Камчатский край,615,внимание,False,97.9,Общественное питание,Общественное питание +28%,,,0.44,-0.79,1.21,3.71,0.0,0.95
2024-12,Забайкальский,Забайкальский край,581,внимание,False,97.89,Общественное питание,Общественное питание -15%,,,0.46,-0.7,1.95,-3.37,-0.68,-0.02
2023-08,Ононский,Забайкальский край,592,внимание,False,97.89,Продовольствие,Продовольствие +6%,,ниже: обучение < 12 мес.,0.05,1.46,0.54,1.27,3.0,-0.04
2024-01,Дорогобужский,Смоленская область,2051,внимание,False,97.89,Маркетплейсы,Маркетплейсы -16%; Все категории +4%,,,2.13,-0.98,3.26,0.46,0.82,-0.09
2024-12,Питкярантский,Республика Карелия,217,внимание,False,97.88,Общественное питание,Общественное питание +23%,,,-0.42,1.02,-0.24,3.24,-1.16,-1.52
2023-12,Приаргунский,Забайкальский край,594,внимание,False,97.88,Продовольствие,Продовольствие +14%,,ниже: обучение < 12 мес.,0.02,-0.19,-0.63,-0.61,3.28,-0.96
2024-03,Шербакульский,Омская область,1664,внимание,False,97.88,Транспорт,Транспорт +41%,,,1.0,0.24,0.48,0.05,-0.32,3.85
2024-09,Невельский,Псковская область,1774,внимание,False,97.88,Здоровье,Здоровье -19%,,,1.1,-3.51,0.61,-0.33,-0.47,-0.17
2023-08,Калганский,Забайкальский край,583,внимание,False,97.87,Маркетплейсы,Маркетплейсы -34%,,ниже: обучение < 12 мес.,0.79,0.69,-3.25,-0.6,0.87,-0.0
2024-07,Тербунский,Липецкая область,1426,внимание,False,97.87,Здоровье,Здоровье -8%; Транспорт -11%,,,-0.77,-3.03,-1.02,1.42,-0.06,-2.18
2024-07,Калевальский,Республика Карелия,209,внимание,False,97.86,Маркетплейсы,Маркетплейсы -7%,,,-0.26,-1.22,-3.51,-1.09,0.29,0.55
2024-09,Юрлинский,Пермский край,773,внимание,False,97.86,Продовольствие,,,,-1.64,-1.26,0.87,-1.31,1.77,-0.66
2024-03,Шаблыкинский,Орловская область,1733,внимание,False,97.86,Транспорт,Транспорт +24%; Продовольствие -8%,,,-0.4,-0.05,0.5,-1.59,-2.03,2.61
2023-08,Идринский,Красноярский край,696,внимание,False,97.85,Здоровье,Здоровье -21%,,ниже: обучение < 12 мес.,0.01,-3.87,-0.05,0.55,-0.04,-0.85
2023-10,Еловский,Пермский край,742,внимание,False,97.85,Здоровье,Здоровье -26%,,ниже: обучение < 12 мес.,-0.15,-3.89,0.17,0.5,0.5,0.76
2024-05,Черноярский,Астраханская область,930,внимание,False,97.85,Здоровье,Здоровье -17%; Продовольствие -8%,,,-1.45,-2.72,0.74,0.84,-2.55,-1.06
2024-06,Устюженский,Вологодская область,1068,внимание,False,97.85,Общественное питание,Общественное питание +55%,,,1.05,1.4,0.79,3.33,-0.95,-0.89
2024-09,Урицкий,Орловская область,1731,внимание,False,97.85,Транспорт,Транспорт -36%,,,0.68,-1.83,1.37,0.25,-0.49,-3.09
2024-03,Глазуновский,Орловская область,1712,внимание,False,97.84,Здоровье,Здоровье -22%; Все категории -6%,,,-2.01,-3.29,0.37,-0.96,-0.72,0.98
2023-08,Шацкий,Рязанская область,1872,внимание,False,97.84,Здоровье,Здоровье -8%,,ниже: обучение < 12 мес.,0.1,-3.7,0.68,0.15,1.35,-0.07
2024-04,Мучкапский,Тамбовская область,2087,внимание,False,97.84,Транспорт,Транспорт -6%; Здоровье -14%,,,-0.41,-2.51,0.06,-0.7,-0.4,-3.02
2024-10,Шебалинский,Республика Алтай,20,внимание,False,97.83,Все категории,Все категории -7%,,,-3.48,-0.5,-0.36,-1.71,-0.97,-0.18
2024-08,Оймяконский,Республика Саха (Якутия),332,внимание,False,97.83,Здоровье,Здоровье +24%; Транспорт +26%,,,-0.06,3.23,-0.2,-0.75,0.59,2.22
2024-05,Дзун-Хемчикский,Республика Тыва,403,внимание,False,97.83,Маркетплейсы,Маркетплейсы +11%; Продовольствие -5%,,,-0.79,-1.61,2.73,-0.3,-2.17,-0.59
2023-07,Сямженский,Вологодская область,1064,внимание,False,97.83,Здоровье,Здоровье -25%,,ниже: обучение < 12 мес.,-1.5,-3.52,0.58,0.25,-0.74,-1.14
2024-08,Касимовский,Рязанская область,1852,внимание,False,97.83,Маркетплейсы,Маркетплейсы -15%,,,0.06,-0.71,-2.9,-1.65,-1.08,0.62
2023-12,Норильск,Красноярский край,678,внимание,False,97.82,Маркетплейсы,Маркетплейсы -6%; Транспорт +15%,,ниже: обучение < 12 мес.,-0.02,0.17,-2.54,0.78,-1.58,2.19
2024-12,Нюксенский,Вологодская область,1062,внимание,False,97.82,Общественное питание,Общественное питание +132%,,,0.29,0.08,-0.33,3.82,1.05,0.44
2024-05,Апатиты,Мурманская область,1507,внимание,False,97.82,Все категории,Все категории +4%,,,3.13,0.39,1.24,1.65,0.12,1.83
2023-11,Милославский,Рязанская область,1855,внимание,False,97.82,Продовольствие,Продовольствие +9%; Транспорт +21%,,ниже: обучение < 12 мес.,0.2,-0.79,-0.28,-0.25,2.73,2.51
2024-12,Кош-Агачский,Республика Алтай,11,внимание,False,97.81,Все категории,Все категории -7%,,,-3.61,0.12,-1.1,-0.26,-0.8,-0.64
2024-06,Томпонский,Республика Саха (Якутия),338,внимание,False,97.81,Маркетплейсы,Маркетплейсы +35%,,,-0.53,0.11,2.56,1.65,-0.15,1.72
2023-12,Арсеньевский,Тульская область,2171,внимание,False,97.81,Маркетплейсы,Маркетплейсы +10%,,ниже: обучение < 12 мес.,1.99,0.4,3.35,0.84,0.55,0.44
2024-04,Вагайский,Тюменская область,2199,внимание,False,97.81,Здоровье,Здоровье -22%,,,-1.82,-3.34,-0.1,-0.46,-1.19,0.1
2023-09,Нягань,Ханты-Мансийский автономный округ — Югра,2222,внимание,False,97.81,Транспорт,Транспорт -19%,,ниже: обучение < 12 мес.,-1.45,-0.61,0.89,-0.7,-0.42,-3.6
2024-01,Макарьевский,Костромская область,1317,внимание,False,97.8,Общественное питание,Общественное питание -57%,,,1.4,1.03,0.88,-3.31,1.12,0.08
2024-06,Александро-Невский,Рязанская область,1857,внимание,False,97.8,Все категории,Все категории -7%; Продовольствие -9%; Маркетплейсы -13%,,,-2.42,-0.28,-2.1,0.77,-2.36,0.08
2023-07,Муравленко,Ямало-Ненецкий автономный округ,2241,внимание,False,97.8,Маркетплейсы,Маркетплейсы -5%; Здоровье -1%,,ниже: обучение < 12 мес.,-1.57,-2.38,-2.78,0.0,-0.75,0.61
2023-11,Красногвардейский,Республика Адыгея,5,внимание,False,97.79,Продовольствие,Продовольствие -5%; Транспорт -15%,,ниже: обучение < 12 мес.,-1.79,-0.78,-0.13,1.19,-2.72,-2.28
2024-11,Владикавказ,Республика Северная Осетия — Алания,345,внимание,False,97.79,Здоровье,Здоровье -5%,,,-1.72,-2.16,0.06,-1.34,1.68,-0.76
2024-09,Агинский,Забайкальский край,605,внимание,False,97.79,Общественное питание,Общественное питание +8%; Все категории +4%,,,2.46,-0.2,0.38,2.65,-0.68,0.41
2023-12,Приморский,Архангельская область,912,внимание,False,97.79,Маркетплейсы,Маркетплейсы -11%; Общественное питание +12%,,ниже: обучение < 12 мес.,-0.8,1.26,-3.0,2.25,-0.12,-0.24
2024-12,Среднеколымский,Республика Саха (Якутия),335,внимание,False,97.78,Транспорт,Транспорт +39%,,,0.12,-0.31,-1.28,0.23,0.1,3.75
2023-08,Усть-Кубинский,Вологодская область,1067,внимание,False,97.78,Маркетплейсы,Маркетплейсы -10%,,ниже: обучение < 12 мес.,1.77,-0.88,-2.09,1.49,0.62,-0.3
2023-10,Александровский,Оренбургская область,1680,внимание,False,97.78,Маркетплейсы,Маркетплейсы -3%,,ниже: обучение < 12 мес.,0.31,-0.77,-2.83,0.49,-1.51,-0.33
2023-10,Балтайский,Саратовская область,1921,внимание,False,97.78,Все категории,Все категории +12%; Продовольствие +5%,,ниже: обучение < 12 мес.,2.67,-0.27,1.13,-0.24,2.44,1.64
2023-10,Некоузский,Ярославская область,2328,внимание,False,97.78,Продовольствие,Продовольствие -11%; Все категории -4%,,ниже: обучение < 12 мес.,-2.37,-0.91,-1.45,0.77,-2.85,0.14
2023-11,Чойский,Республика Алтай,19,внимание,False,97.77,Маркетплейсы,Маркетплейсы +2%; Здоровье -18%,,ниже: обучение < 12 мес.,-0.13,-2.46,-2.65,-0.64,1.15,-0.67
2023-09,Инта,Республика Коми,227,внимание,False,97.77,Все категории,Все категории -11%; Здоровье -6%,,ниже: обучение < 12 мес.,-2.94,-2.23,-1.39,-1.46,0.23,0.04
2023-11,Барятинский,Калужская область,1201,внимание,True,97.77,Продовольствие,Продовольствие +11%,,ниже: обучение < 12 мес.,-1.1,-0.2,-0.02,0.03,2.31,-1.94
2024-02,Вилюйский,Республика Саха (Якутия),320,внимание,True,97.76,Все категории,Все категории -5%; Продовольствие -7%,,,-2.64,-1.22,0.68,0.83,-2.46,0.27
2024-12,Балтийский,Калининградская область,1184,внимание,False,97.76,Маркетплейсы,Маркетплейсы +23%; Здоровье +6%,,,1.03,2.13,2.93,0.79,0.12,1.61
2023-11,Еловский,Пермский край,742,внимание,True,97.75,Все категории,Все категории -6%,,ниже: обучение < 12 мес.,-3.14,-1.61,-0.49,-0.21,-0.87,1.0
2024-12,Серышевский,Амурская область,885,внимание,False,97.75,Маркетплейсы,Маркетплейсы -12%,,,0.88,0.0,-3.09,-0.78,0.19,0.0
2024-03,Нагорский,Кировская область,1282,внимание,False,97.75,Здоровье,Здоровье +27%,,,1.33,3.38,1.57,0.96,0.34,1.05
2023-08,Питерский,Саратовская область,1940,внимание,False,97.75,Маркетплейсы,Маркетплейсы +23%,,ниже: обучение < 12 мес.,-0.69,1.28,2.85,-0.11,0.27,0.72
2024-07,Парабельский,Томская область,2158,внимание,False,97.75,Продовольствие,Продовольствие +3%; Транспорт +23%,,,0.86,1.22,0.87,-1.06,2.78,2.24
2024-04,Павловск,Санкт-Петербург,2437,внимание,False,97.75,Все категории,Все категории -1%,,,-3.26,-1.74,-0.3,-1.43,-0.19,-1.39
2024-12,Зилаирский,Республика Башкортостан,54,внимание,False,97.74,Общественное питание,Общественное питание -27%; Транспорт +8%,,,1.04,0.49,0.62,-2.79,0.94,2.28
2024-09,Сортавальский,Республика Карелия,222,внимание,True,97.74,Все категории,Все категории +4%; Общественное питание +8%; Транспорт +6%,,,2.45,0.82,0.77,2.35,1.38,2.03
2024-10,Томпонский,Республика Саха (Якутия),338,внимание,False,97.74,Маркетплейсы,Маркетплейсы -27%; Транспорт -13%,,,-0.85,0.42,-2.75,0.1,0.85,-2.52
2023-07,Жигаловский,Иркутская область,1147,внимание,False,97.74,Маркетплейсы,Маркетплейсы +32%; Все категории +5%,,ниже: обучение < 12 мес.,2.22,-0.68,3.16,0.29,0.63,-0.86
2023-10,Усинск,Республика Коми,228,внимание,True,97.73,Все категории,Все категории -3%,,ниже: обучение < 12 мес.,-3.26,-0.37,-0.36,-0.17,-0.37,0.32
2023-08,Янтиковский,Чувашская Республика,503,внимание,False,97.73,Здоровье,Здоровье +52%,,ниже: обучение < 12 мес.,-0.73,3.54,-1.56,0.01,-0.79,-0.19
2023-07,Котласский,Архангельская область,903,внимание,False,97.73,Все категории,Все категории +9%; Здоровье -17%; Маркетплейсы +17%,,ниже: обучение < 12 мес.,2.37,-2.31,2.11,0.01,0.6,-0.12
2023-11,Белохолуницкий,Кировская область,1266,внимание,True,97.73,Здоровье,Здоровье -21%,,ниже: обучение < 12 мес.,0.31,-3.07,-0.48,-1.18,1.99,0.06
2024-08,Александровский,Томская область,2148,внимание,True,97.73,Маркетплейсы,Маркетплейсы +11%,,,0.91,0.32,3.73,0.0,0.78,0.96
2023-08,Нижневартовский,Ханты-Мансийский автономный округ — Югра,2233,внимание,False,97.73,Транспорт,Транспорт +16%,,ниже: обучение < 12 мес.,0.23,1.71,0.49,1.2,1.13,3.36
2024-03,Тоджинский,Республика Тыва,413,внимание,False,97.72,Продовольствие,Продовольствие +7%,,,0.55,-0.07,0.46,0.01,3.49,1.16
2024-02,Тымовский,Сахалинская область,1967,внимание,False,97.72,Здоровье,Здоровье -8%,,,-0.14,-3.66,0.95,-1.14,0.8,-0.17
2024-04,Десногорск,Смоленская область,2045,внимание,True,97.72,Транспорт,Транспорт +35%; Все категории +8%,,,2.31,1.48,0.98,1.26,1.92,2.57
2024-06,Старомайнский,Ульяновская область,2269,внимание,False,97.72,Все категории,Все категории -5%,,,-2.68,0.06,-0.85,-1.97,0.8,-0.13
2023-07,Карагинский,Камчатский край,618,внимание,False,97.71,Здоровье,Здоровье +42%,,ниже: обучение < 12 мес.,0.11,3.86,-0.46,-0.19,-0.71,-0.0
2024-05,Варнавинский,Нижегородская область,1545,внимание,False,97.71,Маркетплейсы,Маркетплейсы -21%; Все категории -7%,,,-2.47,0.84,-2.96,0.24,-0.28,0.34
2024-04,Невельский,Сахалинская область,1960,внимание,False,97.71,Продовольствие,Продовольствие +5%,,,0.88,0.5,-1.06,-0.34,3.52,0.16
2024-03,Арсеньевский,Тульская область,2171,внимание,False,97.71,Все категории,Все категории -11%,,,-2.94,-0.12,-0.99,0.35,0.4,-1.61
2023-07,Юкаменский,Удмуртская Республика,445,внимание,False,97.7,Транспорт,Транспорт +51%,,ниже: обучение < 12 мес.,-1.51,-0.52,-0.86,-1.13,-1.48,2.91
2024-01,Красночикойский,Забайкальский край,586,внимание,False,97.7,Общественное питание,Общественное питание -42%; Транспорт +1%,,,-0.96,0.06,-0.95,-2.61,-0.95,2.39
2024-12,Ванинский,Хабаровский край,847,внимание,False,97.7,Продовольствие,Продовольствие -5%,,,-0.25,-0.46,1.54,-0.43,-3.16,0.57
2023-12,Белогорский,Амурская область,871,внимание,False,97.7,Все категории,Все категории +12%; Общественное питание +14%,,ниже: обучение < 12 мес.,2.74,0.95,0.72,2.08,1.94,0.41
2024-02,Михайловский,Рязанская область,1856,внимание,False,97.7,Общественное питание,Общественное питание -33%,,,-0.08,0.98,-0.44,-3.79,0.37,-0.12
2024-12,Левашово,Санкт-Петербург,2362,внимание,False,97.7,Транспорт,Транспорт +17%,,,0.73,1.58,1.06,0.5,-0.58,3.45
2024-09,Адыгейск,Республика Адыгея,2,внимание,False,97.69,Здоровье,Здоровье -14%,,,0.77,-3.73,0.49,-0.22,-0.21,0.3
2023-07,Усть-Канский,Республика Алтай,16,внимание,False,97.69,Транспорт,,,ниже: обучение < 12 мес.,1.71,-1.81,0.0,-0.74,1.75,-1.87
2023-11,Шелопугинский,Забайкальский край,602,внимание,False,97.69,Маркетплейсы,Маркетплейсы +88%,,ниже: обучение < 12 мес.,0.14,-0.85,3.57,-0.4,-1.01,0.07
2024-08,Лухский,Ивановская область,1122,внимание,False,97.69,Маркетплейсы,Маркетплейсы +23%; Здоровье -48%; Транспорт -26%,,,0.07,-2.15,2.54,-0.68,-0.23,-2.11
2024-01,Оконешниковский,Омская область,1651,внимание,False,97.69,Транспорт,Транспорт -24%; Продовольствие -10%,,,-1.37,-0.1,-0.8,-0.06,-2.02,-3.1
2024-08,Макаровский,Сахалинская область,1959,внимание,False,97.69,Маркетплейсы,Маркетплейсы -22%; Все категории -5%; Продовольствие -6%,,,-2.31,0.76,-2.34,-0.96,-2.17,-0.19
2024-07,Бийский,Алтайский край,517,внимание,True,97.68,Маркетплейсы,Маркетплейсы +23%,,,0.68,0.75,3.51,1.62,0.15,0.14
2024-06,Кошкинский,Самарская область,1897,внимание,False,97.68,Все категории,Все категории -6%; Продовольствие -6%; Здоровье -19%,,,-2.44,-2.05,-2.01,-1.13,-2.3,-0.73
2023-11,Алтайский,Республика Хакасия,453,внимание,False,97.67,Здоровье,Здоровье +32%,,ниже: обучение < 12 мес.,0.71,3.34,0.89,0.62,-0.02,1.88
2024-03,Бийский,Алтайский край,517,внимание,False,97.67,Общественное питание,,,,1.19,1.36,-1.92,-1.97,1.28,-0.63
2023-07,Кежемский,Красноярский край,702,внимание,False,97.67,Транспорт,Транспорт +43%,,ниже: обучение < 12 мес.,1.68,1.0,-1.27,1.46,1.15,3.24
2024-09,Саянск,Иркутская область,1138,внимание,False,97.67,Все категории,Все категории -6%; Общественное питание -13%,,,-3.06,-1.15,-1.21,-2.16,-0.66,-0.91
2024-03,Елец,Липецкая область,1411,внимание,False,97.67,Маркетплейсы,Маркетплейсы +8%,,,0.38,-0.02,3.59,1.17,-0.27,0.73
2024-02,Угловский,Алтайский край,565,внимание,False,97.66,Общественное питание,Общественное питание -44%; Транспорт -22%,,,-0.08,-0.77,-0.07,-2.85,-0.02,-2.6
2023-10,Усть-Большерецкий,Камчатский край,615,внимание,True,97.66,Общественное питание,Общественное питание +51%; Все категории +11%,,ниже: обучение < 12 мес.,2.27,0.14,0.45,3.0,-0.23,1.13
2023-07,Шимановский,Амурская область,889,внимание,False,97.66,Маркетплейсы,Маркетплейсы -33%,,ниже: обучение < 12 мес.,0.22,0.31,-3.51,0.0,-0.42,0.46
2023-11,Псковский,Псковская область,1783,внимание,False,97.66,Здоровье,Здоровье +11%,,ниже: обучение < 12 мес.,-0.26,3.59,1.29,-0.26,-0.69,-0.09
2023-08,Кадомский,Рязанская область,1851,внимание,False,97.66,Маркетплейсы,Маркетплейсы -9%,,ниже: обучение < 12 мес.,0.09,0.88,-2.97,-0.34,-0.78,1.91
2024-07,Лахденпохский,Республика Карелия,212,внимание,False,97.65,Маркетплейсы,Маркетплейсы +9%,,,1.22,0.6,3.45,1.42,0.1,0.73
2024-03,Теньгушевский,Республика Мордовия,306,внимание,False,97.65,Продовольствие,Продовольствие -8%; Транспорт -22%,,,0.31,0.06,0.44,-0.84,-2.66,-2.16
2024-06,Кызылский,Республика Тыва,405,внимание,False,97.65,Все категории,Все категории +9%; Общественное питание -4%,,,2.39,0.41,-0.03,-2.36,1.21,0.48
2023-11,Партизанский,Красноярский край,712,внимание,False,97.65,Транспорт,Транспорт +26%,,ниже: обучение < 12 мес.,-0.39,-0.06,-1.66,-1.92,0.67,2.77
2024-11,Котельничский,Кировская область,1276,внимание,False,97.65,Здоровье,Здоровье -26%; Продовольствие -13%; Транспорт -23%,,,-1.39,-2.3,-0.01,-0.52,-2.26,-2.24
2023-11,Волгореченск,Костромская область,1305,внимание,False,97.65,Здоровье,Здоровье -10%; Продовольствие -3%,,ниже: обучение < 12 мес.,-0.18,-2.59,0.04,-1.14,-2.2,-1.92
2023-09,Балахтинский,Красноярский край,685,внимание,True,97.64,Общественное питание,Общественное питание +1%,,ниже: обучение < 12 мес.,-0.63,1.14,0.32,2.97,-1.91,0.78
2023-11,Качугский,Иркутская область,1153,внимание,False,97.64,Транспорт,Транспорт +12%; Здоровье +26%,,ниже: обучение < 12 мес.,1.0,2.44,0.1,-0.36,-0.49,2.9
2024-09,Болховский,Орловская область,1710,внимание,False,97.64,Продовольствие,,,,0.89,-0.48,-1.27,-1.01,-1.88,-1.26
2023-07,Путятинский,Рязанская область,1860,внимание,False,97.64,Общественное питание,Общественное питание -22%; Продовольствие -7%,,ниже: обучение < 12 мес.,-0.44,-0.94,0.36,-3.07,-2.25,0.25
2023-11,Темниковский,Республика Мордовия,305,внимание,False,97.63,Здоровье,Здоровье +31%,,ниже: обучение < 12 мес.,1.03,2.72,-1.1,-0.02,-0.28,-1.85
2024-05,Быстроистокский,Алтайский край,520,внимание,False,97.63,Здоровье,Здоровье +22%; Маркетплейсы -19%,,,-1.21,3.03,-2.01,0.21,-0.97,0.64
2023-09,Партизанский,Красноярский край,712,внимание,False,97.63,Маркетплейсы,Маркетплейсы -17%; Здоровье -5%,,ниже: обучение < 12 мес.,-1.35,-2.58,-2.62,-0.32,-0.45,0.65
2024-08,Ермишинский,Рязанская область,1849,внимание,False,97.63,Транспорт,Транспорт +27%; Все категории +6%,,,2.09,1.48,0.21,-0.83,0.27,2.96
2024-04,Ленинский,Еврейская автономная область,2340,внимание,False,97.63,Общественное питание,Общественное питание +31%,,,1.56,1.43,-0.15,3.29,0.42,1.02
2024-01,Костомукшский,Республика Карелия,207,внимание,False,97.62,Маркетплейсы,Маркетплейсы -28%; Продовольствие +8%,,,0.39,0.45,2.66,0.71,2.25,0.9
2023-09,Вилюйский,Республика Саха (Якутия),320,внимание,False,97.62,Транспорт,Транспорт -28%,,ниже: обучение < 12 мес.,-0.04,0.74,-0.14,-0.7,-0.37,-3.78
2023-10,Бисертский,Свердловская область,2027,внимание,False,97.62,Здоровье,Здоровье -15%,,ниже: обучение < 12 мес.,1.45,-2.87,-0.75,-0.79,0.43,0.52
2024-10,Брединский,Челябинская область,2294,внимание,False,97.62,Все категории,Все категории +9%; Здоровье +19%,,,2.86,2.43,1.09,1.11,0.1,0.63
2024-11,Марфино,Москва,2517,внимание,False,97.62,Все категории,Все категории +1%; Здоровье +8%,,,2.65,2.32,1.39,0.96,1.71,0.96
2024-10,Каларский,Забайкальский край,582,внимание,False,97.61,Общественное питание,Общественное питание +39%,,,0.13,0.66,-0.28,3.65,-1.24,0.54
2024-03,Горнозаводский,Пермский край,739,внимание,False,97.61,Общественное питание,Общественное питание +35%; Маркетплейсы +11%,,,0.73,0.04,2.43,2.98,-0.59,0.37
2024-11,Одесский,Омская область,1650,внимание,True,97.61,Продовольствие,Продовольствие -10%,,,0.21,-1.38,0.28,-1.83,-2.2,1.52
2024-08,Нижняя Салда,Свердловская область,2001,внимание,False,97.61,Все категории,Все категории +4%,,,2.85,-1.64,0.38,0.26,0.45,0.37
2024-12,Марфино,Москва,2517,внимание,False,97.61,Здоровье,Здоровье +5%,,,-0.74,2.75,0.15,1.04,1.34,1.15
2023-07,Таймырский Долгано-Ненецкий,Красноярский край,718,внимание,False,97.6,Все категории,Все категории +6%,,ниже: обучение < 12 мес.,3.22,0.62,0.13,1.15,0.46,1.9
2024-07,Ханкайский,Приморский край,802,внимание,False,97.6,Общественное питание,Общественное питание +20%; Транспорт +14%,,,0.68,1.1,-0.29,3.14,0.5,2.05
2024-03,Томаринский,Сахалинская область,1966,внимание,False,97.6,Продовольствие,Продовольствие -3%; Транспорт +6%,,,0.42,0.82,1.09,1.16,-2.35,2.15
2023-09,Рефтинский,Свердловская область,1976,внимание,False,97.6,Общественное питание,Общественное питание -35%,,ниже: обучение < 12 мес.,-0.45,1.12,0.96,-3.11,-1.29,-1.99
2024-02,Левашово,Санкт-Петербург,2362,внимание,False,97.6,Транспорт,Транспорт -7%; Здоровье -7%,,,0.26,-2.58,-0.49,-0.79,0.19,-2.81
2024-06,Зилаирский,Республика Башкортостан,54,внимание,True,97.59,Общественное питание,Общественное питание -40%,,,1.77,0.72,1.28,-2.69,1.12,-1.31
2023-12,Вилюйский,Республика Саха (Якутия),320,внимание,False,97.59,Маркетплейсы,Маркетплейсы -26%,,ниже: обучение < 12 мес.,0.75,-0.48,-2.37,-1.84,-0.56,-0.52
2023-09,Аликовский,Чувашская Республика,484,внимание,False,97.59,Все категории,Все категории -15%; Маркетплейсы -39%; Продовольствие -13%,,ниже: обучение < 12 мес.,-2.31,-1.74,-2.27,0.03,-2.18,-0.33
2023-10,Большеулуйский,Красноярский край,691,внимание,False,97.59,Продовольствие,Продовольствие -10%; Транспорт +32%,,ниже: обучение < 12 мес.,-0.31,-0.09,-0.02,-0.93,-2.51,2.37
2024-04,Таборинский,Свердловская область,2043,внимание,True,97.59,Маркетплейсы,Маркетплейсы +54%,,,0.78,1.26,3.4,1.44,0.78,0.01
2024-02,Полярные Зори,Мурманская область,1511,внимание,False,97.58,Общественное питание,Общественное питание +11%,,,0.17,-1.47,-0.03,3.5,-0.86,-0.23
2024-08,Сандовский,Тверская область,2136,внимание,False,97.58,Продовольствие,Продовольствие -7%,,,-1.74,-0.14,-1.87,-1.57,-2.95,-0.45
2023-09,Сладковский,Тюменская область,2207,внимание,False,97.58,Продовольствие,Продовольствие -11%; Все категории -15%,,ниже: обучение < 12 мес.,-2.23,-0.02,-1.41,-0.49,-2.53,-1.96
2023-11,Николаевский,Хабаровский край,853,внимание,False,97.57,Продовольствие,Продовольствие -4%,,ниже: обучение < 12 мес.,0.24,-0.23,-0.3,0.57,-3.17,-0.06
2023-12,Богородский,Кировская область,1267,внимание,False,97.57,Здоровье,Здоровье -43%,,ниже: обучение < 12 мес.,-0.04,-3.31,-2.0,0.04,0.33,-0.5
2023-10,Новодеревеньковский,Орловская область,1724,внимание,False,97.57,Маркетплейсы,Маркетплейсы -5%,,ниже: обучение < 12 мес.,-0.32,-0.28,-3.55,0.49,0.0,1.49
2023-09,Ногайский,Карачаево-Черкесская Республика,201,внимание,False,97.56,Здоровье,Здоровье +41%,,ниже: обучение < 12 мес.,0.05,3.7,0.24,-0.13,1.19,0.27
2023-08,Лахденпохский,Республика Карелия,212,внимание,True,97.56,Здоровье,Здоровье -5%; Маркетплейсы +8%,,ниже: обучение < 12 мес.,0.22,-3.09,2.2,0.69,-0.44,-0.74
2024-03,Ковернинский,Нижегородская область,1557,внимание,False,97.56,Транспорт,Транспорт -11%; Здоровье +22%,,,0.97,2.19,0.05,0.27,1.16,-2.77
2023-08,Югорск,Ханты-Мансийский автономный округ — Югра,2228,внимание,False,97.56,Транспорт,Транспорт -7%,,ниже: обучение < 12 мес.,-0.8,1.15,-1.42,-1.44,-0.61,-3.33
2023-12,Череповецкий,Вологодская область,1071,внимание,False,97.55,Транспорт,Транспорт -5%,,ниже: обучение < 12 мес.,-0.55,0.34,-1.57,-1.9,-0.89,-3.01
2024-09,Палехский,Ивановская область,1123,внимание,True,97.55,Здоровье,Здоровье +36%,,,1.26,3.51,1.11,0.18,-0.74,0.14
2023-12,Светловский,Калининградская область,1180,внимание,False,97.55,Продовольствие,Продовольствие -7%,,ниже: обучение < 12 мес.,-1.18,-0.98,-1.52,0.26,-3.38,-0.11
2024-10,Туркменский,Ставропольский край,840,внимание,False,97.54,Транспорт,Транспорт -9%; Все категории -5%,,,-2.58,-0.2,-1.07,0.47,-0.77,-2.71
2023-08,Селемджинский,Амурская область,884,внимание,False,97.54,Общественное питание,Общественное питание -1%; Все категории +1%,,ниже: обучение < 12 мес.,2.19,1.61,0.49,-2.24,1.97,-0.13
2023-08,Сараевский,Рязанская область,1865,внимание,False,97.54,Здоровье,Здоровье +44%; Общественное питание +145%,,ниже: обучение < 12 мес.,0.3,3.19,0.86,2.06,0.53,-0.43
2023-10,Куркинский,Тульская область,2181,внимание,False,97.54,Маркетплейсы,Маркетплейсы +3%,,ниже: обучение < 12 мес.,-0.52,0.36,-3.52,0.83,-0.99,0.8
2024-06,Щаповское,Москва,2607,внимание,False,97.54,Маркетплейсы,Маркетплейсы +18%,,,1.78,1.57,3.08,1.14,1.26,1.19
2024-11,Урупский,Карачаево-Черкесская Республика,203,внимание,False,97.53,Продовольствие,Продовольствие -12%,,,-1.42,1.79,-0.18,0.24,-2.91,0.88
2023-09,Сретенский,Забайкальский край,595,внимание,False,97.53,Здоровье,Здоровье -9%,,ниже: обучение < 12 мес.,-0.97,-3.75,-0.02,0.11,-0.13,0.32
2023-12,Нарьян-Мар,Ненецкий автономный округ,916,внимание,False,97.53,Маркетплейсы,Маркетплейсы -20%,,ниже: обучение < 12 мес.,0.03,0.56,-3.62,0.28,0.11,0.7
2024-06,Кромской,Орловская область,1719,внимание,True,97.53,Продовольствие,Продовольствие -7%; Транспорт -13%; Все категории -6%,,,-2.0,-0.64,-0.35,-1.75,-2.4,-2.31
2023-08,Надымский,Ямало-Ненецкий автономный округ,2245,внимание,False,97.53,Все категории,Все категории -9%,,ниже: обучение < 12 мес.,-2.88,0.0,-1.4,-1.67,0.0,0.93
2024-11,Красночикойский,Забайкальский край,586,внимание,False,97.52,Транспорт,Транспорт -14%,,,-0.3,-0.01,0.47,-0.28,-0.71,-3.79
2024-08,Кочевский,Пермский край,771,внимание,False,97.52,Продовольствие,Продовольствие -12%,,,-1.3,-0.73,-1.84,-1.26,-3.16,-0.65
2024-11,Шенкурский,Архангельская область,915,внимание,False,97.52,Общественное питание,Общественное питание +46%,,,-1.1,-0.27,-1.11,3.14,-1.4,-1.11
2024-05,Ильинский,Ивановская область,1118,внимание,False,97.52,Маркетплейсы,Маркетплейсы +7%,,,-1.46,-0.79,2.39,0.96,-0.16,0.04
2023-07,Далматовский,Курганская область,1338,внимание,False,97.52,Общественное питание,Общественное питание -16%,,ниже: обучение < 12 мес.,-0.27,-1.09,-0.48,-3.62,0.87,0.23
2023-07,Карачаевский,Карачаево-Черкесская Республика,195,внимание,False,97.51,Маркетплейсы,Маркетплейсы +22%,,ниже: обучение < 12 мес.,-0.02,-0.27,3.02,-0.14,-1.1,1.67
2024-09,Нехаевский,Волгоградская область,1029,внимание,False,97.51,Транспорт,Транспорт -19%; Продовольствие -7%,,,-1.47,0.61,-1.17,0.33,-2.17,-2.86
2023-12,Кировск,Мурманская область,1508,внимание,False,97.51,Общественное питание,Общественное питание +8%; Продовольствие -2%,,ниже: обучение < 12 мес.,-0.13,-0.02,-1.44,2.39,-2.29,-0.39
2024-09,Северный,Новосибирская область,1622,внимание,False,97.51,Транспорт,Транспорт +28%,,,0.25,-1.93,-0.73,-0.2,0.91,3.17
2024-11,Уватский,Тюменская область,2211,внимание,False,97.51,Маркетплейсы,Маркетплейсы -16%,,,-1.93,-1.46,-3.03,0.68,-0.68,-0.26
2024-04,Белоярский,Ханты-Мансийский автономный округ — Югра,2229,внимание,False,97.51,Транспорт,Транспорт -13%; Продовольствие -6%,,,-1.01,0.34,-0.88,-0.12,-2.19,-3.04
2024-03,Ибресинский,Чувашская Республика,487,внимание,False,97.5,Общественное питание,Общественное питание -18%; Продовольствие -6%,,,-1.74,-0.03,0.24,-2.52,-2.37,-1.21
2024-10,Родинский,Алтайский край,549,внимание,False,97.5,Транспорт,Транспорт -15%,,,-0.2,-0.31,0.12,-1.2,-1.53,-3.35
2024-09,Лермонтов,Ставропольский край,818,внимание,False,97.5,Все категории,Все категории +3%,,,3.19,0.79,1.92,1.03,1.1,0.58
2024-11,Хвастовичский,Калужская область,1222,внимание,False,97.5,Все категории,Все категории -10%,,,-3.24,-0.58,0.43,-0.94,-1.35,0.05
2024-07,Нерехта и Нерехтский,Костромская область,1321,внимание,False,97.5,Общественное питание,Общественное питание -37%,,,-0.19,0.04,0.27,-3.28,1.56,0.8
2023-12,Сосьвинский,Свердловская область,2031,внимание,False,97.5,Продовольствие,Продовольствие +8%,,ниже: обучение < 12 мес.,1.44,1.98,0.76,-0.2,3.01,0.28
2024-03,Фировский,Тверская область,2143,внимание,False,97.5,Все категории,Все категории +7%,,,3.03,-0.44,0.3,0.86,-0.18,0.66
2024-03,Шебалинский,Республика Алтай,20,внимание,False,97.49,Общественное питание,Общественное питание -15%,,,0.0,0.14,-0.64,-2.93,-0.98,1.91
2024-02,Дигорский,Республика Северная Осетия — Алания,348,внимание,False,97.49,Здоровье,Здоровье +37%,,,1.5,3.35,1.23,0.93,-0.6,0.89
2023-07,Мильковский,Камчатский край,613,внимание,False,97.48,Все категории,Все категории -5%; Здоровье -2%,,ниже: обучение < 12 мес.,-2.48,-2.07,-0.08,0.22,0.53,0.37
2024-07,Верхошижемский,Кировская область,1269,внимание,False,97.48,Здоровье,Здоровье -22%,,,-1.0,-2.89,0.36,-1.83,-1.12,-1.82
2023-08,Дворцовый,Санкт-Петербург,2456,внимание,False,97.48,Все категории,,,ниже: обучение < 12 мес.,1.83,-1.35,-1.35,1.71,-0.32,0.78
2024-07,Верхнеуслонский,Республика Татарстан,370,внимание,False,97.47,Общественное питание,Общественное питание -19%,,,-1.09,-1.85,0.15,-3.22,-0.86,0.65
2024-12,Тяжинский,Кемеровская область,1253,внимание,False,97.47,Продовольствие,Продовольствие +7%,,,1.68,1.01,-1.38,-0.04,3.07,-0.29
2024-10,Москаленский,Омская область,1645,внимание,False,97.47,Транспорт,Транспорт -9%; Здоровье -8%,,,-1.01,-2.02,1.16,0.33,-0.39,-3.09
2023-11,Октябрьский,Еврейская автономная область,2342,внимание,True,97.47,Здоровье,Здоровье -13%; Транспорт +17%,,ниже: обучение < 12 мес.,-0.86,-2.34,1.21,0.64,-1.38,2.02
2024-07,Алданский,Республика Саха (Якутия),312,внимание,False,97.46,Маркетплейсы,Маркетплейсы -10%,,,-0.49,1.8,-3.36,0.64,0.1,-0.04
2024-09,Тернейский,Приморский край,801,внимание,False,97.46,Общественное питание,Общественное питание -25%; Здоровье -12%,,,-1.07,-2.24,1.72,-2.41,-0.3,0.48
2024-03,Малоархангельский,Орловская область,1722,внимание,False,97.46,Транспорт,Транспорт -15%,,,-1.39,0.62,-1.23,-0.37,-0.5,-3.39
2023-07,Дергачевский,Саратовская область,1924,внимание,False,97.46,Транспорт,Транспорт -1%; Маркетплейсы -2%,,ниже: обучение < 12 мес.,-0.67,0.03,-2.12,1.96,-0.96,-2.29
2023-09,Костомукшский,Республика Карелия,207,внимание,False,97.45,Транспорт,Транспорт -17%,,ниже: обучение < 12 мес.,-0.06,-0.35,0.03,-1.71,0.12,-3.44
2023-07,Кольцово,Новосибирская область,1601,внимание,False,97.45,Транспорт,Транспорт +20%,,ниже: обучение < 12 мес.,0.25,0.55,-0.1,0.45,-0.87,3.72
2024-07,Пеновский,Тверская область,2133,внимание,False,97.45,Здоровье,Здоровье -9%; Продовольствие -6%,,,-1.15,-2.58,-0.26,0.93,-2.53,-1.35
2024-02,Агидель,Республика Башкортостан,22,внимание,False,97.44,Продовольствие,Продовольствие -4%,,,-1.35,-1.61,0.99,1.78,-2.04,-1.85
2023-07,Мирнинский,Республика Саха (Якутия),327,внимание,False,97.44,Маркетплейсы,Маркетплейсы +10%,,ниже: обучение < 12 мес.,0.32,-0.94,3.56,-0.82,-0.12,0.3
2024-09,Киренский,Иркутская область,1154,внимание,False,97.44,Общественное питание,Общественное питание -19%,,,0.06,0.55,-0.05,-3.72,0.59,0.58
2023-09,Богородский,Кировская область,1267,внимание,False,97.44,Транспорт,Транспорт +21%,,ниже: обучение < 12 мес.,0.12,-0.06,-0.74,0.49,1.34,3.54
2023-08,Губкинский,Ямало-Ненецкий автономный округ,2879,внимание,False,97.44,Здоровье,Здоровье -15%,,ниже: обучение < 12 мес.,-0.26,-3.79,0.12,-0.12,0.18,-0.66
2023-12,Карачаевский,Карачаево-Черкесская Республика,195,внимание,False,97.43,Маркетплейсы,Маркетплейсы -4%,,ниже: обучение < 12 мес.,-1.16,-1.58,-3.32,0.62,0.23,-0.75
2024-04,Ардатовский,Республика Мордовия,287,внимание,False,97.43,Общественное питание,Общественное питание -30%; Транспорт +42%,,,-0.6,-0.79,-0.18,-3.02,-0.27,2.06
2024-07,Куйбышевский,Калужская область,1210,внимание,False,97.43,Все категории,Все категории -10%,,,-2.99,0.75,-1.54,-1.65,-0.25,-1.78
2024-09,Марушкинское,Москва,2597,внимание,False,97.43,Транспорт,Транспорт +8%,,,-0.33,0.26,-0.04,0.62,-0.94,3.61
2024-04,Ирафский,Республика Северная Осетия — Алания,349,внимание,False,97.42,Общественное питание,Общественное питание +115%,,,1.94,-1.07,1.33,3.05,0.24,0.03
2023-08,Куединский,Пермский край,749,внимание,False,97.42,Транспорт,Транспорт +21%,,ниже: обучение < 12 мес.,-0.62,0.51,0.97,0.29,-1.02,3.19
2023-10,Гвардейский,Калининградская область,1185,внимание,False,97.42,Продовольствие,Продовольствие -6%; Общественное питание -24%,,ниже: обучение < 12 мес.,-1.97,-0.53,1.16,-2.2,-2.46,-0.16
2023-07,Богородский,Кировская область,1267,внимание,False,97.42,Транспорт,Транспорт -9%,,ниже: обучение < 12 мес.,-1.47,-0.92,-1.45,-0.12,-0.01,-3.25
2023-12,Полярные Зори,Мурманская область,1511,внимание,False,97.42,Общественное питание,Общественное питание +11%,,ниже: обучение < 12 мес.,-0.33,0.14,-0.46,3.49,0.94,-0.71
2024-11,Нефтеюганск,Ханты-Мансийский автономный округ — Югра,2220,внимание,False,97.42,Все категории,Все категории +2%,,,3.06,0.17,1.4,1.83,1.03,-1.07
2023-09,Красногорский,Удмуртская Республика,437,внимание,False,97.41,Здоровье,Здоровье -4%,,ниже: обучение < 12 мес.,-1.75,-3.2,0.41,0.62,-1.22,0.05
2024-07,Парфеньевский,Костромская область,1325,внимание,False,97.41,Здоровье,Здоровье +29%,,,1.51,2.93,1.8,0.94,-0.52,1.72
2024-11,Тоцкий,Оренбургская область,1704,внимание,False,97.41,Продовольствие,Продовольствие -6%,,,-0.17,0.72,0.16,-0.28,-3.25,0.68
2023-10,Осташковский,Тверская область,2105,внимание,False,97.41,Общественное питание,Общественное питание -21%; Транспорт -13%,,ниже: обучение < 12 мес.,-0.28,0.17,0.29,-2.86,-1.4,-2.16
2024-10,Кронверкское,Санкт-Петербург,2440,внимание,False,97.41,Все категории,Все категории -2%,,,-2.57,-0.8,0.46,-0.21,0.71,-0.61
2023-10,Туруханский,Красноярский край,720,внимание,True,97.4,Здоровье,Здоровье -18%; Все категории -8%,,ниже: обучение < 12 мес.,-2.17,-2.72,-0.37,-0.02,-1.63,0.06
2024-07,Тюльганский,Оренбургская область,1705,внимание,False,97.4,Здоровье,Здоровье -15%; Все категории -10%,,,-2.05,-3.09,-0.3,-0.19,-0.81,-1.01
2023-07,Томск,Томская область,2144,внимание,False,97.4,Транспорт,Транспорт +13%,,ниже: обучение < 12 мес.,-0.25,0.55,0.84,0.09,-0.17,3.56
2024-04,Арбат,Москва,2535,внимание,False,97.4,Транспорт,Транспорт +0%; Все категории +1%,,,-2.08,0.06,-0.23,-0.0,-1.13,-3.03
2024-08,Шимский,Новгородская область,1596,внимание,False,97.39,Все категории,Все категории -8%,,,-3.41,-0.85,-1.56,-0.22,-0.6,0.13
2024-07,Маслянинский,Новосибирская область,1618,внимание,False,97.39,Общественное питание,Общественное питание +50%,,,0.02,1.24,0.58,3.37,-0.75,-1.0
2024-02,Малодербетовский,Республика Калмыкия,185,внимание,False,97.38,Транспорт,Транспорт +16%,,,-0.08,1.86,-1.87,-0.67,-0.74,2.57
2024-02,Мезенский,Архангельская область,907,внимание,False,97.38,Маркетплейсы,Маркетплейсы +151%,,,0.84,1.25,3.53,-0.35,-0.73,-0.01
2024-07,Заполярный,Ненецкий автономный округ,917,внимание,False,97.38,Маркетплейсы,Маркетплейсы +20%; Продовольствие +8%,,,1.25,0.94,2.9,-0.2,2.19,0.17
2023-09,Тандинский,Республика Тыва,410,внимание,False,97.37,Маркетплейсы,Маркетплейсы -19%,,ниже: обучение < 12 мес.,0.16,-1.21,-2.71,-0.18,-0.03,-1.93
2023-09,Балейский,Забайкальский край,578,внимание,False,97.37,Здоровье,Здоровье -9%,,ниже: обучение < 12 мес.,-0.16,-3.76,0.13,0.15,0.67,0.34
2023-07,Магадан,Магаданская область,1430,внимание,False,97.37,Маркетплейсы,Маркетплейсы +9%,,ниже: обучение < 12 мес.,0.41,0.16,3.16,0.31,-1.77,0.45
2024-02,Шаранский,Республика Башкортостан,82,внимание,False,97.36,Общественное питание,Общественное питание -26%; Здоровье -8%,,,-0.18,-2.48,-0.73,-2.62,0.7,-1.3
2023-08,Туруханский,Красноярский край,720,внимание,True,97.36,Здоровье,Здоровье -12%,,ниже: обучение < 12 мес.,-1.52,-2.21,0.24,1.73,0.17,1.35
2024-11,Питерский,Саратовская область,1940,внимание,False,97.36,Общественное питание,Общественное питание -35%,,,0.85,0.23,-0.7,-3.28,1.32,-0.08
2024-12,Тегульдетский,Томская область,2160,внимание,False,97.36,Все категории,Все категории +9%; Продовольствие +6%,,,3.13,-0.22,0.18,0.0,2.21,0.13
2024-11,Могочинский,Забайкальский край,588,внимание,False,97.35,Общественное питание,Общественное питание -15%,,,-0.02,-0.63,0.3,-3.58,-1.23,0.25
2024-01,Карагинский,Камчатский край,618,внимание,True,97.35,Транспорт,Транспорт -64%,,,-1.27,-0.27,0.03,0.5,0.53,-3.45
2024-03,Тындинский,Амурская область,888,внимание,False,97.35,Маркетплейсы,Маркетплейсы +17%,,,-1.06,0.67,2.89,-0.25,-0.74,-1.09
2023-10,Онежский,Архангельская область,909,внимание,False,97.35,Продовольствие,Продовольствие -5%,,ниже: обучение < 12 мес.,0.25,-0.19,0.96,0.94,-3.07,-0.07
2023-08,Тазовский,Ямало-Ненецкий автономный округ,2248,внимание,False,97.35,Здоровье,Здоровье -14%,,ниже: обучение < 12 мес.,0.0,-3.79,0.27,0.0,0.34,0.46
2024-01,Омск,Омская область,1632,внимание,False,97.34,Здоровье,Здоровье +1%,,,0.33,3.64,0.6,0.55,-0.05,-1.03
2024-10,Новоржевский,Псковская область,1775,внимание,False,97.34,Все категории,Все категории -5%,,,-3.07,0.64,-1.59,0.45,-1.66,0.32
2024-08,Верхнесалдинский,Свердловская область,1981,внимание,False,97.34,Все категории,Все категории -6%,,,-3.34,0.52,-0.94,-1.0,-0.49,-0.83
2023-12,Краснопахорское,Москва,2596,внимание,False,97.34,Общественное питание,Общественное питание +19%; Здоровье +14%,,ниже: обучение < 12 мес.,0.36,2.63,0.03,2.67,0.61,-0.81
2023-08,Павинский,Костромская область,1324,внимание,True,97.33,Общественное питание,Общественное питание +241%,,ниже: обучение < 12 мес.,0.46,1.24,-0.88,3.51,0.45,0.65
2023-08,Глинковский,Смоленская область,2049,внимание,False,97.33,Общественное питание,Общественное питание +348%,,ниже: обучение < 12 мес.,1.57,-1.73,1.67,2.41,0.32,-1.09
2024-04,Сунтарский,Республика Саха (Якутия),336,внимание,False,97.32,Продовольствие,Продовольствие +6%; Маркетплейсы -8%,,,-0.38,0.99,-2.28,-0.14,2.5,0.23
2024-01,Селивановский,Владимирская область,1002,внимание,False,97.32,Транспорт,Транспорт -30%,,,0.67,0.55,1.37,-0.13,0.95,-3.31
2024-12,Беловский,Кемеровская область,1240,внимание,False,97.32,Здоровье,Здоровье +28%; Транспорт -10%,,,-0.08,2.65,0.97,1.16,-0.21,-2.21
2024-01,Вохомский,Костромская область,1311,внимание,False,97.32,Транспорт,Транспорт -29%,,,-0.0,0.4,1.96,-0.97,0.06,-3.14
2023-08,Елховский,Самарская область,1891,внимание,False,97.32,Здоровье,Здоровье -11%,,ниже: обучение < 12 мес.,-0.55,-3.7,-0.63,0.74,0.22,0.54
2023-08,Волчанский,Свердловская область,1989,внимание,False,97.32,Маркетплейсы,Маркетплейсы -12%,,ниже: обучение < 12 мес.,-1.57,-0.56,-3.17,1.46,-1.16,0.24
2023-10,Торжок,Тверская область,2108,внимание,False,97.32,Маркетплейсы,Маркетплейсы +5%,,ниже: обучение < 12 мес.,-0.06,0.21,-3.4,0.37,1.2,1.1
2023-11,Янтиковский,Чувашская Республика,503,внимание,False,97.31,Маркетплейсы,Маркетплейсы -2%,,ниже: обучение < 12 мес.,-1.09,0.22,-2.91,-0.93,1.61,-0.98
2024-12,Косинский,Пермский край,770,внимание,False,97.31,Здоровье,Здоровье +25%; Маркетплейсы +32%,,,1.99,2.32,2.3,0.24,1.02,1.0
2024-09,Ульчский,Хабаровский край,859,внимание,False,97.31,Здоровье,Здоровье -20%,,,-0.74,-3.18,0.92,-0.24,0.69,-1.9
2023-07,Усть-Кубинский,Вологодская область,1067,внимание,False,97.3,Общественное питание,Общественное питание -10%,,ниже: обучение < 12 мес.,-1.7,0.56,-1.29,-3.16,-0.41,-0.73
2023-09,Волотовский,Новгородская область,1579,внимание,False,97.3,Все категории,Все категории -13%,,ниже: обучение < 12 мес.,-2.78,0.24,0.16,0.0,0.2,-0.13
2024-05,Тоцкий,Оренбургская область,1704,внимание,False,97.3,Маркетплейсы,Маркетплейсы +9%,,,0.82,1.22,3.52,-0.72,0.63,-0.01
2023-08,Заречный,Свердловская область,1982,внимание,False,97.3,Общественное питание,Общественное питание -6%; Здоровье +1%,,ниже: обучение < 12 мес.,-1.56,-2.32,0.42,-2.6,-0.86,-0.88
2024-08,Морские ворота,Санкт-Петербург,2391,внимание,False,97.3,Транспорт,Транспорт -11%,,,0.11,0.65,0.24,-0.98,0.45,-3.63
2023-09,Баксан,Кабардино-Балкарская Республика,168,внимание,False,97.29,Все категории,,,ниже: обучение < 12 мес.,1.8,-0.81,0.8,-1.28,-1.44,-0.3
2023-07,Яровое,Алтайский край,512,внимание,False,97.29,Маркетплейсы,Маркетплейсы +26%,,ниже: обучение < 12 мес.,0.82,0.58,3.57,1.08,-0.56,0.41
2024-12,Комсомольский,Ивановская область,1120,внимание,False,97.29,Все категории,,,,1.8,0.22,1.54,-0.6,-1.33,-1.65
2024-11,Псковский,Псковская область,1783,внимание,False,97.29,Маркетплейсы,Маркетплейсы +3%; Здоровье +9%; Общественное питание +1%,,,0.8,2.21,2.21,2.19,0.16,-0.01
2023-09,Кораблинский,Рязанская область,1854,внимание,False,97.29,Продовольствие,Продовольствие +4%,,ниже: обучение < 12 мес.,1.21,0.29,-0.64,-0.39,3.47,-0.2
2024-11,Зубцовский,Тверская область,2118,внимание,False,97.29,Транспорт,Транспорт +20%; Общественное питание -20%,,,-0.48,-0.51,-1.81,-2.24,0.5,2.27
2024-04,Улаганский,Республика Алтай,15,внимание,False,97.28,Все категории,Все категории +16%,,,2.6,0.08,0.24,-1.8,0.87,1.36
2024-12,Ключевский,Алтайский край,530,внимание,False,97.28,Общественное питание,Общественное питание +31%,,,0.48,1.07,0.17,3.19,0.25,1.8
2023-08,Галичский,Костромская область,1312,внимание,False,97.28,Все категории,Все категории -8%,,ниже: обучение < 12 мес.,-2.24,1.82,-0.55,0.0,-0.4,1.29
2024-07,Октябрьский,Ханты-Мансийский автономный округ — Югра,2234,внимание,False,97.28,Все категории,Все категории +4%; Общественное питание +14%,,,2.62,0.8,0.54,2.39,1.41,0.37
2023-07,Камско-Устьинский,Республика Татарстан,377,внимание,False,97.27,Все категории,Все категории -3%,,ниже: обучение < 12 мес.,-2.14,-0.0,-0.02,-0.51,1.38,0.34
2024-11,Мысковский,Кемеровская область,1232,внимание,False,97.27,Общественное питание,Общественное питание +11%,,,1.02,-0.23,0.25,3.11,1.96,-0.14
2024-10,Глинковский,Смоленская область,2049,внимание,False,97.27,Все категории,Все категории -7%,,,-3.2,-0.39,-1.02,0.25,-0.15,-0.16
2024-12,Койгородский,Республика Коми,232,внимание,False,97.26,Общественное питание,Общественное питание -34%,,,-1.16,0.39,0.01,-2.95,1.47,-0.24
2024-05,Каргопольский,Архангельская область,901,внимание,False,97.26,Общественное питание,Общественное питание +48%,,,-0.32,-0.91,-0.33,3.65,0.12,-0.19
2023-08,Междуреченский,Вологодская область,1060,внимание,False,97.26,Здоровье,Здоровье -13%,,ниже: обучение < 12 мес.,-1.01,-3.44,0.85,-0.25,0.32,-1.27
2023-10,Правдинский,Калининградская область,1195,внимание,False,97.26,Маркетплейсы,Маркетплейсы -9%; Все категории -6%,,ниже: обучение < 12 мес.,-2.13,-0.73,-2.59,-0.24,-0.52,-1.8
2024-02,Покачи,Ханты-Мансийский автономный округ — Югра,2223,внимание,False,97.26,Транспорт,Транспорт +15%; Здоровье -6%; Продовольствие +7%,,,0.7,-2.1,-0.2,1.33,2.06,2.22
2023-12,Рыбинский,Ярославская область,2334,внимание,False,97.26,Маркетплейсы,Маркетплейсы -22%,,ниже: обучение < 12 мес.,-1.05,-0.35,-3.53,-0.99,-0.21,-0.82
2024-03,Нальчик,Кабардино-Балкарская Республика,167,внимание,False,97.25,Общественное питание,Общественное питание -6%; Здоровье -5%,,,-0.96,-2.36,-1.55,-2.55,0.2,-0.19
2024-02,Енисейск,Красноярский край,671,внимание,False,97.25,Продовольствие,Продовольствие +8%,,,0.71,-0.16,0.5,1.08,3.31,1.31
2023-08,Юсьвинский,Пермский край,774,внимание,True,97.25,Общественное питание,Общественное питание -10%; Продовольствие +3%,,ниже: обучение < 12 мес.,-0.83,-0.29,-1.7,-2.14,2.05,-0.97
2024-02,Юрьянский,Кировская область,1301,внимание,False,97.25,Транспорт,Транспорт -24%; Продовольствие -1%,,,-0.78,0.22,0.34,-0.32,-2.1,-3.08
2023-08,Полярные Зори,Мурманская область,1511,внимание,False,97.25,Все категории,Все категории -9%; Маркетплейсы -8%,,ниже: обучение < 12 мес.,-2.76,-0.62,-2.06,-0.56,-0.45,-1.63
2023-12,Булунский,Республика Саха (Якутия),316,внимание,False,97.24,Продовольствие,Продовольствие +17%,,ниже: обучение < 12 мес.,0.0,-0.04,-1.1,0.13,3.05,-0.87
2024-06,Петропавловский,Алтайский край,546,внимание,False,97.24,Транспорт,Транспорт -13%; Все категории -4%; Продовольствие -7%,,,-2.2,-1.54,-0.5,1.11,-2.12,-2.27
2024-03,Сухобузимский,Красноярский край,717,внимание,False,97.24,Продовольствие,Продовольствие +8%,,,0.44,1.97,-1.46,-1.07,2.52,0.62
2024-05,Локнянский,Псковская область,1773,внимание,False,97.24,Маркетплейсы,Маркетплейсы -21%,,,-1.3,-0.75,-3.49,-0.26,0.75,-0.47
2024-12,Кондинский,Ханты-Мансийский автономный округ — Югра,2231,внимание,False,97.24,Транспорт,Транспорт +9%; Все категории +4%,,,2.12,1.38,1.21,0.53,1.32,2.84
2023-08,Красносельский,Москва,2539,внимание,False,97.24,Здоровье,Здоровье +18%; Все категории -0%,,ниже: обучение < 12 мес.,2.2,2.74,-0.22,0.59,0.99,1.44
2024-04,Усть-Майский,Республика Саха (Якутия),340,внимание,False,97.23,Здоровье,Здоровье -16%; Транспорт -19%,,,-1.22,-2.71,-1.07,-0.9,-1.26,-2.35
2024-12,Савинский,Ивановская область,1128,внимание,False,97.23,Транспорт,Транспорт -49%,,,-0.06,1.49,0.43,0.01,-1.84,-2.84
2024-07,Лабытнанги,Ямало-Ненецкий автономный округ,2880,внимание,False,97.23,Транспорт,Транспорт -4%; Общественное питание -8%,,,-0.62,-1.16,-0.39,-2.46,-0.1,-2.65
2024-10,Пуровский,Ямало-Ненецкий автономный округ,2882,внимание,False,97.23,Продовольствие,Продовольствие -2%; Все категории -1%,,,-2.19,-1.36,-1.53,-1.2,-2.7,-1.16
2023-08,Атнинский,Республика Татарстан,365,внимание,False,97.22,Здоровье,Здоровье -14%; Маркетплейсы +45%,,ниже: обучение < 12 мес.,-0.8,-2.39,2.1,1.22,0.09,-0.15
2024-12,Хабаровский,Хабаровский край,860,внимание,False,97.22,Маркетплейсы,Маркетплейсы +24%,,,1.08,0.84,3.23,-0.08,0.23,1.67
2024-09,Сокольский,Вологодская область,1063,внимание,False,97.22,Транспорт,Транспорт +16%; Все категории +5%; Продовольствие +4%,,,2.15,1.45,0.51,1.74,2.01,2.4
2023-11,Лодейнопольский,Ленинградская область,1401,внимание,False,97.22,Здоровье,Здоровье -12%,,ниже: обучение < 12 мес.,0.96,-3.15,0.02,-1.47,0.24,0.02
2023-07,Елховский,Самарская область,1891,внимание,False,97.22,Здоровье,Здоровье +28%,,ниже: обучение < 12 мес.,-0.54,3.17,-1.32,0.29,1.14,-0.47
2024-07,Ногайский,Карачаево-Черкесская Республика,201,внимание,False,97.21,Транспорт,Транспорт -10%,,,-0.2,-0.16,0.84,1.49,-0.01,-3.26
2024-11,Дрожжановский,Республика Татарстан,372,внимание,False,97.21,Маркетплейсы,Маркетплейсы -28%,,,0.33,0.81,-2.86,0.03,-0.2,-1.57
2023-07,Березовский,Пермский край,736,внимание,False,97.21,Здоровье,Здоровье -22%; Все категории -3%,,ниже: обучение < 12 мес.,-2.14,-2.85,-1.29,-1.04,0.11,-0.31
2024-04,Партизанский,Приморский край,797,внимание,False,97.21,Продовольствие,Продовольствие -4%,,,-0.47,1.5,0.19,0.71,-3.03,0.56
2024-02,Новониколаевский,Волгоградская область,1032,внимание,False,97.21,Здоровье,Здоровье -9%,,,-1.28,-3.43,0.05,0.67,-0.97,-0.3
2024-02,Чернышковский,Волгоградская область,1044,внимание,False,97.21,Общественное питание,Общественное питание +112%,,,0.21,0.07,-0.68,3.34,0.54,1.66
2024-07,Монастырщинский,Смоленская область,2057,внимание,False,97.21,Здоровье,Здоровье +23%,,,1.26,3.43,0.62,-0.42,1.01,-0.07
2024-10,Ильинский,Ивановская область,1118,внимание,False,97.2,Маркетплейсы,Маркетплейсы +22%,,,1.0,0.18,3.52,0.96,-0.29,-0.1
2023-07,Лотошино,Московская область,1494,внимание,False,97.2,Маркетплейсы,Маркетплейсы -2%,,ниже: обучение < 12 мес.,-1.04,-1.37,-2.92,-0.82,0.02,-1.97
2024-03,Иссинский,Пензенская область,1744,внимание,False,97.2,Общественное питание,Общественное питание +43%,,,-0.1,1.86,0.65,2.17,-1.6,-1.56
2024-08,Шенталинский,Самарская область,1909,внимание,False,97.2,Маркетплейсы,Маркетплейсы -8%,,,-2.0,0.11,-3.04,0.33,-1.03,-0.29
2024-11,Камско-Устьинский,Республика Татарстан,377,внимание,False,97.19,Продовольствие,Продовольствие -9%,,,-0.52,-0.11,-0.36,-1.28,-3.26,-1.07
2023-08,Октябрьский,Амурская область,881,внимание,False,97.19,Продовольствие,Продовольствие -7%,,ниже: обучение < 12 мес.,-1.95,-0.45,-0.19,0.49,-3.14,-0.78
2024-12,Аларский,Иркутская область,1170,внимание,False,97.19,Все категории,Все категории +7%; Общественное питание +43%,,,2.58,0.73,0.17,2.46,0.22,-0.7
2024-06,Осинский,Иркутская область,1174,внимание,False,97.19,Маркетплейсы,Маркетплейсы -15%; Транспорт -12%,,,-0.16,0.04,-2.95,-0.14,-0.46,-2.01
2024-01,Сосьвинский,Свердловская область,2031,внимание,False,97.19,Все категории,Все категории -13%; Маркетплейсы -45%; Транспорт +3%,,,-2.21,-1.35,-2.07,-0.39,-1.27,2.07
2024-12,Николаевский,Хабаровский край,853,внимание,False,97.18,Общественное питание,Общественное питание +27%,,,-0.68,0.27,-0.17,3.62,-0.01,0.33
2023-08,Лотошино,Московская область,1494,внимание,False,97.18,Транспорт,Транспорт -19%,,ниже: обучение < 12 мес.,-1.77,-1.42,0.87,-1.38,-1.03,-3.02
2023-07,Анадырский,Чукотский автономный округ,2348,внимание,False,97.18,Все категории,Все категории +14%; Маркетплейсы +30%,,ниже: обучение < 12 мес.,2.48,1.05,2.31,0.87,1.39,1.67
2024-04,Покровское-Стрешнево,Москва,2529,внимание,False,97.18,Все категории,Все категории +6%; Здоровье +13%,,,2.47,2.14,0.17,1.71,-0.57,0.29
2024-06,Тверской,Москва,2543,внимание,False,97.18,Все категории,Все категории +4%,,,2.89,1.93,0.12,0.92,-0.05,1.48
2024-02,Могочинский,Забайкальский край,588,внимание,False,97.17,Общественное питание,Общественное питание +8%,,,-1.56,1.85,0.39,2.03,-0.63,-0.83
2023-08,Монастырщинский,Смоленская область,2057,внимание,False,97.17,Общественное питание,Общественное питание -22%,,ниже: обучение < 12 мес.,-0.53,1.38,-1.37,-3.23,0.48,-0.3
2023-11,Ромненский,Амурская область,882,внимание,False,97.16,Продовольствие,Продовольствие +11%,,ниже: обучение < 12 мес.,-1.0,0.39,0.09,1.2,2.13,-1.14
2024-06,Енотаевский,Астраханская область,922,внимание,False,97.16,Общественное питание,Общественное питание +74%,,,1.04,0.28,0.23,3.08,0.08,1.92
2023-07,Троснянский,Орловская область,1730,внимание,False,97.16,Продовольствие,Продовольствие +10%,,ниже: обучение < 12 мес.,0.8,-1.98,1.77,0.77,2.18,1.41
2024-09,Кобяйский,Республика Саха (Якутия),323,внимание,False,97.15,Общественное питание,Общественное питание -43%,,,0.67,0.0,-1.62,-2.96,0.49,-0.29
2024-01,Косинский,Пермский край,770,внимание,False,97.15,Все категории,Все категории -16%; Общественное питание +55%,,,-2.62,-0.33,-0.99,2.09,-1.34,-0.46
2023-12,Тарусский,Калужская область,1219,внимание,False,97.15,Транспорт,Транспорт -18%,,ниже: обучение < 12 мес.,-0.67,-0.05,-1.05,-1.14,-1.34,-3.33
2023-08,Таборинский,Свердловская область,2043,внимание,False,97.15,Транспорт,Транспорт +20%,,ниже: обучение < 12 мес.,0.15,0.75,-1.44,0.32,0.6,3.4
2024-10,Орловский,Орловская область,1726,внимание,False,97.14,Продовольствие,Продовольствие +8%,,,1.65,0.92,-0.25,0.62,3.26,-0.57
2023-11,Лопатинский,Пензенская область,1749,внимание,False,97.14,Маркетплейсы,Маркетплейсы +56%; Все категории +26%,,ниже: обучение < 12 мес.,2.54,0.0,2.61,-0.96,0.72,0.57
2023-10,Тымовский,Сахалинская область,1967,внимание,True,97.14,Все категории,Все категории -2%,,ниже: обучение < 12 мес.,-2.65,0.27,0.32,-0.43,0.32,-1.31
2024-05,Агинское,Забайкальский край,604,внимание,False,97.13,Общественное питание,Общественное питание +16%,,,0.52,0.66,-0.53,3.58,-0.77,-0.3
2023-10,Новоселицкий,Ставропольский край,836,внимание,False,97.13,Маркетплейсы,Маркетплейсы -1%; Здоровье -2%,,ниже: обучение < 12 мес.,-0.6,-2.14,-2.71,-0.03,-1.5,0.49
2024-08,Березовский,Кемеровская область,1227,внимание,False,97.13,Общественное питание,Общественное питание +16%,,,0.02,0.83,0.8,3.58,-0.06,0.08
2024-04,Вадинский,Пензенская область,1741,внимание,False,97.13,Все категории,Все категории +15%,,,2.56,0.7,0.21,-0.55,-0.65,-0.28
2024-06,Углегорский,Сахалинская область,1968,внимание,False,97.13,Общественное питание,Общественное питание -17%,,,-0.12,0.48,0.18,-3.29,1.22,0.91
2024-07,Верхний Тагил,Свердловская область,1992,внимание,False,97.13,Маркетплейсы,Маркетплейсы +15%,,,-0.77,0.99,2.65,-1.37,0.23,0.1
2023-10,Шимский,Новгородская область,1596,внимание,False,97.12,Продовольствие,Продовольствие +5%,,ниже: обучение < 12 мес.,0.95,-1.29,0.84,0.17,3.23,0.0
2023-07,Томаринский,Сахалинская область,1966,внимание,False,97.12,Транспорт,Транспорт -2%,,ниже: обучение < 12 мес.,0.15,0.45,0.58,-0.3,-0.5,-3.66
2024-09,Пелым,Свердловская область,1984,внимание,False,97.12,Общественное питание,Общественное питание -64%,,,-0.96,-0.5,-0.21,-3.6,0.22,-0.35
2024-12,Краснокамский,Республика Башкортостан,62,внимание,False,97.11,Все категории,Все категории -13%,,,-3.36,-1.55,-0.68,-0.63,-0.65,-0.56
2024-07,Каракулинский,Удмуртская Республика,433,внимание,False,97.11,Все категории,Все категории +9%; Продовольствие +8%,,,2.78,-0.12,-0.08,0.2,2.47,-0.53
2024-11,Пестяковский,Ивановская область,1124,внимание,False,97.11,Здоровье,Здоровье -44%,,,0.8,-2.83,-1.57,-0.63,0.14,0.14
2024-08,Чемальский,Республика Алтай,18,внимание,False,97.1,Общественное питание,Общественное питание +34%; Здоровье +10%,,,0.0,2.44,-1.23,2.58,-0.14,-0.64
2023-07,Новокузнецкий,Кемеровская область,1233,внимание,False,97.1,Транспорт,Транспорт +13%,,ниже: обучение < 12 мес.,-0.6,-1.26,-0.3,0.65,-0.04,3.33
2024-09,Поддорский,Новгородская область,1590,внимание,False,97.1,Все категории,Все категории -14%,,,-3.05,-1.53,-0.18,-0.61,-1.57,-0.17
2024-03,Рыбновский,Рязанская область,1861,внимание,False,97.1,Транспорт,Транспорт -13%; Общественное питание -9%,,,-0.3,0.19,0.18,-2.01,-0.67,-3.1
2023-07,Курильский,Сахалинская область,1958,внимание,False,97.1,Транспорт,Транспорт +39%; Продовольствие +9%,,ниже: обучение < 12 мес.,1.43,-0.49,-0.02,-1.28,2.24,2.62
2023-08,Ногайский,Карачаево-Черкесская Республика,201,внимание,False,97.09,Здоровье,Здоровье -1%; Общественное питание +25%,,ниже: обучение < 12 мес.,-0.01,-2.7,-0.15,2.61,0.02,-0.17
2024-12,Лесозаводский,Приморский край,781,внимание,False,97.09,Транспорт,Транспорт +15%; Все категории +4%,,,2.25,0.59,0.19,0.08,0.97,2.85
2023-11,Маловишерский,Новгородская область,1583,внимание,False,97.09,Продовольствие,Продовольствие +6%,,ниже: обучение < 12 мес.,-0.05,-0.35,-0.6,-1.09,2.98,-0.78
2024-07,Антроповский,Костромская область,1309,внимание,False,97.08,Маркетплейсы,Маркетплейсы +30%,,,0.01,-0.18,3.44,0.36,-0.92,-0.04
2024-12,Судиславский,Костромская область,1329,внимание,False,97.08,Все категории,Все категории -8%,,,-3.11,-0.66,-0.98,0.28,-1.84,-1.01
2023-12,Нефтеюганск,Ханты-Мансийский автономный округ — Югра,2220,внимание,False,97.08,Здоровье,Здоровье -7%; Транспорт +15%,,ниже: обучение < 12 мес.,-0.08,-2.72,-0.48,-1.18,-0.77,2.03
2023-11,Ленинский,Еврейская автономная область,2340,внимание,False,97.08,Все категории,Все категории +5%,,ниже: обучение < 12 мес.,2.81,0.24,-0.94,0.02,1.73,-0.02
2024-07,Хабаровский,Хабаровский край,860,внимание,False,97.07,Общественное питание,Общественное питание -12%,,,-0.39,-0.57,1.96,-2.98,-0.15,0.62
2024-04,Селемджинский,Амурская область,884,внимание,False,97.07,Общественное питание,Общественное питание -22%,,,0.0,-0.9,0.76,-3.52,0.02,-0.92
2023-07,Кашира,Московская область,1454,внимание,False,97.07,Транспорт,Транспорт +12%,,ниже: обучение < 12 мес.,-0.07,-0.9,0.1,-0.65,-0.83,3.33
2024-03,Алапаевское,Свердловская область,2015,внимание,False,97.07,Все категории,Все категории +7%; Продовольствие +4%,,,2.65,-0.98,0.42,0.62,2.47,0.27
2024-08,Чкаловское,Санкт-Петербург,2444,внимание,False,97.07,Все категории,Все категории +1%,,,2.97,0.15,0.2,1.62,0.43,1.62
2024-11,Кигинский,Республика Башкортостан,61,внимание,False,97.06,Общественное питание,Общественное питание +25%,,,1.07,0.6,-0.04,3.43,0.25,-1.08
2024-11,Вуктыл,Республика Коми,226,внимание,False,97.06,Маркетплейсы,Маркетплейсы -31%; Здоровье -19%,,,-0.43,-2.17,-2.87,0.54,-0.42,-0.93
2024-10,Усть-Алданский,Республика Саха (Якутия),339,внимание,False,97.06,Здоровье,Здоровье -24%; Маркетплейсы -29%,,,-1.47,-2.57,-2.3,-0.38,-0.5,0.72
2024-02,Кировск,Мурманская область,1508,внимание,False,97.06,Продовольствие,Продовольствие +6%; Здоровье +1%,,,0.91,-2.19,-0.39,-0.01,2.7,-0.26
2024-06,Земетчинский,Пензенская область,1743,внимание,False,97.06,Маркетплейсы,Маркетплейсы -14%,,,-0.21,1.11,-3.42,0.84,0.39,0.27
2024-09,Нижневартовский,Ханты-Мансийский автономный округ — Югра,2233,внимание,False,97.06,Общественное питание,Общественное питание +7%,,,-0.02,0.42,-1.94,3.17,0.5,0.1
2024-10,Крестецкий,Новгородская область,1581,внимание,False,97.05,Общественное питание,Общественное питание -18%,,,-0.71,-0.07,-1.78,-3.21,-0.75,-0.23
2024-11,Татарский,Новосибирская область,1624,внимание,False,97.05,Общественное питание,Общественное питание -26%,,,-0.21,-1.65,-0.59,-3.16,1.09,0.39
2024-04,Увельский,Челябинская область,2314,внимание,False,97.05,Продовольствие,Продовольствие -5%; Транспорт -5%,,,-0.94,-0.38,1.1,-1.08,-2.6,-2.47
2024-07,Марушкинское,Москва,2597,внимание,False,97.05,Общественное питание,Общественное питание +2%,,,0.95,0.75,-0.16,2.18,-1.8,-1.09
2023-07,Ардатовский,Республика Мордовия,287,внимание,False,97.04,Маркетплейсы,Маркетплейсы +27%,,ниже: обучение < 12 мес.,-1.4,-0.37,2.42,-0.87,-1.83,-1.61
2023-08,Горно-Алтайск,Республика Алтай,10,внимание,False,97.03,Транспорт,Транспорт -6%,,ниже: обучение < 12 мес.,-0.41,-0.62,0.0,-1.03,-0.27,-3.54
2024-07,Лаганский,Республика Калмыкия,184,внимание,False,97.03,Транспорт,Транспорт +28%; Общественное питание +50%,,,0.21,1.64,-1.52,2.08,-0.5,2.57
2023-09,Соболевский,Камчатский край,614,внимание,False,97.03,Общественное питание,Общественное питание +17%; Все категории +8%,,ниже: обучение < 12 мес.,2.2,0.06,0.48,2.65,0.19,1.45
2023-09,Яковлевский,Приморский край,808,внимание,False,97.03,Здоровье,Здоровье +39%; Общественное питание -55%,,ниже: обучение < 12 мес.,0.8,2.39,-0.74,-2.38,0.42,-0.81
2024-04,Становлянский,Липецкая область,1425,внимание,False,97.03,Продовольствие,,,,0.88,1.58,1.65,-1.63,-1.79,-0.62
2024-03,Тонкинский,Нижегородская область,1570,внимание,False,97.03,Транспорт,Транспорт -9%,,,1.65,0.91,1.06,0.13,1.95,-2.49
2023-11,Киевский,Москва,2593,внимание,False,97.03,Продовольствие,Продовольствие -4%,,ниже: обучение < 12 мес.,-1.67,0.96,-0.49,-1.46,-3.01,-1.37
2023-08,Шелаболихинский,Алтайский край,557,внимание,False,97.02,Все категории,Все категории -9%,,ниже: обучение < 12 мес.,-2.44,-0.28,-1.17,-1.34,-1.03,1.98
2023-09,Заполярный,Ненецкий автономный округ,917,внимание,True,97.02,Маркетплейсы,Маркетплейсы -21%; Здоровье -13%,,ниже: обучение < 12 мес.,-1.62,-2.19,-2.55,-0.93,-0.68,-1.57
2023-11,Новоржевский,Псковская область,1775,внимание,False,97.02,Здоровье,Здоровье +22%; Транспорт +13%,,ниже: обучение < 12 мес.,-0.56,2.55,0.67,0.84,-0.35,2.22
2023-08,Захаровский,Рязанская область,1850,внимание,False,97.02,Транспорт,Транспорт -33%,,ниже: обучение < 12 мес.,-0.96,-0.9,-1.39,-0.24,-0.58,-3.34
2024-07,Исаклинский,Самарская область,1892,внимание,False,97.02,Здоровье,Здоровье -17%,,,-1.05,-3.51,0.47,-0.74,-0.34,-0.58
2023-09,Ульяновский,Ульяновская область,2272,внимание,False,97.01,Транспорт,Транспорт -27%; Здоровье +3%,,ниже: обучение < 12 мес.,-0.7,-2.53,-0.05,-0.27,0.2,-2.65
2024-09,Верхнеколымский,Республика Саха (Якутия),318,внимание,False,97.0,Здоровье,Здоровье -23%; Маркетплейсы -38%,,,-0.32,-2.26,-2.19,-2.0,0.3,0.66
2024-04,Нюрбинский,Республика Саха (Якутия),324,внимание,False,97.0,Маркетплейсы,Маркетплейсы -14%; Продовольствие +11%,,,0.07,0.56,-2.53,0.54,2.33,-0.3
2023-08,Кочевский,Пермский край,771,внимание,False,97.0,Продовольствие,Продовольствие +9%,,ниже: обучение < 12 мес.,-0.21,0.24,-1.4,0.81,2.85,-0.43
2023-07,Монастырщинский,Смоленская область,2057,внимание,False,97.0,Общественное питание,Общественное питание +133%,,ниже: обучение < 12 мес.,-0.48,-0.07,-0.81,3.51,-0.95,0.7
2023-08,Нижнетавдинский,Тюменская область,2205,внимание,False,97.0,Общественное питание,Общественное питание +84%,,ниже: обучение < 12 мес.,1.37,-0.2,-0.63,2.51,0.99,-1.78
2024-12,Дуванский,Республика Башкортостан,50,внимание,False,96.99,Продовольствие,Продовольствие +7%,,,1.5,0.95,0.87,0.4,3.13,1.35
2024-01,Калевальский,Республика Карелия,209,внимание,False,96.99,Транспорт,Транспорт -20%,,,-0.72,-0.09,1.72,-0.37,-1.61,-2.89
2024-11,Лисий Нос,Санкт-Петербург,2370,,True,96.94,Все категории,Все категории +2%,,,2.14,1.29,0.19,-0.53,-1.25,0.48
2023-08,Шиханы,Саратовская область,1912,,True,96.93,Транспорт,Транспорт +23%,,ниже: обучение < 12 мес.,0.93,-0.26,-0.64,1.43,1.82,2.9
2024-06,Баймакский,Республика Башкортостан,35,,True,96.91,Общественное питание,Общественное питание -29%,,,0.77,0.79,-1.09,-2.78,1.65,0.28
2024-08,Дивногорск,Красноярский край,670,,True,96.84,Продовольствие,Продовольствие +3%,,,1.44,1.95,0.65,1.73,2.61,1.48
2024-08,Сортавальский,Республика Карелия,222,,True,96.73,Маркетплейсы,Маркетплейсы +9%; Все категории +5%,,,2.02,0.26,2.45,1.7,1.83,1.6
2023-08,Котласский,Архангельская область,903,,True,96.68,Маркетплейсы,Маркетплейсы +26%,,ниже: обучение < 12 мес.,1.38,0.65,3.23,-1.0,0.71,0.52
2024-05,Качугский,Иркутская область,1153,,True,96.62,Общественное питание,,,,1.64,0.09,-1.15,-1.8,1.35,-0.91
2024-08,Волгореченск,Костромская область,1305,,True,96.54,Общественное питание,Общественное питание -23%,,,-0.27,-0.73,-0.59,-2.84,-1.68,-1.47
2024-08,Пустошкинский,Псковская область,1784,,True,96.38,Здоровье,Здоровье -24%; Все категории -6%,,,-2.2,-2.34,0.34,0.86,-0.19,-0.19
2024-06,Тотемский,Вологодская область,1066,,True,96.34,Общественное питание,Общественное питание +24%,,,1.34,0.91,1.44,2.99,0.08,1.21
2023-09,Анадырь,Чукотский автономный округ,2344,,True,96.34,Маркетплейсы,Маркетплейсы -12%; Все категории -15%; Продовольствие -10%,,ниже: обучение < 12 мес.,-2.03,-0.98,-2.16,-0.49,-2.02,-1.17
2023-09,Воркута,Республика Коми,225,,True,96.33,Здоровье,Здоровье -3%,,ниже: обучение < 12 мес.,0.72,-2.36,-0.57,-1.47,-0.64,-1.28
2024-04,Чеди-Хольский,Республика Тыва,416,,True,96.29,Все категории,,,,1.85,1.07,0.79,-0.02,-1.69,0.4
2023-09,Николаевский,Хабаровский край,853,,True,96.21,Общественное питание,Общественное питание -47%,,ниже: обучение < 12 мес.,-0.64,-1.48,0.97,-3.08,-0.83,0.5
2024-10,Ярославский,Ярославская область,2337,,True,96.19,Здоровье,Здоровье -0%; Продовольствие -1%,,,-1.72,-2.26,0.31,-0.94,-2.14,-0.93
2024-04,Бикинский,Хабаровский край,846,,True,96.14,Общественное питание,Общественное питание +37%,,,-0.3,0.87,-0.27,3.2,0.57,-0.72
2024-05,Мошковский,Новосибирская область,1619,,True,96.1,Общественное питание,Общественное питание +32%,,,0.71,-0.85,-0.11,3.35,-0.18,0.37
2023-10,Пуровский,Ямало-Ненецкий автономный округ,2882,,True,96.06,Все категории,Все категории -4%,,ниже: обучение < 12 мес.,-2.76,-0.38,0.53,0.0,-1.64,0.26
2023-09,Оленекский,Республика Саха (Якутия),334,,True,96.01,Здоровье,Здоровье -29%; Транспорт +30%,,ниже: обучение < 12 мес.,0.0,-2.42,-0.43,-1.42,0.12,2.02
2024-04,Елец,Липецкая область,1411,,True,95.94,Маркетплейсы,Маркетплейсы +29%,,,-0.07,-0.09,3.26,-0.01,-0.09,-0.31
2024-01,Вадинский,Пензенская область,1741,,True,95.94,Транспорт,Транспорт +16%,,,0.04,0.4,0.5,-0.11,0.0,3.41
2023-11,Ачитский,Свердловская область,2018,,True,95.94,Продовольствие,Продовольствие -4%; Все категории -6%,,ниже: обучение < 12 мес.,-2.04,-1.3,0.04,-0.14,-2.53,-1.16
2024-04,Верховажский,Вологодская область,1052,,True,95.89,Общественное питание,Общественное питание +55%; Продовольствие +4%,,,1.78,-0.53,1.63,2.15,2.09,0.85
2024-02,Ельцовский,Алтайский край,523,,True,95.79,Все категории,Все категории +12%,,,2.1,0.38,0.83,1.45,1.93,-1.66
2024-12,Табунский,Алтайский край,558,,True,95.77,Продовольствие,Продовольствие +7%,,,0.07,-1.45,-1.45,-0.2,2.33,-0.84
2023-10,Губкинский,Ямало-Ненецкий автономный округ,2879,,True,95.74,Маркетплейсы,Маркетплейсы +5%; Все категории -5%,,ниже: обучение < 12 мес.,-2.04,-0.08,-2.7,-0.76,-0.25,-0.25
2024-08,Архаринский,Амурская область,870,,True,95.71,Транспорт,Транспорт +6%,,,-0.41,-0.96,0.0,-0.91,0.41,2.95
2024-09,Юрьевецкий,Ивановская область,1133,,True,95.7,Здоровье,Здоровье +26%,,,1.23,3.02,0.04,0.74,1.15,0.49
2023-09,Сыктывдинский,Республика Коми,237,,True,95.65,Все категории,Все категории -4%,,ниже: обучение < 12 мес.,2.28,1.74,1.33,1.93,1.0,1.2
2024-04,Большесельский,Ярославская область,2321,,True,95.58,Все категории,Все категории +14%,,,2.81,-0.02,0.12,0.0,0.38,-0.03
2024-02,Костомукшский,Республика Карелия,207,,True,95.56,Маркетплейсы,Маркетплейсы +41%,,,1.3,0.32,2.76,0.39,1.59,0.2
2023-11,Сарапульский,Удмуртская Республика,440,,True,95.51,Все категории,Все категории +9%,,ниже: обучение < 12 мес.,2.51,1.23,1.87,-1.05,1.4,0.78
2024-04,Парабельский,Томская область,2158,,True,95.49,Маркетплейсы,Маркетплейсы +49%,,,1.89,-0.75,2.49,-0.4,0.0,1.4
2024-09,Кольский,Мурманская область,1519,,True,95.46,Здоровье,Здоровье -8%; Все категории -2%,,,-2.12,-2.6,-0.49,-0.03,0.08,-0.66
2024-11,Гусь-Хрустальный,Владимирская область,994,,True,95.38,Все категории,Все категории -8%; Продовольствие -8%,,,-2.51,-0.41,0.01,-0.19,-2.26,-0.42
2024-10,Прионежский,Республика Карелия,218,,True,95.31,Продовольствие,Продовольствие -5%,,,-1.94,-0.68,-0.76,-0.89,-2.64,0.36
2024-07,Иловлинский,Волгоградская область,1020,,True,95.14,Общественное питание,Общественное питание -24%,,,-1.62,-0.65,-1.27,-2.67,0.0,-0.16
2023-12,Салаватский,Республика Башкортостан,71,,True,95.02,Общественное питание,Общественное питание -19%,,ниже: обучение < 12 мес.,0.78,-0.33,1.19,-2.34,1.81,-0.77
2023-08,Шелопугинский,Забайкальский край,602,,True,94.85,Здоровье,Здоровье -20%; Все категории -10%,,ниже: обучение < 12 мес.,-2.04,-2.16,-1.48,-1.3,-0.19,0.39
2024-03,Мотыгинский,Красноярский край,708,,True,94.5,Маркетплейсы,Маркетплейсы +14%,,,0.74,-0.46,2.33,0.47,-1.77,0.0
2024-06,Кировский,Приморский край,790,,True,94.43,Транспорт,Транспорт -11%,,,-0.94,-1.84,-0.43,-0.86,-0.88,-2.52
2024-10,Тевризский,Омская область,1660,,True,94.22,Транспорт,Транспорт +47%,,,0.34,-0.18,-0.27,-0.4,0.03,3.19
2023-10,Полины Осипенко,Хабаровский край,855,,True,94.2,Продовольствие,Продовольствие -6%,,ниже: обучение < 12 мес.,0.64,0.46,0.93,0.32,-2.42,-0.11
2024-08,Черноярский,Астраханская область,930,,True,94.2,Здоровье,Здоровье -26%,,,-0.98,-2.73,-1.42,0.58,0.13,0.3
2023-09,Анивский,Сахалинская область,1955,,True,94.2,Транспорт,Транспорт -3%,,ниже: обучение < 12 мес.,0.45,1.08,-0.91,0.8,-0.63,2.85
2023-11,Спас-Деменский,Калужская область,1217,,True,94.17,Маркетплейсы,Маркетплейсы +49%,,ниже: обучение < 12 мес.,0.0,0.25,2.73,-0.16,-0.93,0.95
2023-08,Камешкирский,Пензенская область,1746,,True,93.91,Общественное питание,Общественное питание +298%,,ниже: обучение < 12 мес.,0.36,1.48,1.34,2.5,0.43,0.7
2023-11,Коношский,Архангельская область,902,,True,93.89,Продовольствие,Продовольствие -4%,,ниже: обучение < 12 мес.,-1.39,-1.77,0.07,0.26,-2.27,-0.3
2024-04,Сусанинский,Костромская область,1330,,True,93.83,Общественное питание,Общественное питание -20%,,,0.16,-1.6,-0.02,-2.68,0.66,-0.39
2023-08,Мамоновский,Калининградская область,1178,,True,93.8,Транспорт,Транспорт -26%,,ниже: обучение < 12 мес.,-0.08,1.56,-0.44,-0.53,-0.63,-2.64
2024-07,Залесовский,Алтайский край,525,,True,93.78,Транспорт,Транспорт -18%,,,-1.46,-1.11,-0.81,0.41,-0.83,-2.6
2023-09,Мегино-Кангаласский,Республика Саха (Якутия),326,,True,93.77,Здоровье,Здоровье +19%,,ниже: обучение < 12 мес.,-0.79,2.29,0.74,0.24,-0.58,-1.65
2023-12,Киевский,Москва,2593,,True,93.72,Маркетплейсы,,,ниже: обучение < 12 мес.,-0.35,1.57,-1.9,-0.02,-1.57,-0.95
2024-08,Маслянинский,Новосибирская область,1618,,True,93.68,Общественное питание,Общественное питание +23%,,,0.0,0.01,-0.94,3.01,-0.03,-0.37
2023-11,Починковский,Нижегородская область,1565,,True,93.67,Здоровье,,,ниже: обучение < 12 мес.,-1.87,1.95,-0.73,-0.04,-1.15,0.55
2024-05,Залегощенский,Орловская область,1715,,True,93.51,Здоровье,Здоровье -16%,,,-1.85,-2.15,-0.49,-1.37,0.0,-0.14
2024-05,Ковдорский,Мурманская область,1512,,True,93.38,Здоровье,Здоровье -8%,,,-0.25,-2.33,-0.66,1.63,-0.01,1.32
2024-12,Пестречинский,Республика Татарстан,388,,True,93.3,Продовольствие,Продовольствие -9%,,,-1.58,-1.73,0.4,-0.57,-2.07,-0.82
2024-08,Антроповский,Костромская область,1309,,True,93.22,Маркетплейсы,Маркетплейсы +16%,,,0.01,0.42,2.49,-0.73,-1.15,0.77
2024-11,Боханский,Иркутская область,1172,,True,93.1,Здоровье,Здоровье +19%,,,0.0,2.92,-0.29,0.18,-0.4,-0.95
2023-08,Чемальский,Республика Алтай,18,,True,93.03,Общественное питание,Общественное питание +45%,,ниже: обучение < 12 мес.,1.54,0.49,0.23,2.43,1.13,0.0
2023-11,Красноуфимский,Свердловская область,2025,,True,93.0,Маркетплейсы,Маркетплейсы +53%,,ниже: обучение < 12 мес.,0.8,0.1,2.42,1.5,0.96,1.21
2024-06,Хвойнинский,Новгородская область,1593,,True,92.88,Продовольствие,Продовольствие -5%,,,-0.16,-0.29,-0.39,1.08,-2.08,-1.66
2024-04,Тандинский,Республика Тыва,410,,True,92.84,Общественное питание,,,,-0.15,-0.35,-1.68,1.77,-1.57,-0.23
2023-09,Сараевский,Рязанская область,1865,,True,92.72,Здоровье,Здоровье +57%,,ниже: обучение < 12 мес.,1.37,2.7,0.45,0.18,0.06,0.48
2024-12,Мезенский,Архангельская область,907,,True,92.65,Продовольствие,Продовольствие -8%,,,-0.77,-0.82,0.8,-1.03,-2.4,0.78
2023-10,Анадырь,Чукотский автономный округ,2344,,True,92.64,Продовольствие,Продовольствие -7%,,ниже: обучение < 12 мес.,-1.86,-0.9,-0.84,-0.99,-2.21,-0.24
2023-11,Охинский,Сахалинская область,1962,,True,92.5,Все категории,,,ниже: обучение < 12 мес.,-1.88,0.38,-1.66,0.64,-1.03,-1.73
2024-11,Усть-Большерецкий,Камчатский край,615,,True,92.35,Общественное питание,Общественное питание +6%,,,1.1,1.11,-1.28,2.13,0.0,1.54
2023-11,Дебёсский,Удмуртская Республика,429,,True,92.27,Все категории,Все категории -10%,,ниже: обучение < 12 мес.,-2.32,-0.26,-0.68,1.36,-1.27,-0.19
2024-08,Болховский,Орловская область,1710,,True,92.22,Маркетплейсы,,,,-0.21,-1.0,1.88,-0.99,1.1,-1.22
2024-01,Прионежский,Республика Карелия,218,,True,91.98,Маркетплейсы,,,,0.15,1.16,1.95,0.36,0.12,1.88
2023-09,Усть-Джегутинский,Карачаево-Черкесская Республика,204,,True,91.92,Общественное питание,,,ниже: обучение < 12 мес.,1.29,0.65,0.69,-1.67,-1.0,-0.13
2024-08,Северный,Новосибирская область,1622,,True,91.88,Здоровье,Здоровье -21%,,,-1.24,-2.25,-0.2,0.74,-0.63,-1.52
2024-08,Хангаласский,Республика Саха (Якутия),342,,True,91.82,Транспорт,Транспорт -22%,,,-0.41,-0.55,-0.03,-0.52,0.54,-2.88
2024-04,Белозерский,Курганская область,1336,,True,91.74,Здоровье,Здоровье -14%,,,-1.17,-2.14,-0.01,-1.39,-1.11,1.16
2024-06,Кашира,Московская область,1454,,True,91.74,Продовольствие,Продовольствие +2%,,,0.11,-0.78,-0.66,-0.11,2.46,0.59
2023-09,Когалым,Ханты-Мансийский автономный округ — Югра,2217,,True,91.61,Маркетплейсы,Маркетплейсы +9%,,ниже: обучение < 12 мес.,0.8,-0.31,2.45,-0.17,-0.0,-1.46
2024-09,Николаевский,Хабаровский край,853,,True,91.39,Общественное питание,Общественное питание +9%,,,1.16,-0.54,0.99,2.51,-0.42,0.47
2024-04,Северо-Енисейский,Красноярский край,716,,True,91.35,Маркетплейсы,,,,0.72,1.11,1.9,1.75,-0.01,1.39
2023-10,Казачинско-Ленский,Иркутская область,1151,,True,91.2,Маркетплейсы,Маркетплейсы +28%,,ниже: обучение < 12 мес.,0.31,0.23,2.77,-0.67,0.19,-0.5
2024-11,Бай-Тайгинский,Республика Тыва,401,,True,90.5,Продовольствие,Продовольствие -22%,,,-1.0,-0.45,-0.04,-0.02,-2.65,0.01
2024-04,Похвистневский,Самарская область,1902,,True,90.39,Все категории,Все категории +15%,,,2.2,0.03,0.73,1.12,0.06,1.44
2024-04,Пионерский,Калининградская область,1179,,True,89.92,Транспорт,Транспорт -4%,,,-0.73,-1.0,-1.41,-1.11,-0.3,-2.18
2024-11,Архаринский,Амурская область,870,,True,89.26,Здоровье,,,,-1.43,-1.93,-0.09,0.0,-0.8,1.32
2024-11,Городищенский,Волгоградская область,1015,,True,89.13,Все категории,,,,1.85,1.63,0.7,1.26,1.15,0.51
2024-07,Межевской,Костромская область,1319,,True,89.13,Маркетплейсы,Маркетплейсы -13%,,,0.89,0.05,-2.08,0.76,0.24,0.04
2023-11,Частинский,Пермский край,764,,True,88.7,Маркетплейсы,Маркетплейсы +48%,,ниже: обучение < 12 мес.,0.06,-1.55,2.09,-0.78,0.31,0.04
2024-03,Вешкаймский,Ульяновская область,2256,,True,88.68,Общественное питание,Общественное питание +66%,,,0.08,0.0,-0.32,2.65,-0.44,0.58
2024-02,Елец,Липецкая область,1411,,True,88.67,Маркетплейсы,Маркетплейсы +34%,,,1.15,-1.22,2.03,0.71,1.35,-0.06
2023-10,Кедровый,Томская область,2145,,True,88.67,Продовольствие,,,ниже: обучение < 12 мес.,-0.93,-0.21,-0.18,-1.31,1.48,-1.12
2023-08,Сапожковский,Рязанская область,1864,,True,88.49,Общественное питание,,,ниже: обучение < 12 мес.,-0.18,-1.2,0.83,1.46,1.27,-0.57
2023-09,Надымский,Ямало-Ненецкий автономный округ,2245,,True,88.26,Все категории,,,ниже: обучение < 12 мес.,-1.88,0.08,0.74,-0.26,-0.31,0.2
2023-09,Тазовский,Ямало-Ненецкий автономный округ,2248,,True,88.06,Здоровье,Здоровье -14%,,ниже: обучение < 12 мес.,1.2,-2.16,0.04,0.0,0.59,0.53
2023-12,Абаза,Республика Хакасия,449,,True,87.65,Здоровье,Здоровье -19%,,ниже: обучение < 12 мес.,-0.5,-2.53,0.34,0.2,-0.22,-0.73
2024-03,Биробиджанский,Еврейская автономная область,2339,,True,87.42,Здоровье,Здоровье +14%,,,0.55,2.27,0.88,1.09,0.53,-0.12
2023-10,Норильск,Красноярский край,678,,True,87.02,Маркетплейсы,,,ниже: обучение < 12 мес.,-1.12,-1.66,-1.74,-0.1,0.03,-0.07
2024-07,Звериноголовский,Курганская область,1339,,True,86.84,Здоровье,Здоровье -25%,,,0.23,-2.02,-0.03,-0.09,1.12,1.28
2023-09,Агинский,Забайкальский край,605,,True,86.56,Транспорт,,,ниже: обучение < 12 мес.,0.05,1.44,0.86,0.65,-0.52,-1.85
2024-09,Апатиты,Мурманская область,1507,,True,86.55,Здоровье,,,,0.09,1.78,0.01,-1.48,0.59,1.15
2024-11,Рыбинский,Ярославская область,2334,,True,86.13,Все категории,,,,1.79,1.61,0.49,0.98,-0.02,0.41
2024-11,Торопецкий,Тверская область,2142,,True,85.73,Все категории,,,,1.56,-0.96,1.28,-1.06,0.12,0.34
2024-09,Невельский,Сахалинская область,1960,,True,85.31,Все категории,,,,1.68,-1.19,-0.27,0.19,0.45,-0.08
2024-01,Дальнереченский,Приморский край,788,,True,85.1,Транспорт,,,,-0.1,-0.45,-1.49,-0.3,-0.44,1.93
2024-06,Исетский,Тюменская область,2202,,True,84.9,Транспорт,Транспорт -12%,,,-0.59,-0.43,-0.41,0.5,-1.01,-2.25
2023-08,Гагинский,Нижегородская область,1552,,True,84.57,Общественное питание,Общественное питание +326%,,ниже: обучение < 12 мес.,-0.57,-1.23,-0.38,2.01,-0.35,-0.74
2023-12,Вуктыл,Республика Коми,226,,True,84.51,Маркетплейсы,,,ниже: обучение < 12 мес.,1.06,0.51,1.72,1.23,-0.9,0.79
2023-11,Краснинский,Смоленская область,2056,,True,83.89,Общественное питание,,,ниже: обучение < 12 мес.,-0.83,0.43,-0.29,-1.53,1.07,-1.14
2024-12,Волгореченск,Костромская область,1305,,True,83.51,Транспорт,,,,1.06,-0.02,0.33,1.37,0.99,-1.49
2024-01,Охинский,Сахалинская область,1962,,True,83.51,Маркетплейсы,,,,0.88,1.19,1.98,-0.07,0.65,0.5
2023-10,Чурапчинский,Республика Саха (Якутия),343,,True,82.86,Общественное питание,Общественное питание +42%,,ниже: обучение < 12 мес.,0.29,0.0,0.9,2.26,-0.26,0.01
2023-12,Лузский,Кировская область,1279,,True,82.79,Продовольствие,Продовольствие -6%,,ниже: обучение < 12 мес.,-0.16,0.44,-0.07,-0.23,-2.17,-0.16
2024-07,Шурышкарский,Ямало-Ненецкий автономный округ,2249,,True,82.66,Продовольствие,Продовольствие +7%,,,1.19,0.0,0.0,0.59,2.05,0.01
2023-11,Тернейский,Приморский край,801,,True,82.59,Транспорт,,,ниже: обучение < 12 мес.,-0.42,0.18,1.14,0.65,0.71,1.33
2023-10,Дубенский,Тульская область,2176,,True,82.34,Все категории,,,ниже: обучение < 12 мес.,1.71,0.16,0.83,1.04,-0.65,0.3
2023-08,Заокский,Тульская область,2177,,True,82.31,Маркетплейсы,,,ниже: обучение < 12 мес.,0.55,-0.8,1.8,1.03,0.59,1.14
2023-09,Федоровский,Саратовская область,1950,,True,82.3,Общественное питание,,,ниже: обучение < 12 мес.,-0.53,0.25,0.5,1.55,-1.54,0.47
2023-10,Ямальский,Ямало-Ненецкий автономный округ,2250,,True,82.21,Общественное питание,,,ниже: обучение < 12 мес.,-0.23,1.43,0.29,1.82,0.42,-0.24
2023-12,Солтонский,Алтайский край,556,,True,81.79,Общественное питание,,,ниже: обучение < 12 мес.,-0.08,-0.95,1.17,-1.68,-0.94,-0.95
2023-10,Эгвекинот,Чукотский автономный округ,2345,,True,81.74,Все категории,,,ниже: обучение < 12 мес.,-1.59,-0.94,-0.05,-0.2,-0.74,-1.53
2024-11,Сортавальский,Республика Карелия,222,,True,81.55,Продовольствие,,,,-0.13,0.7,0.64,-1.13,1.46,0.51
2023-11,Краснопахорское,Москва,2596,,True,81.32,Маркетплейсы,Маркетплейсы +8%,,ниже: обучение < 12 мес.,-0.8,0.17,-2.12,0.62,0.06,0.72
2024-07,Невельский,Псковская область,1774,,True,80.63,Здоровье,Здоровье -15%,,,-0.56,-2.2,0.11,0.48,0.54,-0.07
2023-11,Елховский,Самарская область,1891,,True,80.52,Здоровье,,,ниже: обучение < 12 мес.,-0.79,1.61,-0.03,0.51,-1.28,0.51
2023-12,Казачинско-Ленский,Иркутская область,1151,,True,80.44,Маркетплейсы,,,ниже: обучение < 12 мес.,-0.06,-0.55,1.66,-1.49,-0.4,-0.74
2024-05,Кичменгско-Городецкий,Вологодская область,1059,,True,80.32,Транспорт,,,,0.58,-0.14,-1.01,0.48,-0.42,1.88
2023-11,Суздальский,Владимирская область,1005,,True,80.14,Здоровье,Здоровье +18%,,ниже: обучение < 12 мес.,0.27,2.22,-0.49,-0.43,0.05,0.55
2023-11,Вороновское,Москва,2591,,True,79.98,Маркетплейсы,,,ниже: обучение < 12 мес.,1.17,0.91,-1.22,-0.4,0.48,0.87
2024-01,Баймакский,Республика Башкортостан,35,,True,79.11,Продовольствие,,,,-1.25,-1.06,-0.36,-1.18,-1.53,-0.0
2024-01,Бурзянский,Республика Башкортостан,47,,True,78.87,Здоровье,,,,0.05,-1.46,-0.55,1.34,-0.1,1.16
2023-10,Таймырский Долгано-Ненецкий,Красноярский край,718,,True,78.76,Маркетплейсы,,,ниже: обучение < 12 мес.,-1.4,-0.06,-1.45,-0.7,-0.5,-1.09
2023-10,Ермишинский,Рязанская область,1849,,True,78.71,Общественное питание,,,ниже: обучение < 12 мес.,-0.36,-0.31,-0.29,1.98,-1.09,0.26
2024-09,Альменевский,Курганская область,1335,,True,78.51,Все категории,,,,1.8,-0.14,0.75,-0.89,0.98,0.75
2024-08,Хиславичский,Смоленская область,2067,,True,78.19,Продовольствие,,,,-0.88,-0.4,-0.96,-1.04,-1.78,-0.22
2024-02,Кишертский,Пермский край,746,,True,77.81,Здоровье,,,,-0.61,-1.31,1.01,-1.23,-0.77,0.54
2024-07,Балейский,Забайкальский край,578,,True,77.28,Все категории,,,,-1.78,-0.03,-1.06,-0.52,0.33,-0.47
2024-04,Мильковский,Камчатский край,613,,True,77.02,Продовольствие,,,,0.2,0.05,-0.32,0.59,1.99,0.39
2023-12,Чеди-Хольский,Республика Тыва,416,,True,76.78,Общественное питание,Общественное питание -21%,,ниже: обучение < 12 мес.,-0.24,0.76,-0.06,-2.07,-0.18,-0.31
2023-09,Хиславичский,Смоленская область,2067,,True,76.07,Здоровье,,,ниже: обучение < 12 мес.,0.42,-1.84,0.72,-0.97,0.18,-0.22
2024-11,Малышевский,Свердловская область,1975,,True,75.92,Транспорт,,,,-0.66,-1.15,-0.44,0.38,-0.95,-1.62
2024-11,Тетюшский,Республика Татарстан,393,,True,75.19,Маркетплейсы,,,,0.81,-0.46,-1.14,-0.34,-0.21,0.95
2023-11,Миякинский,Республика Башкортостан,69,,True,74.98,Общественное питание,,,ниже: обучение < 12 мес.,0.15,-0.34,-0.88,-1.55,0.47,1.03
2024-11,Балтийский,Калининградская область,1184,,True,74.51,Здоровье,,,,0.27,1.72,-0.72,0.62,0.95,0.89
2024-06,Антроповский,Костромская область,1309,,True,74.41,Здоровье,,,,-0.31,-1.94,0.41,-0.84,-0.0,0.12
2024-12,Балтасинский,Республика Татарстан,367,,True,74.17,Общественное питание,,,,0.2,0.89,-0.61,1.63,-0.34,1.08
2023-12,Бисертский,Свердловская область,2027,,True,71.8,Здоровье,,,ниже: обучение < 12 мес.,0.53,-1.67,0.45,0.02,1.03,-0.46
2024-08,Краснопахорское,Москва,2596,,True,71.64,Все категории,,,,1.5,0.17,1.22,0.75,0.43,0.02
2024-04,Александровск-Сахалинский,Сахалинская область,1954,,True,71.43,Маркетплейсы,,,,0.5,0.09,1.63,0.97,0.82,0.29
2023-12,Краснознаменский,Калининградская область,1189,,True,70.47,Общественное питание,,,ниже: обучение < 12 мес.,0.28,0.49,0.03,1.67,0.0,1.09
2024-06,Орск,Оренбургская область,1673,,True,68.35,Маркетплейсы,,,,0.01,0.82,1.65,0.03,-0.55,0.38
2024-02,Долинский,Сахалинская область,1956,,True,67.18,Продовольствие,,,,-0.03,0.1,0.66,-0.13,-1.44,0.9
2023-09,Карагинский,Камчатский край,618,,True,65.74,Все категории,,,ниже: обучение < 12 мес.,-1.57,-0.6,0.0,0.04,0.0,-0.32
2023-11,Опаринский,Кировская область,1286,,True,62.18,Маркетплейсы,,,ниже: обучение < 12 мес.,0.24,0.45,-1.33,-0.42,0.87,0.78
2023-11,Усть-Янский,Республика Саха (Якутия),341,,True,61.91,Продовольствие,,,ниже: обучение < 12 мес.,-0.81,-0.05,0.0,0.35,0.97,-0.11
2023-10,Износковский,Калужская область,1208,,True,61.51,Маркетплейсы,,,ниже: обучение < 12 мес.,0.72,0.04,1.47,0.02,0.85,-0.4
2024-08,Южно-Курильский,Сахалинская область,1970,,True,59.84,Маркетплейсы,,,,-0.08,0.92,1.34,0.37,-0.49,-0.43
2023-10,Магадан,Магаданская область,1430,,True,58.98,Продовольствие,,,ниже: обучение < 12 мес.,-0.87,-1.08,-0.02,-0.54,-1.12,-0.4
2024-04,Тернейский,Приморский край,801,,True,57.31,Маркетплейсы,,,,0.96,0.37,1.25,0.76,0.18,0.0
2023-11,Ольский,Магаданская область,1431,,True,53.99,Продовольствие,,,ниже: обучение < 12 мес.,-0.3,-0.66,-0.02,-0.52,-1.27,0.71
2024-08,Мошенской,Новгородская область,1585,,True,53.92,Общественное питание,,,,0.06,-0.84,0.55,-1.14,0.28,-0.92
2024-12,Сарпинский,Республика Калмыкия,188,,True,53.91,Здоровье,,,,-1.04,-1.08,-0.78,0.11,-0.09,0.0
2023-10,Среднеколымский,Республика Саха (Якутия),335,,True,51.03,Маркетплейсы,,,ниже: обучение < 12 мес.,0.06,-0.17,-1.49,0.0,0.32,-0.4
2023-12,Селемджинский,Амурская область,884,,True,47.66,Здоровье,,,ниже: обучение < 12 мес.,-0.18,-1.27,-0.68,0.03,-0.63,0.0
2024-03,Богородский,Кировская область,1267,,True,42.9,Продовольствие,,,,-0.83,0.61,-0.33,-0.32,-1.08,0.21
2024-10,Нижняя Салда,Свердловская область,2001,,True,41.82,Все категории,,,,-1.18,-0.75,-0.08,-0.46,-0.1,-0.24
2024-09,Устюженский,Вологодская область,1068,,True,41.68,Маркетплейсы,,,,0.16,-0.65,1.17,-0.39,0.52,0.11
2023-11,Прионежский,Республика Карелия,218,,True,41.37,Маркетплейсы,,,ниже: обучение < 12 мес.,0.13,-0.06,1.0,0.43,0.81,0.5
2023-10,Нарьян-Мар,Ненецкий автономный округ,916,,True,29.08,Все категории,,,ниже: обучение < 12 мес.,-0.89,-0.17,0.19,-0.35,0.04,0.23
2024-10,Верхнекетский,Томская область,2151,,True,26.73,Маркетплейсы,,,,0.69,-0.02,0.94,-0.36,0.15,0.37
2024-12,Становлянский,Липецкая область,1425,,True,22.4,Все категории,,,,-0.9,-0.57,-0.21,-0.32,-0.08,-0.42
2023-10,Эвенкийский,Красноярский край,726,,True,18.63,Продовольствие,,,ниже: обучение < 12 мес.,-0.41,0.6,-0.43,-0.12,-0.67,-0.6
2024-06,Рамешковский,Тверская область,2134,,True,17.95,Общественное питание,,,,-0.17,0.33,0.59,0.61,-0.43,-0.3
2024-09,Тотемский,Вологодская область,1066,,True,16.07,Маркетплейсы,,,,0.24,-0.07,0.86,0.05,0.42,-0.36
2023-08,Калязинский,Тверская область,2120,,True,12.83,Общественное питание,,,ниже: обучение < 12 мес.,-0.31,0.56,-0.5,0.58,0.06,0.0
2023-10,Амгинский,Республика Саха (Якутия),314,,True,9.33,Продовольствие,,,ниже: обучение < 12 мес.,0.26,-0.2,-0.05,0.57,0.61,0.13
2023-11,Лунинский,Пензенская область,1750,,True,2.93,Здоровье,,,ниже: обучение < 12 мес.,0.29,-0.47,0.13,0.36,0.26,0.0
