model,category,step,MAE,RMSE,WAPE,MAPE,sMAPE,ME,R2,R2_growth,n,horizon
catboost_diff_ds_g123,Все категории,1,1026.8556041113573,1394.4649052379348,3.359222492001085,3.72466398579308,3.773412778868187,-213.1080515105504,0.9850328568326262,0.7596786733053525,24958,1
catboost_diff_ds_g123,Здоровье,1,113.86208964368286,148.4237791629762,7.771210910413432,8.636871507760832,8.700260923350685,-13.564768701196787,0.9541656766986656,-0.2192423766863818,24958,1
catboost_diff_ds_g123,Маркетплейсы,1,463.47296073209077,684.4030829015301,9.808483942745937,11.210653776138715,10.783683971486502,-22.977252304417863,0.8336134788039256,0.003334313332046257,24958,1
catboost_diff_ds_g123,Общественное питание,1,79.6360968502844,131.37433699890047,6.392782323089905,10.56039702811757,10.517213018055688,-19.973003789712077,0.9902321744718279,0.18857181575368487,24958,1
catboost_diff_ds_g123,Продовольствие,1,399.133133119277,527.9366377058533,3.1834665421505455,3.35039291522015,3.3595387132566983,-9.927426185103155,0.9723081368395027,0.8336145185321726,24958,1
catboost_diff_ds_g123,Транспорт,1,81.7733607210071,112.66839744145572,4.585702578428407,5.572347022562154,5.541921848018119,-1.169122634699664,0.9863645242885462,0.36634486404771405,24958,1
catboost_diff_ds_g123r,Все категории,1,1027.5834791661107,1399.007646323412,3.361603639112231,3.7346705125433908,3.7815831092269914,-202.02826762642786,0.9849351812234353,0.7588835980802058,24958,1
catboost_diff_ds_g123r,Здоровье,1,115.41148350201864,150.08949622437729,7.876958718960651,8.722257748365537,8.794743549048176,-15.549619970562443,0.9531311332452886,-0.23684257182497803,24958,1
catboost_diff_ds_g123r,Маркетплейсы,1,440.5806195666379,658.3342290416817,9.324013046367151,10.65888488710259,10.20751703865417,-18.671792503275494,0.8460473745603966,0.08701891940796969,24958,1
catboost_diff_ds_g123r,Общественное питание,1,78.89481838440828,132.0403587975051,6.333276244055808,10.487163264030903,10.414771923449964,-18.471355796049693,0.9901328845284214,0.19303066820654435,24958,1
catboost_diff_ds_g123r,Продовольствие,1,393.94556824509027,518.7492258580371,3.1420907759164916,3.309684526058987,3.317128400838718,-16.29575036887091,0.9732635651730512,0.8402422245031145,24958,1
catboost_diff_ds_g123r,Транспорт,1,82.40540071850543,113.21353355315276,4.62114624150698,5.598546848214895,5.572174791801808,-2.854096763108963,0.9862322569838261,0.3618035003004133,24958,1
catboost_diff_g1,Все категории,1,1697.2556942266783,2543.676678495056,5.552347847054141,5.950701888243741,5.826786375275399,-75.18574155555353,0.9501979119513101,0.40016477407800477,24958,1
catboost_diff_g1,Здоровье,1,88.3818790587596,121.32484567478951,6.032158947491957,6.6343199602966765,6.58446906430174,-7.179650270994499,0.9693744886948716,0.25250112879282516,24958,1
catboost_diff_g1,Маркетплейсы,1,459.2979706414428,665.8283742417509,9.720128576338888,11.174291606829353,10.927672265282192,-60.039899998833505,0.8425223865096594,-0.016791085644141335,24958,1
catboost_diff_g1,Общественное питание,1,68.78214457487972,107.90519277039174,5.521482033570245,9.867978606315333,9.707880030047141,-5.996238751100177,0.9934103627352199,0.25089729524467685,24958,1
catboost_diff_g1,Продовольствие,1,589.2895430988245,954.13076157392,4.700144860020105,4.919007827338973,4.7422207145768756,101.82169852603951,0.9095508753211006,0.5525008386082121,24958,1
catboost_diff_g1,Транспорт,1,96.68506436171181,135.4792107743097,5.421924023053139,6.5391713066126345,6.445529810456541,4.4145002905542485,0.9802843374622302,0.15619095182040754,24958,1
catboost_diff_g1r,Все категории,1,1769.5623906326762,2588.9724021042903,5.788889654798885,6.233725168882234,6.1875526867689885,-224.4540269725704,0.9484084498296934,0.33759813487687096,24958,1
catboost_diff_g1r,Здоровье,1,89.77791376058782,123.20863179328224,6.127439827547062,6.733858237285757,6.691988030141838,-7.112464622228621,0.9684160733261955,0.23248857454683514,24958,1
catboost_diff_g1r,Маркетплейсы,1,453.4859911168987,665.9960165850928,9.597129582498962,10.995296752627988,10.63655828552913,-29.70350246696407,0.842443077063989,0.032457991938718234,24958,1
catboost_diff_g1r,Общественное питание,1,68.75034606496519,108.25169542527559,5.518929410323723,9.840888972011971,9.641609999694724,-3.0175522243975874,0.9933679738041347,0.2614222476396899,24958,1
catboost_diff_g1r,Продовольствие,1,585.7372316329449,949.7067921173378,4.6718117957852545,4.9455959820005795,4.7552423234253105,125.80605837126024,0.910387692489161,0.5465196088125852,24958,1
catboost_diff_g1r,Транспорт,1,95.43924155244358,132.02216814431208,5.352060526942007,6.406515333004184,6.346173543279978,1.1507345027621272,0.9812776749369293,0.2018214320483308,24958,1
catboost_logdiff_ds_g123,Все категории,1,1033.2750720229812,1414.4623012312127,3.3802229334546503,3.7570827691317428,3.8220482233615445,-336.56474877986943,0.9846005046391626,0.7481823728671979,24958,1
catboost_logdiff_ds_g123,Здоровье,1,120.60958032651135,156.15924771595593,8.231734455839325,8.987119398091986,9.113784911343888,-20.128581326615553,0.9492636443117888,-0.29670894945739223,24958,1
catboost_logdiff_ds_g123,Маркетплейсы,1,473.5103662143463,677.3472430176838,10.020905677865116,11.249899350868919,10.82954815675516,27.384535530748494,0.8370265113693076,0.04809313257638237,24958,1
catboost_logdiff_ds_g123,Общественное питание,1,84.38333009355009,141.52025911596766,6.7738661526777335,10.516879176482979,10.737134583989551,-22.55282246936731,0.9886651951007697,0.17319995273510225,24958,1
catboost_logdiff_ds_g123,Продовольствие,1,397.11580341375316,522.3875173327139,3.16737641810639,3.3262451028445743,3.3377995652703647,-19.76031938887025,0.972887213513949,0.8377888461575401,24958,1
catboost_logdiff_ds_g123,Транспорт,1,83.57801257126192,114.86586949444546,4.686904199224129,5.580629602387961,5.581128485579889,-7.861919363327275,0.9858274476876848,0.37247999054002034,24958,1
catboost_logdiff_ds_g123r,Все категории,1,1016.881079076302,1384.9758272967824,3.32659215068471,3.7000876122579003,3.7572975889975893,-315.1102204077464,0.9852358610998299,0.7601392400103384,24958,1
catboost_logdiff_ds_g123r,Здоровье,1,115.88102982562332,150.9389128325822,7.909005763981167,8.660679770395438,8.750757745870146,-14.37554778066611,0.9525991326911698,-0.20880116334961873,24958,1
catboost_logdiff_ds_g123r,Маркетплейсы,1,472.44084742251954,676.2300222764757,9.998271438578477,11.219251580734985,10.761698990548286,52.52417456548601,0.8375636869579768,0.05389922522787294,24958,1
catboost_logdiff_ds_g123r,Общественное питание,1,83.36328264151733,142.17504278242205,6.6919819120132615,10.493685507823207,10.707768600688087,-21.213486794623766,0.9885600650678834,0.16234349475942877,24958,1
catboost_logdiff_ds_g123r,Продовольствие,1,398.37493663677276,521.8190140674408,3.177419203720972,3.3458145023878156,3.3537774520576895,-7.588947451546558,0.9729461939448787,0.8369971339621132,24958,1
catboost_logdiff_ds_g123r,Транспорт,1,83.82848902494969,114.64892558132678,4.700950466974215,5.607128640805931,5.61383814903719,-9.374990941711683,0.9858809317290252,0.3667324005187207,24958,1
mean_3,Все категории,1,1944.9060421508132,2785.913825377342,6.362503253099362,6.315281760359986,6.41168301291975,-728.1052568314769,0.9402608426287461,0.3532918639907804,24958,1
mean_3,Здоровье,1,114.67640970163207,155.22365950215726,7.8267891361311115,8.329891668949104,8.30270852527323,-22.562471618986567,0.9498697709406448,-0.10218782087592704,24958,1
mean_3,Маркетплейсы,1,541.5321874081791,748.5199773022523,11.460452312650812,11.289866794088093,11.641884042549576,-296.4570745519139,0.8009780308894309,0.1015488233305939,24958,1
mean_3,Общественное питание,1,128.485549055747,197.5849646698141,10.314168816187365,14.599517005747431,14.478627063849952,-34.637190480006396,0.977905478201998,-0.26417790225308657,24958,1
mean_3,Продовольствие,1,852.9281459518659,1166.5691650727838,6.802913589949525,6.787403691608541,6.861683602183269,-155.41389534417823,0.8647897678880915,0.33661901981729014,24958,1
mean_3,Транспорт,1,136.273072094452,179.9177433665473,7.641948093657762,8.192547955637307,8.238286197630643,-32.24664102358628,0.9652292506376128,-0.12431534149349788,24958,1
naive,Все категории,1,2240.4872185271256,3298.1404503754957,7.3294580341999875,7.707119463354835,7.583096697664186,-394.49378956647166,0.9162736753384607,-0.011257857611113309,24958,1
naive,Здоровье,1,105.14039586505329,142.8556262326052,7.175945865991058,7.81512521292169,7.764820937534771,-8.223415337767449,0.9575401406042986,-0.0019014951533118385,24958,1
naive,Маркетплейсы,1,531.5649491145124,736.371586164002,11.249515526602869,12.101421589792047,11.872569966454956,-169.53866495712796,0.8073858129672005,-0.039362837590960265,24958,1
naive,Общественное питание,1,96.07680903918583,151.5743994928468,7.712559389233779,12.079792330335204,11.934564717992947,-17.561543392900074,0.9869974500229703,-0.008405960400514445,24958,1
naive,Продовольствие,1,965.3273098805994,1420.0617908467584,7.699403878631942,7.896822115748679,7.760548674201223,-74.50408686593477,0.7996436751354807,-0.0019769361831145638,24958,1
naive,Транспорт,1,120.57160028848466,160.44032611862795,6.7614378747931925,7.562328784356135,7.539942177505174,-16.627774661431204,0.9723501275598758,-0.0072182823923814254,24958,1
catboost_diff_ds_g123,Все категории,1,1056.1802885835325,1444.7374519365385,3.5794670899127095,4.029957415310779,4.0764813215241755,-199.24141633873467,0.9829392446309072,0.7973929706392469,8301,3
catboost_diff_ds_g123,Все категории,2,1340.85836294933,1692.4696495852108,4.428019571602197,4.804808161832648,4.924979350453494,-493.3729142894466,0.9764951869117899,0.4999876810938263,8301,3
catboost_diff_ds_g123,Все категории,3,1692.2573051851862,2091.6505770590616,5.292767257052598,5.724770440102349,5.8439572494550225,-492.57253007545756,0.9693290492905892,0.6404422120608828,8289,3
catboost_diff_ds_g123,Здоровье,1,129.44341835214806,169.50318400538853,8.847107777546807,9.735721872335155,10.39005498263877,-94.34053295642144,0.9394036955281627,-0.6129808476614989,8301,3
catboost_diff_ds_g123,Здоровье,2,191.8623654594212,248.50102384248885,13.202459262350272,14.218263014217644,14.83805053836952,-46.23071915726455,0.8679654282593453,-1.6432182404064761,8301,3
catboost_diff_ds_g123,Здоровье,3,180.07879519578066,237.7090606346668,12.153311597871506,12.814570651769516,13.172336302085583,-23.815224663210252,0.8871698075451269,-0.2557969854707598,8289,3
catboost_diff_ds_g123,Маркетплейсы,1,658.9520469106766,959.5105339542434,15.069879257462148,17.849836677184083,15.970546747004802,202.1047195895314,0.5992247376589013,-0.22903876414616198,8301,3
catboost_diff_ds_g123,Маркетплейсы,2,525.8192750036596,722.4989600254522,11.125505378231376,12.022348234153457,11.450068076696535,135.13771808773572,0.7858864111767632,0.2932632286011877,8301,3
catboost_diff_ds_g123,Маркетплейсы,3,486.90874974351505,664.4254874668935,9.586464367744444,9.745755685723259,9.599430773888795,-16.29503542062616,0.8729254983777212,0.6081196817554209,8289,3
catboost_diff_ds_g123,Общественное питание,1,106.50016473212622,175.93512682824627,8.67268588294308,12.257756454934697,12.856323821481256,-56.353504486841175,0.9819336259269752,-0.20599964386246428,8301,3
catboost_diff_ds_g123,Общественное питание,2,125.73188377414182,214.82444413614266,10.162121338520922,14.560492557543943,15.041881272165666,-54.51025673656959,0.9736565096535692,-0.1300656036916885,8301,3
catboost_diff_ds_g123,Общественное питание,3,151.67621854503003,261.54174729945106,11.901736080794858,15.713179234576637,16.238930701274665,-58.757302981971144,0.9629052142117165,0.017131080772068596,8289,3
catboost_diff_ds_g123,Продовольствие,1,317.73946094054503,427.9203356441641,2.601880029561734,2.6814669682769625,2.692050427768185,-73.99398621631862,0.980110200853573,0.9166060922453654,8301,3
catboost_diff_ds_g123,Продовольствие,2,650.0299149473966,822.2497301683195,5.268270519441968,5.536919113471884,5.619682449972736,-116.63170433395226,0.9243625270121341,0.36061701296060045,8301,3
catboost_diff_ds_g123,Продовольствие,3,866.4882496959175,1062.867877637384,6.618701901058756,7.034914208785977,7.072940146776002,29.829535537810848,0.9004161595947687,0.6190489658086649,8289,3
catboost_diff_ds_g123,Транспорт,1,89.89038125951684,118.4212835101518,5.060048175735039,6.338311048637769,6.388246674803335,-24.44888601788513,0.9850083522108466,0.29366018012049155,8301,3
catboost_diff_ds_g123,Транспорт,2,101.20505320341361,133.2576943867624,5.732582129569766,6.754232519073068,6.708965296764985,0.7694229352872621,0.9805731691081633,0.4128763351587581,8301,3
catboost_diff_ds_g123,Транспорт,3,113.85198315140511,155.02783818640225,6.2917172910121195,7.071764035726455,7.086079646095792,-10.65090060728896,0.9745790025908312,0.28109849422016997,8289,3
catboost_diff_ds_g123r,Все категории,1,1075.5159850130935,1449.3738061441777,3.6449970849128785,4.113114154979218,4.146859019350478,-137.10553027630147,0.9828295684740943,0.7966943060040357,8301,3
catboost_diff_ds_g123r,Все категории,2,1264.8612865218608,1589.845251335703,4.177048588309685,4.481848098397082,4.566251268160453,-363.1961588016049,0.9792592368880524,0.5823852640869662,8301,3
catboost_diff_ds_g123r,Все категории,3,1638.2351693849253,2021.046054894568,5.123805604091448,5.548481640930256,5.625188349529823,-341.2452166056605,0.9713647229740461,0.6716106383700411,8289,3
catboost_diff_ds_g123r,Здоровье,1,131.47827963182098,170.75043497468315,8.986185046076963,9.85757608594443,10.536722945313658,-99.80847922036733,0.9385086460963467,-0.6335995447671012,8301,3
catboost_diff_ds_g123r,Здоровье,2,189.32370911480788,245.2358185946928,13.02776889568765,14.074718675415255,14.674394922741707,-50.61991994765649,0.8714123967817058,-1.5696957155937676,8301,3
catboost_diff_ds_g123r,Здоровье,3,177.46920546101288,235.7558713383324,11.977193376096649,12.629350771944365,12.972109481928623,-25.446065042980326,0.8890163785445779,-0.22366835787089223,8289,3
catboost_diff_ds_g123r,Маркетплейсы,1,628.5593805505425,928.0605677716919,14.374815307806282,17.074370014296132,15.180561242352205,215.60075451593863,0.6250666658694733,-0.13977053964839348,8301,3
catboost_diff_ds_g123r,Маркетплейсы,2,485.8978511546111,681.2225176233644,10.280831101625305,11.148494494365977,10.641343875477947,120.62403409186062,0.8096522409316034,0.3638991150518033,8301,3
catboost_diff_ds_g123r,Маркетплейсы,3,472.2755657061156,645.3756115201138,9.298360082423896,9.326780821297021,9.26359748997964,-38.49886006578375,0.8801077952140587,0.634033243590399,8289,3
catboost_diff_ds_g123r,Общественное питание,1,107.33830352424778,179.78302392568548,8.740938495403,12.181596221942776,12.677190302740751,-54.60635483103727,0.981134720526865,-0.1885268209541786,8301,3
catboost_diff_ds_g123r,Общественное питание,2,130.16318730245985,227.47022013449129,10.520275871729664,14.776241924380114,15.109707254491658,-54.96774666534642,0.970463772933834,-0.1362709633629653,8301,3
catboost_diff_ds_g123r,Общественное питание,3,156.29092074646843,272.98741538804626,12.26384273284511,15.910345525405958,16.255189352338466,-58.51811025874677,0.9595874663507348,0.02195440526754222,8289,3
catboost_diff_ds_g123r,Продовольствие,1,325.7870796714477,438.44883307813495,2.667779739970636,2.7591940587217403,2.769404828467383,-81.13046646430809,0.9791194283830829,0.9122074992173443,8301,3
catboost_diff_ds_g123r,Продовольствие,2,653.6331179735215,818.756822479542,5.297473249718827,5.564317377753256,5.649416670732082,-149.11803772987997,0.9250037763873363,0.3667011805567375,8301,3
catboost_diff_ds_g123r,Продовольствие,3,849.6756215639863,1049.2598524404825,6.49027803170143,6.91754956671901,6.963193749276579,-6.581326100588277,0.9029498035808048,0.6255025938627702,8289,3
catboost_diff_ds_g123r,Транспорт,1,90.64202674635493,118.79032439463217,5.102359292021153,6.3892100037505815,6.433474544036784,-24.604840655720484,0.9849147684999265,0.28557499151267984,8301,3
catboost_diff_ds_g123r,Транспорт,2,102.90583732529619,135.03818220843655,5.8289200529713145,6.894848656491857,6.852186456143462,0.7217184314116933,0.98005056794071,0.38849053052276283,8301,3
catboost_diff_ds_g123r,Транспорт,3,116.32013188057422,157.58620463316308,6.4281127547209245,7.234861000977301,7.260782941464501,-13.0005385634394,0.9737330530910697,0.24894019712633642,8289,3
catboost_diff_g1,Все категории,1,2555.3708276475736,3721.213807630344,8.660326157340581,9.463125406625062,8.993556433907605,645.1196617210541,0.8868148004301131,0.07618201311686734,8301,3
catboost_diff_g1,Все категории,2,1976.697225332125,2860.671547798211,6.52779908956959,6.630981038179443,6.489314862671707,366.40535666975313,0.9328492270207404,0.1138092905351007,8301,3
catboost_diff_g1,Все категории,3,2825.246335343319,3531.8145003247655,8.836346134240262,8.84957635919189,8.665916335648427,421.4679724937095,0.9125530353961134,0.324965885233225,8289,3
catboost_diff_g1,Здоровье,1,103.91962314273583,141.53893439698544,7.1026253621072915,7.289221093583949,7.386969814884995,-35.357444754612786,0.9577484874062454,0.2082027911030756,8301,3
catboost_diff_g1,Здоровье,2,90.27972437240169,122.74851694570597,6.2123407078233575,7.090413842448681,7.028077045761677,-3.0909863267800013,0.9677845795599765,0.30988920298260236,8301,3
catboost_diff_g1,Здоровье,3,80.46458799432561,114.90495974537274,5.430462867247697,6.26985093927232,6.1845247341259,-8.330999750618906,0.973635993676298,0.6442858573351267,8289,3
catboost_diff_g1,Маркетплейсы,1,638.5514481583646,912.6393973256772,14.60332852525242,17.266873861934023,15.649387579946003,176.5678971713658,0.6374233445772102,-0.15111755050101672,8301,3
catboost_diff_g1,Маркетплейсы,2,476.7224030056053,651.9041022656144,10.08669311052801,10.971976114378348,10.583996956431426,84.91180847004861,0.8256840182562611,0.3901739572628141,8301,3
catboost_diff_g1,Маркетплейсы,3,458.6078914638182,625.2948204738625,9.029265160258825,9.017417417846875,8.995895250767047,-56.33647313039658,0.887452588695151,0.6562006690148683,8289,3
catboost_diff_g1,Общественное питание,1,75.34897531298199,111.89060302005565,6.1359341193018935,10.698357362792095,10.781356766674524,-6.140318608117993,0.9926927643967186,-0.02517387582816588,8301,3
catboost_diff_g1,Общественное питание,2,79.81540109152085,123.78831367245762,6.450979387469902,11.467292526037516,11.56932779915194,-6.8700753591497055,0.9912528773580708,0.17167817774460936,8301,3
catboost_diff_g1,Общественное питание,3,106.17044789591452,166.60588544836898,8.330987300173307,13.077552838844836,12.846877012926319,-13.793891450680627,0.9849474005942619,0.29174761506680735,8289,3
catboost_diff_g1,Продовольствие,1,831.6442316932041,1378.4542810231053,6.810103195043984,7.422533397509862,6.830062519333892,549.6975857691835,0.7936097013644021,0.22964758800464102,8301,3
catboost_diff_g1,Продовольствие,2,725.5800422680546,966.5439878409188,5.8805785061224265,6.0155532358285075,5.806607619262093,402.1681539071121,0.8954864068166958,0.35593158517223467,8301,3
catboost_diff_g1,Продовольствие,3,1248.194198599507,1557.832331717243,9.534376626642432,9.643634544619175,9.225510650789086,521.3347123706685,0.7860699793569874,0.4101767339306793,8289,3
catboost_diff_g1,Транспорт,1,132.08574093769604,174.6437635564692,7.435280650805332,9.180441322672102,8.97305465118277,13.811011772319677,0.9673941139621971,-0.2525220149224925,8301,3
catboost_diff_g1,Транспорт,2,150.89794077026363,206.730158170784,8.547348292084225,9.988727989115336,9.583010529678795,46.78770662488967,0.9532453248581526,-0.11276758567587564,8301,3
catboost_diff_g1,Транспорт,3,144.95408201730325,194.72865313868587,8.010489400243708,8.969325815758971,8.778293635113998,25.61562857842274,0.9598918228512199,-0.006012651406524627,8289,3
catboost_diff_g1r,Все категории,1,2680.734341501774,3762.860142541269,9.085191662754184,9.849240474656996,9.566371461572814,282.21157074838874,0.8842671769032484,0.008074661799606586,8301,3
catboost_diff_g1r,Все категории,2,1936.9976298401405,2752.834969421679,6.396696065804624,6.393704128641049,6.361658334412186,71.93548228918485,0.9378164694187789,0.15697701416663246,8301,3
catboost_diff_g1r,Все категории,3,2695.3257571158997,3344.563348743759,8.430001673293068,8.310747830265667,8.24973178136962,70.54064568188844,0.921579822473749,0.3936943549901908,8289,3
catboost_diff_g1r,Здоровье,1,107.90469073892183,146.42566437503015,7.374993961245742,7.583096060213097,7.709880294631259,-37.9158633744943,0.9547805969939875,0.14136110243479305,8301,3
catboost_diff_g1r,Здоровье,2,90.43461656272466,123.12502043823092,6.2229991703514225,7.006424357356559,6.9274499918626,-0.8539821357501406,0.9675866493456345,0.3320491969675706,8301,3
catboost_diff_g1r,Здоровье,3,80.80513774604817,114.7102846406543,5.453446179873497,6.263888612032383,6.171155217674426,-4.901258433204081,0.9737252512325284,0.650349755809762,8289,3
catboost_diff_g1r,Маркетплейсы,1,640.2307938642758,928.2957906781704,14.641734259233017,17.33794627245055,15.588803206205299,198.9081544984646,0.6248765832645612,-0.16203971608294787,8301,3
catboost_diff_g1r,Маркетплейсы,2,497.4286563350799,682.3926745237301,10.524804727449027,11.452730561839207,11.042962219879211,92.35983998627637,0.8089977468746444,0.3417277663698204,8301,3
catboost_diff_g1r,Маркетплейсы,3,501.4311777934499,664.1562414452202,9.87238804257503,9.956523569681307,10.000671265917035,-81.44322739566996,0.8730284666482324,0.5971014296249662,8289,3
catboost_diff_g1r,Общественное питание,1,73.38692550037597,109.81410517145822,5.976157448963219,10.538705516817455,10.571974087282493,-2.4481312852409154,0.9929614672529942,0.0010627558416420602,8301,3
catboost_diff_g1r,Общественное питание,2,79.30142099066393,122.4242087924242,6.409437592392083,11.329693512455407,11.39940980366462,-4.274055262594456,0.991444595769782,0.1963922485269204,8301,3
catboost_diff_g1r,Общественное питание,3,104.73975005250998,163.53700754511243,8.218723239881562,12.87582736956923,12.767428916366452,-13.83489192440462,0.9854968306189699,0.3079225776075104,8289,3
catboost_diff_g1r,Продовольствие,1,856.6647968105901,1395.7650073982747,7.014989640418351,7.656379552000969,7.060463985613444,499.9117353194817,0.7883934246120086,0.20263972455343016,8301,3
catboost_diff_g1r,Продовольствие,2,733.5921897397698,944.4363770546089,5.945514225774765,6.087177156410393,5.903470181590591,360.13762719352076,0.9002127751771999,0.3615985485986014,8301,3
catboost_diff_g1r,Продовольствие,3,1188.9028167452602,1474.409308443571,9.081477257340168,9.221074198758659,8.832570533841318,494.67634632561095,0.808368704739945,0.46098305434497333,8289,3
catboost_diff_g1r,Транспорт,1,126.93860419183089,166.1308114798035,7.145541531488645,8.659648232157718,8.550192441072198,2.454592424570623,0.9704953670958951,-0.11862138729806793,8301,3
catboost_diff_g1r,Транспорт,2,136.1406460357256,181.83262224873636,7.711447302970834,8.916902721289354,8.720303426798099,25.66013701356904,0.9638289618543464,0.09228251041781188,8301,3
catboost_diff_g1r,Транспорт,3,132.94008153987554,178.11762713367813,7.3465686458942745,8.162511932636164,8.08712559569966,9.31323858926885,0.9664427003351568,0.13009161460855045,8289,3
catboost_logdiff_ds_g123,Все категории,1,1099.989725354496,1495.7494825348483,3.7279402614387394,4.191298410983994,4.24834061585079,-257.6979993346736,0.9817131831202106,0.7814758060978163,8301,3
catboost_logdiff_ds_g123,Все категории,2,1325.6794798036965,1693.0740485187232,4.377893179806356,4.815146640402846,4.948245175449729,-576.1426703067843,0.9764783962761954,0.48212881610491143,8301,3
catboost_logdiff_ds_g123,Все категории,3,1702.5762831743666,2105.9404083310246,5.325041278656779,5.794549524839242,5.930591693857124,-585.9655858775337,0.968908539426225,0.6252312979795145,8289,3
catboost_logdiff_ds_g123,Здоровье,1,138.26729544503218,179.9942071717231,9.450195927182934,10.20921525501018,11.00485033693106,-115.32298384740648,0.931670620882988,-0.759162415071005,8301,3
catboost_logdiff_ds_g123,Здоровье,2,186.41395085779996,248.73864940311245,12.827542213610391,13.456146903549431,14.34438667593999,-73.91778662216086,0.8677127951756376,-1.5621021378838047,8301,3
catboost_logdiff_ds_g123,Здоровье,3,178.81954944522468,240.1754790355804,12.068326544699843,12.3350459644052,12.802841145899832,-42.60226184379878,0.8848162566747584,-0.18936295689838056,8289,3
catboost_logdiff_ds_g123,Маркетплейсы,1,678.8220337402248,959.0398449249722,15.524295180096415,18.029477633664403,16.408362687497128,228.68522983102125,0.5996178427757257,-0.22263226945177594,8301,3
catboost_logdiff_ds_g123,Маркетплейсы,2,592.4828430181126,793.3038302426462,12.536001188739132,12.850544539434328,12.264616712228873,237.1415366709104,0.741863818994745,0.24102847239623038,8301,3
catboost_logdiff_ds_g123,Маркетплейсы,3,482.1331395743563,710.621957325108,9.49244014504359,10.129179650568734,9.869820022359113,142.4284831939187,0.8546406096869335,0.5277120516280822,8289,3
catboost_logdiff_ds_g123,Общественное питание,1,114.28045515981388,193.41279832580287,9.306262508172933,12.646925135643135,13.48009839454708,-57.15585109341542,0.9781658495628274,-0.30010434727151947,8301,3
catboost_logdiff_ds_g123,Общественное питание,2,140.91451897387336,241.90550543737726,11.389238729168829,15.268979508969272,16.33167050897365,-57.84671798080417,0.9665960805986796,-0.28673193857045054,8301,3
catboost_logdiff_ds_g123,Общественное питание,3,165.48446581783315,279.01269302335834,12.985242225368655,16.619625235668266,17.608198317698793,-63.92821634657469,0.9577838380044397,-0.12802110253233812,8289,3
catboost_logdiff_ds_g123,Продовольствие,1,342.03173792128564,449.75106812084664,2.800802726042918,2.8779840029015813,2.893262935771788,-92.83266899992988,0.9780290440528929,0.9077471482563029,8301,3
catboost_logdiff_ds_g123,Продовольствие,2,665.4627776964874,830.1202387148965,5.393348602745578,5.610182352669419,5.6852868702742345,-123.3473900242168,0.9229076053178158,0.3700773410924876,8301,3
catboost_logdiff_ds_g123,Продовольствие,3,876.5445186292314,1076.3607746898776,6.695517075794065,7.120116070651288,7.106388099660145,57.770748254761756,0.8978717166288894,0.6178922705549243,8289,3
catboost_logdiff_ds_g123,Транспорт,1,90.16291752733713,118.90389046381001,5.075389601875221,6.18746210173185,6.260366746345289,-34.53046461463905,0.9848859111099586,0.34057944616021074,8301,3
catboost_logdiff_ds_g123,Транспорт,2,99.01634147553783,131.9757421384105,5.608606405622642,6.6069350533804805,6.619008889225049,-8.788453760234516,0.9809451473099715,0.4203942262306587,8301,3
catboost_logdiff_ds_g123,Транспорт,3,116.5824375615233,158.40129861877637,6.442608358070788,7.195641763132381,7.2725052839876225,-20.520414894418177,0.9734606256817824,0.24757753018725037,8289,3
catboost_logdiff_ds_g123r,Все категории,1,1070.485181546496,1456.0883341766967,3.6279473485760496,4.1053605083038285,4.152215107158413,-238.30705973591455,0.9826701087143245,0.7918149816662081,8301,3
catboost_logdiff_ds_g123r,Все категории,2,1256.1146326697817,1605.652817023966,4.148163841409314,4.55789073583193,4.677377883483276,-570.601570772061,0.9788447425736054,0.5394890769018569,8301,3
catboost_logdiff_ds_g123r,Все категории,3,1586.6981862533585,1980.142195452455,4.962616607589419,5.403172858402999,5.541932632388255,-639.2088250105387,0.9725120896728788,0.6640396660781438,8289,3
catboost_logdiff_ds_g123r,Здоровье,1,130.57310103470493,171.00347521956905,8.924318535530801,9.69488976247197,10.378330281546091,-102.03269980968984,0.9383262592519135,-0.5797213717726912,8301,3
catboost_logdiff_ds_g123r,Здоровье,2,187.91318003082046,241.93121437884884,12.930707375961713,13.489716771160754,14.081883963704463,-46.68115233783591,0.8748545376559214,-1.2888412575582056,8301,3
catboost_logdiff_ds_g123r,Здоровье,3,180.2483625470984,238.27971745535226,12.16475550416347,12.300605172519196,12.598055589642737,-22.453695085192567,0.8866274251511491,-0.09467143932446742,8289,3
catboost_logdiff_ds_g123r,Маркетплейсы,1,681.9604950535867,962.406344833537,15.596070104035592,18.140675973590874,16.599276188207224,210.62716700317355,0.5968020010077217,-0.25043899181120555,8301,3
catboost_logdiff_ds_g123r,Маркетплейсы,2,592.397590740914,772.850132336267,12.534197385201365,12.947856022800552,12.45517032524435,219.04803867875566,0.7550032351882134,0.23476538857564988,8301,3
catboost_logdiff_ds_g123r,Маркетплейсы,3,490.09717549658615,689.489864101461,9.649239435736373,10.34887806272764,10.189163619061729,132.38764377990074,0.8631573045591843,0.5212894484853056,8289,3
catboost_logdiff_ds_g123r,Общественное питание,1,113.8723550945255,195.33409414730954,9.273029473426394,12.666419916936068,13.571170664431278,-63.365158013801036,0.9777299092313327,-0.33493055666832383,8301,3
catboost_logdiff_ds_g123r,Общественное питание,2,139.82417005721555,245.6384412590564,11.301112649611273,15.222691008794056,16.31443005039501,-61.317743490843334,0.9655571890475874,-0.304213137190952,8301,3
catboost_logdiff_ds_g123r,Общественное питание,3,170.14684359094346,291.54011106140604,13.351089886240086,16.794551175217602,17.84784919698195,-63.02140868108401,0.9539077980960728,-0.15551695651676312,8289,3
catboost_logdiff_ds_g123r,Продовольствие,1,334.8717170363946,445.11079588831825,2.7421713074067267,2.8139819955547383,2.821862457778709,-63.25231618081655,0.9784800725753509,0.910772430098429,8301,3
catboost_logdiff_ds_g123r,Продовольствие,2,655.5765075032342,816.5461569886537,5.313223758321198,5.517475824130857,5.577451637344607,-80.39876615330513,0.925408213304615,0.3945822605380269,8301,3
catboost_logdiff_ds_g123r,Продовольствие,3,852.04914472309,1036.636918242125,6.5084082743802885,6.886760921447649,6.887770213725341,68.65362189422068,0.9052708479203072,0.6469140250398682,8289,3
catboost_logdiff_ds_g123r,Транспорт,1,91.71439520655672,120.39457530658476,5.1627243276871395,6.332887625455612,6.402079653023428,-32.423231699521686,0.9845045682735694,0.3103288900332446,8301,3
catboost_logdiff_ds_g123r,Транспорт,2,101.04602521687903,134.17927633995282,5.723574269143299,6.831595150375954,6.835877378151789,-7.547845446412324,0.980303536274473,0.38423304774697464,8301,3
catboost_logdiff_ds_g123r,Транспорт,3,119.00577943299851,160.22228082564706,6.576527693797404,7.351766936399675,7.413453588160424,-14.957536425981557,0.9728469246988277,0.2271501586425393,8289,3
mean_3,Все категории,1,1997.8164076617277,2637.8239324341316,6.770736170908203,7.174001936034648,7.011316527392599,12.709994779745545,0.9431262320289877,0.5067667230389282,8301,3
mean_3,Все категории,2,1674.1520700317233,2243.228505136412,5.52868098285407,5.385726989228013,5.494635417853959,-770.380355780428,0.9587083675214414,0.4230174209416354,8301,3
mean_3,Все категории,3,2949.6897494671653,3843.1092563543816,9.225560011829907,8.935600759588844,9.476242265961682,-2469.1331483492186,0.8964585050447162,0.09213794466722836,8289,3
mean_3,Здоровье,1,122.8362647070634,172.58201623100712,8.39552668408517,8.335683117899745,8.478361090966251,-36.26629321768461,0.9371823775727729,-0.06802065628747367,8301,3
mean_3,Здоровье,2,111.04111954383005,161.90187816421619,7.640976664249689,8.320017091658771,8.299048366680035,-26.269204513512427,0.9439552327276406,0.04112844883330391,8301,3
mean_3,Здоровье,3,151.7050106566936,194.15928167659348,10.238397383016332,11.166604736698527,11.16187365180821,-54.96382756263321,0.9247251029117598,0.16451354506043903,8289,3
mean_3,Маркетплейсы,1,553.2535839055537,690.7748281429099,12.652612200391374,13.633791551525965,13.218306919205174,-79.22198128739512,0.7922818624002282,0.3460973481924886,8301,3
mean_3,Маркетплейсы,2,617.5178693330122,774.2542508542014,13.065702805152188,12.636755538935676,13.522865765970357,-430.64705055615786,0.7541122034744019,0.13953506662925796,8301,3
mean_3,Маркетплейсы,3,838.5885510918083,1232.1499936636353,16.510484291922772,14.83425560158075,16.84922264258796,-784.7178389029638,0.5629883587688729,-0.26870438068312263,8289,3
mean_3,Общественное питание,1,128.0329277597077,208.75944177668535,10.426175094906068,14.796419306827302,14.723075886827,-34.506726097257356,0.9745634542004591,-0.5702694358414779,8301,3
mean_3,Общественное питание,2,169.58071316708833,256.8845667432119,13.706147813489455,18.841946695150728,18.466478364365823,-43.575292133477895,0.9623311858163897,-0.5433962733193127,8301,3
mean_3,Общественное питание,3,181.44850605219767,280.68266913701194,14.23790922534525,19.8317265347591,19.959422316310675,-80.62227047894801,0.9572769724326247,-0.36592828563241997,8289,3
mean_3,Продовольствие,1,755.3794522748262,927.7186641319347,6.185592138279971,6.526090344934055,6.395167715892139,101.56942938601779,0.9065160328022445,0.5995770162666911,8301,3
mean_3,Продовольствие,2,687.3771031602619,876.918321861857,5.570956728371,5.618890250263729,5.676017865862379,-30.431433963779455,0.9139704166154341,0.3753317261450777,8301,3
mean_3,Продовольствие,3,1392.7824627015725,1622.3167741693142,10.638819322569317,10.489254982526568,10.868812277892339,-786.1610367153256,0.7679927137507013,0.2723875909674195,8289,3
mean_3,Транспорт,1,154.6401839135847,202.64821310332263,8.7049000075792,9.246679126991697,9.336005104237817,-41.54103923222102,0.9560989002334902,-0.21785987579441168,8301,3
mean_3,Транспорт,2,185.96486367104364,236.27131208784738,10.533652426087997,11.127740818141717,11.149192370404489,-30.414970083925628,0.9389283918441608,-0.3210089462796335,8301,3
mean_3,Транспорт,3,148.399042908272,217.85050023169646,8.200865706431934,8.933877011625366,9.23812788654326,-74.10970362327583,0.9498015476899223,-0.2226733392743967,8289,3
naive,Все категории,1,2601.857487049753,3967.1396875995683,8.81787261910351,9.923778656598701,9.03252236890414,1310.4978918202626,0.8713601932562077,-0.14400338953670677,8301,3
naive,Все категории,2,2083.7825563185156,2916.515098428107,6.881435203973386,7.169700809849608,6.896516163390955,524.6552222623781,0.9302019191818398,-0.04055377164832352,8301,3
naive,Все категории,3,2859.4700205091085,4204.8404336700305,8.94338541231349,8.578684715582007,9.03968072061244,-1171.9364217637833,0.876049578466803,-0.07840672991170661,8289,3
naive,Здоровье,1,114.27852066016143,158.90895246673617,7.81062800882282,8.211333313334142,8.160094807608063,-6.520901096253463,0.9467417186582083,-0.0016557647466459713,8301,3
naive,Здоровье,2,116.27599084447657,159.50531926512863,8.001199342235225,8.799094387399231,8.619943940580463,3.4086254668112277,0.9456021621988089,-0.0006266048744749675,8301,3
naive,Здоровье,3,163.75654481843407,204.4723200480255,11.051741617915217,12.351485536261885,12.118336066973626,-25.209796115333575,0.9165160658663155,-0.00862399933189728,8289,3
naive,Маркетплейсы,1,648.4093482712926,916.3512002645263,14.82877340417862,16.931785123580276,15.04711839114654,200.39898807372606,0.6344680702757275,-0.07094974128912201,8301,3
naive,Маркетплейсы,2,707.876882303337,875.9336865047701,14.97755680625557,14.97983805170331,15.120293703918442,-151.1832309360318,0.6852887733978924,-0.029372591108956625,8301,3
naive,Маркетплейсы,3,855.0791410302811,1239.0128718986768,16.835157966264276,14.929793534066626,16.42304239907743,-505.468572807335,0.558106631526839,-0.2195870003483149,8289,3
naive,Общественное питание,1,71.09697626791953,118.6575889644872,5.789678766691376,10.540730951822745,10.28716262123983,-6.543548970003614,0.9917821743968059,-0.0017321334107827102,8301,3
naive,Общественное питание,2,96.89061558848331,148.7692588353277,7.831062118999695,13.548147441194114,13.134500945127755,-15.94591013130948,0.9873662487689118,-0.0037178953324399355,8301,3
naive,Общественное питание,3,140.75352877307276,212.07844932788618,11.044653987074025,16.19293787001121,16.41188092099009,-52.302087103390036,0.9756093202259345,-0.045090170613525604,8289,3
naive,Продовольствие,1,1052.6858209854233,1694.3641759099949,8.62015126140496,9.474480868095906,8.530891793439574,670.278641127575,0.6881698759305905,-0.19652369222721977,8301,3
naive,Продовольствие,2,925.1667269003734,1314.2187470854847,7.498160439727276,7.763911274258577,7.310642182718745,537.4628358029153,0.8067743185378105,-0.2176627059267242,8301,3
naive,Продовольствие,3,1521.8662082277717,1920.700131947544,11.62483019139514,11.443425601872633,11.735439326076328,-218.30992882132946,0.6748008218618617,-0.010230571479541428,8289,3
naive,Транспорт,1,132.8218286953379,170.84602721826195,7.476716001985826,8.345133814819947,8.248077602518666,-17.052403324900613,0.9687967657554248,-0.0011141837347954375,8301,3
naive,Транспорт,2,147.97048548367667,193.76024060590416,8.381527739356756,9.362082309220385,9.236326087322073,-5.953379110950488,0.958927919724539,-6.329354363598938e-05,8301,3
naive,Транспорт,3,140.84111473036555,197.83511695912804,7.783197554460222,8.49631333684164,8.639148342219967,-49.681746893473274,0.9586019416296352,-0.04857271213644676,8289,3
catboost_diff_ds_g123,Все категории,1,905.4171931468145,1319.6589747986136,3.1791074955215217,3.457853544124206,3.366219061295433,571.4965258677656,0.98573300510359,0.8952119682889125,4132,6
catboost_diff_ds_g123,Все категории,2,1633.9860909051351,1971.0000429039696,5.476682100896581,5.8202976010148735,5.999844668746449,-716.200964900094,0.9673539198522517,0.4841815096927543,4132,6
catboost_diff_ds_g123,Все категории,3,2190.569734355028,2527.101822096561,7.2822873900908,7.437477741070572,7.597515957058299,-526.0623674054256,0.9465558782967767,-2.8567829241410685,4133,6
catboost_diff_ds_g123,Все категории,4,2524.7958946717367,3010.169072944118,8.26178565880429,8.768125543050353,9.277823075479184,-1329.2455903978357,0.9248910319479469,-2.3958701542382994,4129,6
catboost_diff_ds_g123,Все категории,5,2536.194095527876,2946.4498163149083,8.243260881017319,8.694126563705868,9.037845037192298,-846.1603552277708,0.9302972382984684,-1.797639965048631,4130,6
catboost_diff_ds_g123,Все категории,6,2723.7331183904907,3162.814301627297,8.031271144219096,8.821748177826668,9.233666045149375,-1004.4839774294549,0.9370090283208535,0.14306035705266484,4117,6
catboost_diff_ds_g123,Здоровье,1,150.7524989509656,195.4097652455405,10.948303753062232,11.645334635708759,12.646930688069716,-121.18764107182164,0.9026012401865607,-1.0248270962326256,4132,6
catboost_diff_ds_g123,Здоровье,2,279.8837129589575,326.3500634264979,19.46009032311411,20.264990673544677,21.740929509181843,-107.78019756342681,0.7554187994811644,-4.9545714011147,4132,6
catboost_diff_ds_g123,Здоровье,3,250.99265343291043,303.2544982688127,16.60266283145173,17.065408462933373,18.307999023019665,-108.7795211418573,0.8059780982689537,-3.0192855802604086,4133,6
catboost_diff_ds_g123,Здоровье,4,284.03497520546074,359.00735052972396,18.297976043158037,19.485635667890918,21.962266264153094,-162.86760759159412,0.7626013467449194,-2.6643995620502317,4129,6
catboost_diff_ds_g123,Здоровье,5,269.03941057329376,317.0641481540076,18.287385510413895,19.33579975423551,20.538616406066367,-76.08050733896066,0.7995026092773797,-1.1852562342999513,4130,6
catboost_diff_ds_g123,Здоровье,6,243.5991701184135,298.913645663889,16.740542605392847,16.834087819527493,17.263199293105757,-25.26382270648349,0.8307345526957717,-0.057153304346735156,4117,6
catboost_diff_ds_g123,Маркетплейсы,1,883.9019334033601,1242.789156346928,22.403551735853647,25.56225016911322,20.937905847988723,761.7210090550926,0.2003699034465558,-0.5594581008396506,4132,6
catboost_diff_ds_g123,Маркетплейсы,2,710.0852451171718,918.4057156790267,16.00384122455364,16.57494360571206,15.332209391293441,338.6793856086188,0.5444031640752297,0.024977200179342463,4132,6
catboost_diff_ds_g123,Маркетплейсы,3,552.2300680054914,747.6855865484081,12.11596775476454,11.922345649811268,11.288696931011124,303.4797405088459,0.7118520379684434,-0.1354856667974842,4133,6
catboost_diff_ds_g123,Маркетплейсы,4,583.9237988605468,812.8831866305683,12.175175977935188,12.294027862682983,11.70203807202612,252.68933595521293,0.7133112793559198,0.3761835362196396,4129,6
catboost_diff_ds_g123,Маркетплейсы,5,617.047065748057,872.961744769207,12.305911480160809,12.75611297695359,11.949466912826084,351.0801094722822,0.7336119993220678,0.5467274000013358,4130,6
catboost_diff_ds_g123,Маркетплейсы,6,851.8336445764556,1051.3361326758422,15.208905953866514,15.448432088779684,15.310770155355849,-68.79159020321195,0.7531867014729293,0.6343425881939264,4117,6
catboost_diff_ds_g123,Общественное питание,1,145.57517422301606,230.07634256451342,11.772846125607659,14.94640324215454,15.807594795819332,-68.38619378047649,0.9694050760054378,-0.3375148103828056,4132,6
catboost_diff_ds_g123,Общественное питание,2,176.01671409254328,283.19353348820124,13.96614147222443,17.021344725789707,18.33225691381413,-84.1894323854863,0.9546848986866966,-0.6214541778224167,4132,6
catboost_diff_ds_g123,Общественное питание,3,211.67459885639514,340.9098768748364,17.03729811160494,18.543618562917146,19.908502776788715,-81.73092317158749,0.9328256282753812,-0.46859166613852277,4133,6
catboost_diff_ds_g123,Общественное питание,4,221.11250484204493,355.18301003923904,18.099212978459597,21.930700801536872,24.89397808370822,-116.40807772640565,0.926119854380318,-1.3477299601658248,4129,6
catboost_diff_ds_g123,Общественное питание,5,231.6756301903761,374.56833303755417,19.04718622401454,23.240280138425977,24.904311093763983,-103.87630556839576,0.9195092489016371,-0.3808028597209674,4130,6
catboost_diff_ds_g123,Общественное питание,6,270.8098174745738,438.3083920741751,20.70724073915252,23.989120417098945,24.425692665104016,-94.27039612798912,0.9022882421453542,0.1173691728921249,4117,6
catboost_diff_ds_g123,Продовольствие,1,354.5836059898917,482.9448946331884,2.9385903701315375,3.0241035966888803,3.013936083609396,20.102977766103088,0.9757123242841261,0.9222442907750991,4132,6
catboost_diff_ds_g123,Продовольствие,2,1000.8946595999087,1084.1677507344832,8.257551993131717,8.549032944987859,8.725247336071227,-208.02098019476034,0.8583630431831917,-0.5786566173159928,4132,6
catboost_diff_ds_g123,Продовольствие,3,1266.1428833265059,1360.5512377620478,10.331455207321547,10.500630084473276,10.666573184191561,-241.67742585800528,0.7920646550513624,-5.60662306488651,4133,6
catboost_diff_ds_g123,Продовольствие,4,1212.7961081210572,1353.4870778971422,9.79938625391098,10.004373360357297,10.3465421930762,-411.77545359771733,0.7857417761223682,-6.250591170830341,4129,6
catboost_diff_ds_g123,Продовольствие,5,1340.6778351284288,1478.380905831035,10.660379600964857,10.958192201703133,11.242741663693238,-379.65543914615216,0.7636401121511693,-4.887386849980492,4130,6
catboost_diff_ds_g123,Продовольствие,6,1540.7324906144797,1648.7655261609405,11.041167303563473,11.5521428958095,11.67112052680695,-95.00116142464039,0.7767987363596484,-0.7551371433653589,4117,6
catboost_diff_ds_g123,Транспорт,1,80.96870759877065,109.5939668825093,4.581892028373651,5.941520455824027,5.743509359705404,17.05031980076604,0.9872369500714925,0.5533426421356027,4132,6
catboost_diff_ds_g123,Транспорт,2,103.54753178997782,135.33692314841284,5.840914833751024,6.744150609635162,6.536227056462028,48.01443250828891,0.9801019705638454,0.5262150432052196,4132,6
catboost_diff_ds_g123,Транспорт,3,109.07539807058876,151.02537178723904,6.243697320340883,6.795630286639545,6.6956720117586,32.19512860310248,0.9732723357262538,0.17110833246872237,4133,6
catboost_diff_ds_g123,Транспорт,4,122.65995670278153,166.4292887037285,6.862566430175833,7.818654556678424,8.090420612950785,-37.043942185396254,0.9703551445360051,0.06530845484469194,4129,6
catboost_diff_ds_g123,Транспорт,5,122.7773018186256,163.1913351650657,6.975224005187138,7.929669840141153,8.065019986542033,-23.09273343302924,0.9707791355571334,0.25045568873514157,4130,6
catboost_diff_ds_g123,Транспорт,6,143.42790407080338,187.9559623035108,7.653174331874752,8.573070091295996,8.79242746783142,-41.43254757620103,0.9658098880122035,0.18183168295286545,4117,6
catboost_diff_ds_g123r,Все категории,1,960.7951655488025,1358.6545684231694,3.373551038766008,3.7056071141726266,3.596580054316694,685.4596977204513,0.9848773750553267,0.8846697491801105,4132,6
catboost_diff_ds_g123r,Все категории,2,1509.4015493950715,1818.3804882103755,5.059108210681511,5.306114905184131,5.422829151109537,-502.4203311830522,0.972213918815153,0.5911170056043306,4132,6
catboost_diff_ds_g123r,Все категории,3,2145.4577483753005,2447.891497895177,7.132317981909028,7.333809338236108,7.419644832209392,-263.95716757179497,0.949853712024348,-2.561956132350561,4133,6
catboost_diff_ds_g123r,Все категории,4,2624.0029143724205,3066.3074518541725,8.586416704959564,9.10453782659806,9.5712897471409,-1116.1838147787214,0.9220634076285753,-2.425376382700489,4129,6
catboost_diff_ds_g123r,Все категории,5,2656.2541405273632,3039.7674147804005,8.63348585396501,9.158871285836828,9.468137873744679,-676.9968930459554,0.9258121818356462,-1.9454077368265597,4130,6
catboost_diff_ds_g123r,Все категории,6,2866.0181432121944,3270.543596046496,8.4508165124453,9.29195835305438,9.67311365634775,-810.4218783888125,0.9326448503999464,0.098737498023449,4117,6
catboost_diff_ds_g123r,Здоровье,1,151.66187068791837,195.24264792961955,11.01434629345055,11.673898652934422,12.676328877627105,-125.74312281427332,0.9027677626642886,-1.012241112511283,4132,6
catboost_diff_ds_g123r,Здоровье,2,275.4698621725547,321.86800659314554,19.153198814251134,20.01700231812337,21.386711948698355,-105.0546935632466,0.7620907706683324,-4.7417513140829515,4132,6
catboost_diff_ds_g123r,Здоровье,3,248.31203984115956,301.32853157142864,16.425345595124163,16.904937836465617,18.10453058626077,-108.70531465946047,0.8084347352196569,-2.9232772996974408,4133,6
catboost_diff_ds_g123r,Здоровье,4,280.8698459796792,358.2580763192664,18.094073482549238,19.31094767303476,21.83246353934198,-168.85209833005405,0.7635912488596585,-2.667369682710991,4129,6
catboost_diff_ds_g123r,Здоровье,5,263.31990561821897,311.44243077133984,17.898614245195557,19.01620670466402,20.1847628228989,-77.48257739228386,0.8065494310497692,-1.1127205903796558,4130,6
catboost_diff_ds_g123r,Здоровье,6,239.89012737234842,295.3209768517305,16.485650981231963,16.65732029863614,17.09358913443957,-28.811336876042674,0.8347789328094033,-0.038078443667752815,4117,6
catboost_diff_ds_g123r,Маркетплейсы,1,866.6933890980421,1219.0964129745412,21.967380597321938,25.036317059387454,20.577537224102084,752.0633778996656,0.23056785154099646,-0.5072018495759345,4132,6
catboost_diff_ds_g123r,Маркетплейсы,2,665.3786620357448,868.9395995045127,14.996248034514306,15.528976100657776,14.436419779908288,321.6974901554504,0.5921591508183235,0.11704333749040352,4132,6
catboost_diff_ds_g123r,Маркетплейсы,3,497.8014130737221,677.0601388128546,10.921799116917088,10.783772016453359,10.271049749072985,294.0735094603542,0.7637172445131415,0.028094080893037554,4133,6
catboost_diff_ds_g123r,Маркетплейсы,4,526.1236996164466,739.7738766709625,10.970007801518555,11.119312740446526,10.68631978939088,228.06515693133028,0.762560861833338,0.4547374380171373,4129,6
catboost_diff_ds_g123r,Маркетплейсы,5,588.4219604709193,814.6768748074603,11.735034425225477,12.112343284350812,11.414410396001474,368.3947763495875,0.7679962465419473,0.5891120850447573,4130,6
catboost_diff_ds_g123r,Маркетплейсы,6,705.1031231873823,908.6568313127193,12.58913305034636,13.138806522324497,12.931722768792788,17.183574465041634,0.8156321603473025,0.7085933752166187,4117,6
catboost_diff_ds_g123r,Общественное питание,1,149.52534392019228,236.20089547883006,12.092301281770824,15.124037896169924,16.01168895247802,-71.80496672873703,0.9677545436006788,-0.3621682369134447,4132,6
catboost_diff_ds_g123r,Общественное питание,2,186.01153682687226,302.0714325564955,14.759186093112264,17.39619722521853,18.84380085153902,-94.53381282751124,0.9484420547473794,-0.6743078209624076,4132,6
catboost_diff_ds_g123r,Общественное питание,3,222.74782307870439,358.8876457296651,17.928561509062078,19.161644102915442,20.5448385011391,-90.66716424765725,0.9255539837789432,-0.5254465311549759,4133,6
catboost_diff_ds_g123r,Общественное питание,4,232.28411645809786,376.71340109818635,19.01366771767038,22.283627122260928,25.078926898321498,-122.56048646922056,0.9168914862306293,-1.2743909048744326,4129,6
catboost_diff_ds_g123r,Общественное питание,5,243.8155614447212,396.4250885703889,20.045269324762916,23.784503804464656,25.54142686324595,-110.68257789541923,0.909841614224948,-0.4251758303085156,4130,6
catboost_diff_ds_g123r,Общественное питание,6,283.2202137040476,459.6877061677647,21.65619105708593,24.914120621575076,25.176833118432125,-100.89087278669712,0.8925236193354485,0.06617122317878532,4117,6
catboost_diff_ds_g123r,Продовольствие,1,360.64884514370624,494.5589864931279,2.9888556758841456,3.0848244583132125,3.067853610480003,38.43293151812623,0.9745301145143516,0.9188159501154162,4132,6
catboost_diff_ds_g123r,Продовольствие,2,990.8429353900534,1072.3964718700995,8.174623550575456,8.479637463771382,8.641737440953579,-192.14976293388142,0.8614219740499264,-0.5472539396943457,4132,6
catboost_diff_ds_g123r,Продовольствие,3,1253.18527944814,1346.203811373164,10.22572393020704,10.419613073435045,10.58277015747527,-239.6846598646798,0.7964270147697816,-5.528091110254754,4133,6
catboost_diff_ds_g123r,Продовольствие,4,1187.2527069026396,1329.282664206128,9.592995704747945,9.805873440809544,10.143988820847689,-416.0283968552804,0.7933364169455814,-6.043494800297566,4129,6
catboost_diff_ds_g123r,Продовольствие,5,1322.5431086272633,1461.6341454771352,10.516181596495288,10.82401936920417,11.108509420821768,-385.4322296568654,0.7689646441963891,-4.792134775515857,4130,6
catboost_diff_ds_g123r,Продовольствие,6,1529.3215777365128,1637.194715192241,10.959394640924437,11.468388294199281,11.58222013951912,-90.26225071020104,0.77992053549124,-0.7326422450815733,4117,6
catboost_diff_ds_g123r,Транспорт,1,80.9635032281453,108.7929775742308,4.58159752121171,5.977343874758386,5.7624038158859205,17.78556399576218,0.9874228308852961,0.5496016114024785,4132,6
catboost_diff_ds_g123r,Транспорт,2,103.74622278687772,135.56348292410118,5.85212260636582,6.828715969869751,6.589859208568743,51.6626015543574,0.9800352945030826,0.5139483869257198,4132,6
catboost_diff_ds_g123r,Транспорт,3,107.49971091477998,148.5176369487979,6.153501787283538,6.758003930260151,6.621395818465385,36.348452769605956,0.9741525775130602,0.1859441531607351,4133,6
catboost_diff_ds_g123r,Транспорт,4,123.40621773704618,167.1049599596185,6.904318164479004,7.813885562113657,8.072811444370545,-37.15591222848604,0.9701139509788836,0.08912802220696747,4129,6
catboost_diff_ds_g123r,Транспорт,5,123.79232026698608,164.71155825906988,7.032889232731971,7.946158531596836,8.071676390779157,-22.154379864426634,0.9702321807510166,0.2589828341317494,4130,6
catboost_diff_ds_g123r,Транспорт,6,144.51024968554958,189.43309925901588,7.7109272477432285,8.585374630371803,8.795856180098731,-40.53742782417352,0.9652703794004792,0.18840206897094103,4117,6
catboost_diff_g1,Все категории,1,3294.1238591186943,4804.195217156914,11.566351877307916,12.515531212007822,11.263243015287534,3086.824207706573,0.8109179215383758,-0.07601999149852734,4132,6
catboost_diff_g1,Все категории,2,2371.7381744421386,3519.6204199495905,7.949428749901467,7.883630908848249,7.394938650431647,2136.6013329715934,0.8959003109051417,0.09677413087828457,4132,6
catboost_diff_g1,Все категории,3,3239.9446496631285,4138.821125576859,10.770808934681472,10.587746771578091,9.907778014765432,3212.0796378366144,0.8566466729361559,-5.554275780851099,4133,6
catboost_diff_g1,Все категории,4,2005.1383198865947,3178.4516078587867,6.561331571442468,5.882388551368126,5.647336555347407,1508.3844471295115,0.9162584059479568,-0.4359570237088839,4129,6
catboost_diff_g1,Все категории,5,2203.836336994273,3385.6360575457256,7.163015597640294,6.527962224834673,6.225715142291836,1787.4732086495264,0.9079693623517113,-0.6007157163361261,4130,6
catboost_diff_g1,Все категории,6,2106.2897074737584,3188.712945739144,6.210661255606348,5.795304093629143,5.678919926236988,463.7208561281888,0.9359732039780062,0.6217413485800408,4117,6
catboost_diff_g1,Здоровье,1,94.23198313866135,141.80850528650515,6.843537465943247,6.854342623775188,6.674131618366761,28.424872299711414,0.9487061308177918,0.36534264594289634,4132,6
catboost_diff_g1,Здоровье,2,101.26816819487831,135.130871718253,7.041094599947755,7.911127344286609,7.824641832296988,14.386318132066807,0.9580661414166562,-0.034803803752538,4132,6
catboost_diff_g1,Здоровье,3,85.01732623089356,120.11847468274657,5.623726363848958,6.310857006575625,6.347221649922311,-18.82350607716298,0.969559213352172,0.3002865125283727,4133,6
catboost_diff_g1,Здоровье,4,140.62092182879067,174.07212562930818,9.0590190765371,10.579692918855677,11.335984843825846,-105.65620221115661,0.9441876852457739,-0.06589991757893898,4129,6
catboost_diff_g1,Здоровье,5,114.54863614285645,151.22201730999578,7.786201524798042,9.44905516770333,9.717769946576723,-44.209242274925174,0.9543916348333821,0.2923736003163757,4130,6
catboost_diff_g1,Здоровье,6,103.43179545312066,137.17716290270977,7.10800606460835,8.389245938359366,8.506436703685115,-13.119678457853219,0.9643515654239387,0.6327152549118071,4117,6
catboost_diff_g1,Маркетплейсы,1,832.6361010138087,1165.1300736319852,21.10415789495706,24.114090344910224,19.962448298301922,725.2105212545313,0.2971817252610045,-0.4108991514414193,4132,6
catboost_diff_g1,Маркетплейсы,2,636.5855121023448,817.257242314909,14.347310455459464,14.89573435025495,13.950769931668933,287.00118895742185,0.6392310941608987,0.18723795616410155,4132,6
catboost_diff_g1,Маркетплейсы,3,477.38931451694134,643.1001966023902,10.473956193741502,10.41097043288243,10.002548613086892,241.34088135920214,0.786825712685536,0.09296477152695293,4133,6
catboost_diff_g1,Маркетплейсы,4,507.29943750221537,703.4654647071093,10.57751017709774,10.77243256939125,10.45719696141936,174.26592040397088,0.7852961225112217,0.4915134343949249,4129,6
catboost_diff_g1,Маркетплейсы,5,540.0915712378647,755.6695527910175,10.77117036246932,11.169528792965314,10.662543762557295,293.08409772051584,0.8003873400390709,0.6341190582869949,4130,6
catboost_diff_g1,Маркетплейсы,6,686.9090705919691,874.1336271027606,12.264290709819972,12.56104580007858,12.606649655816849,-77.55867294560555,0.8293756421934613,0.7270880200951217,4117,6
catboost_diff_g1,Общественное питание,1,78.48788104642107,125.30578905835802,6.347412951530718,10.405479538524535,9.629424459283026,44.57917416717285,0.9909249773009624,0.29479351247298313,4132,6
catboost_diff_g1,Общественное питание,2,83.19194268104351,135.41904262213006,6.600909730775735,10.521136706897357,10.223644767590995,30.207139199123116,0.989638186556961,0.26584256173276866,4132,6
catboost_diff_g1,Общественное питание,3,114.62906775367172,182.78174863558894,9.226282275369304,12.634895176565585,11.921752481761164,29.44473915910721,0.9806896519679758,0.31210878660018704,4133,6
catboost_diff_g1,Общественное питание,4,109.41892080911725,158.7370930555618,8.95650995863913,13.899565739755948,14.3352426268545,-15.420940095329097,0.9852436067085382,0.13040533355725914,4129,6
catboost_diff_g1,Общественное питание,5,128.20359094480395,187.42052350812835,10.540244001090896,16.507938026441657,16.177372625454563,1.4818201391641574,0.9798479998916932,0.28886857262232457,4130,6
catboost_diff_g1,Общественное питание,6,146.48564488992716,211.58656995879602,11.200899368615122,17.016455420763187,16.808526275226594,-29.180954269642122,0.9772299779597035,0.4715399951927126,4117,6
catboost_diff_g1,Продовольствие,1,1372.89460267706,1914.1564428496047,11.377781686690225,12.415056179090113,11.185427732679722,1319.868647070766,0.6184550972633924,-0.10993405466192852,4132,6
catboost_diff_g1,Продовольствие,2,1042.9840414406208,1263.1706742641186,8.60479658633135,8.663471432734877,8.210785492335807,1028.4629200095403,0.8077316999065582,-0.4797509652692622,4132,6
catboost_diff_g1,Продовольствие,3,1724.5797779537488,1940.504992260977,14.072202246693069,14.037451178271654,13.010517008842704,1722.8928702936792,0.5770120042734717,-8.680836222219595,4133,6
catboost_diff_g1,Продовольствие,4,1119.6157869214715,1418.0567571153254,9.04648974263104,8.775003238877076,8.287483539318387,1087.3778768564869,0.7648112736947993,-3.9568662588228554,4129,6
catboost_diff_g1,Продовольствие,5,1097.7151145567443,1350.4571832382135,8.72846518997648,8.899792571651695,8.378811684457874,1026.3916251572339,0.8027746550617255,-2.7988497004010346,4130,6
catboost_diff_g1,Продовольствие,6,754.6289147947251,1107.9672174019618,5.407807098967658,5.351257773552949,5.160329352927192,434.6105552104718,0.8992064657227422,0.47814077497219065,4117,6
catboost_diff_g1,Транспорт,1,156.20303328909884,206.03022474625078,8.839284388503351,10.8600275328487,10.02231537832281,108.44986047103046,0.9548930931712348,-0.09090951350630405,4132,6
catboost_diff_g1,Транспорт,2,195.0308669224226,257.0100068711965,11.001311802941084,12.584239869199656,11.556272905337764,152.15692908729065,0.9282408083066658,-0.2746837763092842,4132,6
catboost_diff_g1,Транспорт,3,168.84607035551562,223.17631148632486,9.665091997615946,10.327618632263158,9.75607868138203,111.67172307970795,0.941634343941846,-0.4658138359040478,4133,6
catboost_diff_g1,Транспорт,4,138.3279898208081,186.34924690137862,7.739159908544591,8.21219173374308,8.237493829109983,21.739605438751866,0.9628340612325033,0.09857119695046834,4129,6
catboost_diff_g1,Транспорт,5,137.26853415635972,189.5663545489577,7.79849988900016,8.364785973281764,8.302104675748403,26.01727602163101,0.9605704895311135,0.21802837179964896,4130,6
catboost_diff_g1,Транспорт,6,142.94248984990784,194.90747578468364,7.627273098221845,8.516538707183335,8.5706349685289,1.2823005208840321,0.9632340913633127,0.19737102732962852,4117,6
catboost_diff_g1r,Все категории,1,3077.169682383967,4544.108700040463,10.804580779230001,11.632888090123204,10.539059093831634,2821.152157280269,0.8308365640188092,0.050367023247081644,4132,6
catboost_diff_g1r,Все категории,2,2038.875349973209,3097.706803624157,6.8337620481041235,6.594127651109264,6.24551410997375,1768.6460912511482,0.9193622513125382,0.3370646085197285,4132,6
catboost_diff_g1r,Все категории,3,2760.3034641265613,3600.8767684577097,9.176299112683242,8.88269135672309,8.387024794863953,2723.7983228004728,0.8914896959560863,-3.8296190544816415,4133,6
catboost_diff_g1r,Все категории,4,1897.4258575352058,2850.546881841308,6.208868515475363,5.707995327290381,5.5506261220752044,1173.3075906885217,0.9326455347575109,-0.2830144600307838,4129,6
catboost_diff_g1r,Все категории,5,2115.7246413582047,3104.2794249189756,6.87663069710068,6.399530611766051,6.163358837664169,1512.6555041538786,0.9226298388823464,-0.46623285530345315,4130,6
catboost_diff_g1r,Все категории,6,2002.4367427490808,2952.543134152002,5.904437671069631,5.609550229959571,5.531811316172164,308.0543257070938,0.9451061840507787,0.651228068899928,4117,6
catboost_diff_g1r,Здоровье,1,94.66260832865616,143.92772888423588,6.874811344761779,6.8709005779950845,6.681071463811119,31.623275349718803,0.9471615771648406,0.3596739086351678,4132,6
catboost_diff_g1r,Здоровье,2,99.0961999714382,133.64839579533182,6.8900793895225725,7.523185285404635,7.395705535994536,23.828027007667348,0.9589811793202789,0.07345664314881928,4132,6
catboost_diff_g1r,Здоровье,3,83.64367468611253,118.51373841315718,5.532862057129325,6.161626305446335,6.172324567136805,-11.31984999960877,0.970367134528007,0.33936698977126345,4133,6
catboost_diff_g1r,Здоровье,4,125.69870318972136,158.20855940563422,8.09770648124511,9.487883526174045,10.047081402007274,-89.19959302851147,0.9538967521243792,0.15673465382001983,4129,6
catboost_diff_g1r,Здоровье,5,109.32569488403061,145.6567351370217,7.431183127698284,8.928591419259304,9.088208345336971,-30.20674708163562,0.957686827071727,0.3756472085500763,4130,6
catboost_diff_g1r,Здоровье,6,104.61182649892504,138.0111651435721,7.189099772720624,8.331017221086729,8.331440290510944,4.961040213028688,0.963916780919528,0.6543609022881849,4117,6
catboost_diff_g1r,Маркетплейсы,1,852.732479850277,1198.8529464785736,21.613524653815215,24.638012315679457,20.306081679279774,744.5014810017597,0.25590900071205436,-0.46604267932114407,4132,6
catboost_diff_g1r,Маркетплейсы,2,639.8781951410409,848.3352934444215,14.421520667425463,14.9078221143513,13.808018605480532,336.3490835747994,0.6112712925027677,0.16871966083567969,4132,6
catboost_diff_g1r,Маркетплейсы,3,484.47093787036357,666.6440478614907,10.629327523867262,10.44525463113767,9.926247410979073,300.7380881800521,0.7709314078126732,0.08456222195104857,4133,6
catboost_diff_g1r,Маркетплейсы,4,498.0717150236103,705.0812959254318,10.385106398947576,10.523764936958703,10.18279379205363,201.93004520843894,0.7843086577902049,0.497539977292746,4129,6
catboost_diff_g1r,Маркетплейсы,5,546.9154693743251,769.248028857119,10.907260931695369,11.304315147206188,10.785758146416265,293.9861309335036,0.793149289078282,0.6216375535053983,4130,6
catboost_diff_g1r,Маркетплейсы,6,697.688794568623,886.922867406245,12.45675529397136,12.81418678224861,12.858382032681709,-76.65089506724641,0.8243463900369614,0.7155348025297402,4117,6
catboost_diff_g1r,Общественное питание,1,78.96646078829937,125.51942619615734,6.386116292880219,10.46329663550247,9.673637684491181,46.16950251486491,0.9908940064318184,0.2875254172562587,4132,6
catboost_diff_g1r,Общественное питание,2,84.88676318312721,136.00480544663344,6.735386181061487,10.744051983357531,10.569678320778616,29.957069460716202,0.9895483514478457,0.19168796082835726,4132,6
catboost_diff_g1r,Общественное питание,3,114.82513446078624,181.00375827103437,9.24206332305721,12.51429956824564,12.188645197337431,23.670065263382867,0.9810635035661429,0.29440168783890575,4133,6
catboost_diff_g1r,Общественное питание,4,114.91392472186077,160.5632030374348,9.406304719027109,15.949806657444599,17.621609247505134,-24.488574695985108,0.9849021390098333,-0.7854652675771219,4129,6
catboost_diff_g1r,Общественное питание,5,131.88167868969458,187.29894156158025,10.842637576831379,17.84842693827365,18.634313454191265,-9.424518532162606,0.9798741371006093,-0.02820110834152678,4130,6
catboost_diff_g1r,Общественное питание,6,149.6572564807506,211.1927948215288,11.443413932358489,17.909293514656387,18.585610859171403,-39.85766722081028,0.977314651813794,0.3190632412461437,4117,6
catboost_diff_g1r,Продовольствие,1,1370.650566161387,1928.2381790917707,11.35918436864228,12.444747749244394,11.18869489007169,1298.831912418912,0.612820680490826,-0.13395585194298,4132,6
catboost_diff_g1r,Продовольствие,2,998.2981613656224,1201.1750936745138,8.236130438961107,8.298710966034832,7.880037293458658,983.4249788293757,0.8261413694053612,-0.3728376353022689,4132,6
catboost_diff_g1r,Продовольствие,3,1645.3255422258155,1845.930715166805,13.425504628915204,13.420054858425251,12.474463890613976,1643.5247113741227,0.6172375672532943,-7.939617078399518,4133,6
catboost_diff_g1r,Продовольствие,4,1060.281212555231,1345.4747953247213,8.56706668995733,8.277621967466734,7.840617732418834,1010.5298231560785,0.788270970919443,-3.505715031402751,4129,6
catboost_diff_g1r,Продовольствие,5,1071.9923019847672,1303.7112970534777,8.523930633473219,8.658685847648586,8.179936275447412,982.0507823998609,0.8161921972799908,-2.548008271695476,4130,6
catboost_diff_g1r,Продовольствие,6,776.1951958526956,1108.742879588812,5.562354964172835,5.500883689991897,5.3131995461419255,427.63467728912383,0.8990652898854072,0.4672513805355919,4117,6
catboost_diff_g1r,Транспорт,1,143.24240997945637,189.62281756790264,8.105863065793413,9.755624686110032,9.11141545271208,88.84021867151391,0.9617912909145628,0.09940941827474914,4132,6
catboost_diff_g1r,Транспорт,2,160.98730676761343,213.32268643245592,9.080980800699212,10.220716655526365,9.564218760225836,117.8850172990357,0.9505630624196881,0.11120371264220397,4132,6
catboost_diff_g1r,Транспорт,3,142.92022061156405,191.64138922206865,8.181043702242192,8.677085496317636,8.327667092821546,82.49457900338032,0.9569632169071786,-0.12458714174889063,4133,6
catboost_diff_g1r,Транспорт,4,126.70893577686057,171.65899598984885,7.089098287981627,7.790508233318532,7.912262043509025,-0.6254654479706785,0.9684628125660053,0.1309501664026188,4129,6
catboost_diff_g1r,Транспорт,5,128.95346298144955,176.94437789316098,7.326104069862895,8.107037243087154,8.126039128830376,8.193906647440917,0.9656463881269437,0.2403769510055488,4130,6
catboost_diff_g1r,Транспорт,6,139.96502091692702,189.40792674498263,7.468398233811957,8.52053957979767,8.65539815856307,-15.884915147200552,0.965279608767257,0.18430570772387822,4117,6
catboost_logdiff_ds_g123,Все категории,1,922.8473433406529,1330.3217764064843,3.240308366842189,3.521956967220288,3.4268851790005694,607.505239715188,0.985501519960603,0.8936610692041012,4132,6
catboost_logdiff_ds_g123,Все категории,2,1657.802126017783,1992.870904208968,5.556507047964222,5.922395687257157,6.1151167727975535,-745.1015128677184,0.9666253970186345,0.46241186712710036,4132,6
catboost_logdiff_ds_g123,Все категории,3,2185.2256323102256,2519.490860166001,7.264521561264684,7.428846142032546,7.598944433131405,-549.005243071489,0.9468773126320574,-2.8927101971713096,4133,6
catboost_logdiff_ds_g123,Все категории,4,2565.0155557182184,3035.417073631668,8.393394799779623,8.934410028573348,9.447348008614176,-1271.5336697752557,0.923625784634969,-2.4903167418488894,4129,6
catboost_logdiff_ds_g123,Все категории,5,2503.9988727486143,2936.636763289712,8.138618408676619,8.645110938101084,9.011603698121096,-884.2565008169609,0.9307607506096925,-1.8560847497365471,4130,6
catboost_logdiff_ds_g123,Все категории,6,2762.579731923639,3218.8644241667316,8.145815291078744,8.941904974691795,9.369603620394784,-996.3071414888738,0.9347566443766193,0.1113012596100561,4117,6
catboost_logdiff_ds_g123,Здоровье,1,157.79412717571495,203.12216397327447,11.459697496165411,12.036918878057936,13.168698538710185,-139.71809593850097,0.894761286505319,-1.1571906406358274,4132,6
catboost_logdiff_ds_g123,Здоровье,2,267.0303656518049,325.5047115016649,18.56640738277015,18.819485870091185,20.590142509097937,-128.84051907913954,0.7566842467898958,-4.73524058009851,4132,6
catboost_logdiff_ds_g123,Здоровье,3,243.21918591293226,305.2774826880039,16.088463477405952,16.035380913609973,17.34328041427889,-119.85234241833757,0.8033808575744801,-2.753699711102373,4133,6
catboost_logdiff_ds_g123,Здоровье,4,273.6535886216236,359.88186141369425,17.62919093009791,18.156653782503998,20.4662410817604,-172.95508315395904,0.7614433728871637,-2.206894980107519,4129,6
catboost_logdiff_ds_g123,Здоровье,5,259.3590772305116,320.99497654412585,17.629385303932832,17.935958484305754,19.14200731964506,-85.62897615399203,0.7945004276300561,-0.9208124167704286,4130,6
catboost_logdiff_ds_g123,Здоровье,6,236.20605013947323,305.54700889971247,16.23247502891437,15.755137491951771,16.292604717724124,-39.1314419679296,0.8231386630436889,0.02645413623520898,4117,6
catboost_logdiff_ds_g123,Маркетплейсы,1,855.8214896726363,1209.3423985511854,21.69181930252282,24.43183570543898,20.1566247214326,779.2720364051808,0.24283107889322242,-0.43839655032432345,4132,6
catboost_logdiff_ds_g123,Маркетплейсы,2,643.4375738533638,914.7171354282365,14.501741643937477,14.57706911903283,13.373034814036028,383.8920398845074,0.5480554296635878,0.14210376324741736,4132,6
catboost_logdiff_ds_g123,Маркетплейсы,3,597.479004918592,877.7019940986091,13.10873271331991,12.597937277194756,11.718182067168897,422.0037526628877,0.60292576750014,-0.3868534086871067,4133,6
catboost_logdiff_ds_g123,Маркетплейсы,4,637.1765320319588,941.6439652793113,13.285528731039555,13.334158204350722,12.495259086116686,395.6682714572341,0.6152950452004485,0.20017145366113331,4129,6
catboost_logdiff_ds_g123,Маркетплейсы,5,828.1177464401865,1112.8510357987195,16.5153425865315,16.584244634390878,15.301365746427772,648.4112080687952,0.5670893176602769,0.30835431064041197,4130,6
catboost_logdiff_ds_g123,Маркетплейсы,6,734.6549735119453,1066.2251697834965,13.116761085715275,14.632720905045984,13.977028001259312,314.53823691345644,0.7461464531306661,0.5760509423532656,4117,6
catboost_logdiff_ds_g123,Общественное питание,1,161.30062844915605,256.79364811739697,13.044583245949449,15.103403592987389,16.147516800270605,-72.77949635806955,0.9618869238185594,-0.363588497687676,4132,6
catboost_logdiff_ds_g123,Общественное питание,2,203.82727107865657,323.12565485554904,16.17278517246535,18.000996257963244,19.587924934936446,-83.9883729400503,0.9410044612060524,-0.7651423871113197,4132,6
catboost_logdiff_ds_g123,Общественное питание,3,226.8318530393662,363.01688087991363,18.25727754921259,18.451922929846916,19.688938607419914,-88.5746007174309,0.9238310292095726,-0.37767768218703424,4133,6
catboost_logdiff_ds_g123,Общественное питание,4,257.6574291261659,413.9075216171457,21.09060583691639,21.391213715813315,23.504759325430502,-112.84818026168243,0.8996701846130835,-0.7508457643344639,4129,6
catboost_logdiff_ds_g123,Общественное питание,5,272.06029090854724,435.8309561210399,22.367406622942816,22.4808580696875,23.814381264640364,-99.10276853389394,0.8910267228653151,-0.1634008468185657,4130,6
catboost_logdiff_ds_g123,Общественное питание,6,328.73808481546496,504.43063141181943,25.136676084650826,25.153884204454446,25.34378693848899,-67.6977687425235,0.8705833491148509,0.11197978380884999,4117,6
catboost_logdiff_ds_g123,Продовольствие,1,357.94236156289764,487.13907774207394,2.966425855517013,3.0444914465158694,3.029772592517301,30.569207502347698,0.9752886349677562,0.9215654054135962,4132,6
catboost_logdiff_ds_g123,Продовольствие,2,1012.8982364544546,1090.6765610173713,8.356583553575438,8.598447743085536,8.73926045513213,-161.12738243569626,0.8566573009458034,-0.5479780940542165,4132,6
catboost_logdiff_ds_g123,Продовольствие,3,1323.6409089594808,1399.7914836181437,10.800626802533458,10.979200657593505,11.010140227524621,-88.20032888968508,0.7798973823915083,-5.789796333421393,4133,6
catboost_logdiff_ds_g123,Продовольствие,4,1233.9771290963854,1348.529040223985,9.97052879336965,10.089459073508444,10.326496268999351,-281.63463978862484,0.7873086247104671,-5.859959283671412,4129,6
catboost_logdiff_ds_g123,Продовольствие,5,1343.942598502935,1468.046603205414,10.686339317734719,10.807796126892983,11.021660820385556,-281.2905347538777,0.7669330082037122,-4.499877756148707,4130,6
catboost_logdiff_ds_g123,Продовольствие,6,1535.1535059897521,1656.2263091009993,11.001187292107325,11.286713791562287,11.356525168793716,-15.934986454415805,0.774774162391241,-0.6470903390529845,4117,6
catboost_logdiff_ds_g123,Транспорт,1,80.7796027661908,108.6697200905733,4.571190882824705,5.823833406339489,5.696113859756808,2.588398237517935,0.9874513134598351,0.5688095758447731,4132,6
catboost_logdiff_ds_g123,Транспорт,2,96.7538346034374,129.7435424235402,5.457695591467576,6.373995389033215,6.251317456057414,30.135707077952468,0.981712725896442,0.5426699998746747,4132,6
catboost_logdiff_ds_g123,Транспорт,3,108.14777480331887,150.49836119363533,6.190598280496989,6.732240046809193,6.64972130881661,27.883066439463423,0.9734585453089488,0.1734878542813958,4133,6
catboost_logdiff_ds_g123,Транспорт,4,130.83744675329902,173.39099905769706,7.320079788343402,8.279688801491384,8.61057342354989,-47.13970641410133,0.9678231948186179,-0.0048475709448707605,4129,6
catboost_logdiff_ds_g123,Транспорт,5,134.74358637026228,177.08713771764144,7.655052556728201,8.411241889215779,8.590664876322167,-23.656758578724624,0.9655909323495311,0.19578593590930427,4130,6
catboost_logdiff_ds_g123,Транспорт,6,151.2126408206535,199.06716556806703,8.068560360558154,8.85234306872685,9.090463774753385,-36.281225504846155,0.9616480389981088,0.1400986355232693,4117,6
catboost_logdiff_ds_g123r,Все категории,1,910.9142055055576,1324.6499658073337,3.198408645670789,3.5178772355217722,3.4189995511666704,611.0756900547616,0.9856248846011028,0.8913954491740989,4132,6
catboost_logdiff_ds_g123r,Все категории,2,1506.6812709504006,1832.831564179155,5.049990568646302,5.367755008591425,5.527588437923421,-706.6497182334872,0.9717705195025825,0.5557505589581089,4132,6
catboost_logdiff_ds_g123r,Все категории,3,1947.2454043994273,2298.8696115810176,6.47338472337899,6.643736099110089,6.820664958550099,-657.7296760950277,0.9557734419629714,-2.332484252128536,4133,6
catboost_logdiff_ds_g123r,Все категории,4,2453.5365290119034,2984.5384007665803,8.028606570345561,8.6380237717927,9.200206731981547,-1539.4424002643143,0.9261646464857194,-2.513636098742345,4129,6
catboost_logdiff_ds_g123r,Все категории,5,2422.560371051522,2889.4141492728404,7.873923046270384,8.4105382071186,8.812207987777862,-1043.0682644991293,0.9329696512840999,-1.8436964116222794,4130,6
catboost_logdiff_ds_g123r,Все категории,6,2655.3317405356092,3142.883470029545,7.829581041586957,8.6945474345241,9.15048261790022,-1176.3664967864347,0.937800416376012,0.12071793868785252,4117,6
catboost_logdiff_ds_g123r,Здоровье,1,147.84976150359932,191.06960029181917,10.73749430373104,11.36153217247539,12.337862391173891,-125.1784068501137,0.906879759022589,-0.9127563542111674,4132,6
catboost_logdiff_ds_g123r,Здоровье,2,263.52257100072956,312.3806450564222,18.32251323107697,18.554078870184966,19.82565124525715,-96.52516488494226,0.7759092633471206,-3.979332831824297,4132,6
catboost_logdiff_ds_g123r,Здоровье,3,244.4639559586428,299.79684626139715,16.170802530318298,15.976131259084427,16.979951181744784,-92.05393375395661,0.8103772792170245,-2.376654588527318,4133,6
catboost_logdiff_ds_g123r,Здоровье,4,277.2244952473982,355.9729109093015,17.8592343036068,18.192123420510597,20.221859242090595,-148.5596098794095,0.7665975182817903,-1.9815113496196841,4129,6
catboost_logdiff_ds_g123r,Здоровье,5,268.35594247969635,325.2226133751365,18.24092821077497,18.439479051285097,19.407308454600543,-63.910731605435025,0.7890517526973126,-0.8771535401043729,4130,6
catboost_logdiff_ds_g123r,Здоровье,6,242.27620936871736,309.3787353937016,16.649626528852913,16.090489799535167,16.496562282863277,-24.852489932203856,0.8186749732264624,0.03374206710640448,4117,6
catboost_logdiff_ds_g123r,Маркетплейсы,1,852.1446398130989,1203.1655234362133,21.598625144958373,24.330901660854877,20.091341046965542,773.2312336457456,0.25054600534421256,-0.4291117522592134,4132,6
catboost_logdiff_ds_g123r,Маркетплейсы,2,625.7001041129,868.9957987681448,14.101976050434875,14.260505782065424,13.137280444617588,378.84392219721695,0.592106394339942,0.1869408989050737,4132,6
catboost_logdiff_ds_g123r,Маркетплейсы,3,575.2016427860921,818.2597915261566,12.619965771973469,12.168821951505809,11.394843792207094,413.97956666682603,0.6548880824255239,-0.2699120036280247,4133,6
catboost_logdiff_ds_g123r,Маркетплейсы,4,652.6178151274282,937.0598548339121,13.607489129604087,13.561456973753502,12.690574398069945,426.41918412633686,0.6190315686824546,0.20415510987421503,4129,6
catboost_logdiff_ds_g123r,Маркетплейсы,5,829.702564212515,1092.1858131393487,16.54694897168596,16.57336063959914,15.286375502341826,659.9081920103903,0.5830180118395148,0.32920592513085456,4130,6
catboost_logdiff_ds_g123r,Маркетплейсы,6,719.9673446747009,1028.5018588081289,12.854523538404012,14.320433708927618,13.698664519033507,304.8453046450312,0.7637914918285053,0.5984139474672824,4117,6
catboost_logdiff_ds_g123r,Общественное питание,1,160.2515608407264,259.04863546880426,12.959743838438376,15.311485350202393,16.522133538621055,-82.98580049587751,0.9612146185768221,-0.4486792265112147,4132,6
catboost_logdiff_ds_g123r,Общественное питание,2,206.82876348679173,330.5799534396668,16.410940212547416,18.45445946847589,20.237131588134663,-93.83311630453447,0.9382510867051785,-0.883384768201942,4132,6
catboost_logdiff_ds_g123r,Общественное питание,3,245.53518873674253,385.7358143228193,19.76267454856538,19.7757561340841,21.3132465852455,-87.58313252190277,0.9139988274126252,-0.5706315960269217,4133,6
catboost_logdiff_ds_g123r,Общественное питание,4,283.93985107510576,449.79503536956287,23.24195929737952,22.943822064220978,25.373366768647653,-105.39385057780652,0.8815179141722593,-0.9994016781647379,4129,6
catboost_logdiff_ds_g123r,Общественное питание,5,290.56585007959575,458.8968180987423,23.888839116385636,23.418762148678262,24.691177276647124,-85.34255400510436,0.8791869199969813,-0.21285554698995934,4130,6
catboost_logdiff_ds_g123r,Общественное питание,6,347.19743998017026,532.0871040735451,26.548154866512046,25.89792978705808,25.932960930602057,-52.63011286486273,0.8560032397731505,0.08261587021590633,4117,6
catboost_logdiff_ds_g123r,Продовольствие,1,360.30082957837277,493.914189607306,2.9859715177570663,3.065519374795366,3.04497761349017,48.75730703740389,0.9745964855534094,0.9201284003079283,4132,6
catboost_logdiff_ds_g123r,Продовольствие,2,993.5951166218988,1069.8960116114754,8.197329516081926,8.434359905529758,8.561219643109668,-144.93072216182463,0.8620674533775339,-0.4858677748242852,4132,6
catboost_logdiff_ds_g123r,Продовольствие,3,1243.8816234192693,1326.1875284586306,10.149808086274744,10.292290638966522,10.371581979088717,-142.6855325180379,0.8024357352312511,-5.121127687444096,4133,6
catboost_logdiff_ds_g123r,Продовольствие,4,1172.7279724607768,1299.252562812551,9.475635925904486,9.56656788121316,9.826534276265795,-322.2654166831952,0.8025685036189517,-5.386868408811582,4129,6
catboost_logdiff_ds_g123r,Продовольствие,5,1313.5804668312733,1432.9913856186474,10.444915285328465,10.61793460244773,10.82838819291964,-284.410168675484,0.7779308424201435,-4.313666003620948,4130,6
catboost_logdiff_ds_g123r,Продовольствие,6,1519.6348205098639,1632.586608319708,10.889977589087113,11.212923347462231,11.273710586711891,-5.43979421562615,0.7811576790667569,-0.6173002567912886,4117,6
catboost_logdiff_ds_g123r,Транспорт,1,83.720073006839,112.00885531307206,4.737587476704641,5.998163866200628,5.848222796208226,5.4228449198122775,0.9866682889568075,0.5500158040645173,4132,6
catboost_logdiff_ds_g123r,Транспорт,2,99.91180127323938,133.01035077625423,5.635830348011556,6.6698258812728834,6.501595161341466,36.804617659922954,0.9807802227870293,0.5133433959188523,4132,6
catboost_logdiff_ds_g123r,Транспорт,3,112.31644699195606,154.2855315559312,6.429221543248957,6.9403138206189245,6.81242156035952,39.63592506448369,0.9721059495107852,0.1551104555062477,4133,6
catboost_logdiff_ds_g123r,Транспорт,4,129.15258625115138,171.6302277138016,7.225815389167193,8.17491218009432,8.481651258833821,-41.5846797240442,0.968473382294484,0.013449602702146346,4129,6
catboost_logdiff_ds_g123r,Транспорт,5,135.87988996305924,179.10370491790974,7.719608235833826,8.434949369868779,8.598805268785325,-18.27722644893168,0.9648028087771663,0.19192096925407742,4130,6
catboost_logdiff_ds_g123r,Транспорт,6,151.07209518510527,199.42990841770214,8.061060981288806,8.849212761481073,9.08089981793039,-33.72296378668505,0.9615081407400722,0.14027610794326228,4117,6
mean_3,Все категории,1,2522.6888109067445,3195.0152334238614,8.85768347268558,9.4349971539787,8.96134291034797,1109.3974265892223,0.9163713779721485,0.44782375562061705,4132,6
mean_3,Все категории,2,1515.4129961277831,2058.3809879822625,5.079256964030628,4.834942232039342,4.8717614609106805,-275.06828815747014,0.9643951386547784,0.6591216220225763,4132,6
mean_3,Все категории,3,1426.5475844826194,1746.672533975049,4.7423870251274955,4.987294575868355,5.050951650975245,-484.91713041374294,0.9744684345093692,-0.9223369633529084,4133,6
mean_3,Все категории,4,1269.3620327762976,1643.2786161503732,4.153681119473374,4.2167269701726084,4.3265886298866105,-969.9562040849277,0.9776162717831802,0.2589564840183668,4129,6
mean_3,Все категории,5,1533.100363196126,1957.3355841903415,4.982957050839473,4.938100816164156,5.0758915539191145,-1157.5578288942697,0.9692402733569587,0.08146637414180691,4130,6
mean_3,Все категории,6,4390.592624079021,5409.636677459352,12.946216943833361,12.370797401112126,13.429524025785463,-4353.376690146547,0.8157247047280869,-0.6164049267018006,4117,6
mean_3,Здоровье,1,94.8926669893514,146.90344908463967,6.8915192077547065,7.019168823111471,6.8941648573730046,35.92251532752501,0.9449541115036734,0.241158686141545,4132,6
mean_3,Здоровье,2,91.32252339464343,144.57547135232636,6.349581885299145,6.92762761491485,7.073680868116806,-25.798322039367534,0.9519995948269675,-0.02883743662099314,4132,6
mean_3,Здоровье,3,125.1451729978224,160.5983361180606,8.278103298437447,8.65004687352926,9.11137937605262,-99.17727236067427,0.9455850371835562,-0.15487720035432462,4133,6
mean_3,Здоровье,4,160.1018810042787,199.8005109957982,10.314012846346495,10.35656605615618,11.03615225719806,-139.5543715185275,0.926469967354908,0.10874639204225223,4129,6
mean_3,Здоровье,5,116.56456820016143,154.72043413449896,7.923230247155782,8.560612883253397,8.68662846161527,-58.117917675544795,0.9522569894135589,0.46762474061001713,4130,6
mean_3,Здоровье,6,149.69666423771355,186.81229978433927,10.287405266358105,11.236037931242993,11.241935667407889,-42.21565055461096,0.9338868630290096,0.479253372188178,4117,6
mean_3,Маркетплейсы,1,600.0859551468217,780.3204234205442,15.209896295085832,16.733561281556057,15.1868083765122,326.41493223620523,0.6847608345926972,0.2831300913197988,4132,6
mean_3,Маркетплейсы,2,508.1267344304615,622.9288784860843,11.45211738406728,11.5151319998149,11.991490880968959,-163.28920619554694,0.7904013537611259,0.3635444369453864,4132,6
mean_3,Маркетплейсы,3,374.17235260908143,475.1713314769752,8.209368561385427,8.79198523240979,9.416147386415401,-283.96386805387533,0.8836200956425597,0.07889254587602412,4133,6
mean_3,Маркетплейсы,4,678.5383062888513,833.4588270568096,14.147947562606245,13.907301243208492,15.317228715588305,-524.345523532736,0.6986143113807894,0.027597000633784896,4129,6
mean_3,Маркетплейсы,5,916.3133171912833,1160.1733690706662,18.27424712858535,17.236303432378776,19.518082272631972,-739.5260694108152,0.5294887430242137,-0.05329953296651202,4130,6
mean_3,Маркетплейсы,6,1481.3324831997409,1941.7487323554715,26.448176315687068,23.4598998917836,28.273117926728773,-1328.4111812808678,0.15807881924480194,-0.36578297697867646,4117,6
mean_3,Общественное питание,1,134.09753146176186,226.3871398747677,10.844634822862217,15.902571661254653,16.447605585731093,-94.30687318489834,0.9703783699123822,-0.6745597350964916,4132,6
mean_3,Общественное питание,2,144.83079219102933,231.45356461881354,11.491677615404043,15.863642592187698,17.01488227462532,-118.78230880929333,0.9697305842726035,-0.6615102640632768,4132,6
mean_3,Общественное питание,3,129.52314702798614,206.10179736337759,10.425079249901541,14.203356461634407,15.121327727638734,-99.78534559238649,0.9754479362045205,0.0014035986824959545,4133,6
mean_3,Общественное питание,4,119.30737870347946,192.35032548801868,9.7659318662171,13.578082556210298,14.243916653358966,-79.52551061596834,0.9783324789542918,0.16225032755337732,4129,6
mean_3,Общественное питание,5,161.403188054883,261.583984857596,13.26974519290075,16.767088898424184,17.089024541259352,-72.8869652945924,0.960743989036787,0.2863957580950518,4130,6
mean_3,Общественное питание,6,215.43729252692088,359.7540726768773,16.473228046708563,20.499998281178716,22.29144261154502,-164.78884300866326,0.9341738139658693,0.17958013327087596,4117,6
mean_3,Продовольствие,1,890.2205953533398,1090.9036527636376,7.377649797133215,7.904377568584048,7.555337647844739,429.40613907712157,0.8760736699221104,0.5843736872770333,4132,6
mean_3,Продовольствие,2,443.1498063891578,566.1266748003595,3.6560616363638943,3.716929773761123,3.624855247762379,361.71151984511135,0.9613801258283455,0.6490338899999843,4132,6
mean_3,Продовольствие,3,965.4712476812647,1062.5071309274913,7.878038948629156,8.241478664631865,8.03409564314588,243.36422292120324,0.873187454386942,-3.0837611201781563,4133,6
mean_3,Продовольствие,4,644.2630984096229,748.1357672381653,5.2056424886112636,5.507222110105327,5.431528661255157,119.6378461290062,0.9345378734639876,-1.235300562636727,4129,6
mean_3,Продовольствие,5,916.3531073446329,1025.8702163236069,7.286367922896036,7.677220935547859,7.6619289327587365,-73.21493139628734,0.8861885573608648,-1.886890119945353,4130,6
mean_3,Продовольствие,6,1496.121204760748,1750.437521331472,10.721474771771856,10.332251145979921,10.996803323315133,-1474.6423771354548,0.748422335799185,-0.592361421059221,4117,6
mean_3,Транспорт,1,183.83797192642788,227.59542609815395,10.403102174436437,10.88390399164448,11.033819223285429,-58.57659728944821,0.944956222069548,-0.11402674756350573,4132,6
mean_3,Транспорт,2,188.97846079380446,237.83955115176428,10.659907347176423,10.943776019746524,11.210565459203915,-64.95054856405294,0.9385466411806673,-0.1275722817328231,4132,6
mean_3,Транспорт,3,98.9016049681426,143.45072018537712,5.66132873993619,6.721287615120278,6.830914660079497,-38.0591176707799,0.9758861449336709,0.050661960513716076,4133,6
mean_3,Транспорт,4,129.87139743279243,176.7579988011879,7.266031361986407,7.941527007024638,8.16419304685314,-78.61491886655365,0.9665614085580244,0.0334902488813249,4129,6
mean_3,Транспорт,5,122.43430185633575,171.67222477034605,6.955737491513163,7.874540585825955,7.920324637881458,-50.41864406779661,0.9676630586472122,0.22726151147229623,4130,6
mean_3,Транспорт,6,198.7573071006396,262.2290136813228,10.605497799258485,10.722332737236995,11.368906038927893,-164.01275200388633,0.9334497344935068,-0.23133140405582875,4117,6
naive,Все категории,1,4012.7516940948694,5420.987138756859,14.089603207142904,15.873499022262367,14.016750212522672,3109.9230396902226,0.7592502591128208,-0.6068168996866738,4132,6
naive,Все категории,2,2924.761132623427,3778.4028608458384,9.803013032726419,10.246333679432611,9.620071843902567,1721.2775895450145,0.8800295472448081,-0.3275700056406614,4132,6
naive,Все категории,3,1626.114928623276,2090.667908042279,5.405824819833134,5.694767748679896,5.466677258239862,1514.186063392209,0.9634216115055826,-1.3306460208773352,4133,6
naive,Все категории,4,1750.1937515136838,2355.2702430200247,5.727086956573425,5.82149647441468,5.620729777460378,1030.951319932187,0.9540176136018637,-0.2820810695560054,4129,6
naive,Все категории,5,1731.4140435835352,2355.426249935709,5.627525779467417,5.715965509047761,5.535660573386291,842.0421307506053,0.9554558260201718,-0.19415997539778695,4130,6
naive,Все категории,6,3826.663347097401,4895.707173725977,11.283400238693343,10.83116587825734,11.497679142861195,-2357.2628127277144,0.8490747906717241,-0.311090490262532,4117,6
naive,Здоровье,1,114.6456921587609,167.06468334771307,8.32607001853046,8.57389615608411,8.412420587322885,26.45111326234269,0.928808162121275,-0.008033054246568083,4132,6
naive,Здоровье,2,95.32381413359148,140.38206061632235,6.6277884245999426,7.331099385082018,7.548852803753064,-35.37124878993224,0.9547437155463648,-0.09776550852444954,4132,6
naive,Здоровье,3,136.4885071376724,168.0072707343297,9.028442200921559,9.996057434020381,10.6126553786815,-108.67384466489233,0.9404485408158799,-0.6094894884868958,4133,6
naive,Здоровье,4,196.4034875272463,245.57917268307497,12.652618949362221,13.177383915290521,14.215400323627586,-149.18139985468636,0.8889152010137437,-0.5262391623012419,4129,6
naive,Здоровье,5,175.62106537530266,221.78393221962457,11.937470868762624,12.95711386576594,13.251369425448601,-67.58280871670702,0.9018987346497537,-0.08555650445444463,4130,6
naive,Здоровье,6,221.3701724556716,263.77901032138755,15.212928688369162,16.494007074034077,16.633721717544233,-51.97692494534856,0.8681872868420641,-0.023655515518660408,4117,6
naive,Маркетплейсы,1,878.0895450145208,1187.1016778330477,22.256229799949686,25.198671374120867,21.061720365617447,642.1181026137464,0.27042480673712743,-0.478802547941213,4132,6
naive,Маркетплейсы,2,732.5246853823814,885.114242985896,16.509579432243076,16.92844292117698,16.291717475473284,152.06824782187803,0.5768345496464642,-0.015907416212475267,4132,6
naive,Маркетплейсы,3,485.79240261311395,607.4346604226639,10.658320556191722,10.72420384800667,10.714726944943049,31.33704330994435,0.8098148192826582,-0.0013108227005333983,4133,6
naive,Маркетплейсы,4,821.4061516105595,950.3991289128554,17.126831385760088,16.851266055987562,17.43228184909697,-208.92564785662387,0.6081080125771752,-0.07258442973633583,4129,6
naive,Маркетплейсы,5,1080.2682808716706,1255.3623757429536,21.544038659540675,20.83267892142438,22.21055650379802,-424.29443099273607,0.4491130932163525,-0.14001074689948068,4130,6
naive,Маркетплейсы,6,1610.9251882438668,1982.2979923153896,28.761965253083716,26.109804520935402,30.03920377152535,-1013.927374301676,0.12254822447826352,-0.37189324235957577,4117,6
naive,Общественное питание,1,85.87875121006776,143.96056067551862,6.945121850972999,11.835662756197756,11.853245541087363,-33.21079380445305,0.9880217738715351,-0.03761830439730862,4132,6
naive,Общественное питание,2,93.31098741529526,148.85614445664504,7.403810813499188,12.533627814502465,13.030101202501632,-58.313891577928366,0.9874798416186436,-0.1310245705505264,4132,6
naive,Общественное питание,3,140.0454875393177,204.3294522146578,11.272003033349906,15.032731064554106,15.688558367793137,-38.43697072344544,0.9758683850518906,-0.08388544400506692,4133,6
naive,Общественное питание,4,139.03414870428676,206.48630778220087,11.380670986814351,15.801971514166125,15.956890809579633,-18.422862678614678,0.9750307272546623,-0.03273528680222104,4129,6
naive,Общественное питание,5,201.872397094431,293.08157720314625,16.596916722687588,21.676180321793083,20.990534060274353,-11.382808716707022,0.9507211115050903,-0.003909487910577436,4130,6
naive,Общественное питание,6,241.3536555744474,361.77245803376206,18.45490054925288,24.803090785121356,25.777624460459016,-103.81029876123391,0.9334331117462075,-0.0850155639773229,4117,6
naive,Продовольствие,1,1712.190706679574,2351.2623084991665,14.189677800898506,15.752030005908965,13.82102288122562,1466.3615682478219,0.42430433266694767,-0.72880922548676,4132,6
naive,Продовольствие,2,1425.814133591481,1779.733542033446,11.763210271678409,12.121793037821325,11.148720671318808,1397.8146176185867,0.6183251105077406,-2.093927211438309,4132,6
naive,Продовольствие,3,1287.1855794822163,1406.7055523488034,10.503159108703377,10.853571698111644,10.200369860178228,1278.5511734817323,0.7777176820413528,-5.246504123355554,4133,6
naive,Продовольствие,4,1168.648583192056,1324.788459559389,9.442674481803065,9.602441829670703,9.075897432544778,1156.6422862678614,0.7947314826879438,-4.342436344432469,4129,6
naive,Продовольствие,5,987.3685230024213,1173.6237623673187,7.851045930241334,8.236538432357811,7.796053844208958,961.5995157384988,0.8510437007485536,-2.1932858924573746,4130,6
naive,Продовольствие,6,1222.8175856205976,1551.000466606366,8.762931674915173,8.223046820752396,8.446785239640601,-440.46247267427736,0.8024838055552279,-0.08926778353830978,4117,6
naive,Транспорт,1,169.94772507260407,203.55754411401924,9.617074915028336,10.679243071124127,10.42998224176563,6.44433688286544,0.9559693010832051,-0.010170919965463598,4132,6
naive,Транспорт,2,173.932720232333,214.97436642255803,9.811206391092659,10.659001029492794,10.536794400858337,0.08809293320425944,0.9497945542918244,-0.0016480817055197772,4132,6
naive,Транспорт,3,106.29155577062666,150.10903771420345,6.084344533039787,7.279520700244187,7.125875377911016,26.909508831357368,0.9735956876132285,-0.020664412572849233,4133,6
naive,Транспорт,4,119.11213368854445,172.83542962901097,6.6640731991965945,7.939303742111879,7.863938630246264,-13.591668684911602,0.9680290625975132,-0.0019415809541842854,4129,6
naive,Транспорт,5,137.24866828087167,195.19704640424115,7.79737126889257,9.144155963493871,8.845379938151751,14.607021791767554,0.958193351589381,-0.008011910023954405,4130,6
naive,Транспорт,6,173.64901627398592,239.28336808158306,9.265743669009652,9.983224294292375,10.294562023159315,-98.8717512752004,0.9445867865800879,-0.15363130299662942,4117,6
catboost_diff_ds_g123,Все категории,1,1031.104622764639,1528.990396735897,4.088001545812184,4.409972836358323,4.25381939669518,705.6170750785271,0.9732169733194511,-0.13578367554118564,2053,12
catboost_diff_ds_g123,Все категории,2,2244.5861909618266,2454.4000860847764,8.105375909215383,8.391779112563817,8.814610468570699,-2177.3128313737307,0.9361065782323336,-3.7617632735641156,2056,12
catboost_diff_ds_g123,Все категории,3,2731.9908797850835,2987.050792552081,8.94710155709482,9.2942502073626,9.807914400385448,-2648.5216527424927,0.924684651443419,-4.353655170657568,2053,12
catboost_diff_ds_g123,Все категории,4,3724.4566384667373,3884.4957997929387,12.436135407561109,13.512751766560132,14.623398804627072,-3672.7396150051295,0.8655482554049654,-9.520535543614756,2053,12
catboost_diff_ds_g123,Все категории,5,3374.9720706553244,3598.6346408641093,11.123439737770399,12.001313114342613,12.879587105608778,-3266.9997271936613,0.8896404352150138,-5.815481718208503,2051,12
catboost_diff_ds_g123,Все категории,6,3647.3745196512014,3878.7878308888294,11.775917947207915,12.685238777277991,13.67219041920675,-3594.8639592904774,0.8794364009569523,-7.577344798665177,2046,12
catboost_diff_ds_g123,Все категории,7,3335.3840207648477,3653.949315828795,10.498276312900149,11.289374959098927,12.081178751406053,-3251.546942663539,0.9020868482365801,-4.50007500366845,2046,12
catboost_diff_ds_g123,Все категории,8,3307.542873609412,3624.5846515377366,10.325719226282356,11.265340485501417,12.070100766182803,-3236.851151555153,0.9028195247640721,-5.0649443856335665,2043,12
catboost_diff_ds_g123,Все категории,9,2702.2988107736246,3039.7097852305587,9.103233629927796,10.189797585052167,10.87405299915426,-2535.270785491554,0.9233683807274291,-4.103223955710719,2050,12
catboost_diff_ds_g123,Все категории,10,3318.819913494268,3630.8730626874676,10.63927950876233,11.93147402374524,12.873657894547597,-3227.577362599815,0.8976131519126098,-6.057871365890558,2049,12
catboost_diff_ds_g123,Все категории,11,2804.0357708942,3156.668315818631,8.989498412750423,9.96492208484206,10.6265426256543,-2667.2427358400655,0.924137880218174,-3.549739224053611,2051,12
catboost_diff_ds_g123,Все категории,12,3459.278165712051,3820.6054385081097,9.387760503905346,10.174106155855807,10.851173566322672,-3381.7040688674783,0.917033465927229,-6.0877039804917565,2047,12
catboost_diff_ds_g123,Здоровье,1,240.4006210028848,260.83333132165353,17.54106690688654,18.16494625167082,20.2056191073491,-235.9280962174096,0.7917832528038471,-3.233617570844065,2053,12
catboost_diff_ds_g123,Здоровье,2,383.6398937173667,414.9041583695744,25.923999917271605,26.295677577095276,30.51870093938809,-382.2306390435788,0.5779160012419151,-9.19593466367218,2056,12
catboost_diff_ds_g123,Здоровье,3,357.65784953945774,391.49809639144206,23.02431224172315,23.462324110521145,26.78597804863451,-353.564542694195,0.6951010116517946,-6.1259599231793285,2053,12
catboost_diff_ds_g123,Здоровье,4,439.94395380452175,481.88266931748575,29.187644217768728,29.902023106313337,35.50654799153198,-437.9383942283273,0.5619624749321082,-9.483483210301749,2053,12
catboost_diff_ds_g123,Здоровье,5,345.62944490987303,388.5419236391275,24.609747496367813,24.83310924819288,28.50734655659387,-338.69525640288697,0.667753798341916,-4.812402443190531,2051,12
catboost_diff_ds_g123,Здоровье,6,268.896902572176,331.96185537017953,20.233679851781545,18.930885414693417,21.23320513011399,-263.34938659864196,0.7521593887959798,-2.3493784026418076,2046,12
catboost_diff_ds_g123,Здоровье,7,298.344606973086,377.00498884802107,21.524264204932205,19.70782314529637,22.299782241012256,-293.50999613843857,0.691207450788679,-2.030913227351417,2046,12
catboost_diff_ds_g123,Здоровье,8,204.4776886319497,288.68581050750373,14.59548615090474,12.715660506975599,13.764295027712874,-180.86740865417246,0.8199500474844506,-0.43232109586275747,2043,12
catboost_diff_ds_g123,Здоровье,9,257.168442313365,315.05789063674865,17.446699947924124,16.524924102324228,18.15093595536556,-249.72601706747483,0.7770543580517607,-1.4646218266744193,2050,12
catboost_diff_ds_g123,Здоровье,10,324.55570530303004,396.6827133158405,20.292642146551408,18.89658218544473,21.163418015450592,-318.8397747021572,0.7161868082848051,-2.3490046326601095,2049,12
catboost_diff_ds_g123,Здоровье,11,246.10204855762632,323.09229141700513,15.987399672929001,14.309840583336742,15.595779126754994,-233.70665502326395,0.8074702000359729,-1.03334463088853,2051,12
catboost_diff_ds_g123,Здоровье,12,207.19230890998654,288.10770438809914,13.093737518662211,11.577570274888274,12.257839838452881,-177.03420438369753,0.8571927957490322,-0.6223075801577991,2047,12
catboost_diff_ds_g123,Маркетплейсы,1,1585.5358265801294,1741.3325353538264,47.34145309237344,46.83448007292814,37.449376600900614,1583.3995104845894,-1.2678112854113741,-12.962212957521,2053,12
catboost_diff_ds_g123,Маркетплейсы,2,1028.126170382558,1207.5414706031859,25.791631095222805,24.634090244593654,21.595027087041935,998.5478709776592,0.07436494623795975,-2.770787097221193,2056,12
catboost_diff_ds_g123,Маркетплейсы,3,810.9480040259024,986.168470496579,18.44320319955398,17.370903522287126,15.85322917759073,745.6201886571508,0.5050561364208168,-1.3802192102309747,2053,12
catboost_diff_ds_g123,Маркетплейсы,4,823.8206143924114,1055.9655568080016,19.207765963859323,17.706045635703322,16.20144122345606,705.1170038455354,0.38175995553234143,-0.9658288430723556,2053,12
catboost_diff_ds_g123,Маркетплейсы,5,883.6918897966805,1131.653227064466,20.808025600495224,19.127636152110647,17.368507492458438,753.7171743791891,0.3115316008398682,-1.1260541572917053,2051,12
catboost_diff_ds_g123,Маркетплейсы,6,872.3614481961812,1138.5884243797595,20.145319350860277,18.421019495102517,17.046326266474416,662.247386950115,0.2674556223159097,-0.7547448729423267,2046,12
catboost_diff_ds_g123,Маркетплейсы,7,924.8124926070162,1206.602976816066,20.401454541899902,18.744153558615714,17.447534178527622,666.5088400701566,0.2007448049646332,-0.5655305128151267,2046,12
catboost_diff_ds_g123,Маркетплейсы,8,900.9543026856708,1222.016586682472,18.451236963256758,17.264751178039393,16.68165004670995,463.6634722246975,0.13766410059101875,-0.4737792340493949,2043,12
catboost_diff_ds_g123,Маркетплейсы,9,1009.5766593508164,1351.071853459885,21.419149263041753,19.5777149841517,18.322737851232652,684.065974873657,0.028250318831462118,-0.8469029303279911,2050,12
catboost_diff_ds_g123,Маркетплейсы,10,1017.7156157107252,1348.6545526192642,19.235140672095355,17.85937500560341,17.134847295101345,589.3902664857042,0.20903457108013845,-0.6520932137584512,2049,12
catboost_diff_ds_g123,Маркетплейсы,11,1167.824584247152,1515.9120119255206,20.271103259732424,18.761272267388655,17.781471212552226,737.7670422361033,0.14760725720550483,-0.5380795248995194,2051,12
catboost_diff_ds_g123,Маркетплейсы,12,977.1760424860861,1245.202183870441,14.272698905586855,14.369441609050245,15.05303539299666,123.62515177366406,0.611217042402207,-0.5401952096981681,2047,12
catboost_diff_ds_g123,Общественное питание,1,197.58456983749173,292.4629267097079,19.594438268868267,20.341631979849087,22.632052506860393,-192.59252895644963,0.9297048088774524,-1.142140454966055,2053,12
catboost_diff_ds_g123,Общественное питание,2,237.93153480911062,360.5303756314508,22.80702689068666,23.23820837294448,26.440742716772046,-231.67013527596683,0.8997072438949645,-1.5872758233667592,2056,12
catboost_diff_ds_g123,Общественное питание,3,281.13281942858487,428.1585365148565,23.64924261324447,24.07707733161605,27.548331869292042,-271.51110115934375,0.888925011514562,-1.47570887031502,2053,12
catboost_diff_ds_g123,Общественное питание,4,320.21589247525293,464.85127605440823,27.515517782316003,30.909214066466888,37.72117208509084,-314.5652120658319,0.8668115591813912,-3.337541838048687,2053,12
catboost_diff_ds_g123,Общественное питание,5,328.2878500211255,488.8042034355935,26.677210225311015,29.25821472668308,34.68120601382118,-312.09228353393104,0.8689278514218695,-1.7649791723324921,2051,12
catboost_diff_ds_g123,Общественное питание,6,359.50423295313095,552.5134032467508,26.30118080222761,25.829323833465388,30.35750452048497,-346.97410175725196,0.8523272247754673,-0.9657409068389424,2046,12
catboost_diff_ds_g123,Общественное питание,7,338.81308642249405,515.4768712993911,23.135818027761946,22.474128675309917,25.364413349349725,-318.9276253121371,0.8766041393484942,-0.1279209263223069,2046,12
catboost_diff_ds_g123,Общественное питание,8,339.60930284613886,506.3245024242028,22.949185449081458,22.738107698917137,25.882978892210023,-322.1241493232636,0.88159379375661,-0.1576462740025908,2043,12
catboost_diff_ds_g123,Общественное питание,9,281.1973023342479,414.8623801861883,21.65432052973725,23.284532986928166,26.91756037759322,-264.3492762227553,0.9053422213271339,-0.41571364553477386,2050,12
catboost_diff_ds_g123,Общественное питание,10,303.2196565880671,458.0329742655403,23.709013754916004,24.206239635097035,28.204070868945664,-289.30005118704196,0.8832259974793785,-0.5850469274174204,2049,12
catboost_diff_ds_g123,Общественное питание,11,272.1498489101007,424.57708268915644,22.64253888619153,22.86394179840729,25.847379052323905,-255.51213436657466,0.8924170168533045,-0.4672942817372139,2051,12
catboost_diff_ds_g123,Общественное питание,12,279.54832550435816,434.54394242290203,22.38709524909759,23.315144406635905,26.417797083586603,-262.21555328191886,0.899029804493644,-0.665072191253095,2047,12
catboost_diff_ds_g123,Продовольствие,1,411.47885653081806,562.0595766271747,3.8142455257134373,3.696080563669309,3.711713932995511,-158.70535848728073,0.9524305896365028,0.15876292071893472,2053,12
catboost_diff_ds_g123,Продовольствие,2,1206.639011077575,1266.8190866436555,10.359293865007993,10.448780574682504,11.067851391619111,-1203.2050672114326,0.775712126796107,-7.963873514354521,2056,12
catboost_diff_ds_g123,Продовольствие,3,1515.1554064331872,1591.7219436622158,11.838327859183726,11.89143146168545,12.692454306661515,-1514.3047346807848,0.7160998785912731,-10.010435522790697,2053,12
catboost_diff_ds_g123,Продовольствие,4,1624.2983255600293,1693.596460742816,12.91014479690804,13.108124806671634,14.09444698534088,-1624.0711325030245,0.6511907208396576,-11.522103383609808,2053,12
catboost_diff_ds_g123,Продовольствие,5,1726.3601376757244,1807.541754691168,13.217440574949887,13.374169961064561,14.405339774997172,-1722.9480500873206,0.6265452854960858,-10.060009826323379,2051,12
catboost_diff_ds_g123,Продовольствие,6,1636.909884389225,1732.0248705071417,12.417676913555034,12.509580779194879,13.41606617963817,-1626.8918324322813,0.6568715823269287,-7.78985122598232,2046,12
catboost_diff_ds_g123,Продовольствие,7,1511.2056156143883,1635.944869588173,11.304823210226319,11.299767770026769,12.05371203281016,-1497.496080072841,0.7077101925929369,-5.516652500604785,2046,12
catboost_diff_ds_g123,Продовольствие,8,1013.8180411093234,1162.9078958371808,8.028280974047998,7.919618512274185,8.302005018675612,-980.1185037788978,0.846467243083094,-2.430654984092644,2043,12
catboost_diff_ds_g123,Продовольствие,9,828.1867187026332,969.5634496872747,7.049662521036046,7.035336872771492,7.352191135294358,-789.3229092328148,0.8846575261905737,-1.532887096448246,2050,12
catboost_diff_ds_g123,Продовольствие,10,1127.6002343936154,1250.358610713296,9.245297368009705,9.293280145556338,9.823256868738131,-1108.7985246032677,0.8198305206992131,-3.4178137375535442,2049,12
catboost_diff_ds_g123,Продовольствие,11,977.9621705794053,1132.2121832026642,8.075278472278889,7.871956338156541,8.264681856704257,-943.1588173403411,0.8581707977268402,-1.7433441515532406,2051,12
catboost_diff_ds_g123,Продовольствие,12,1001.4676170452975,1234.3710319251493,6.7906767978444655,6.5122609382958485,6.770088500681916,-899.8298666999162,0.892635629189292,-1.206077521840974,2047,12
catboost_diff_ds_g123,Транспорт,1,84.95951791764712,111.77405088485631,5.501861701216047,6.989295147121487,6.569408973558402,63.39051127943291,0.9817793158126149,-0.2689687233372502,2053,12
catboost_diff_ds_g123,Транспорт,2,100.97511054624024,128.52162740091856,6.5118219215911415,7.511492655029156,7.157580830267822,71.29313721572935,0.9749990478988707,-0.1605698255901642,2056,12
catboost_diff_ds_g123,Транспорт,3,95.58998490337196,135.82112019085724,5.776108703198941,6.563533570312023,6.407991532384645,34.508492378163496,0.975779766415911,0.14360269223224698,2053,12
catboost_diff_ds_g123,Транспорт,4,112.6394472224271,150.55632741355524,6.627857127230671,8.037602775674928,8.512116646621044,-74.83498120866305,0.9736420494414937,-0.0676135221734806,2053,12
catboost_diff_ds_g123,Транспорт,5,119.88885572637702,157.28526870804123,6.898954211929581,8.196372317573655,8.523407514782006,-67.08788571997954,0.9717889439285492,0.1755354099487556,2051,12
catboost_diff_ds_g123,Транспорт,6,145.18070374729322,185.5663065263561,7.903065496928911,9.144724152130262,9.58210814987181,-96.75388785241444,0.9651268366027503,0.06277525171824794,2046,12
catboost_diff_ds_g123,Транспорт,7,163.83293753164511,213.5500495405733,8.229649677242366,9.312184764606936,9.67725059102607,-107.2229417679603,0.9585665584040587,0.12054421748519861,2046,12
catboost_diff_ds_g123,Транспорт,8,150.73731802862918,203.66477336108562,7.54768128908383,8.800412694549168,9.07880931076244,-61.876987602931955,0.9618081084782317,0.12375995912181237,2043,12
catboost_diff_ds_g123,Транспорт,9,148.5324008107041,195.4739803873433,8.072209784269575,9.318036457940387,9.608740473746778,-50.452804271643885,0.9590510964163238,-0.03738383703684911,2050,12
catboost_diff_ds_g123,Транспорт,10,166.37053236090193,216.803909189724,8.875160299087344,10.429164984774236,11.048767819781995,-90.61611917323769,0.9528236152182681,-0.2904239539448963,2049,12
catboost_diff_ds_g123,Транспорт,11,148.04402290703027,198.86029927030114,8.30413280840983,9.695246121939375,10.176883704615351,-72.75958189425283,0.9583057588054257,-0.20448727574915382,2051,12
catboost_diff_ds_g123,Транспорт,12,164.14182027108458,222.02296994586462,8.590167585680582,9.887906650655585,10.386876472912626,-81.89099069457876,0.9543116820206194,-0.44229750532157786,2047,12
catboost_diff_ds_g123r,Все категории,1,1094.3116458680113,1569.7021553031493,4.3385972685429826,4.712536833063876,4.533966272670288,827.425796860241,0.9717717049793008,-0.2412093631969774,2053,12
catboost_diff_ds_g123r,Все категории,2,1935.6684483415504,2176.273129048099,6.989849831827086,7.139516442501964,7.450336913843447,-1860.4088340167025,0.9497666395999446,-2.5063109803385113,2056,12
catboost_diff_ds_g123r,Все категории,3,2437.401204868673,2715.8400838727307,7.982338549044068,8.286838086593988,8.704140770836258,-2355.4938824238193,0.9377403516917221,-3.3451985123782046,2053,12
catboost_diff_ds_g123r,Все категории,4,3674.2524216446773,3858.7064923289017,12.268501172816272,13.317056522954388,14.4029964438118,-3638.0304855397394,0.8673275891482072,-9.26371411789165,2053,12
catboost_diff_ds_g123r,Все категории,5,3337.2775805062493,3597.3662583600963,10.999203927564775,11.896261618279077,12.77713088845179,-3261.0328209116583,0.8897182166441348,-5.809047801079103,2051,12
catboost_diff_ds_g123r,Все категории,6,3631.8872475582834,3896.112670367909,11.725915721110848,12.649727852607102,13.644055635217779,-3593.986023605011,0.8783569865396706,-7.643110548528636,2046,12
catboost_diff_ds_g123r,Все категории,7,3332.498268827168,3709.385094976042,10.489193274478295,11.294615190300798,12.105307981010155,-3264.362409566753,0.8990933385128002,-4.62602096571789,2046,12
catboost_diff_ds_g123r,Все категории,8,3299.9623028077585,3670.7005183266087,10.302053668899148,11.284499528687315,12.111192114734148,-3238.7349057654756,0.9003309243253703,-5.233449357731581,2043,12
catboost_diff_ds_g123r,Все категории,9,2671.1129588235253,3046.0050879846626,8.998177854778778,10.156589777770872,10.861302833354296,-2529.6750036825174,0.9230506406613258,-4.220522129800355,2050,12
catboost_diff_ds_g123r,Все категории,10,3279.3306939712907,3631.0212511422474,10.512687269641564,11.878782004020316,12.839269771181591,-3214.2330036228655,0.8976047942211302,-6.176721322020343,2049,12
catboost_diff_ds_g123r,Все категории,11,2771.3304049704434,3148.66983566989,8.884647812015658,9.948048796407472,10.62927625687675,-2656.6744691680665,0.9245218375148224,-3.6468959711180773,2051,12
catboost_diff_ds_g123r,Все категории,12,3422.28557667421,3827.1773242175254,9.287370321424845,10.17447604405504,10.871339415717356,-3363.7771614484705,0.9167477962697982,-6.2890515042637825,2047,12
catboost_diff_ds_g123r,Здоровье,1,238.91568212737377,259.5987131714955,17.43271688657747,18.058174471026437,20.070021152497077,-234.05465736602585,0.7937497175635533,-3.1920355135608256,2053,12
catboost_diff_ds_g123r,Здоровье,2,376.6000994808593,409.2760537944108,25.448294371019742,25.7312241237807,29.76673027237969,-375.2740072172674,0.5892893316194281,-8.70641163285572,2056,12
catboost_diff_ds_g123r,Здоровье,3,355.16315134830074,390.4186065290412,22.86371543061996,23.19963901963912,26.437760790294906,-351.12169752333176,0.6967801084465021,-5.928239491749749,2053,12
catboost_diff_ds_g123r,Здоровье,4,441.3128272751506,483.3971005888535,29.27846076722768,30.00578677813359,35.64557728540473,-439.5139799768603,0.5592048736332969,-9.551497939360098,2053,12
catboost_diff_ds_g123r,Здоровье,5,340.9237737692344,384.2068417264156,24.274691035532257,24.430113008317072,28.00533417970414,-334.7385808647931,0.675126384907183,-4.601637444029718,2051,12
catboost_diff_ds_g123r,Здоровье,6,268.8448296396774,333.6007845239035,20.229761520870927,18.837381223615804,21.11165929644961,-263.3369634801865,0.7497061195122153,-2.303340057859416,2046,12
catboost_diff_ds_g123r,Здоровье,7,300.94461737643667,378.14738122172514,21.71184363338268,19.988462945948918,22.624134664067196,-295.9531235051955,0.6893332224362362,-2.0862412011976508,2046,12
catboost_diff_ds_g123r,Здоровье,8,206.5394170676507,290.6011925229779,14.74265100312666,12.860790938034508,13.92588219935825,-183.664439844989,0.8175529189297916,-0.44472742821464983,2043,12
catboost_diff_ds_g123r,Здоровье,9,257.4168813990703,316.73370453083015,17.463554434985777,16.495780781432803,18.110873399611734,-249.65054654393398,0.774676324946488,-1.4652346765972757,2050,12
catboost_diff_ds_g123r,Здоровье,10,327.81035915008573,400.0162944432775,20.496137339364406,19.107122628565815,21.423541924105436,-322.1156656505976,0.7113966338073809,-2.4210611319354642,2049,12
catboost_diff_ds_g123r,Здоровье,11,248.72341962103806,326.22797481478364,16.157690441036937,14.43949709554416,15.75361519249988,-236.4267494905445,0.8037149753137237,-1.0645549027141845,2051,12
catboost_diff_ds_g123r,Здоровье,12,210.95426196669567,291.93713412934846,13.331478128539182,11.798565198735133,12.531025382197464,-183.88957061560927,0.8533712765531973,-0.6785668616552356,2047,12
catboost_diff_ds_g123r,Маркетплейсы,1,1552.6559543405647,1708.0077679798703,46.359714992724186,45.79865442863902,36.76328857576561,1550.0155731303817,-1.1818413397032734,-12.48972736072316,2053,12
catboost_diff_ds_g123r,Маркетплейсы,2,963.3113446316573,1142.7895098739277,24.165682720962124,23.05142159824596,20.388076097394016,926.0950736502106,0.17097395641698443,-2.423358717066686,2056,12
catboost_diff_ds_g123r,Маркетплейсы,3,722.7434563156575,887.2183667253765,16.437187538292374,15.59020246443889,14.437106336790254,644.4196228086691,0.5993964761953422,-1.0459057930189877,2053,12
catboost_diff_ds_g123r,Маркетплейсы,4,733.2897768453041,954.1080943484939,17.096996811281752,15.828666741756248,14.730152758562252,599.4672313642382,0.49527735917363747,-0.7129573645647558,2053,12
catboost_diff_ds_g123r,Маркетплейсы,5,801.7348254598693,1030.7138601335907,18.878207399658084,17.511424666687077,16.113891818147575,668.2522417627574,0.42887192333660107,-0.881767404277936,2051,12
catboost_diff_ds_g123r,Маркетплейсы,6,790.8240668791846,1037.36073282876,18.262388154095184,16.87429259067044,15.859446364808589,574.6217506663033,0.3919209789069137,-0.5720502739676017,2046,12
catboost_diff_ds_g123r,Маркетплейсы,7,833.8535525353032,1098.2640859421635,18.394891378137583,17.057831234875202,16.13032747903856,571.8150199242697,0.3378288622685165,-0.40317102542401595,2046,12
catboost_diff_ds_g123r,Маркетплейсы,8,807.0579523839901,1114.9908130955966,16.52827172047272,15.620549339574378,15.386695438013076,349.1936654083631,0.2820985293259013,-0.35512665317675385,2043,12
catboost_diff_ds_g123r,Маркетплейсы,9,892.0756424376301,1221.342052177202,18.926251079915097,17.4500635992947,16.71299569944429,537.4375675616591,0.20590559707851297,-0.661068401447074,2050,12
catboost_diff_ds_g123r,Маркетплейсы,10,887.207296759038,1204.7128741572083,16.76849298077416,15.744809066320538,15.501860990495702,413.9457323474,0.36886370011981795,-0.4786806441560385,2049,12
catboost_diff_ds_g123r,Маркетплейсы,11,1002.2202129178276,1344.5240501668652,17.396541997054506,16.191469236825004,15.767918795215884,525.0034583587174,0.3294534921302532,-0.32899239855984885,2051,12
catboost_diff_ds_g123r,Маркетплейсы,12,904.4287490727643,1164.422890979485,13.210147052142792,13.694274389424843,14.843897647228937,-153.2253591210146,0.6600234669056102,-0.6112730639231743,2047,12
catboost_diff_ds_g123r,Общественное питание,1,205.10351903087823,302.04296931772734,20.34009156526557,20.7221905977498,23.06509303718847,-200.64003183532705,0.9250241436615568,-1.1952731195315867,2053,12
catboost_diff_ds_g123r,Общественное питание,2,257.9420363374014,390.3310966918891,24.72514189304649,24.096662764458575,27.55981892461416,-253.70562811345317,0.88244201115372,-1.7052198265412049,2056,12
catboost_diff_ds_g123r,Общественное питание,3,300.99892921981007,456.0184504523081,25.32040449035638,24.915289206232654,28.573967214390823,-293.7883573642976,0.8739996094238417,-1.5705382210496008,2053,12
catboost_diff_ds_g123r,Общественное питание,4,337.97382396741034,495.70454350920267,29.041421684126146,31.08120373188,37.734559833025905,-333.5769701871366,0.8485447685371647,-3.149494797722605,2053,12
catboost_diff_ds_g123r,Общественное питание,5,346.2448418220801,518.4103439550975,28.136424890908373,29.94933297756101,35.72575953405403,-332.8343503419739,0.8525693189444943,-1.8599303116058916,2051,12
catboost_diff_ds_g123r,Общественное питание,6,377.95275134418114,582.5807200965345,27.650866767676284,26.53290698720936,31.29276233546693,-366.72990420613115,0.8358174423349213,-1.0544972383381719,2046,12
catboost_diff_ds_g123r,Общественное питание,7,355.69682015101733,543.4722672810002,24.28872211212546,22.990684336105794,26.058971359522864,-336.6390985729607,0.8628369926610807,-0.17749280727744132,2046,12
catboost_diff_ds_g123r,Общественное питание,8,355.11691429067133,533.0015657662065,23.997116256424825,23.03107952393373,26.21523687348707,-337.744070454515,0.8687880025195471,-0.1712044663073038,2043,12
catboost_diff_ds_g123r,Общественное питание,9,304.660486253017,451.7693462497915,23.461163273275627,24.362786492590192,28.296268886924956,-289.1000878301705,0.8877511970149807,-0.5187943224317291,2050,12
catboost_diff_ds_g123r,Общественное питание,10,324.55024470932943,492.5840848448349,25.37687134982946,25.100656884703437,29.35175427747666,-311.10854081393984,0.8649441411165366,-0.6662373337762515,2049,12
catboost_diff_ds_g123r,Общественное питание,11,293.9370520087537,459.8886743101427,24.45520788218117,23.712864522967696,27.042147133550966,-278.1533959588562,0.8737777510348829,-0.569183285287135,2051,12
catboost_diff_ds_g123r,Общественное питание,12,301.6241405393701,468.335355160146,24.15499485285526,24.178289931113977,27.579249840865316,-284.6246067121772,0.882715752549071,-0.7613990333375027,2047,12
catboost_diff_ds_g123r,Продовольствие,1,414.71353858905843,575.3965821130008,3.844229743303059,3.7315038746389146,3.7382684938009456,-139.22586402321633,0.9501462742726688,0.13251822709343553,2053,12
catboost_diff_ds_g123r,Продовольствие,2,1182.5077816668336,1244.2086139435664,10.152121301801577,10.247610635231103,10.844306890632623,-1175.4860704809419,0.7836469589077432,-7.643321767240165,2056,12
catboost_diff_ds_g123r,Продовольствие,3,1500.2563380922868,1574.6062449061155,11.721917321316079,11.803750295413048,12.59462257639901,-1499.1473046285969,0.7221725772720942,-9.867693882571507,2053,12
catboost_diff_ds_g123r,Продовольствие,4,1601.0727316001435,1667.529737021151,12.72554460598379,12.947684496620363,13.911345456005295,-1600.7299402420588,0.6618453765987118,-11.225063799144568,2053,12
catboost_diff_ds_g123r,Продовольствие,5,1713.2300145547729,1790.9576342474065,13.116913101970464,13.293316361695268,14.31214081654064,-1709.8109737115321,0.633366711085247,-9.92280432031289,2051,12
catboost_diff_ds_g123r,Продовольствие,6,1619.7914697657438,1712.155036397581,12.287815798967177,12.401756945033343,13.2935196960956,-1609.260989719687,0.664699180259418,-7.642359164482967,2046,12
catboost_diff_ds_g123r,Продовольствие,7,1494.2778073020852,1613.6407792228517,11.178191944215978,11.193124091689125,11.932701496027155,-1478.8759067244869,0.7156258838549949,-5.389975869041898,2046,12
catboost_diff_ds_g123r,Продовольствие,8,998.4758400076342,1140.9366052282323,7.906788264103781,7.827953725516605,8.19990372487586,-963.0834844403778,0.8522139512246902,-2.3408526685803444,2043,12
catboost_diff_ds_g123r,Продовольствие,9,812.7876032731346,949.554923663183,6.918582699965619,6.928904614261547,7.2349357496709645,-769.4831283048484,0.8893689660418532,-1.4541710072815084,2050,12
catboost_diff_ds_g123r,Продовольствие,10,1105.4927569371323,1224.5237785658712,9.06403614004298,9.131876357718593,9.643472600779592,-1084.4364280784241,0.8271989047602586,-3.26821845673188,2049,12
catboost_diff_ds_g123r,Продовольствие,11,959.4257303360098,1107.6391594403242,7.922218444648688,7.737016904865425,8.114636630366423,-923.015226757286,0.8642603842945937,-1.6422857807579705,2051,12
catboost_diff_ds_g123r,Продовольствие,12,981.9298949996071,1208.1494032626986,6.6581968718635895,6.403625970846805,6.648944903367189,-876.5632083312091,0.8971486424505682,-1.1255282752803142,2047,12
catboost_diff_ds_g123r,Транспорт,1,84.74729836740349,112.0722242862481,5.48811865459393,7.0700416991087724,6.62703332567553,64.32686555812332,0.9816819735423811,-0.3086354655721504,2053,12
catboost_diff_ds_g123r,Транспорт,2,101.35791891210032,129.14581385855257,6.536508994426131,7.69510328229124,7.287934379770785,75.10384264683893,0.9747556157109416,-0.2289145921168152,2056,12
catboost_diff_ds_g123r,Транспорт,3,94.87653702832387,134.80146141889193,5.732997989409103,6.580258390786757,6.390384382697974,37.16975627452507,0.9761420616355146,0.14283158113020866,2053,12
catboost_diff_ds_g123r,Транспорт,4,112.59480311679953,149.54213929507895,6.6252302077902,7.939333019779629,8.361521429879188,-73.78097795316388,0.9739959619474777,-0.0016391137442930415,2053,12
catboost_diff_ds_g123r,Транспорт,5,121.17506185395875,158.82195971372187,6.9729684072234415,8.20008653745654,8.502664198861961,-67.17795587738831,0.9712350020197965,0.1913987248936313,2051,12
catboost_diff_ds_g123r,Транспорт,6,146.62498757883762,187.09556013729247,7.981686618209043,9.149436165834748,9.567612740193756,-97.1981008930095,0.9645496881085851,0.0761084245497815,2046,12
catboost_diff_ds_g123r,Транспорт,7,165.50807441617545,215.43783405395283,8.31379508737059,9.359597507539988,9.715243174198648,-107.4758425981558,0.9578307765030064,0.11609559250344681,2046,12
catboost_diff_ds_g123r,Транспорт,8,150.44559958007525,203.20341803598768,7.5330744358863155,8.766289416817592,9.032282960270553,-61.59623158428399,0.9619809422500165,0.13307241926051283,2043,12
catboost_diff_ds_g123r,Транспорт,9,148.04874990455826,195.16229465085615,8.045925070931258,9.309346362512324,9.610762036007973,-53.047085200920264,0.9591815793953187,-0.04434863043723514,2050,12
catboost_diff_ds_g123r,Транспорт,10,165.70931855848457,215.98516827056798,8.839887354983919,10.405035491252836,11.029258665905225,-92.26926407179398,0.953179257368597,-0.29273658349830556,2049,12
catboost_diff_ds_g123r,Транспорт,11,146.12176383582963,196.87403746048022,8.19630883614825,9.6031147523442,10.071359382146976,-73.64021403139832,0.9591345022839013,-0.18814521467609469,2051,12
catboost_diff_ds_g123r,Транспорт,12,162.2630698332185,219.43227002230262,8.491845408637055,9.825540964275365,10.313180687207641,-83.10113994222324,0.9553716997828341,-0.42846222817283786,2047,12
catboost_diff_g1,Все категории,1,5921.486505583406,6737.844940224012,23.476808709698194,22.847617334916762,20.34587374047297,5921.486505583406,0.4798936417888833,-13.98013085431637,2053,12
catboost_diff_g1,Все категории,2,3947.4279216836276,4863.150052537833,14.254470293283008,13.166187825744055,12.212281355760208,3946.621108425777,0.7491577013015944,-8.204418618903512,2056,12
catboost_diff_g1,Все категории,3,4544.033127628504,5446.831752026191,14.88142810890119,14.194533149661087,13.120292981842052,4541.581422313141,0.7495700906590275,-8.475107297825444,2053,12
catboost_diff_g1,Все категории,4,2838.251912422413,4239.809625267618,9.477056260798681,7.878318366676707,7.492671921930157,2155.8230863067283,0.8398268036088288,-2.8907191942412087,2053,12
catboost_diff_g1,Все категории,5,2948.349179846681,4439.489419064744,9.717349874709132,8.130754172014086,7.684387010127656,2311.5187133594773,0.8320420685841319,-2.4580125276654305,2051,12
catboost_diff_g1,Все категории,6,2858.6739257411914,4144.4982108756085,9.22951822084074,7.902667665597493,7.599098470006677,1837.476561660269,0.8623525823566331,-2.467188092228344,2046,12
catboost_diff_g1,Все категории,7,3099.425391894195,4489.492049448737,9.755585555591452,8.335225240888457,7.976036588730221,2064.5776136358645,0.8521877573835215,-2.08852120075378,2046,12
catboost_diff_g1,Все категории,8,3278.963836780125,4651.896806203407,10.236499185504845,8.86076204452629,8.54960480846471,1864.2872780497678,0.839925310291001,-2.60172703505425,2043,12
catboost_diff_g1,Все категории,9,3567.785469874818,5214.501742126621,12.018798418681962,10.096467497883395,9.59157289682427,2318.513530914108,0.7744881367508207,-3.5960879103299304,2050,12
catboost_diff_g1,Все категории,10,3597.902635268676,4881.3587388016,11.533946637566517,10.349477947831055,10.142804738437306,1512.8320048193582,0.8149438624793216,-3.5577593050728176,2049,12
catboost_diff_g1,Все категории,11,3677.3826903695085,5321.726102671877,11.789373802321544,10.0395620113709,9.604024125362534,2218.0462850399927,0.7843884067717605,-3.168739902255597,2051,12
catboost_diff_g1,Все категории,12,3384.1908000934545,4510.746261715895,9.183989031497182,8.27450339013445,8.155675701161094,1392.4867443273279,0.8843527355125225,-3.3065945202865805,2047,12
catboost_diff_g1,Здоровье,1,122.74205327458948,175.15843596986883,8.955994205823496,8.42619832163529,8.006819834447349,85.24611333177494,0.9061030255810577,0.03998393234888331,2053,12
catboost_diff_g1,Здоровье,2,96.64112307579697,127.71257208454439,6.5304065287529935,7.452273267842026,7.743458431000945,-48.92522931364679,0.9600082309029238,-0.07686837119538281,2056,12
catboost_diff_g1,Здоровье,3,93.1908628018053,132.31848437793965,5.9991847683120225,6.89357105432804,7.032624402053013,-41.57995267538208,0.9651712643244845,0.1324440833903252,2053,12
catboost_diff_g1,Здоровье,4,186.22816954711288,212.75986718157773,12.355122758392541,14.455625848950957,15.867149752954807,-171.95013642031148,0.9146097819011202,-1.6746236788259652,2053,12
catboost_diff_g1,Здоровье,5,144.11229381742507,178.87898634769684,10.261183513731039,12.471948484247717,13.191113089284856,-107.61608402531843,0.9295788840370434,-0.8065725691691938,2051,12
catboost_diff_g1,Здоровье,6,111.49559868070163,144.03754193012935,8.389707084790604,9.859717417568978,10.441962541592574,-72.03732204694192,0.9533397020571124,-0.11260324422722845,2046,12
catboost_diff_g1,Здоровье,7,148.897608267973,185.48463521413063,10.742314038649498,12.287421653320852,13.364166477718653,-127.95308489859315,0.9252539066472955,-0.3280696855595855,2046,12
catboost_diff_g1,Здоровье,8,117.69150872349192,158.81024022019992,8.400744341084113,8.986659980098867,9.260847187197449,-35.99001073351189,0.9455122166318248,0.2673096777341383,2043,12
catboost_diff_g1,Здоровье,9,140.03461254567148,172.97044117861157,9.500162016112084,10.774370615386285,11.346838561743333,-94.31064658463454,0.9328011173937024,-0.2401470415068787,2050,12
catboost_diff_g1,Здоровье,10,168.90498409689647,203.22354835397255,10.560678315135684,11.943049654715045,12.852395111678385,-139.9078445243122,0.9255106666603952,-0.5316715037517774,2049,12
catboost_diff_g1,Здоровье,11,121.99885833417385,159.09573787947832,7.925348526193897,8.872447489580859,9.163038777355228,-64.57396124077583,0.9533166668018656,0.07863053264887887,2051,12
catboost_diff_g1,Здоровье,12,109.80820428117998,147.93806804840807,6.939445830868434,7.7943739494985,7.772372586334056,-15.66033844297319,0.9623469415346457,0.16134322364639098,2047,12
catboost_diff_g1,Маркетплейсы,1,1487.0756765476176,1631.2460134291823,44.401597369096514,44.00249123878033,35.60186196300879,1484.868220116954,-0.9901344141190083,-11.61534874427064,2053,12
catboost_diff_g1,Маркетплейсы,2,901.8713033210577,1062.0391469743995,22.62439437950438,21.682598872159083,19.292869061206346,868.301307785136,0.2839938805277107,-2.0634042344480528,2056,12
catboost_diff_g1,Маркетплейсы,3,671.7889092275426,830.3801613806031,15.278340039782066,14.51563238888134,13.484115937830557,597.4495309217232,0.6490803824379516,-0.8069016352414298,2053,12
catboost_diff_g1,Маркетплейсы,4,679.4542580284125,886.0041959331662,15.841796312638676,14.72046907776154,13.770032591192244,545.5911429378045,0.5647596173815272,-0.49722935370743704,2053,12
catboost_diff_g1,Маркетплейсы,5,722.1506227381288,940.3599612680333,17.004262253448825,15.79741055193424,14.717160559861622,572.1977579926385,0.5246149309286561,-0.6182402129253399,2051,12
catboost_diff_g1,Маркетплейсы,6,698.0865608918062,931.05537565218,16.120814064844605,14.970674444053076,14.338006579808324,450.66512282030374,0.5101631710042398,-0.3463279863589299,2046,12
catboost_diff_g1,Маркетплейсы,7,730.7990481923777,985.0988021803719,16.12149887695775,14.986224563680558,14.465201235598515,428.32143363931607,0.46725882416008213,-0.19419759562843786,2046,12
catboost_diff_g1,Маркетплейсы,8,755.4416097990152,1037.9596553031652,15.471186621513727,14.835539032439954,14.921128377570334,207.2511173349556,0.37786703892305995,-0.26809875762246227,2043,12
catboost_diff_g1,Маркетплейсы,9,801.8364281743691,1115.9104947117564,17.011738514888815,15.808976449490128,15.498698008370551,373.7587977649269,0.3370874550137062,-0.47885823207198785,2050,12
catboost_diff_g1,Маркетплейсы,10,822.0250839891013,1126.120814683408,15.536528950161744,14.763146271559876,14.874640053682839,248.05273337025483,0.4485247475537263,-0.4033742652790926,2049,12
catboost_diff_g1,Маркетплейсы,11,908.4623959829206,1234.3754003209974,15.76909347941621,14.969125967135819,15.059844368646388,292.6687339011826,0.4348206686772631,-0.2869356067852691,2051,12
catboost_diff_g1,Маркетплейсы,12,929.1698827423587,1163.9500374055922,13.571517712183331,14.462903523428341,16.018314389109985,-385.15481200872296,0.6602995289430378,-0.8209330027068418,2047,12
catboost_diff_g1,Общественное питание,1,64.98848729687555,103.14551648587786,6.4449005485251565,11.503675434016317,10.486575828268077,39.649395387645534,0.9912565127240179,0.11848719973948807,2053,12
catboost_diff_g1,Общественное питание,2,58.36200882590555,94.73589114611093,5.594314792088468,10.86065304130099,10.664252480487198,11.64798795746024,0.9930750772428881,0.13157199116306206,2056,12
catboost_diff_g1,Общественное питание,3,93.18100138453914,150.68402528427654,7.838501791313708,12.70038319480273,11.995358439693886,-40.3460840951747,0.9862424376844294,0.14573058417486995,2053,12
catboost_diff_g1,Общественное питание,4,113.36930710037822,154.1747327690757,9.74160014787641,15.932335906114211,17.399905881794382,-88.54613798022875,0.9853490802818826,-0.2810280313298883,2053,12
catboost_diff_g1,Общественное питание,5,130.49506894180064,187.8218770525969,10.604243767482867,17.0237031530737,18.17247912393876,-89.48307807272674,0.980647685748373,-0.14430835860767055,2051,12
catboost_diff_g1,Общественное питание,6,169.01828632085352,238.44467225941932,12.365307832097189,17.100362092044502,18.95793751896534,-140.43349619876764,0.9724963680861674,-0.036127158031154405,2046,12
catboost_diff_g1,Общественное питание,7,169.32485469171345,247.38205772899792,11.56233092142049,16.24268276201633,17.71563506219105,-135.06805473157095,0.9715803569453884,0.25720052977296437,2046,12
catboost_diff_g1,Общественное питание,8,166.3187148548395,233.66647088344112,11.23902966988469,16.4940867183358,18.15785234807117,-132.9421525698407,0.974782073418196,0.24863885088084292,2043,12
catboost_diff_g1,Общественное питание,9,124.88339599478199,175.48352115002263,9.616966675230275,16.35852321901437,18.08710809576818,-71.26746486511468,0.9830636086828293,0.13304425366774286,2050,12
catboost_diff_g1,Общественное питание,10,140.58407810037608,192.73974726534547,10.99239369541313,17.719191795922086,20.07937404078117,-105.83400172022208,0.9793226324450671,-0.07687156773830184,2049,12
catboost_diff_g1,Общественное питание,11,120.82405183601385,170.6107112794374,10.052415252260055,16.975280426902895,18.620607125880994,-76.63932247657966,0.9826282699322708,-0.05078421398591004,2051,12
catboost_diff_g1,Общественное питание,12,128.25855650113897,180.34714433646363,10.27134222937064,17.549556337444653,19.241153642037474,-87.55953480522253,0.9826082078410702,-0.18069279966300167,2047,12
catboost_diff_g1,Продовольствие,1,2452.7938568524673,2685.687853943027,22.736424595114617,22.554137676071555,20.1159647239412,2452.7938568524673,-0.08611080579870656,-15.868557071293814,2053,12
catboost_diff_g1,Продовольствие,2,1315.581437050865,1576.909819557491,11.29459149310004,10.82943204439684,10.177201649098176,1313.7088718582909,0.6524715913082639,-7.267602874445533,2056,12
catboost_diff_g1,Продовольствие,3,2131.2012985916986,2377.6089159792255,16.65166464081728,16.258213765917855,14.937064856050583,2131.2012985916986,0.36655047838128074,-14.488300874865597,2053,12
catboost_diff_g1,Продовольствие,4,1193.517190623688,1662.4975068881336,9.486237537823069,8.51178912218691,8.000098233257773,1141.610909875246,0.6638832464082193,-4.655845696553052,2053,12
catboost_diff_g1,Продовольствие,5,882.888498550873,1310.2726546137258,6.759612904184696,6.098439853975531,5.822140327103423,749.0215552061826,0.8037613152942891,-1.7981006235091388,2051,12
catboost_diff_g1,Продовольствие,6,912.9994570326635,1323.8612887215015,6.92605768210206,6.287945761837846,6.033740952116556,651.2561667483781,0.7995373782579753,-1.6730913696362468,2046,12
catboost_diff_g1,Продовольствие,7,976.8044100778426,1372.9480440905973,7.307146726297729,6.7138630306302165,6.435869838223263,687.9618576704243,0.7941340369138578,-1.6452775337367576,2046,12
catboost_diff_g1,Продовольствие,8,1075.036071053659,1485.0369036840439,8.513057852286462,7.879974097205965,7.428042310435121,955.3550540103472,0.7496284936941313,-2.578691616454875,2043,12
catboost_diff_g1,Продовольствие,9,1144.5008112416774,1576.8579619197887,9.742180467401099,8.956012933021693,8.387991104237798,1047.8894446060222,0.6949142367619834,-2.922138775124687,2050,12
catboost_diff_g1,Продовольствие,10,931.1366215963305,1296.3060253301267,7.634474252775791,7.0357518321906465,6.723749943990244,670.5763323906411,0.8063457091406685,-1.7580331969470118,2049,12
catboost_diff_g1,Продовольствие,11,906.1764072202408,1262.6417175149957,7.4825254528784315,7.047739386166778,6.716251698287953,700.4754162358621,0.8236114942899034,-1.3109256566098417,2051,12
catboost_diff_g1,Продовольствие,12,1069.087066891953,1383.6234460675284,7.249185711504048,7.1457455990312555,6.80077752976294,856.1697676245338,0.8651022933807514,-1.5960880904255061,2047,12
catboost_diff_g1,Транспорт,1,238.30765884128567,273.6914542558465,15.43247670680333,16.93837167544041,15.274935922254837,236.50317224395425,0.8907540932930313,-3.2623697038448594,2053,12
catboost_diff_g1,Транспорт,2,287.62467416043273,337.5294787681774,18.548735903891057,19.272419467037967,17.27353050063041,284.52210341404253,0.8275641614939772,-3.6454070976347284,2056,12
catboost_diff_g1,Транспорт,3,222.93834451674098,277.06314943777016,13.471245061306488,13.770828585052044,12.627726527168495,210.3648916825517,0.8992137597521803,-1.2313504889582125,2053,12
catboost_diff_g1,Транспорт,4,142.67105459383757,193.50168473202044,8.394957444810755,8.382407112809561,8.204809976902956,74.84444583190941,0.9564605322572609,0.12782033914564528,2053,12
catboost_diff_g1,Транспорт,5,153.45907360843955,213.080087909993,8.830738401958298,8.944409595457463,8.701983023090394,71.3162715170845,0.9482239420787388,0.1773366260993754,2051,12
catboost_diff_g1,Транспорт,6,150.42165339024316,206.54882002812056,8.18836214603757,8.971298679279897,8.941658360699583,26.432329143579523,0.9567945499044788,0.14941889082235071,2046,12
catboost_diff_g1,Транспорт,7,161.94897309143755,222.30727379398851,8.135014449547109,9.351120860479252,9.464923227796897,-13.144148189061209,0.955098691074236,0.10866843575720175,2046,12
catboost_diff_g1,Транспорт,8,188.1140594315283,251.02185703916754,9.419200136725834,9.986650129681717,10.040509021050562,25.147377033286766,0.941982046202016,0.012151525256279827,2043,12
catboost_diff_g1,Транспорт,9,197.0966435266482,257.71411890103695,10.711504329281972,10.910070088956886,10.907665331940413,41.546544241976896,0.9288228180970923,-0.18164586962042084,2050,12
catboost_diff_g1,Транспорт,10,209.28147456021182,264.7591882204333,11.164276557834418,11.734756630282876,12.079165419384381,3.854787524426491,0.9296453962673876,-0.3775614666034439,2049,12
catboost_diff_g1,Транспорт,11,191.94990987933502,250.83441607233271,10.766915900423035,11.121803883626463,11.29419944524351,21.396741507587745,0.933663256884686,-0.30908159791963774,2051,12
catboost_diff_g1,Транспорт,12,196.21505458814073,256.6956959381853,10.268682283173849,10.914782503171923,11.195528096133009,-0.9466475119392357,0.9389273833326552,-0.5349815140717751,2047,12
catboost_diff_g1r,Все категории,1,5537.895246917979,6370.797229970243,21.955991497008572,21.22731510996306,19.033921750919983,5537.895246917979,0.5350163271164204,-12.208211508648661,2053,12
catboost_diff_g1r,Все категории,2,3277.150508849649,4244.257088931036,11.834046245254934,10.589965550412732,9.91291149830547,3266.3452177593776,0.8089404293338873,-5.586653770997604,2056,12
catboost_diff_g1r,Все категории,3,3672.4047847892375,4647.428622916027,12.026899068877944,11.149553557599162,10.419273160936044,3661.4406263005744,0.8176844415175907,-5.497145984131874,2053,12
catboost_diff_g1r,Все категории,4,2619.928284045741,3738.249184468193,8.74806342540885,7.559543038533128,7.327380529549517,1493.2658598944245,0.8754815735212155,-2.385096969692608,2053,12
catboost_diff_g1r,Все категории,5,2722.9575587570694,3984.790914279027,8.974490359992656,7.712411938675888,7.40742625516821,1701.8811810950413,0.8646851240650171,-2.012772988533446,2051,12
catboost_diff_g1r,Все категории,6,2703.681354834982,3801.3978601854874,8.729109012083953,7.639321442657519,7.421993614361805,1445.0703892682004,0.8841994006982852,-2.153086679641944,2046,12
catboost_diff_g1r,Все категории,7,2977.811199377635,4229.412530866172,9.372799229141311,8.162803743504677,7.892946119618746,1645.1989205434218,0.8688174441864718,-1.9192749817356627,2046,12
catboost_diff_g1r,Все категории,8,3203.8428850734795,4427.032069009766,10.001981331927496,8.85449917671537,8.633674880856157,1469.540340985307,0.8550267548938661,-2.535618101248936,2043,12
catboost_diff_g1r,Все категории,9,3466.309932477686,4927.129716470338,11.676957789893724,10.007449484847669,9.619702729108196,1916.8874999597447,0.7986592177231794,-3.3988143367867654,2050,12
catboost_diff_g1r,Все категории,10,3552.3350890442816,4664.061445634101,11.387868852857993,10.458177021068229,10.362159016778321,1127.3257530800856,0.8310529673471949,-3.627576214168429,2049,12
catboost_diff_g1r,Все категории,11,3606.09249665621,5134.154956261679,11.560823549902334,9.913373025672447,9.528722755213149,2017.232655486059,0.7993195732769819,-3.0446300542674924,2051,12
catboost_diff_g1r,Все категории,12,3416.6788166963966,4213.638901627935,9.272154742522776,8.999383349206559,9.137122051729229,296.1528269370425,0.8990855869558422,-4.151796727279821,2047,12
catboost_diff_g1r,Здоровье,1,124.50941715008587,178.79489415840055,9.084951643036291,8.4921802172926,8.060910612402592,86.91372987473723,0.9021637706943719,0.026439597399653736,2053,12
catboost_diff_g1r,Здоровье,2,93.86813972571612,124.16716589605277,6.343025546442922,6.960294096755638,7.132065895062627,-26.719206365689704,0.9621978196098524,0.09039474512656864,2056,12
catboost_diff_g1r,Здоровье,3,90.13253985160908,129.27381672562618,5.802304474388606,6.6024196974016975,6.672560325567521,-24.793986093902625,0.9667556522546346,0.20411874741007818,2053,12
catboost_diff_g1r,Здоровье,4,156.1103123701658,186.34946503750783,10.356983467511647,12.265902096291565,13.268450298772184,-135.85278205280943,0.9344934084972363,-0.9889325689400053,2053,12
catboost_diff_g1r,Здоровье,5,133.43908973839407,169.326049623276,9.501222632994594,11.423675451544337,11.926762445275468,-81.61056946981559,0.9368996445807997,-0.5378585568594321,2051,12
catboost_diff_g1r,Здоровье,6,108.25244603911756,141.39211560168104,8.145669642809814,9.314114709481709,9.742053720398147,-50.88386285455365,0.9550379100198436,0.02301240671908189,2046,12
catboost_diff_g1r,Здоровье,7,140.3256358125269,178.21730123437126,10.123883553981587,11.558831256704513,12.488907563271596,-110.33305535062458,0.9309963054572205,-0.18374526112088274,2046,12
catboost_diff_g1r,Здоровье,8,120.82322567497003,164.55177666343153,8.624284286687304,8.931559088146908,9.11165206346495,-19.236891621049196,0.9415011556387616,0.2965030723567845,2043,12
catboost_diff_g1r,Здоровье,9,137.5713508303624,170.71571110639098,9.33305057874591,10.486927895217843,10.977133518456101,-79.89869460393417,0.9345416207158544,-0.16914235911824105,2050,12
catboost_diff_g1r,Здоровье,10,161.16338139226565,195.51627464735503,10.07663945598462,11.518342117124245,12.346846302657118,-126.0055409116094,0.9310535587206314,-0.44330214552908553,2049,12
catboost_diff_g1r,Здоровье,11,119.70745397754723,156.741833523666,7.776493214032193,8.637537080665723,8.860787020923501,-50.504192659950995,0.9546878559606508,0.12148026851852967,2051,12
catboost_diff_g1r,Здоровье,12,112.58332991477255,150.68262468240852,7.114822836022415,7.835590433243889,7.7560558843592124,-1.466571969664276,0.9609368981726624,0.17030732289351613,2047,12
catboost_diff_g1r,Маркетплейсы,1,1527.7333974657859,1679.7047135583032,45.615569046949986,45.056576456493076,36.28743938432261,1525.828231210206,-1.1101307434139254,-12.119229757819369,2053,12
catboost_diff_g1r,Маркетплейсы,2,944.2290713097472,1123.7107122868356,23.68698373619279,22.531125068510725,19.93965004154529,910.9896501238668,0.19842396281961605,-2.291966648613249,2056,12
catboost_diff_g1r,Маркетплейсы,3,702.667787239437,874.0646426074619,15.980611232164724,15.048281272859892,13.92589435991598,624.5012682681382,0.6111869590759922,-0.9216874404503757,2053,12
catboost_diff_g1r,Маркетплейсы,4,686.5523877589726,903.7794791270634,16.00729255328114,14.79564501347424,13.923203950532043,514.9677293718079,0.5471205874472536,-0.5573466235453184,2053,12
catboost_diff_g1r,Маркетплейсы,5,742.3557669047431,967.4824111247442,17.48002667081531,16.175107119820133,15.09387179595426,570.7989865060097,0.4967967528181474,-0.7037386000336074,2051,12
catboost_diff_g1r,Маркетплейсы,6,725.6789767027249,960.3311339966211,16.758001814626596,15.564544460566102,14.94201253236746,448.767632578165,0.4788743749955292,-0.44487062089498375,2046,12
catboost_diff_g1r,Маркетплейсы,7,757.5532214614573,1006.6084026957672,16.711698570537344,15.590503641515358,15.069527058170873,435.0448677929963,0.4437400586583713,-0.2617746194416277,2046,12
catboost_diff_g1r,Маркетплейсы,8,775.7488951931176,1046.8906406677536,15.887072903171001,15.391295867756458,15.58998930034288,199.29501818130365,0.3671148591206902,-0.3606873891168836,2043,12
catboost_diff_g1r,Маркетплейсы,9,825.3488689340496,1122.5534015979556,17.510577779352264,16.477332818009163,16.26508507066846,370.89575394013923,0.32917145524477787,-0.5923499782669384,2050,12
catboost_diff_g1r,Маркетплейсы,10,834.6262608409942,1125.6078942573733,15.774695099563743,15.207313409842852,15.46721354578102,229.50031577033823,0.4490270000637264,-0.5154474672100431,2049,12
catboost_diff_g1r,Маркетплейсы,11,927.6435494143085,1241.6022054778055,16.102040008452583,15.42383201035696,15.577710976431286,299.7170919616036,0.42818347007445645,-0.35603055644351445,2051,12
catboost_diff_g1r,Маркетплейсы,12,942.1036511353454,1188.1656331400754,13.760429201988222,14.740725885445144,16.394155737524507,-372.527279035113,0.6460177829424418,-0.9456192598270274,2047,12
catboost_diff_g1r,Общественное питание,1,63.21106735896309,100.62418320125727,6.2686340248794785,11.184062119543935,10.266255141278466,37.483216044842536,0.9916787473399691,0.13818009175412138,2053,12
catboost_diff_g1r,Общественное питание,2,58.6929465185965,92.94988495174923,5.626036963184452,10.979014412159955,11.138916616373674,4.586879631900829,0.9933337199072341,0.005269503740011894,2056,12
catboost_diff_g1r,Общественное питание,3,92.35859878578366,145.7005843951596,7.769320261305,12.496556859915199,12.404830202336116,-49.404199077983336,0.9871373737738557,0.11942539745462322,2053,12
catboost_diff_g1r,Общественное питание,4,124.08752572758715,158.34964488621245,10.662595458109207,20.125156293099064,23.918763695270805,-103.66906689434241,0.9845448698230571,-2.204785002177909,2053,12
catboost_diff_g1r,Общественное питание,5,139.97778085169858,189.85114312906057,11.374824521873043,20.612144969220168,23.645294474576524,-105.04040504292196,0.9802272539927956,-0.990308918369764,2051,12
catboost_diff_g1r,Общественное питание,6,178.26594928940787,240.4571536717401,13.041863025164199,19.812115849391137,23.05619368151631,-155.25310625501385,0.9720301456475932,-0.5994358690665627,2046,12
catboost_diff_g1r,Общественное питание,7,173.6944828575054,247.70277652157387,11.860710547662794,17.403359027888886,19.44815514749178,-143.5864443321238,0.971506619811169,0.11521631493506257,2046,12
catboost_diff_g1r,Общественное питание,8,170.03731484385088,235.76940145076634,11.490315014672309,17.489577546283137,19.739431830905897,-140.17996047262287,0.9743261228255251,0.09954061598241293,2043,12
catboost_diff_g1r,Общественное питание,9,131.26993646799735,180.3927930205654,10.108778628386062,17.700545242475123,20.07753958467362,-77.15636785266538,0.98210273927446,-0.06327512928339396,2050,12
catboost_diff_g1r,Общественное питание,10,144.5528853882129,194.85694286748307,11.302718255623837,19.103303165466095,22.123013874491818,-110.0553381233472,0.9788658664964046,-0.3072566312295677,2049,12
catboost_diff_g1r,Общественное питание,11,122.81443676120587,171.14349848985535,10.21801287521533,17.665118501647008,19.723468580136004,-76.6075033498899,0.9825196028142305,-0.1744402197784496,2051,12
catboost_diff_g1r,Общественное питание,12,129.13266040770966,179.74236527353767,10.341343176000176,18.104887009087328,20.190680598895906,-88.6874914310491,0.9827246561038357,-0.29341183095918666,2047,12
catboost_diff_g1r,Продовольствие,1,2482.3680468863,2710.1673150208735,23.010565587349767,22.87888468817902,20.374965079637594,2482.3680468863,-0.10600036696017501,-16.299165000764,2053,12
catboost_diff_g1r,Продовольствие,2,1249.9023701528383,1489.0777960644411,10.730720485673748,10.29524511761908,9.698300973765644,1247.2921021227708,0.6901072811769005,-6.5916025981563555,2056,12
catboost_diff_g1r,Продовольствие,3,2053.190742225651,2269.1184346070477,16.042146608001993,15.72797552392985,14.49247519188838,2053.182037944017,0.42304027329849836,-13.530866386589425,2053,12
catboost_diff_g1r,Продовольствие,4,1142.5038121870607,1584.1086930706222,9.080776243039518,8.104515069182073,7.640501349375832,1057.4218792964518,0.6948326198444172,-4.247677768656633,2053,12
catboost_diff_g1r,Продовольствие,5,909.3915675342504,1297.6775363845804,6.962526961163105,6.295365935786498,6.024132028625568,740.230445059656,0.8075159078149472,-1.8510864616874492,2051,12
catboost_diff_g1r,Продовольствие,6,957.0165422116445,1323.7279464325097,7.259973401984811,6.63450883421683,6.37397070038518,681.5761093723656,0.7995777583172881,-1.8007569958596368,2046,12
catboost_diff_g1r,Продовольствие,7,1031.1857960779193,1389.971098141163,7.713955666329365,7.129877509028935,6.823456303822745,764.4425247577317,0.7889973630048932,-1.8198735866052602,2046,12
catboost_diff_g1r,Продовольствие,8,1178.9416169582573,1560.4657863637417,9.335871102257027,8.665196227365431,8.148830919330267,1055.5991365749103,0.7235485246292424,-3.075277761427401,2043,12
catboost_diff_g1r,Продовольствие,9,1295.3570144811852,1703.7170397687134,11.026293455483447,10.164668727763804,9.471265166923738,1199.3886803040164,0.6438510032335313,-3.7405615609670306,2050,12
catboost_diff_g1r,Продовольствие,10,1065.7653034712393,1419.5555514647867,8.738307118566262,8.044272079512972,7.641843519286036,823.5404783322344,0.7677707980328872,-2.391693302143943,2049,12
catboost_diff_g1r,Продовольствие,11,1070.7224579627366,1416.7612796695055,8.84122338745411,8.303832158725214,7.845727571800026,917.2889853730512,0.7779231081204985,-1.9817618933307002,2051,12
catboost_diff_g1r,Продовольствие,12,1209.4412519678608,1517.291452879405,8.200888883781685,8.043279128693575,7.616785890739617,1047.2889216888686,0.8377791159957891,-2.0680410354636822,2047,12
catboost_diff_g1r,Транспорт,1,209.32359935457055,247.59575275432832,13.555508819693857,14.627908937111492,13.325774250894366,206.4571714114055,0.9105935028120195,-2.3767308002886254,2053,12
catboost_diff_g1r,Транспорт,2,222.43081978649775,271.61284783611353,14.344424883396536,14.6353239644088,13.391896642986847,215.49441799369365,0.8883381718472814,-2.0001522676462766,2056,12
catboost_diff_g1r,Транспорт,3,173.2108660159325,226.70846787330888,10.466418544731468,10.57423510115878,9.87707328479589,150.9308703695118,0.9325193596583228,-0.5230881974064971,2053,12
catboost_diff_g1r,Транспорт,4,121.80523716620708,167.19593764678396,7.167184580477315,7.696131360748564,7.738424799670556,25.85521471923214,0.967493885794945,0.15682404646618286,2053,12
catboost_diff_g1r,Транспорт,5,137.19389847190135,191.45920541851186,7.894765680923274,8.45642399117446,8.39827882196076,30.734645095882748,0.9581981260579395,0.20826347460799843,2051,12
catboost_diff_g1r,Транспорт,6,143.08813964261367,196.1681965157455,7.7891545518174246,8.908640377823506,9.029240163882255,-10.498190673464576,0.9610282151765567,0.12538475503188806,2046,12
catboost_diff_g1r,Транспорт,7,163.54303486690065,221.96105077292174,8.215087297984013,9.587864472018186,9.885394744026769,-55.55967043824552,0.9552384414380998,0.047025776642688366,2046,12
catboost_diff_g1r,Транспорт,8,176.9868022147138,237.20096250195772,8.8620388962809,9.752739687347393,9.952626173856501,-10.36026159000504,0.948194934695125,0.001446736417441974,2043,12
catboost_diff_g1r,Транспорт,9,182.93497891029298,236.56860637510428,9.941868027345564,10.534990491859231,10.679775316763779,8.770198533650344,0.9400238494674656,-0.15848690258364861,2050,12
catboost_diff_g1r,Транспорт,10,195.818532644709,247.65849232718472,10.446085866839974,11.398088224560079,11.892452173136906,-28.256724944993586,0.9384402441004114,-0.38364749310320656,2049,12
catboost_diff_g1r,Транспорт,11,177.80601837528081,231.9563238039048,9.97355220244271,10.685231330899544,10.990904024027744,-6.64395558434954,0.9432726715187961,-0.27480350132477604,2051,12
catboost_diff_g1r,Транспорт,12,183.33775441571592,241.27424190614914,9.594764043754099,10.57097470068273,10.959494740703146,-28.350946816441507,0.9460450525874046,-0.5195474534974462,2047,12
catboost_logdiff_ds_g123,Все категории,1,1028.1094075074461,1534.8551478065956,4.076126470935092,4.377995299903283,4.223610590698423,701.2266815920926,0.9730111158691176,-0.12361844696054702,2053,12
catboost_logdiff_ds_g123,Все категории,2,2287.1890443366483,2488.4496868354504,8.259218137595193,8.609945943022591,9.054775403384047,-2216.7691426978236,0.9343215098106674,-4.016352324581176,2056,12
catboost_logdiff_ds_g123,Все категории,3,2732.265215446796,2979.7017695057734,8.947999989459376,9.364360691441252,9.889728928627765,-2652.855015346296,0.9250547913515861,-4.473297345824693,2053,12
catboost_logdiff_ds_g123,Все категории,4,3712.7168196953053,3880.9049108086265,12.396935602039447,13.564932659734577,14.696947722214551,-3666.6123058064436,0.8657967191227344,-9.73043154424835,2053,12
catboost_logdiff_ds_g123,Все категории,5,3361.1786322031553,3613.149809797684,11.077978478184463,12.078311066886528,12.986795416269198,-3264.281640580764,0.8887483644656942,-6.059255222138623,2051,12
catboost_logdiff_ds_g123,Все категории,6,3677.226829842027,3932.768563911204,11.87229915331871,12.85022293313492,13.871746861721713,-3615.783991517653,0.8760573051508729,-7.9100274909916255,2046,12
catboost_logdiff_ds_g123,Все категории,7,3344.606629752901,3727.5555815431007,10.52730490357506,11.435657688581328,12.267627182454689,-3244.3674390754522,0.8981023311828518,-4.820960578257211,2046,12
catboost_logdiff_ds_g123,Все категории,8,3321.5317528704113,3694.723069713748,10.369390690284218,11.415232060526046,12.258657052724237,-3226.5882209675206,0.8990221059498534,-5.403113000148982,2043,12
catboost_logdiff_ds_g123,Все категории,9,2695.721666559597,3067.1555218320973,9.081077205124101,10.151190719224473,10.84283723904454,-2550.4327394128245,0.9219783096993069,-4.12416380511982,2050,12
catboost_logdiff_ds_g123,Все категории,10,3274.8690795728708,3635.567504390227,10.49838448615756,11.841003847546535,12.791868339112153,-3217.7516542640005,0.8973482239999769,-6.084662251381658,2049,12
catboost_logdiff_ds_g123,Все категории,11,2746.380357302333,3131.7606652747468,8.804660097080408,9.838073339615251,10.506589626741256,-2632.671105854314,0.9253303352099485,-3.5370682513164082,2051,12
catboost_logdiff_ds_g123,Все категории,12,3360.2435979784423,3777.504633063804,9.11900131226065,9.917604767984038,10.57662450026129,-3288.872209167644,0.9188948223216048,-5.892021873605927,2047,12
catboost_logdiff_ds_g123,Здоровье,1,248.6502053989939,270.5131875798307,18.14300591703752,18.700218103560122,20.877495441896084,-245.1935061345442,0.7760421110756761,-3.5039059695157144,2053,12
catboost_logdiff_ds_g123,Здоровье,2,390.8445164277046,425.20376314201206,26.410843547471263,26.67082357955896,31.01862063441513,-389.9226381302458,0.5567002237087935,-9.51878046700935,2056,12
catboost_logdiff_ds_g123,Здоровье,3,356.93207180563587,396.6770146686067,22.977590121173794,23.1089982885621,26.328973619558198,-353.95276084845045,0.6869809664177469,-5.882069520298158,2053,12
catboost_logdiff_ds_g123,Здоровье,4,431.4612869160513,485.5252600470497,28.624870116619167,28.57121420441986,33.60031768360988,-429.78867562124026,0.5553151222323385,-8.255797837000216,2053,12
catboost_logdiff_ds_g123,Здоровье,5,342.3952432348802,398.94599428105056,24.379463625169695,23.772868874103406,27.15358052051779,-336.6543136802478,0.6497223154440828,-4.213865961445806,2051,12
catboost_logdiff_ds_g123,Здоровье,6,273.77338304268596,353.8233356411138,20.600620280250336,18.54319088104493,20.766891843322306,-267.6943058718824,0.7184412361150851,-2.238032125116259,2046,12
catboost_logdiff_ds_g123,Здоровье,7,305.4317236656172,402.27055505483247,22.03556881234208,19.53067643917236,22.113490681637536,-300.0237138391231,0.6484321865856819,-2.0298078650564673,2046,12
catboost_logdiff_ds_g123,Здоровье,8,217.87996586858094,323.21748031031694,15.55213209651659,12.977550263562643,14.102636078452836,-191.99937078950717,0.7742998665104599,-0.5423549071625062,2043,12
catboost_logdiff_ds_g123,Здоровье,9,256.0506536080545,337.5167120374644,17.370867454748435,15.537076554579038,16.993316881991536,-245.38640351273824,0.7441362099770197,-1.2945663204743654,2050,12
catboost_logdiff_ds_g123,Здоровье,10,325.2225276935597,418.8228807057098,20.334334798768673,18.15759221591722,20.30925656773303,-317.2393701738882,0.6836215991256919,-2.210255209458713,2049,12
catboost_logdiff_ds_g123,Здоровье,11,252.5700913450174,345.0958353366075,16.407579780123086,14.22360924794901,15.52954045448923,-238.23057138256047,0.7803535425493542,-1.0705373630912907,2051,12
catboost_logdiff_ds_g123,Здоровье,12,221.42026617100316,318.9771678981777,13.992888354822982,11.992297668918326,12.774534011106208,-191.99875581610326,0.8249510264811388,-0.7773827446657371,2047,12
catboost_logdiff_ds_g123,Маркетплейсы,1,1522.2067123989698,1692.673953160146,45.45055145639113,44.3399505773562,35.78246155446557,1518.6336275797992,-1.1428417817641123,-11.83997976612741,2053,12
catboost_logdiff_ds_g123,Маркетплейсы,2,989.6592798141768,1234.902431326304,24.826648508940778,22.737466153826627,20.08038046545522,928.8079268834317,0.031942898929966934,-2.5476325170902907,2056,12
catboost_logdiff_ds_g123,Маркетплейсы,3,939.9425481066176,1192.6244395938663,21.376896329450954,19.529963409700198,17.782346852137152,818.6152257916877,0.27612908490269816,-2.1805690008817624,2053,12
catboost_logdiff_ds_g123,Маркетплейсы,4,963.6953238848415,1265.5297517028598,22.4690107509601,20.47196196197905,18.82422367652178,749.596948018979,0.11202171536070793,-1.7883079948735947,2053,12
catboost_logdiff_ds_g123,Маркетплейсы,5,1064.8130170621096,1389.1632371467542,25.072829992664897,22.94435982188921,20.956228046458474,821.4143521833776,-0.03744203718490424,-2.228465212732274,2051,12
catboost_logdiff_ds_g123,Маркетплейсы,6,1068.698148469748,1401.7086031091949,24.679294958658645,22.87745970852223,21.46099044292205,718.7960899517673,-0.1102374913823927,-1.8884963938780919,2046,12
catboost_logdiff_ds_g123,Маркетплейсы,7,1238.609461311925,1612.4264098201313,27.323846533353645,25.23951898174547,23.28253096168162,867.4122849415645,-0.4273040186503927,-1.8112697115080874,2046,12
catboost_logdiff_ds_g123,Маркетплейсы,8,1288.545981750364,1735.734027690423,26.388982411711858,24.698064756785936,23.258160965102086,756.218673764523,-0.7397571098830296,-1.8282358445396047,2043,12
catboost_logdiff_ds_g123,Маркетплейсы,9,1430.2573600740075,1923.5082818101844,30.344298866505337,27.785838796110113,25.473647887329026,974.1019718654397,-0.9696344641402355,-2.5963871851665203,2050,12
catboost_logdiff_ds_g123,Маркетплейсы,10,1641.9637578760057,2199.8960894551137,31.033624102516015,28.475749993432213,26.165818071705775,1089.8705592607155,-1.1045555423511861,-2.815382680623545,2049,12
catboost_logdiff_ds_g123,Маркетплейсы,11,2068.1495163955246,2752.0973873481908,35.898946613155786,32.43046255413912,28.59131870106949,1542.6080698108085,-1.8094373447680185,-2.8823374598916005,2051,12
catboost_logdiff_ds_g123,Маркетплейсы,12,2116.559317303515,2814.6666154917616,30.9146075407571,28.36388827009713,26.233802738665002,1388.2772030871374,-0.9864671882078222,-2.961914961268237,2047,12
catboost_logdiff_ds_g123,Общественное питание,1,217.18723008928544,327.06667819162925,21.538431752394256,20.75232000109971,23.09710655774334,-212.0981712566729,0.9120862970876197,-1.2002153167484018,2053,12
catboost_logdiff_ds_g123,Общественное питание,2,268.92591273679494,409.3075458646979,25.778005964242123,24.372894272225185,27.974717602759032,-264.80488481785227,0.870733691551747,-1.8222886152433158,2056,12
catboost_logdiff_ds_g123,Общественное питание,3,301.814482881852,466.51178787793685,25.389009879285894,22.822884966862873,25.69568662739648,-291.91330822094386,0.8681341597772304,-1.1590430765603084,2053,12
catboost_logdiff_ds_g123,Общественное питание,4,353.9654508332346,540.3191230346223,30.415550525744322,27.636786850369127,32.448583509509064,-348.1461094053486,0.8200552597938213,-1.9236550291218277,2053,12
catboost_logdiff_ds_g123,Общественное питание,5,363.24123248598124,562.7655451365766,29.517579529385635,26.575829092107185,30.678501273235298,-349.09825524741103,0.8262617049929439,-1.1619529416347736,2051,12
catboost_logdiff_ds_g123,Общественное питание,6,393.0977174751884,605.2144121552695,28.758866217872374,25.082107005151965,29.067219103153047,-377.90597988638876,0.8228124007611712,-0.8763167900489774,2046,12
catboost_logdiff_ds_g123,Общественное питание,7,380.37802434231685,572.8183246428689,25.97407569425921,23.332008063144976,26.555299639753326,-359.17013141111397,0.8476241893489419,-0.2644593493470295,2046,12
catboost_logdiff_ds_g123,Общественное питание,8,383.5144873301066,570.8267335519504,25.91608951341211,23.519870995811722,26.890816815903563,-364.40733640972815,0.8495039207427364,-0.24282027045108667,2043,12
catboost_logdiff_ds_g123,Общественное питание,9,316.817645209354,472.6177307477586,24.39735652472641,23.27243003189406,26.64807652236338,-301.4695739592761,0.8771519631997016,-0.35586420668363705,2050,12
catboost_logdiff_ds_g123,Общественное питание,10,338.9857789480505,516.7283552612262,26.505598569154685,24.618493578690035,28.65458591893698,-326.64842993178803,0.8513799971680237,-0.6151614454776699,2049,12
catboost_logdiff_ds_g123,Общественное питание,11,300.4485529866997,468.5512069690719,24.996956902770634,23.29320594401645,26.43348547697415,-284.961778986582,0.8689778845431455,-0.5558643278332565,2051,12
catboost_logdiff_ds_g123,Общественное питание,12,313.76216169044886,491.07401240153234,25.127045159915767,23.880058100458672,26.956392387628398,-296.393348630728,0.8710504886921057,-0.6902872347853903,2047,12
catboost_logdiff_ds_g123,Продовольствие,1,412.12118324587107,564.511985292869,3.8201996391752884,3.701492798343436,3.7087205682986095,-147.46720885738256,0.9520145691758122,0.1544680016501333,2053,12
catboost_logdiff_ds_g123,Продовольствие,2,1172.8406314782997,1237.4048406462873,10.069126430327335,10.098609936646033,10.676240875528299,-1169.2644511769672,0.7860066794113403,-7.34486041282751,2056,12
catboost_logdiff_ds_g123,Продовольствие,3,1420.4896708963556,1503.0434674236287,11.098678309337231,11.078426762480959,11.773989458964262,-1418.900113948887,0.746852144938606,-8.513596153411706,2053,12
catboost_logdiff_ds_g123,Продовольствие,4,1518.0686829040353,1586.789559675855,12.06581709747522,12.224330088421445,13.079635723666902,-1517.275770182028,0.6937988456988498,-9.796485185466816,2053,12
catboost_logdiff_ds_g123,Продовольствие,5,1632.257808154334,1713.079289525714,12.496969845077786,12.621890024235965,13.538550760740234,-1626.9741955945788,0.6645589576832016,-8.78882211397975,2051,12
catboost_logdiff_ds_g123,Продовольствие,6,1553.6537238653343,1650.4261431965995,11.786091685615315,11.848578228876693,12.660829443096938,-1540.7632972460049,0.6884407651807449,-6.858381437094365,2046,12
catboost_logdiff_ds_g123,Продовольствие,7,1429.1111870895463,1553.0209264543269,10.690702278283785,10.669215647983492,11.341202216643115,-1408.8050098664617,0.7365907884462364,-4.808394594875403,2046,12
catboost_logdiff_ds_g123,Продовольствие,8,945.2196744344612,1094.0715890186102,7.485060258204397,7.368703489235923,7.697013185364184,-900.0401754880866,0.8641054967041035,-1.9943840256554446,2043,12
catboost_logdiff_ds_g123,Продовольствие,9,762.9593906809602,905.3318853928025,6.494436701401984,6.449428112424174,6.712049855809318,-707.751324688142,0.899433711150182,-1.1512113620228477,2050,12
catboost_logdiff_ds_g123,Продовольствие,10,1046.1629861783003,1170.704511865967,8.577585927715536,8.595751133732927,9.049169426134544,-1019.3873205203852,0.8420547283483905,-2.801371953241441,2049,12
catboost_logdiff_ds_g123,Продовольствие,11,911.5308451838556,1062.7627542630514,7.526738387610984,7.325884591903249,7.662851823246234,-864.3006807569185,0.8750366486525982,-1.3886093807501174,2051,12
catboost_logdiff_ds_g123,Продовольствие,12,934.5716426790867,1163.8455240995447,6.337073572671705,6.098079718916944,6.312622134855762,-805.959355805816,0.9045536286036749,-0.9559214989340803,2047,12
catboost_logdiff_ds_g123,Транспорт,1,76.88632530710224,104.03115419367363,4.979052835074032,6.444452414435609,6.092302615530365,49.77856292238838,0.9842162740084613,-0.1423190452683396,2053,12
catboost_logdiff_ds_g123,Транспорт,2,89.38204964528619,118.10429936374817,5.764192652310935,6.802529371670768,6.541229161899735,50.337527501326946,0.9788877008546131,-0.05115683289764905,2056,12
catboost_logdiff_ds_g123,Транспорт,3,91.98720849715595,134.23541772890277,5.558407777974817,6.35420969460681,6.251018744210285,18.68310250711295,0.976342004302672,0.15635932668539398,2053,12
catboost_logdiff_ds_g123,Транспорт,4,123.1160488593548,160.8696739306523,7.244314509974667,8.541569609822194,9.051646853194717,-89.93012715364065,0.9699072430461707,-0.12840220285315973,2053,12
catboost_logdiff_ds_g123,Транспорт,5,129.1199067516344,167.39830448492384,7.43015119404595,8.514280612618235,8.877559779189319,-74.0219576885161,0.9680445191775714,0.1485291625662264,2051,12
catboost_logdiff_ds_g123,Транспорт,6,146.99293281673167,189.70134744309271,8.001716107247898,9.141600462362101,9.575384267336757,-93.19581569613109,0.9635553378497705,0.06491971308253996,2046,12
catboost_logdiff_ds_g123,Транспорт,7,167.8177926944103,221.30046259632806,8.429816765119757,9.508863092672506,9.888879262749336,-93.43875823695349,0.9555044787045895,0.08026410233993464,2046,12
catboost_logdiff_ds_g123,Транспорт,8,165.3715659911658,224.9832875293634,8.280443693053844,9.221381132483284,9.496349525259877,-44.27221008045482,0.953394212713013,0.07127515845831511,2043,12
catboost_logdiff_ds_g123,Транспорт,9,155.20948250126406,202.6959620804669,8.435085519521415,9.548594962409862,9.862871889481761,-47.18707460060949,0.9559694044901582,-0.07118873040010598,2050,12
catboost_logdiff_ds_g123,Транспорт,10,176.98559394641273,226.12116903979555,9.441428686999485,10.821459434791809,11.480291852551602,-83.93163917486858,0.9486816264404843,-0.3508804914534658,2049,12
catboost_logdiff_ds_g123,Транспорт,11,155.81765390126853,205.77704663540615,8.740173811026086,10.115932782403146,10.693252514982944,-77.84890217232011,0.9553549044560143,-0.3021166036681828,2051,12
catboost_logdiff_ds_g123,Транспорт,12,175.88645912223294,233.77452826789468,9.204809337539062,10.424901744216806,11.021852352218243,-87.1946934573452,0.9493471678860591,-0.5717030794944777,2047,12
catboost_logdiff_ds_g123r,Все категории,1,1065.8666899414593,1558.0052002873488,4.225822074609198,4.568711568994005,4.397161735467205,811.2232969259621,0.97219083529036,-0.19305426696178918,2053,12
catboost_logdiff_ds_g123r,Все категории,2,2063.1849481783233,2270.3089172048785,7.450321864474472,7.743760287491626,8.106880626116455,-1988.542711271451,0.9453317285761345,-3.088004409416988,2056,12
catboost_logdiff_ds_g123r,Все категории,3,2557.4204834498605,2802.488082725403,8.375394280752666,8.833956400488763,9.309507237756595,-2483.0660767747518,0.9337042292184986,-3.9453806356971395,2053,12
catboost_logdiff_ds_g123r,Все категории,4,3758.9619166574594,3930.8910764058614,12.551350149873706,13.76845350131162,14.940460745918758,-3730.5542987376302,0.8623173713046604,-10.10855705348946,2053,12
catboost_logdiff_ds_g123r,Все категории,5,3393.309103415901,3648.4477415834335,11.183876053867731,12.229877197293646,13.167229507980716,-3320.6460206124766,0.8865640462767329,-6.262646293363807,2051,12
catboost_logdiff_ds_g123r,Все категории,6,3700.763819880381,3967.4496212824924,11.948290708867116,12.936164477414852,13.974650338601599,-3656.232971083219,0.8738616932770631,-8.048322760220456,2046,12
catboost_logdiff_ds_g123r,Все категории,7,3376.684180914495,3795.811808972415,10.6282704875795,11.531777559135984,12.383652874104914,-3292.526140971062,0.8943364159192133,-4.953650535387449,2046,12
catboost_logdiff_ds_g123r,Все категории,8,3313.347463104184,3723.7866355402775,10.343840400712196,11.393071409054171,12.240787395327457,-3226.1987301107083,0.8974272256609024,-5.437818191441511,2043,12
catboost_logdiff_ds_g123r,Все категории,9,2705.2761543884235,3093.7858475064486,9.113263406950985,10.18850169174974,10.888685308122584,-2571.854104233731,0.9206175942585607,-4.1833092580257665,2050,12
catboost_logdiff_ds_g123r,Все категории,10,3302.5319606218873,3677.276088500618,10.587064538456104,11.940719345036394,12.909545519542846,-3248.9243333898935,0.8949793946597567,-6.223656817908831,2049,12
catboost_logdiff_ds_g123r,Все категории,11,2758.11407374675,3155.6013537143735,8.84227738657708,9.86462729284208,10.537592103677545,-2656.1067044144047,0.9241891547390009,-3.5665159984158015,2051,12
catboost_logdiff_ds_g123r,Все категории,12,3397.9762634127824,3830.090936627296,9.221399907951108,10.004645732392333,10.676840333757836,-3337.494658116082,0.9166209889833584,-6.030036951276587,2047,12
catboost_logdiff_ds_g123r,Здоровье,1,231.71032016857885,252.89068604260234,16.906970589915286,17.497671327177905,19.400685829374222,-227.14402212170526,0.8042710120886036,-2.948026849043523,2053,12
catboost_logdiff_ds_g123r,Здоровье,2,356.79665353648954,389.99913595099235,24.11010056106693,24.26958036954099,27.856002034737905,-355.9925307117049,0.6270671819715303,-7.537042550564182,2056,12
catboost_logdiff_ds_g123r,Здоровье,3,333.3246553416529,372.3347984429702,21.457856866089248,21.44143602207514,24.212750624917135,-330.67398818677447,0.7242192625304997,-4.842620527302074,2053,12
catboost_logdiff_ds_g123r,Здоровье,4,415.8954630114584,469.3879525443477,27.592171005391997,27.43244176026777,32.05518379244701,-414.6818390619426,0.5843836929912452,-7.4057683243425245,2053,12
catboost_logdiff_ds_g123r,Здоровье,5,331.1956196969027,385.7494844032916,23.582020260945114,22.98799862076011,26.12967511548699,-325.97421798981867,0.6725123240978421,-3.818351925191818,2051,12
catboost_logdiff_ds_g123r,Здоровье,6,265.82186318825086,340.01124851275586,20.002292424738723,18.215138598796695,20.322632574549818,-260.21859246529164,0.7399944162017418,-2.053237056985772,2046,12
catboost_logdiff_ds_g123r,Здоровье,7,296.43058412421993,389.59963816812785,21.38617579129788,19.084345551035483,21.517304283182423,-291.02477880321385,0.6702310904766253,-1.8561130846060339,2046,12
catboost_logdiff_ds_g123r,Здоровье,8,210.27277092001717,312.81442984128506,15.009135404496831,12.679393340066344,13.723366863257924,-185.63993913902044,0.7885947870538508,-0.45614068224602966,2043,12
catboost_logdiff_ds_g123r,Здоровье,9,246.91189543440666,325.3948752302345,16.750880140916237,15.043462083229404,16.40082072491385,-236.41014019932828,0.7621847596288988,-1.1541983204904063,2050,12
catboost_logdiff_ds_g123r,Здоровье,10,315.1910399112917,404.8961416412244,19.70712230970457,17.660119136178988,19.68049817682907,-307.3115360221023,0.7043122694722999,-2.0159919089406215,2049,12
catboost_logdiff_ds_g123r,Здоровье,11,242.79418648342588,332.92170281678824,15.7725127455218,13.67397785343623,14.863064320570702,-228.02844073734477,0.7955773653223273,-0.9109387003741438,2051,12
catboost_logdiff_ds_g123r,Здоровье,12,211.1299722823388,305.30007604564463,13.342582328132574,11.470809416208612,12.152926454186757,-180.52127735129974,0.8396406829947429,-0.6168529638052755,2047,12
catboost_logdiff_ds_g123r,Маркетплейсы,1,1515.8078921932938,1684.0125472348248,45.259493366415995,44.16989414224452,35.67450109491822,1511.9547622965438,-1.1209680633316301,-11.757160699795595,2053,12
catboost_logdiff_ds_g123r,Маркетплейсы,2,954.0103598444937,1167.5171624729956,23.932357692027647,22.149531161620985,19.67429503029717,895.6209824051522,0.13470891258581097,-2.3494408633824824,2056,12
catboost_logdiff_ds_g123r,Маркетплейсы,3,878.1880026943619,1097.8193147331538,19.97242696288237,18.4068382077135,16.907058334701844,757.4141463345981,0.38663999704893326,-1.8587510216409138,2053,12
catboost_logdiff_ds_g123r,Маркетплейсы,4,965.3816158366587,1246.8034867280614,22.50832744271481,20.550920380793464,18.856199215683322,767.2030680584423,0.13810642667450534,-1.7499542906055834,2053,12
catboost_logdiff_ds_g123r,Маркетплейсы,5,1043.2066940038658,1340.479366399256,24.564072439812453,22.55423472486062,20.579056714656254,821.2803463495238,0.03399906843294542,-2.078771637548112,2051,12
catboost_logdiff_ds_g123r,Маркетплейсы,6,1040.3617323773572,1343.406484149768,24.02492611576624,22.305783858763444,20.908902538496644,715.1005237035899,-0.019800666371988074,-1.7137251074887923,2046,12
catboost_logdiff_ds_g123r,Маркетплейсы,7,1204.1926397603843,1541.2392309342367,26.564608065044148,24.609816278856066,22.695230134333354,862.6763237304272,-0.30405765573393184,-1.6357155692168965,2046,12
catboost_logdiff_ds_g123r,Маркетплейсы,8,1243.889912960631,1656.293097020414,25.474441347164294,23.810833845407377,22.399110637205727,752.9007421841691,-0.5841512654297314,-1.598762435446818,2043,12
catboost_logdiff_ds_g123r,Маркетплейсы,9,1399.5687003456328,1854.6503394759554,29.693209147545872,27.251982390570657,24.99686440223164,972.844268988017,-0.8311402144820568,-2.419238518409424,2050,12
catboost_logdiff_ds_g123r,Маркетплейсы,10,1582.977509706541,2076.4999070378035,29.9187657238653,27.594910138627345,25.458356748035634,1067.4214542554337,-0.8750803753149594,-2.5478690566296045,2049,12
catboost_logdiff_ds_g123r,Маркетплейсы,11,1986.8599491844218,2591.191878834441,34.48792201827837,31.36243237240741,27.805917207117233,1497.0495165472887,-1.490524983529983,-2.604439162666961,2051,12
catboost_logdiff_ds_g123r,Маркетплейсы,12,2009.8194825654643,2623.9123995451587,29.355558345719157,27.139948434615835,25.23685391573932,1329.2428769580313,-0.7263392134261073,-2.6298562479966088,2047,12
catboost_logdiff_ds_g123r,Общественное питание,1,224.80939204919125,337.5366133474875,22.29432064656007,21.553082087771575,24.18471561837735,-220.2286728528116,0.9063676874425423,-1.3992802040801533,2053,12
catboost_logdiff_ds_g123r,Общественное питание,2,280.9069894403704,426.57412643585,26.92645708812132,25.46509946849862,29.42568280847645,-276.8606461236988,0.8595974924628348,-2.0695052541652053,2056,12
catboost_logdiff_ds_g123r,Общественное питание,3,319.90183132954417,486.75853703626655,26.910540138681398,24.72178365910572,28.39299383556374,-312.38242083661476,0.856439746479827,-1.550082992945463,2053,12
catboost_logdiff_ds_g123r,Общественное питание,4,373.4718333550594,569.3675220535196,32.09169536352562,29.391481492928445,35.026463219477435,-368.86298614659205,0.8001869446100542,-2.3701305239756536,2053,12
catboost_logdiff_ds_g123r,Общественное питание,5,369.11490436403585,573.5557104479051,29.99488375942423,26.93855898632684,31.146109842670572,-354.93435567314253,0.8195355048861365,-1.208863449974217,2051,12
catboost_logdiff_ds_g123r,Общественное питание,6,397.5391349114434,616.4268536294815,29.083798478195266,25.089119337766213,28.99779994116108,-381.2923814611418,0.8161862901044369,-0.8730655066925985,2046,12
catboost_logdiff_ds_g123r,Общественное питание,7,390.2127356378417,594.464603222141,26.645637980389758,23.465648358039477,26.694076737778538,-368.2565993826506,0.8358903104756843,-0.28192846724816767,2046,12
catboost_logdiff_ds_g123r,Общественное питание,8,396.82386925263484,596.7102953674927,26.815474398905465,23.816602813172082,27.219882416542834,-376.40708174283196,0.8355463036604056,-0.2662622161040955,2043,12
catboost_logdiff_ds_g123r,Общественное питание,9,326.83185753169226,492.9868512383726,25.168526666405057,23.489117098582028,26.877865334740736,-310.5173424247633,0.8663346402822498,-0.37247850099294233,2050,12
catboost_logdiff_ds_g123r,Общественное питание,10,347.220435232155,533.2492207332285,27.14947364408782,24.833891739939776,28.897263748973245,-333.75563393775013,0.8417247033049051,-0.6379400467898684,2049,12
catboost_logdiff_ds_g123r,Общественное питание,11,309.20052796770733,485.2344094209636,25.72511065568306,23.55835777257285,26.761987521234982,-292.8897556061276,0.8594814479230649,-0.5804765674748127,2051,12
catboost_logdiff_ds_g123r,Общественное питание,12,316.34043162528843,498.69364534895743,25.333520997340297,23.77161899858185,26.74183979761936,-297.51971401731475,0.867017814775383,-0.6642253561958382,2047,12
catboost_logdiff_ds_g123r,Продовольствие,1,410.16667981042866,574.1450705424452,3.802082168823396,3.690145474205249,3.6876127078841914,-120.53715000869603,0.9503629062908611,0.14175404445749562,2053,12
catboost_logdiff_ds_g123r,Продовольствие,2,1138.3087902521972,1203.3903124925148,9.772662046466971,9.807895431294577,10.354471510975214,-1131.6865781882348,0.7976097351814431,-6.894357653478965,2056,12
catboost_logdiff_ds_g123r,Продовольствие,3,1394.2602424790693,1475.049236290898,10.89374053738036,10.890274908325463,11.564462103050985,-1391.7087223314577,0.7561941033108173,-8.215320818532046,2053,12
catboost_logdiff_ds_g123r,Продовольствие,4,1493.1673380391642,1562.0942515443517,11.867897809629874,12.037175529148742,12.869305101725658,-1491.8103922718153,0.7032555376085687,-9.497677224445162,2053,12
catboost_logdiff_ds_g123r,Продовольствие,5,1604.8707131013757,1685.8129722230715,12.28728746566978,12.416525200056089,13.305564690375807,-1599.098332288986,0.6751521084260512,-8.48667945180627,2051,12
catboost_logdiff_ds_g123r,Продовольствие,6,1526.7796690942616,1622.1665761755596,11.582223816842024,11.667199152320167,12.457532603279342,-1514.4475214099225,0.6990188221886608,-6.640286511124539,2046,12
catboost_logdiff_ds_g123r,Продовольствие,7,1400.7880426934753,1523.2417490798287,10.478826318555354,10.482514174860182,11.133939627368907,-1380.2485351903208,0.7465956816150168,-4.629493098699599,2046,12
catboost_logdiff_ds_g123r,Продовольствие,8,905.4398297300654,1053.820507637332,7.170049321881508,7.085220698653444,7.3903040255834345,-856.7186395426124,0.8739207253833291,-1.802427583269698,2043,12
catboost_logdiff_ds_g123r,Продовольствие,9,719.8913204710411,860.7302327529509,6.127834154469292,6.0972727263581055,6.331787398453241,-655.470645334029,0.9090985299785561,-0.9546516850107123,2050,12
catboost_logdiff_ds_g123r,Продовольствие,10,1001.5649721097329,1123.1809877268477,8.211922734759284,8.260492047868572,8.681919523241941,-971.2360252542546,0.8546177011500776,-2.545585743046237,2049,12
catboost_logdiff_ds_g123r,Продовольствие,11,887.5250602480116,1033.2569403201678,7.3285166116217075,7.1632780295131955,7.485821032956531,-837.4592516405335,0.8818791197420995,-1.297268663606423,2051,12
catboost_logdiff_ds_g123r,Продовольствие,12,901.2755038099704,1120.6414128496594,6.111301601788208,5.912147661510793,6.111996806725443,-769.5222117035831,0.9115083941773079,-0.8497148146199611,2047,12
catboost_logdiff_ds_g123r,Транспорт,1,81.69179221910937,109.42179825135852,5.29024827270894,6.781535624435612,6.383839927654429,58.01698269902145,0.9825381443157,-0.22307845993918707,2053,12
catboost_logdiff_ds_g123r,Транспорт,2,99.15661617013099,129.14758773796996,6.394548353099075,7.46811190297767,7.103104212487159,69.79791179324405,0.9747549222188353,-0.17699994949448827,2056,12
catboost_logdiff_ds_g123r,Транспорт,3,98.5438437809838,140.16193026590696,5.95459821743249,6.6851607574296255,6.511737492868214,35.87522107466306,0.9742068816494943,0.12957633450906403,2053,12
catboost_logdiff_ds_g123r,Транспорт,4,120.58632350257874,157.6271890389464,7.095462055090583,8.360833778070784,8.831718330235788,-79.59111357061606,0.9711081150903705,-0.08985837930091245,2053,12
catboost_logdiff_ds_g123r,Транспорт,5,129.30799371297329,167.7606232242153,7.440974579808338,8.479404948208504,8.815121907698014,-66.16383421610374,0.9679060398851856,0.1548548157981594,2051,12
catboost_logdiff_ds_g123r,Транспорт,6,146.7542269941813,189.69675939507823,7.988721902774295,9.139662895121216,9.55487191288951,-88.67527741894756,0.9635571007032245,0.06657714177150453,2046,12
catboost_logdiff_ds_g123r,Транспорт,7,168.34880223009378,222.20672609434695,8.456490415240363,9.534175992828695,9.902365190284726,-89.73742414107292,0.9551392988533766,0.07444027027025313,2046,12
catboost_logdiff_ds_g123r,Транспорт,8,165.73431338458016,225.35949352693672,8.298607089814142,9.220583518050777,9.480218530181283,-40.9639200997475,0.9532382185845855,0.06946923253023696,2043,12
catboost_logdiff_ds_g123r,Транспорт,9,155.49470726250965,202.78611097125878,8.450586474840767,9.531826859692433,9.832360690871933,-44.828490354069416,0.9559302306262176,-0.0644795342103619,2050,12
catboost_logdiff_ds_g123r,Транспорт,10,176.27115866415954,225.06216431376268,9.403316603306887,10.758951810871569,11.389832100781343,-80.53905249925462,0.9491611847121636,-0.33199990376934396,2049,12
catboost_logdiff_ds_g123r,Транспорт,11,155.27213642870242,204.7151631435686,8.709574470015596,10.039845788167703,10.583997272983027,-73.44090379318294,0.9558144850540493,-0.27857339227899347,2051,12
catboost_logdiff_ds_g123r,Транспорт,12,175.712606607469,234.48446526999274,9.195710972268422,10.390481343876786,10.96815517365275,-84.75707188029077,0.9490390511463624,-0.5668216817909646,2047,12
mean_3,Все категории,1,3616.227877902257,3965.027619045658,14.337192199988763,14.648897194251386,13.553092370499156,3615.943416138984,0.8198880317647135,-5.792753280848627,2053,12
mean_3,Все категории,2,1282.9788424124513,1695.5520067154418,4.6329367271331385,4.402596412655155,4.274995014749097,1134.3569228274966,0.9695078770352057,-0.40986407404232583,2056,12
mean_3,Все категории,3,1819.945202143205,2081.7145957104017,5.960208239495903,6.086170751771538,6.315002765463956,-1709.4785679493425,0.9634202570130386,-1.4208126638438068,2053,12
mean_3,Все категории,4,1333.1967040103912,1630.9232002218619,4.451606326879637,4.670000882163194,4.810152524006215,-1123.248985224874,0.9762991374941039,-0.4634265959358048,2053,12
mean_3,Все категории,5,1706.8604745652528,2092.4013864818708,5.62557533281222,5.69689358264022,5.901709669462251,-1507.212335446124,0.9626900673591798,-0.6979748696242534,2051,12
mean_3,Все категории,6,2238.777044639948,2700.8945686242237,7.228118373293298,7.233482054614447,7.574401425924041,-2164.951368523949,0.9415426103917556,-1.937939944165299,2046,12
mean_3,Все категории,7,3036.1704952753344,3754.2140910362846,9.556487826899794,9.364423785854473,9.92176057672979,-2969.9484359726293,0.896639628052892,-2.871773410908581,2046,12
mean_3,Все категории,8,3314.8741230217006,3894.407498948445,10.348606434672956,10.238789668180313,10.884770390379655,-3265.034018600098,0.887812283074136,-3.8301823004701347,2043,12
mean_3,Все категории,9,1220.338130081301,1676.4872289951213,4.110952889942976,4.095444200684748,4.180402096743968,-864.8828455284554,0.9766898934664311,0.05086574992021187,2050,12
mean_3,Все категории,10,2482.998617211648,2858.2888532723296,7.959852295984095,7.894475698365048,8.280033648738149,-2408.131202212461,0.9365496133338684,-1.8360456231287698,2049,12
mean_3,Все категории,11,2499.3080611084024,2921.1294801449535,8.012567486306882,7.831983452357018,8.211679808095932,-2397.1201852754753,0.9350366089381148,-1.577437656161086,2051,12
mean_3,Все категории,12,8112.633528741248,8699.98358974317,22.015997839855363,21.944118171660826,24.733373124659714,-8112.633528741248,0.5697950178574387,-29.690927622071886,2047,12
mean_3,Здоровье,1,97.29436596850138,135.54263925946972,7.099178762504561,7.098790276810073,6.894507143495343,44.60155869459329,0.9437734602879564,0.2400897239091465,2053,12
mean_3,Здоровье,2,88.88626783398185,117.16545733749429,6.006381603453188,6.87778979764518,7.181957214300431,-65.41123540856032,0.9663409001545236,0.017892517168703548,2056,12
mean_3,Здоровье,3,153.6350868647508,186.19751792561115,9.890296594393721,10.08449174550993,10.709954649768921,-138.81839584348108,0.9310325055225641,-0.5039338994487104,2053,12
mean_3,Здоровье,4,125.35078746549765,168.83863532489568,8.316273369188611,8.21612772888747,8.540046433388069,-92.81628511121934,0.9462259968636182,0.06445870708389889,2053,12
mean_3,Здоровье,5,86.27766942954656,124.46125349497179,6.143202468730353,7.369744042475311,7.027559414955693,10.58207378514546,0.9659079910432129,0.24172124309609533,2051,12
mean_3,Здоровье,6,117.38595633756925,148.9744207157313,8.832938709630756,10.88113982886055,10.077997339986746,85.42505702183122,0.9500863285891389,-0.09891586935039953,2046,12
mean_3,Здоровье,7,108.38954056695992,174.93426281651517,7.819833352727324,8.835734785424291,8.586232759851924,28.28429455848811,0.9335151984441625,0.18218639884861754,2046,12
mean_3,Здоровье,8,106.5087289933105,179.10998473524435,7.602524702685002,8.628774972066394,8.407004818401784,13.905857399249472,0.9306922613572894,0.21978840355884788,2043,12
mean_3,Здоровье,9,103.23642276422765,144.8428897461905,7.003716612592006,7.863635902598013,7.960225972765032,-59.55056910569106,0.9528792030602423,0.20045769435894667,2050,12
mean_3,Здоровье,10,201.6351065560436,243.81317404114483,12.60710871714063,12.463752864603308,13.406874760132393,-185.82674475353832,0.8927838115313215,-0.5528481027440362,2049,12
mean_3,Здоровье,11,154.71932390703722,199.02932060089728,10.050951151867245,9.902174289788485,10.392246920152129,-125.80172273687631,0.9269401312276822,-0.08037733457973717,2051,12
mean_3,Здоровье,12,187.1004722357922,238.30424003361594,11.824012609162676,11.422848185304293,12.169473684769496,-169.03696466373555,0.9022978969357861,-0.5540835585464194,2047,12
mean_3,Маркетплейсы,1,913.7337230069816,1029.029817783391,27.28256369959019,26.83423829324375,23.31442582164808,904.5698977106673,0.20804701194330966,-4.650058528314676,2053,12
mean_3,Маркетплейсы,2,414.55650129701684,532.197576028194,10.399587771995403,10.102585895144788,9.805826940895262,267.7035505836576,0.8202034028464252,-0.08261692209478921,2056,12
mean_3,Маркетплейсы,3,295.2567786978406,393.52290445415235,6.714956740180942,7.609483892764839,8.111385012419559,-140.6250202955025,0.9211877461572804,-0.1361443035860026,2053,12
mean_3,Маркетплейсы,4,342.28064620880014,448.3432722400867,7.980434613409118,8.41313962935641,8.842725612138095,-36.13841532716349,0.8885502905606064,0.04846478655005182,2053,12
mean_3,Маркетплейсы,5,344.8689257272875,458.9144316063667,8.120524266664646,8.48982025432923,8.806598003666886,10.332764505119469,0.8867806365088641,0.096627083701597,2051,12
mean_3,Маркетплейсы,6,383.67839687194527,521.2348344662114,8.860230869891947,9.268540633414897,9.87815475368404,-75.99853372434018,0.8464791820966426,0.0451495058106981,2046,12
mean_3,Маркетплейсы,7,453.8670576735093,630.0629402729007,10.012351929945925,10.790093316075115,11.929304864280233,-277.50635386119257,0.782066218783461,-0.14500102531889758,2046,12
mean_3,Маркетплейсы,8,714.364007178985,867.1842761168018,14.629931324141443,15.847895809037817,18.02791923252026,-621.3416544297602,0.5657447735342016,-0.8136038300368913,2043,12
mean_3,Маркетплейсы,9,556.4665040650406,712.1831651560624,11.805977287664696,12.870159298128742,14.440453281148818,-459.76878048780486,0.7299893336322154,-0.4831919831536131,2050,12
mean_3,Маркетплейсы,10,1042.5457946965998,1163.0905795307883,19.704438753340835,21.056204831592357,24.39917855674748,-1039.4833251992843,0.41172128809041186,-2.0719896304029093,2049,12
mean_3,Маркетплейсы,11,1509.489192263936,1611.1740828559796,26.20171873291934,27.416794792582134,32.680599859790135,-1508.528685194214,0.037109971019828936,-3.456042200978521,2051,12
mean_3,Маркетплейсы,12,2592.7943331704932,2693.0643823013816,37.870528167375966,38.77831568327542,48.85746131310113,-2592.7943331704932,-0.8185319852858581,-9.311364916912785,2047,12
mean_3,Общественное питание,1,52.675921415814265,81.48233651626605,5.22386485587842,12.937575678176305,11.202637524371678,23.511446663419385,0.9945435406948725,-0.07865722182776458,2053,12
mean_3,Общественное питание,2,59.27229247730221,90.76603107914282,5.681570412627429,11.499618060434438,10.623974739227224,-12.472033073929959,0.9936432880073641,0.12394743349731618,2056,12
mean_3,Общественное питание,3,175.80865400227307,261.447401702958,14.789242751730331,16.750877246635795,17.71258553794554,-157.20027601883424,0.9585832780363676,-0.25209232140322246,2053,12
mean_3,Общественное питание,4,156.07217080694917,238.82502203172692,13.410972697100448,15.592690998086589,16.28877684081021,-133.4970774476376,0.9648441070907425,-0.0028159752861365295,2053,12
mean_3,Общественное питание,5,222.7715748415407,338.4579476714161,18.10278429094759,19.44941996974449,20.917248374209777,-198.52860393304078,0.9371580014965412,-0.14826248926915198,2051,12
mean_3,Общественное питание,6,344.3755294884327,492.22184327789785,25.194371121963872,26.598594242568407,31.380119144220377,-335.2481264255458,0.882797583600732,-1.0667882195176057,2046,12
mean_3,Общественное питание,7,437.6498859563376,600.3840168941338,29.88487908855566,32.83735757705862,40.46185150746083,-433.0229716520039,0.8326057761777925,-1.7225797546873305,2046,12
mean_3,Общественное питание,8,452.06248980257794,608.1515138743835,30.54823830239139,33.71269742297363,41.84427352179856,-447.41589166258774,0.8291794319972816,-1.8844280017165422,2043,12
mean_3,Общественное питание,9,277.28211382113824,386.43152557295264,21.35282138200913,24.354135125611897,28.542511026531265,-266.3658536585366,0.9178716120738746,-0.6156975436492671,2050,12
mean_3,Общественное питание,10,261.00146412884334,365.05113061715195,20.40793585981355,23.175253207056112,26.952999501656695,-248.1332357247438,0.9258245699231467,-0.5232878379547479,2049,12
mean_3,Общественное питание,11,194.4657890459938,284.9663411550748,16.179318886788526,19.033044871040506,20.895260025821337,-171.2571103526735,0.9515361828033941,-0.09191689555747895,2051,12
mean_3,Общественное питание,12,240.69092981599087,365.1615772145393,19.275274719184278,20.781086490883535,22.80145203524321,-219.03126526624325,0.928698946753379,-0.2723128239747288,2047,12
mean_3,Продовольствие,1,1306.9715051144667,1421.5251557779407,12.11510661239637,12.2870619558022,11.498654158746909,1306.925718460789,0.6957208716872244,-4.698815781733649,2053,12
mean_3,Продовольствие,2,486.62208171206225,606.3100178215475,4.177770732901568,4.09072819608499,3.984617226415403,442.1896887159533,0.9486233143031729,-0.5071135945664302,2056,12
mean_3,Продовольствие,3,738.5958759538887,821.603688617949,5.770853668117572,5.790271799087871,5.9964626884102445,-711.0785841857445,0.9243592316177542,-1.815325962983919,2053,12
mean_3,Продовольствие,4,541.8887806462088,635.0750876839736,4.307005992603265,4.439937877133899,4.570450156529188,-490.2029550251665,0.9509523381998013,-0.7220377949403733,2053,12
mean_3,Продовольствие,5,1004.8555176336746,1087.520392222439,7.693422595250164,7.798042134308404,8.159542026334266,-971.0310417682432,0.8648126397046413,-2.857450053242146,2051,12
mean_3,Продовольствие,6,1130.0298142717497,1230.9852695258007,8.572460384126176,8.721754000110165,9.180058597113408,-1103.805799934832,0.8266778163973224,-3.443494109174786,2046,12
mean_3,Продовольствие,7,1319.4188660801565,1442.8947786445137,9.870130753325286,9.967553731106245,10.563007967568549,-1295.0798305637013,0.7726234531526245,-4.177996775526173,2046,12
mean_3,Продовольствие,8,667.3114700603687,827.0336397111674,5.284344686732553,5.289688145367009,5.454097232135922,-574.5048131832274,0.9223472644473211,-0.7346446746695767,2043,12
mean_3,Продовольствие,9,462.40634146341466,633.9806994830941,3.936079366269684,4.173536570334485,4.041189338365952,334.329918699187,0.9506838840918586,-0.09030367511015247,2050,12
mean_3,Продовольствие,10,407.78493574101185,546.9305245132376,3.34346595373653,3.4742749947753517,3.4764411334682173,-127.64795835366846,0.9655272151044976,0.14811815313020338,2049,12
mean_3,Продовольствие,11,456.12644238582806,585.0413675126463,3.7663502246239147,3.904229032830965,3.8702287747557262,-37.294327970095885,0.9621310587044487,0.19870964638009392,2051,12
mean_3,Продовольствие,12,2703.0042338381368,2933.0234953997756,18.328329166902822,17.81463028348246,19.681147688290928,-2700.029962546817,0.39382248238054574,-13.922235860796846,2047,12
mean_3,Транспорт,1,130.7019808410456,158.8051543724507,8.464080779736342,9.717624049906725,9.057216085561853,115.83999025815879,0.9632199862099081,-0.8795420584357501,2053,12
mean_3,Транспорт,2,133.8548962386511,167.05141420889416,8.632218800493414,9.363978052417934,8.846942800333158,108.74562256809338,0.9577618946623714,-0.6125718582564257,2056,12
mean_3,Транспорт,3,82.45981490501705,127.79800734513694,4.98270666135696,6.078275190778372,6.017084204848696,5.508361747036854,0.978556687450721,0.12463713897606954,2053,12
mean_3,Транспорт,4,109.8181522974509,152.5389320075182,6.4618483253621894,7.080215267450182,7.156031502789604,-40.57639227147265,0.9729432881056123,0.1858091060275172,2053,12
mean_3,Транспорт,5,136.264911425321,184.68129295197187,7.841307508693647,8.372433240288267,8.509074736603031,-76.43490980009751,0.9611054223763991,0.18074019914349226,2051,12
mean_3,Транспорт,6,212.1607201042685,273.2760179747001,11.549193684707548,11.457606163888371,12.156457545919686,-175.34677419354838,0.9243696450332277,-0.3174395789326887,2046,12
mean_3,Транспорт,7,343.8754480286738,419.10138463933004,17.27353798642673,16.9181512884224,18.78450490908309,-328.67831541218635,0.8404158160951364,-1.5026225218709834,2046,12
mean_3,Транспорт,8,347.4241311796378,420.72587876786423,17.39613420601474,17.098848254856712,19.054513211551875,-335.2701093163648,0.837018697583914,-1.7420073344504958,2043,12
mean_3,Транспорт,9,206.74739837398374,255.89921561062962,11.235988665891677,11.521503923444712,12.294687228671199,-178.0859349593496,0.9298217920011246,-0.37409037641769993,2050,12
mean_3,Транспорт,10,237.20977712705385,292.34659336446606,12.654132715921621,12.60456982428639,13.571896078374385,-213.6900113876688,0.9142199066405223,-0.5474373166934199,2049,12
mean_3,Транспорт,11,165.44165447749066,215.98852403110965,9.28000633762089,9.471108373149551,9.867388446989347,-121.79302779132131,0.9508140288784689,0.016231657199423877,2051,12
mean_3,Транспорт,12,266.4268848721706,338.7021591630659,13.943135190063103,13.4414730279277,14.600561137148688,-251.62668946425663,0.8936725779074628,-1.1384918871353396,2047,12
naive,Все категории,1,7074.541159279103,7549.697817747961,28.048303301658624,28.830242457467353,25.02923362454645,7074.541159279103,0.34700587105192016,-21.302458018457024,2053,12
naive,Все категории,2,4590.869163424125,5082.888770799826,16.57798683312425,16.5583939176037,15.189524062689735,4589.4606031128405,0.7259772349406592,-12.119261116645738,2056,12
naive,Все категории,3,1845.177788602046,2371.4660426468645,6.0428434032022995,6.244940058121511,5.974719334050784,1745.002435460302,0.9525285938746461,-1.5142629544887698,2053,12
naive,Все категории,4,2393.4870920603994,2942.9399856078326,7.991965664383889,8.07085211612221,7.656604159371222,2332.0813443740867,0.9228279670630926,-2.3785773272750763,2053,12
naive,Все категории,5,2114.1248171623597,2730.2586417058474,6.967862106563792,7.162467592863407,6.813852498988999,1946.960507069722,0.9364753841426748,-1.3937382085500003,2051,12
naive,Все категории,6,1662.4364613880743,2113.530873254378,5.367344443593022,5.56348927758232,5.369263232128597,1291.2282502443793,0.9642034355578023,-0.7246262705073903,2046,12
naive,Все категории,7,1377.9657869012708,2094.8795258347163,4.337211394715239,4.4412045695071605,4.364493931583448,482.5268817204301,0.9678164388919346,-0.11000382148151377,2046,12
naive,Все категории,8,1226.523250122369,1895.5422587543244,3.829046270668675,3.9328014626724217,3.893248039211096,177.22124326970143,0.9734215612583247,-0.024329530378803588,2043,12
naive,Все категории,9,2681.639024390244,3121.4002166007363,9.033637010396859,9.658049003441956,9.085972430327871,2591.7756097560978,0.9191941744033815,-2.612236511889086,2050,12
naive,Все категории,10,1430.911176183504,1985.6401213605795,4.587131677054297,5.020912001216004,4.841054299473067,1042.5880917520742,0.9693787355103428,-0.4354079945849818,2049,12
naive,Все категории,11,1459.3588493417844,2099.374250877204,4.678579423260235,5.163406911980877,4.953679462813535,1055.6757679180887,0.9664458065592854,-0.43427633081018757,2051,12
naive,Все категории,12,4687.088422081094,5252.354643716548,12.719781832886454,12.40827128335265,13.317541443692201,-4674.847093307279,0.8431997851463812,-8.497769216352383,2047,12
naive,Здоровье,1,144.01363857769118,193.54110614077777,10.508096273865881,10.423630370951189,9.764977003452206,110.79980516317585,0.8853600682256709,-0.39035403084828557,2053,12
naive,Здоровье,2,91.20476653696498,124.46464541064842,6.163051337671728,7.008514135678114,7.041690087202615,0.6308365758754864,0.9620164698139142,-0.006221048016071151,2056,12
naive,Здоровье,3,117.14028251339504,155.5185048732551,7.540934566779363,8.140904835455416,8.439742826933967,-72.84218217243058,0.9518871793227142,-0.2260591027505663,2053,12
naive,Здоровье,4,114.7501217730151,156.27732727421076,7.612982743125898,8.350900642721424,8.319405407811525,-27.0004870920604,0.9539297411938047,-0.010372710939642094,2053,12
naive,Здоровье,5,122.83715260848366,167.43293846633486,8.746336151006645,10.610561730439889,9.739316773538999,76.54753778644563,0.9383027153067779,-0.22733792626220461,2051,12
naive,Здоровье,6,175.82502443792765,212.66905758652564,13.230302098603703,15.744118843617166,14.169540077039077,151.4633431085044,0.8982803825786917,-0.9184418579937621,2046,12
naive,Здоровье,7,156.5288367546432,216.6056166339651,11.292873942586736,12.821433044575329,11.974152873149697,94.31182795698925,0.898067647837178,-0.29249521923503363,2046,12
naive,Здоровье,8,150.37249143416545,218.5175960750529,10.733491907544341,12.267838361031835,11.463048460982495,80.05433186490455,0.8968391377119447,-0.21986477259334114,2043,12
naive,Здоровье,9,113.24731707317073,164.02855343342944,7.6828709740190115,8.917753514942632,8.605685924303282,6.620975609756098,0.9395693625957378,-0.0009210944782240826,2050,12
naive,Здоровье,10,166.47535383113714,211.2146447552868,10.408767204882821,10.821647458486803,11.315247652689024,-119.76378721327477,0.919537396344906,-0.3362334740313324,2049,12
naive,Здоровье,11,134.31984397854706,179.396001633935,8.725750322991175,9.429286025711978,9.4854418153735,-59.716235982447586,0.9406432265393618,-0.06250252427056924,2051,12
naive,Здоровье,12,152.32779677576943,196.81007511514625,9.626516535633378,9.769363564664312,10.11249738796862,-103.44259892525648,0.9333599940611722,-0.24442348101098976,2047,12
naive,Маркетплейсы,1,1500.765708718948,1646.7166005695485,44.81035887735585,44.509649595695464,35.887771086669865,1497.3541159279105,-1.028061919226115,-11.914972482634925,2053,12
naive,Маркетплейсы,2,899.6960116731517,1068.3987420816782,22.569824890541337,21.684006655367522,19.30677251129851,860.2144941634241,0.27539317601014535,-2.1422314953640726,2056,12
naive,Маркетплейсы,3,547.997564539698,688.0266808706393,12.462982072206353,12.14375794711372,11.475675373840327,452.43692157817827,0.7590847579001943,-0.4826972766767095,2053,12
naive,Маркетплейсы,4,665.0828056502679,830.3960788879247,15.506719125909452,15.05210317798215,14.00425008771078,556.4203604481247,0.6176789539789106,-0.5566326007301488,2053,12
naive,Маркетплейсы,5,708.5392491467577,872.1025138905839,16.68375935711431,16.38552670897548,15.114824471120672,603.0765480253535,0.5911233072024105,-0.6609172299558479,2051,12
naive,Маркетплейсы,6,682.6231671554252,861.23556444126,15.763720103721472,15.251373975067564,14.37845930483902,516.272238514174,0.5808742705891761,-0.33470397155992004,2046,12
naive,Маркетплейсы,7,597.5488758553274,800.9832261311716,13.181986970094012,12.781953332437393,12.575495325463034,314.75024437927664,0.6477885050981944,-0.061930144385525354,2046,12
naive,Маркетплейсы,8,559.6970141948116,767.4934643480268,11.46240403730967,11.431646828027318,12.028625354225756,-27.972099853157122,0.6598490903580132,-0.04162966648745292,2043,12
naive,Маркетплейсы,9,520.4560975609756,721.4343507478865,11.041981542726068,10.871095172024498,11.12804337463277,131.98975609756098,0.7229289515210561,-8.309961096775176e-05,2050,12
naive,Маркетплейсы,10,595.692532942899,789.5712763205323,11.258773562663245,12.181326341892966,13.615511875423694,-446.621766715471,0.7288942441841929,-0.4684870019569032,2049,12
naive,Маркетплейсы,11,939.7484154071185,1131.682230096909,16.312156315126895,17.574157560471964,20.23234322610119,-916.1579717211116,0.5249484405555993,-1.2910481829978622,2051,12
naive,Маркетплейсы,12,2000.7884709330729,2112.9738309682443,29.223650783276216,30.1743264413475,36.36576204735403,-1999.447972642892,-0.11947837480549617,-5.070480880775182,2047,12
naive,Общественное питание,1,59.28981977593765,93.12342735769886,5.879764368884906,11.882452930969302,10.848589402698877,32.64685825621042,0.9928730801325165,-0.0443981314254529,2053,12
naive,Общественное питание,2,54.684338521400775,89.02160855591899,5.241790165215392,11.329276245385413,10.996585363240092,-3.404182879377432,0.9938852779743318,-0.005305311096812204,2056,12
naive,Общественное питание,3,166.9201169020945,238.4019934322683,14.041527949928806,17.422328956785467,19.231426764151756,-148.02484169508037,0.9655628797349244,-0.5730307920606306,2053,12
naive,Общественное питание,4,149.2450073063809,217.15229750508954,12.824328051668985,16.972525340990106,18.214879927232673,-124.46858256210423,0.9709352001130656,-0.3713567430779301,2053,12
naive,Общественное питание,5,216.85275475377864,316.5076625277978,17.621811243188247,21.280233549051378,23.1512174828694,-189.27401267674304,0.9450447722706807,-0.521524978328207,2051,12
naive,Общественное питание,6,338.58944281524924,469.71672792926876,24.77106341713193,28.256962457165518,33.815210253416204,-325.7262952101662,0.8932699151486484,-1.6059300420193305,2046,12
naive,Общественное питание,7,431.13196480938416,580.9035181169966,29.439803489004664,34.28028319318923,42.82745367573321,-423.3841642228739,0.843292335901968,-2.3038814307829196,2046,12
naive,Общественное питание,8,444.995105237396,588.0787134191314,30.07065798386926,35.00130860086978,44.097234390806406,-437.65100342633383,0.8402696304296332,-2.4799549422308997,2043,12
naive,Общественное питание,9,272.6087804878049,369.37051264246327,20.992939345082558,26.13544143362002,31.15381533570068,-256.86341463414635,0.9249634870411122,-1.1689722123090234,2050,12
naive,Общественное питание,10,256.9721815519766,348.7384795034577,20.09288268314183,25.0560609882669,29.626935285828598,-238.75353831137141,0.9323056508938921,-1.0627371292519547,2049,12
naive,Общественное питание,11,189.49975621647977,268.2848770087393,15.766150950437696,20.58438619117667,23.096798574105463,-161.8410531448074,0.9570440952803084,-0.500406593721276,2051,12
naive,Общественное питание,12,232.47777234978017,341.19978832711774,18.617539645435713,21.970508202213864,24.54150475392967,-209.96873473375672,0.9377494342303312,-0.6064427612747654,2047,12
naive,Продовольствие,1,3143.725767169995,3309.929405848401,29.14108890695852,29.398806897089724,25.4840369796347,3143.725767169995,-0.6496831059138888,-25.49020581794633,2053,12
naive,Продовольствие,2,2276.9479571984434,2429.688536967887,19.548160458432143,19.415733329267244,17.617510707938656,2276.9479571984434,0.174954678217773,-21.187557856181456,2056,12
naive,Продовольствие,3,1136.909887968826,1299.3896356487414,8.882991106375531,8.881366772372862,8.435073483098915,1122.6117876278618,0.8108048636024309,-4.418574527458171,2053,12
naive,Продовольствие,4,1356.087676570872,1529.7042122929104,10.778369949865183,10.643738024484794,10.028375947772926,1345.283000487092,0.7154339536436046,-5.774790471545087,2053,12
naive,Продовольствие,5,902.4797659678205,1131.2185591526638,6.909608497352229,6.827189195935053,6.527865168689528,862.5880058508045,0.8537303194364617,-1.8836876029044678,2051,12
naive,Продовольствие,6,811.0620723362658,1031.9932324241793,6.152755791359951,6.054318213123145,5.817408208023364,729.0601173020527,0.8781846160437223,-1.1752463153020853,2046,12
naive,Продовольствие,7,686.7336265884653,914.1751194773126,5.137224320030022,5.1028015739716714,4.932697167489548,535.3602150537635,0.908728510655318,-0.5547410491142168,2046,12
naive,Продовольствие,8,1269.2442486539403,1448.0212707648225,10.0509648079832,10.194196650682855,9.583908642463602,1251.508565834557,0.7619543263290223,-3.630625577555013,2043,12
naive,Продовольствие,9,2170.1653658536584,2319.002325328297,18.47280703568275,18.814282242835954,17.046844066517362,2168.257073170732,0.3401592096024829,-10.480407871560063,2050,12
naive,Продовольствие,10,1707.5646656905808,1853.38647746396,14.000478740504319,14.312564283203228,13.222933952588821,1702.2244997559785,0.6041378081747792,-6.685817315155123,2049,12
naive,Продовольствие,11,1797.930277913213,1953.870441481865,14.845960411013795,15.398171874105767,14.134330705629658,1793.3412969283277,0.577621757987833,-6.403146028149831,2051,12
naive,Продовольствие,12,995.7386419149975,1205.894027665757,6.751830191293635,6.436967133717472,6.68094810642008,-874.5349291646312,0.8975322902374062,-1.1309332778854584,2047,12
naive,Транспорт,1,174.2503653190453,208.69565000317667,11.284214351369647,12.501831554357762,11.475158298101016,167.89186556259133,0.9364801457655054,-1.7199568020272915,2053,12
naive,Транспорт,2,174.90077821011673,214.60808547255286,11.279242136906932,11.970826463876229,11.110732881788511,160.72373540856032,0.9302898084391286,-1.2700133995468623,2056,12
naive,Транспорт,3,108.0004870920604,154.67945108015752,6.526024186244738,7.6589894411668356,7.339057251546831,57.47540185094983,0.9685870331779056,-0.12820126507689933,2053,12
naive,Транспорт,4,118.55479785679493,170.8400165412852,6.975924343724052,8.105499384513827,7.902464620192454,11.4169508037019,0.9660614858998468,-0.010755004266157497,2053,12
naive,Транспорт,5,139.06630911750366,202.221307823592,8.002512770773075,9.011222882469324,8.83483215929586,-24.440273037542664,0.9533666004550343,-0.00822664720175137,2051,12
naive,Транспорт,6,195.79716520039102,258.1726113726088,10.658426228496293,10.958367211068978,11.344029307958223,-123.18426197458456,0.9324984986482079,-0.2562922011972668,2046,12
naive,Транспорт,7,308.3440860215054,385.2149696273815,15.48872800694507,15.363134697470404,16.84885148896849,-276.4848484848485,0.8651788687114554,-1.1810152051742908,2046,12
naive,Транспорт,8,310.2961331375428,384.22186176765837,15.537070373724463,15.4636657060739,17.022948638206476,-283.2946647087616,0.8640737061195451,-1.3515560832196072,2043,12
naive,Транспорт,9,185.7087804878049,238.91616347734137,10.092614316447492,10.807151828049133,11.281161792266865,-125.95170731707317,0.9388276127170239,-0.307179371231425,2050,12
naive,Транспорт,10,213.06686188384577,269.3423656004971,11.366210871649717,11.759478706350174,12.418917540985408,-161.78818936066375,0.9271885332284008,-0.4534810830036229,2049,12
naive,Транспорт,11,155.58117991223793,206.17239996673865,8.726909436199703,9.56608063263889,9.671083395940219,-69.71087274500243,0.9551831890648712,-0.06343781362093837,2051,12
naive,Транспорт,12,229.04592085979482,294.42288941492194,11.986846750893342,11.906774520294789,12.72114577958552,-200.30630190522717,0.9196561765985892,-0.7666905737262872,2047,12
