territory_id,МО,регион,month,score,shock,z: Все категории,z: Здоровье,z: Маркетплейсы,z: Общественное питание,z: Продовольствие,z: Транспорт,"откл., %: Все категории","откл., %: Здоровье","откл., %: Маркетплейсы","откл., %: Общественное питание","откл., %: Продовольствие","откл., %: Транспорт",region,warmup,главное,масштаб,новости,статей,к обычному,тип события,заголовки
1955,Анивский,Сахалинская область,2024-05,7.632666585730618,True,-7.1201575003930655,-1.4490728100182586,1.5165801164867636,-5.933289553779829,-19.06225442313747,-7.750880904541267,-17.247388026042564,-17.75758810983276,8.61004539401918,-31.886876519140177,-20.06537049852739,-37.12246411875626,65,False,Продовольствие -20%; Транспорт -37%; Все категории -17%,МО,объяснения не найдено,0.0,0.5078238169489452,,
1305,Волгореченск,Костромская область,2024-06,6.04674078079648,True,-6.177697403680905,-4.1126356102298365,-1.3298956427839124,-0.46814502686439685,-7.3899597655511835,-0.12373944744487154,-14.383722472963074,-34.10550199955051,-4.982669853878454,-1.760129330207461,-19.89043913530357,0.46025216512703154,44,False,Продовольствие -20%; Все категории -14%; Здоровье -34%,МО,объяснения не найдено,0.0,1.0,,
1955,Анивский,Сахалинская область,2024-02,5.913805794130908,True,8.826483566192428,1.1684567823589145,-0.6769821285496866,3.259733522367172,4.102356423522467,4.908153286774244,19.182008942357026,17.924945651401476,10.658518651657738,40.74613533557107,10.242462309379059,17.001254171430777,65,False,Все категории +19%; Транспорт +17%; Продовольствие +10%,МО,объяснения не найдено,0.0,0.5078238169489452,,
1956,Долинский,Сахалинская область,2024-01,5.381616939520975,True,-2.0263116592239867,-4.4521652201273865,-1.2907357701390543,-5.625284367342624,-2.294295481385115,-5.951453880392258,-15.008426115185793,-34.54506184755326,-44.51209487051165,-47.70671805974047,-4.112221126468069,-30.13402226192854,65,False,Транспорт -30%; Общественное питание -48%; Здоровье -35%,МО,новостной всплеск,10.0,5.075713907489942,,В Долинском районе Сахалинской области объявили предупреждение о лавинной опасности | На Сахалине из-за циклона частично нарушилось автомобильное сообщение | На Сахалине пьяный подросток поругался с бездомным и сжёг его заживо | На Сахалине пьяный подросток заживо сжег бездомного мужчину
1425,Становлянский,Липецкая область,2024-11,5.3358614896568275,True,-0.7472865978805691,0.29020260879192455,1.4331455111705222,-10.594324260091417,-4.040233868924825,-2.2562721012327134,-6.051394936703406,0.5543407897731634,7.782959040147243,-104.99899240841756,-14.619574580963057,-24.451449266995798,48,False,Общественное питание -105%; Продовольствие -15%; Транспорт -24%,МО,объяснения не найдено,1.0,2.005964373908641,,Получившего смертельное ранение на СВО россиянина похоронят спустя два года после гибели
891,Коряжма,Архангельская область,2024-05,5.240272040220207,True,-3.0922352765995083,-2.1122281118031974,0.1676899222049775,-2.9697532154531805,-10.392199250159695,-1.8927990071865455,-11.476704282929479,-14.013556260399252,-2.926584933108003,-14.753604476240154,-17.338148162369617,-13.443994843793842,29,False,Продовольствие -17%; Все категории -11%; Общественное питание -15%,МО,объяснения не найдено,0.0,1.0,,
708,Мотыгинский,Красноярский край,2024-02,5.1831678229895815,True,3.5470042515896756,-0.24923642331515408,10.37424831827324,0.7591842335842449,1.5790769009417853,2.003608465501293,18.487611791860516,2.9942742652794565,75.02956782053252,14.858610841127422,9.437678712525974,13.30305939623889,24,False,Маркетплейсы +75%; Все категории +18%; Транспорт +13%,МО,объяснения не найдено,0.0,1.0,,
1305,Волгореченск,Костромская область,2024-05,5.172987898441489,True,-3.2334411613578227,-1.257743931616142,-0.43409158635115763,-2.413352367206924,-8.764213094156844,0.40363310474504854,-11.183486910872409,-10.98347673678106,-6.045404012717888,-20.69583178169743,-15.190758929550444,1.8185959772006557,44,False,Продовольствие -15%; Все категории -11%; Общественное питание -21%,МО,объяснения не найдено,0.0,1.0,,
218,Прионежский,Республика Карелия,2024-09,5.125389945802792,True,-3.065777537271713,-8.753221747499055,1.235282190926572,-2.1839390507090384,-1.7836731184882575,-2.3259136659749906,-11.313653248734207,-28.80815538135783,1.0133144631879891,-20.330642305559994,-12.246316758810734,-21.028365358826388,10,False,Здоровье -29%; Все категории -11%; Транспорт -21%,МО,объяснения не найдено,0.0,0.5179905266766754,,
408,Пий-Хемский,Республика Тыва,2024-10,5.066597906687628,True,-4.658495368015357,0.24109731440695117,-7.373925955998767,-0.41964182534350347,0.9668918997393169,0.029186395911436975,-11.949435659420567,7.956597410683624,-27.4459669183901,-2.279147662678149,7.597130796171643,1.4250400202614184,17,False,Маркетплейсы -27%; Все категории -12%,МО,объяснения не найдено,1.0,0.6799178177341071,,Два стула и Великий Туран. Турция замахнулась на региональное лидерство
853,Николаевский,Хабаровский край,2024-08,5.054829620741518,True,6.441370503299653,3.3713926148138103,0.44092805677483843,2.840733073426034,4.878151838573457,1.5533916935870284,7.490310250493838,8.326182974738813,8.185945440006263,15.529174192155057,1.9950986379943185,5.611334313944571,27,False,Все категории +7%; Продовольствие +2%; Здоровье +8%,МО,объяснения не найдено,1.0,0.5198020186736737,,Медведя встретили в центре города в Хабаровском крае
316,Булунский,Республика Саха (Якутия),2024-01,4.98394299052876,True,-1.851198947332691,-0.7540960340372299,0.8767592132973825,-8.624204015751976,-2.663104514643879,0.054016948067513886,-20.227912968672467,-32.08739645065407,-4.342182802331021,-34.48749242786152,-13.922900341046374,-2.6324509959206757,14,False,Общественное питание -34%; Продовольствие -14%,МО,объяснения не найдено,0.0,1.0,,
1118,Ильинский,Ивановская область,2024-12,4.979415558092701,True,-2.8836579299642207,-0.05977918424422285,-12.483002043981582,-1.4381428452978542,-1.3912969620616995,0.13611496969637604,-13.463476708643068,-2.1287896894223874,-24.265578429941577,-62.695506342500295,-10.128516675062043,2.4038981424096093,37,False,Маркетплейсы -24%; Все категории -13%,МО,объяснения не найдено,0.0,1.0,,
1959,Макаровский,Сахалинская область,2024-05,4.8531240416532535,True,-6.134888194162569,-3.4424825862979933,0.046520327774000815,-0.796061873174108,-4.601184562607573,-3.176750494480654,-17.83909804622744,-25.14884809575804,-2.1650919063332847,-16.061654531697638,-9.342413630032173,-38.70536578599727,65,False,Все категории -18%; Продовольствие -9%; Здоровье -25%,МО,нет в словаре упоминаний,,,,
47,Бурзянский,Республика Башкортостан,2024-05,4.819500030954004,True,-1.5328377512043494,-0.6394031911233313,-1.8256916699102688,-12.100715939105983,0.34570580179121474,-0.32550127523517547,-8.634801258024037,-4.572112137275034,-20.257477565656423,-64.79176872092869,1.9217434013590124,-4.244590523546565,2,False,Общественное питание -65%,МО,объяснения не найдено,1.0,1.9129874380152891,,Башкирских чиновников обязали выделить инвалиду жилье
336,Сунтарский,Республика Саха (Якутия),2024-01,4.81735463021225,True,-1.7288053548954996,-1.622328248094969,1.0055960630211622,-0.8570108684938856,-8.307729693810888,1.2183837287319328,-13.491843454232988,-15.620082196822876,-3.3258220094115125,-20.350413284363626,-15.302099206664318,6.924665977181686,14,False,Продовольствие -15%,МО,объяснения не найдено,0.0,1.0,,
1066,Тотемский,Вологодская область,2024-08,4.813017138318747,True,-0.20171473581086816,0.19751161809832896,0.9178173673226273,-13.079314452825274,2.1358887812583176,-0.9661164709002731,0.2761801709097423,-6.959757576094429,10.082194400561894,-57.04715914063375,-0.22254750854076746,-7.875239187249779,35,False,Общественное питание -57%; Продовольствие -0%,МО,объяснения не найдено,0.0,1.0,,
2250,Ямальский,Ямало-Ненецкий автономный округ,2024-09,4.812153224440114,True,-2.5917103339983285,-7.522128891500415,-0.8800535158340761,-2.484163933956285,-0.4514781718000275,-1.7694149022480716,-16.529729929870403,-40.065531019888304,-7.2771648904122035,-25.318935989887287,-4.191886156521332,-35.92331200022652,89,False,Здоровье -40%; Все категории -17%; Общественное питание -25%,МО,объяснения не найдено,1.0,2.065975689335015,,Белый медведь разгромил жилище оленевода и едва не растерзал мужчину и ребенка - Газета.Ru | Новости
54,Зилаирский,Республика Башкортостан,2024-05,4.751893010186714,True,-0.44952139544506653,-0.19054380184915626,-0.3722944469913298,-9.259674789136257,1.2110523403031417,1.5082485769362861,-4.231136749443587,-2.1403926322095144,-5.304998017920477,-72.6066893340713,4.930852532776124,7.813875801095003,2,False,Общественное питание -73%,МО,объяснения не найдено,0.0,1.0,,
1959,Макаровский,Сахалинская область,2024-01,4.7399457434515835,True,-1.0389835977874604,-1.523735553212225,-0.500875032032462,-9.21382470200872,-0.8772026244149833,-0.08057877099242909,-6.251094544629715,-18.608239418326914,-34.90145266336512,-85.12313877627233,1.5854346330490896,-3.818750558169346,65,False,Общественное питание -85%,МО,нет в словаре упоминаний,,,,
1774,Невельский,Псковская область,2024-06,4.71733566480883,True,-4.18947778068704,-1.9311067444067624,-4.150876379486149,0.23812171225192702,-5.654933114616444,0.006901177917972191,-9.658915487473791,-20.37572010241826,-17.640273723519126,6.586484161160487,-14.997238726207376,1.4439775046246857,60,False,Продовольствие -15%; Все категории -10%; Маркетплейсы -18%,МО,объяснения не найдено,0.0,0.5161032194510499,,
1068,Устюженский,Вологодская область,2024-08,4.68253269774861,True,-1.108478041897328,-0.4252447680354775,-0.7413594452666656,-12.470188414900838,0.42106516023350876,0.35237055125709926,-1.766305958522689,-12.222204228956167,2.92050644474938,-51.830728832288905,-3.2022326694785956,1.371935966642734,35,False,Общественное питание -52%,МО,объяснения не найдено,0.0,1.0,,
402,Барун-Хемчикский,Республика Тыва,2024-12,4.6617638738101395,True,-0.21691784762158955,-11.508736015371726,-0.09546227414803926,-0.1305723826571919,1.0132824298842762,0.41156525943253763,-1.8758095535513613,-119.2267744451823,7.711427672478312,-3.693829311658756,3.861350290714279,4.869012036078271,17,False,Здоровье -119%,МО,объяснения не найдено,0.0,1.0,,
35,Баймакский,Республика Башкортостан,2024-05,4.545699071369591,True,-0.3413346370439637,-0.18109146738260404,0.9459462687405538,-7.539233938350965,2.0628323785087135,0.47641967708502175,-4.333791467724318,-1.3027250412766092,4.406275108135521,-52.751748504623976,6.406331161088952,2.040642148810113,2,False,Общественное питание -53%; Продовольствие +6%,МО,объяснения не найдено,3.0,1.3074282261937809,,В Башкирии загорелась кровля магазина | Пятиклассник из Башкирии поверил блогеру и лишил мать 41 тыс. рублей | Житель Башкирии погиб во время пожара в собственном доме
335,Среднеколымский,Республика Саха (Якутия),2024-09,4.541190415111331,True,-2.3467585521179433,-3.7880118560979676,-1.8880357846641045,-6.481583266071616,-0.3163561458961309,1.1168317106431147,-17.88153272097097,-19.054364618412833,-29.293658116045084,-53.13523226625634,-4.679420118835596,16.215699341697977,14,False,Общественное питание -53%; Здоровье -19%; Все категории -18%,МО,объяснения не найдено,0.0,1.0,,
2054,Ершичский,Смоленская область,2024-04,4.532906472805446,True,0.24694890167678216,1.248102949034612,0.4933005356308716,-7.6743662731775695,-0.6502992642780956,-1.0899837647094823,8.66535363644045,23.92631167816688,26.363750488289973,-68.7588122034049,0.35499064839154215,0.563254879967044,67,False,Общественное питание -69%,МО,объяснения не найдено,0.0,,,
1568,Сосновский,Нижегородская область,2024-12,4.531636337113513,True,-0.1474753686101317,-0.04891215439926861,-0.034039060588088706,-7.769872983701626,0.8316937456791623,0.7379315727657172,0.06083543990484762,-2.2400348989298857,8.084814305543805,-99.55273172588151,1.7900631941384353,4.512412133975029,52,False,Общественное питание -100%,МО,нет в словаре упоминаний,,,,
1124,Пестяковский,Ивановская область,2024-06,4.459205822240283,True,-1.4463767703629198,0.45821059631228284,0.4136958800537003,-0.9573048133784351,-0.13977702023792296,-7.5262946678788705,-4.746841129278128,5.9192507424398135,6.636422583969059,-32.34836425529956,-0.8590208912323911,-55.28106970275425,37,False,Транспорт -55%,МО,объяснения не найдено,0.0,1.0,,
1066,Тотемский,Вологодская область,2024-05,4.436041548255127,True,1.324518021522676,-0.5230502556025914,0.9363390506599305,7.464201027147755,-1.251698402381851,0.5151767216413103,0.5389669479880738,-3.803501719934345,0.758265164075053,66.73024139738543,-2.5397769123909506,1.9232694382124653,35,False,Общественное питание +67%,МО,объяснения не найдено,0.0,1.0,,
1319,Межевской,Костромская область,2024-06,4.430511813242264,True,-1.5761974191540853,-1.9324841522018694,-7.257369460016375,0.12433769917780442,-1.3811192443156883,0.9235830930579136,-2.088744016735913,-13.740137594758725,-32.886650420955476,6.630813702157881,-5.555761897489406,12.714640241578657,44,False,Маркетплейсы -33%,МО,объяснения не найдено,0.0,,,
2142,Торопецкий,Тверская область,2024-09,4.400661498775538,True,-2.917038393261252,-0.5039307495342981,-6.162277545267681,0.30928025846781043,-0.9544471579774688,3.4080327679976365,-8.49632467408218,-0.19346951845715937,-25.851310322369365,4.010666439160762,-5.381874914636491,20.492304637413195,69,False,Маркетплейсы -26%; Транспорт +20%; Все категории -8%,МО,новостной всплеск,80.0,86.27805514680122,атаки и теракты,"В Торопецком округе Тверской области ввели запрет на посещение лесов | Названо число пострадавших при атаке беспилотников на Торопец - Газета.Ru | Новости | Атака ВСУ на Торопец: удар по суперхранилищу для ракет, что известно о складе боеприпасов, что говорили в Минобороны | Трое детей и 14 взрослых пострадали из-за атаки БПЛА на Торопец"
15,Улаганский,Республика Алтай,2024-11,4.367787327856286,True,-5.54872575711793,-0.15380610788274296,-3.590725949832454,-0.42954069429664427,-1.2399970994153777,-3.68117210269253,-15.926555582515373,-4.828284080196726,-27.496077137154344,-12.978696845757678,-9.594388290626336,-14.944259923793252,4,False,Все категории -16%; Транспорт -15%; Маркетплейсы -27%,МО,объяснения не найдено,0.0,1.0,,
413,Тоджинский,Республика Тыва,2024-01,4.365932147999789,True,-2.123720809686521,1.4222431615794076,-0.8754885286510936,0.45168530306356736,-6.929963842260051,2.156270305478169,-17.674166592113703,12.040719953076426,-62.87505641547458,-0.1878456740882644,-22.50348359323349,5.433413692605093,17,False,Продовольствие -23%; Транспорт +5%; Все категории -18%,регион,объяснения не найдено,0.0,1.0,,
796,Ольгинский,Приморский край,2024-11,4.354767921424562,True,4.312137620690085,-0.2603386661628044,6.159181451145582,0.3634632117167053,-0.11389194838506458,0.6016343910538119,4.97539673734676,-6.1019370689038,23.390670634582946,-0.03430202100913065,-0.40478680100758746,3.151886483921377,25,False,Маркетплейсы +23%; Все категории +5%,МО,объяснения не найдено,3.0,4.017893121725923,,"Ещё одна авария на ЛЭП оставила без света населённые пункты Приморья | В Ольгинском районе Приморья впервые за много лет заметили леопарда | Ученые определили леопарда, впервые с 70-х годов отмеченного в Приморье"
1151,Казачинско-Ленский,Иркутская область,2024-02,4.291678829479647,True,2.9825777125346633,-0.18342242616211063,6.758904834227152,-0.10673236463218798,0.2046742354421672,0.8227740617956469,13.427709903119409,2.8467073569957333,42.638429921649596,2.1084134630899,7.240506714478808,3.3573435948344477,38,False,Маркетплейсы +43%; Все категории +13%,МО,объяснения не найдено,0.0,1.0,,
1059,Кичменгско-Городецкий,Вологодская область,2024-08,4.2842220920954155,True,-1.0028070546973789,0.6087771985488111,0.6408088272076607,-7.3213005937263995,0.6757310341740266,-0.08022892058476198,-2.1857764254109022,-2.8127761044779263,11.27043532601421,-27.25861650978338,-2.4284935066054496,-2.2798585065423356,35,False,Общественное питание -27%,МО,объяснения не найдено,0.0,1.0,,
790,Кировский,Приморский край,2024-05,4.168267554477353,True,-1.912396912787673,-1.3837425245428505,-1.6279408938976947,-2.875680975978765,-6.3400757242701635,0.9724361259487934,-9.683577652509541,-14.289043674724846,-14.555148957841526,-23.969279336106908,-10.65293772525838,1.7711717354679672,25,False,Продовольствие -11%; Общественное питание -24%,МО,нет в словаре упоминаний,,,,
2596,Краснопахорское,Москва,2024-07,4.159995959030504,True,-0.5176121095358094,0.4214928799769073,3.471184299111489,-6.288436163341965,-0.3226320237323487,-0.5684622402809528,-3.6720965005576547,4.890851038728055,8.572595313816239,-23.89687033494629,-2.3590427419117344,-0.7034945292385874,77,False,Общественное питание -24%; Маркетплейсы +9%,МО,нет в словаре упоминаний,,,,
1511,Полярные Зори,Мурманская область,2024-07,4.15554812396346,True,-1.465643952973165,1.2698305481238705,-3.7959062484424715,-5.93706359978376,0.9845385656207766,-0.6609683942235648,-4.601652237873069,4.759375237857144,-8.032962791935748,-19.314377115164692,0.36654819360885244,-0.1197330434154462,51,False,Общественное питание -19%; Маркетплейсы -8%,МО,объяснения не найдено,0.0,1.0,,
2134,Рамешковский,Тверская область,2024-05,4.121796553620569,True,-1.8292298045392774,1.9204939012014772,-6.628215595916319,0.47235011581741865,-0.22983320102049293,-0.19816785227996792,-8.941481843785468,24.94217521293515,-33.58072883845702,10.749762602240981,-1.3725768338187851,-4.706297571598551,69,False,Маркетплейсы -34%,МО,объяснения не найдено,0.0,1.0,,
847,Ванинский,Хабаровский край,2024-02,4.109070309448584,True,4.526001660945341,-0.13978731783186332,0.9743058211724684,4.437152106118777,3.237339428645282,-0.8586108918459161,11.159523369648689,3.471032196155365,20.59791822892917,20.325857932564688,11.374182778833957,-4.180936468934692,27,False,Все категории +11%; Общественное питание +20%; Продовольствие +11%,МО,объяснения не найдено,1.0,1.0138668023263846,,Прокуратура утвердила обвинение чиновнику из Хабаровского края
907,Мезенский,Архангельская область,2024-11,4.087634882267898,True,-0.8992700436092597,-0.28962815446611506,-6.986386677057745,0.6155292696419024,0.5081634642117269,-0.7127351397938237,-8.395297498495557,-6.618325757103715,-55.67771574267718,10.260280950170017,-0.009262729733695366,-24.10450281866924,29,False,Маркетплейсы -56%,МО,объяснения не найдено,0.0,1.0,,
1774,Невельский,Псковская область,2024-05,4.069825573512627,True,-1.9051747735795586,-1.6379658516025504,2.4085825407360475,0.4188056547842799,-6.345035840957064,-1.831303908408167,-7.893146543194482,-11.168470534050961,9.280149002382961,7.794113890833451,-19.09732849506815,-13.05154427892231,60,False,Продовольствие -19%; Маркетплейсы +9%,МО,объяснения не найдено,0.0,0.5161032194510499,,
1305,Волгореченск,Костромская область,2024-11,4.042544230125318,True,4.21284268020201,2.0953479169294593,1.6209254862816447,2.188673103457418,5.146664760369471,1.2977790969745586,9.73647261938261,10.226866865826121,1.1795806389999564,21.073835891425176,13.039479217573302,7.777003325597068,44,False,Продовольствие +13%; Все категории +10%; Общественное питание +21%,МО,объяснения не найдено,2.0,3.011928747817282,,В Костромской области нашли на улице двух замерзающих детей - Газета.Ru | Новости | В Костромской области нашли на улице двух замерзающих детей
708,Мотыгинский,Красноярский край,2024-04,4.026350989775095,True,0.5208523900839366,-0.6554827412766631,6.662139908700154,-0.25187509041672945,-1.1198592312965436,-1.7309864290552006,5.297368689608192,-0.227966836296942,42.095518060397346,11.314495093771441,-2.878350595425566,-5.6959481195486585,24,False,Маркетплейсы +42%,МО,объяснения не найдено,0.0,1.0,,
2151,Верхнекетский,Томская область,2024-09,4.019547017834485,True,-1.3448134929833329,-2.165056021070479,-0.8264867306457063,-6.478756345199496,-0.40867868291679654,-0.5749822276981295,-5.287548146519282,-13.70821719074434,-7.116176990052814,-59.77376885008686,-3.159355505113337,-3.2077827990366696,70,False,Общественное питание -60%; Здоровье -14%,МО,объяснения не найдено,0.0,1.0,,
1059,Кичменгско-Городецкий,Вологодская область,2024-03,3.9870659634122854,True,0.2596296300599976,0.6889473433982212,0.030538173104794536,6.276966621233327,-2.790358051964706,-0.7097020273048409,3.3594987975866184,6.276358926430293,4.500638958343008,74.99303997744974,-5.519315700619268,-1.1801143636010196,35,False,Общественное питание +75%; Продовольствие -6%,МО,объяснения не найдено,1.0,1.9034965859126909,,"Россиянку, избившую саму себя в такси, оштрафовали - Газета.Ru | Новости"
2148,Александровский,Томская область,2024-06,3.963355507627733,True,1.6820823572285823,0.5887082582273423,6.448189569074058,0.5419377923571003,1.6480324221064675,-0.013871242923347108,6.866957366317894,5.491199584805651,31.20736405762153,15.167280806278418,4.377474427657021,1.196877655044175,70,False,Маркетплейсы +31%,МО,нет в словаре упоминаний,,,,
1963,Поронайский,Сахалинская область,2024-01,3.9478443792227833,True,-2.919870005796671,-2.387315801574052,-0.5917253704774563,-3.8684475076427947,-4.8234737231111735,-0.9128414565713284,-12.555954813997674,-20.861022114886666,-36.006875499403314,-26.543850048021955,-6.637535375811843,-7.1468435882865196,65,False,Продовольствие -7%; Общественное питание -27%; Все категории -13%,МО,объяснения не найдено,0.0,1.0,,
191,Юстинский,Республика Калмыкия,2024-07,3.9475995337947385,True,0.7818820340545187,6.47406046294138,0.44541777072721356,-1.4314127979181994,1.6697978206311521,-0.5991118845178264,0.6313247276035575,43.77286630648754,8.922350210493066,-28.17184057611439,3.814681969196307,-3.1752572458408936,8,False,Здоровье +44%,МО,объяснения не найдено,0.0,,,
2148,Александровский,Томская область,2024-11,3.943732563952854,True,-1.7949220590572457,-0.5551416430766785,-6.471864563436581,-1.2459147171415803,-0.1786746180575103,0.1165347013410429,-5.8538855863026305,-13.384607648819562,-30.83611422654834,-12.323001031731506,-1.923018522495337,-1.2530766870121008,70,False,Маркетплейсы -31%,МО,нет в словаре упоминаний,,,,
578,Балейский,Забайкальский край,2024-06,3.9415582032700693,True,-0.20718351877533153,-0.3040457648993503,-0.5144582982410669,-4.0943924886980545,5.438651121110876,-0.47675993644062914,0.7841009681950516,-5.077794197711893,-0.6479467613286163,-46.30138581224762,10.879290274484017,-1.7336407099846347,75,False,Продовольствие +11%; Общественное питание -46%,МО,объяснения не найдено,1.0,1.9861802428168867,,Минеральный источник Ургучан в Забайкалье официально признали лечебным
2334,Рыбинский,Ярославская область,2024-10,3.937532707406109,True,4.604958872569825,3.009362086926631,3.9163230055965412,2.818101756301223,-1.5716706259889401,3.157413397617482,13.059792417227566,46.83713449708088,16.158381209701766,29.80170433952667,-0.9050536127601483,34.72369609249611,76,False,Все категории +13%; Маркетплейсы +16%; Транспорт +35%,МО,нет в словаре упоминаний,,,,
2880,Лабытнанги,Ямало-Ненецкий автономный округ,2024-10,3.9333502522972545,True,0.9620570603148686,-1.6186906682111215,1.64345867886854,-6.4103523080434925,-1.3020734200725965,-0.45283646723049836,1.6600366690433637,-3.586190302168014,9.58926202332815,-6.458261492658066,2.0405245979362787,-1.6442333351419103,89,False,Общественное питание -6%,МО,объяснения не найдено,7.0,0.8983829964358623,,Решением конкурсной комиссии главой Лабытнанги избрана Марина Трескова | В Лабытнанги будут судить мастера МУП за взятки от осужденных | Мэром Лабытнанги в третий раз избрана Марина Трескова | На Ямале утвердили расписание вертолета Салехард — Лабытнанги
1179,Пионерский,Калининградская область,2024-03,3.9124031257187317,True,-2.9836708300734642,-1.374586968784259,-0.6423434333362247,-0.7907406384949289,-1.4100809748030423,-5.918621011406993,-7.469679556203227,-11.112193544186097,-2.1298536609536733,-6.059443246331811,-6.314429040002553,-27.085733643326588,39,False,Транспорт -27%; Все категории -7%,МО,нет в словаре упоминаний,,,,
1301,Юрьянский,Кировская область,2024-08,3.909687124602522,True,-3.6441290569506086,-0.8459080190123447,-4.762952271982504,-3.1450865342551673,-2.5887920494004817,0.8795492476675246,-11.610415931621235,-17.665475980424485,-18.725874074168786,-28.532702992389385,-11.081119411377896,5.435618521533775,43,False,Маркетплейсы -19%; Все категории -12%; Общественное питание -29%,МО,объяснения не найдено,0.0,1.0,,
1960,Невельский,Сахалинская область,2024-08,3.9089061752881795,True,-0.9143910683365065,-5.708573888250763,-3.0318331343913196,-2.0146499619553424,0.7963657402317476,-0.7173458774139679,-1.790391507616856,-27.252371461449048,-9.764312558970822,-24.37734244420879,-2.663546636736989,-6.612643921782442,65,False,Здоровье -27%; Маркетплейсы -10%; Общественное питание -24%,МО,новостной всплеск,10.0,4.0215222192160995,ЧС и стихия,В Невельском округе Сахалина ввели режим ЧС из-за схода селей | В Невельском районе Сахалина объявили режим ЧС | Режим ЧС ввели в одном районе Сахалинской области из-за непогоды - Газета.Ru | Новости | Новости регионов: в одном из муниципалитетов Сахалина из-за схода селей ввели режим ЧС
621,Тигильский,Камчатский край,2024-01,3.907477123141317,True,-0.8133222848569845,-0.6622320121060454,0.31554758846379893,-6.640962395661611,-1.020420366310688,-0.611875240004321,-15.061769854349407,-19.73576780181774,-15.404391817169843,-47.856311452015845,-8.699271425578214,-22.814418743276114,41,False,Общественное питание -48%,МО,объяснения не найдено,1.0,1.9081282681247425,,На Камчатке за год планируют капитально отремонтировать семь школ
870,Архаринский,Амурская область,2024-07,3.893715490529991,True,-1.3170373471735874,1.1476158488451513,-2.0755998582043365,-0.5761605278099985,-1.2605965883110333,6.280155954938677,-5.051511554904719,8.355765919537166,-13.679299961633276,-6.740441563404152,-6.794152188442477,36.805022375179306,28,False,Транспорт +37%; Маркетплейсы -14%,МО,объяснения не найдено,0.0,1.0,,
616,Усть-Камчатский,Камчатский край,2024-11,3.8613133452029245,True,-1.1317125167206405,-4.264316020917954,1.4661125431695243,-2.357241504453573,-4.581292788389597,1.1371557055471313,-3.3130916654436535,-16.076811913324477,1.1098137692321814,-11.900905577652065,-7.282908271245199,5.936187793287998,41,False,Продовольствие -7%; Здоровье -16%; Общественное питание -12%,МО,объяснения не найдено,7.0,2.812013297286041,,Повышенная готовность введена в Усть-Камчатском районе Камчатки из-за извержения Шивелуча | После извержения Шивелуча дороги покрыло 10-сантиметровым слоем пепла | Вулканическая пыль от Шивелуча накрыла камчатские посёлки | В российском регионе из-за вулкана отменили занятия в садах и школах
1965,Смирныховский,Сахалинская область,2024-03,3.8608040192627944,True,-2.6512125277529046,-0.8747669748206796,-1.5712624015410324,-0.2013679572603254,-1.7315611228178993,-5.8898379634841325,-2.5831782796818787,-8.840024007190548,-9.958820993027405,3.2703699543012594,-4.635698339968242,-21.431135524505923,65,False,Транспорт -21%; Все категории -3%,МО,нет в словаре упоминаний,,,,
1970,Южно-Курильский,Сахалинская область,2024-07,3.854613383069765,True,0.21430575690284082,0.7383935027274726,6.510651468760349,-0.5347751674945415,-0.39352741881411496,1.2807519222238852,-0.6264584314035648,11.950233484766292,16.155319021781082,-9.702914253591183,-2.925312031294176,17.878165785212733,65,False,Маркетплейсы +16%,МО,нет в словаре упоминаний,,,,
1512,Ковдорский,Мурманская область,2024-04,3.8443084499201836,True,5.10647564679885,1.3082526023919898,3.357482683950602,2.3543938103724833,2.6433574994701914,1.8028332614984628,7.3827160332112705,13.997223688232124,20.815544099345516,7.260765160598903,2.9053604130027786,15.897566906041712,51,False,Все категории +7%; Маркетплейсы +21%; Продовольствие +3%,МО,объяснения не найдено,0.0,1.0,,
1153,Качугский,Иркутская область,2024-04,3.816528458974283,True,0.714690504521427,-0.06944605930339383,0.15768676621140668,-6.407543082417917,1.4081030188175334,0.8113605670952292,7.475713113093008,6.983773847995253,21.947129377274376,-25.295627425572416,8.795874739347378,12.52724070377838,38,False,Общественное питание -25%,МО,объяснения не найдено,2.0,2.8679515515699885,,Названо число потушенных лесных пожаров в Иркутской области | Житель Качугского района Сергей Пьянков погиб в зоне СВО
1059,Кичменгско-Городецкий,Вологодская область,2024-04,3.813904553561153,True,0.041919566906647866,0.4349811136158259,1.3662671513321387,5.242408816624395,-3.779956044928705,-0.6163292787949561,7.923900811904433,12.183498659187137,32.35114418954353,58.453124858005424,-5.487441108404823,3.0608088428114497,35,False,Общественное питание +58%; Продовольствие -5%,МО,объяснения не найдено,0.0,1.0,,
1309,Антроповский,Костромская область,2024-05,3.8000402725313958,True,-2.7110114050197645,-3.022598311399193,-0.8684203534977478,-1.3800186223891413,-5.180273624854286,-0.5825713707245097,-15.173089880642207,-34.04207946248832,-9.667251974111963,-48.11129076884505,-14.237565936110059,-8.687911555624307,44,False,Продовольствие -14%; Здоровье -34%; Все категории -15%,МО,объяснения не найдено,0.0,,,
1339,Звериноголовский,Курганская область,2024-06,3.799130152612698,True,-2.446511416475836,-3.1115275393470396,-5.074653624417585,0.5370518346415893,-2.804720434115202,0.1409248087068017,-6.711394548344214,-37.730467671089926,-33.18862877780745,16.86180866655961,-7.899166161157521,2.5602033117360072,45,False,Маркетплейсы -33%; Здоровье -38%; Продовольствие -8%,МО,объяснения не найдено,0.0,1.0,,
891,Коряжма,Архангельская область,2024-06,3.7726859776173742,True,-2.661636392978198,-1.7183145107737765,-0.6672133961595526,-0.6291541558167131,-5.317621516103193,-2.7088875170783058,-7.180609838309018,-17.3026415150889,-1.1969534973890317,-2.5480243295760507,-13.312606745537295,-15.071445982852142,29,False,Продовольствие -13%; Транспорт -15%; Все категории -7%,МО,объяснения не найдено,0.0,1.0,,
1732,Хотынецкий,Орловская область,2024-03,3.7607104787841,True,5.321391391968124,0.5341615416203012,2.0904074955846306,3.077188911211101,0.29140032601076105,2.154653562389229,17.648033842991616,6.507075001135472,12.596965869699398,50.15059600783872,1.9363137538463848,22.190915853011134,57,False,Все категории +18%; Общественное питание +50%; Транспорт +22%,МО,объяснения не найдено,0.0,,,
15,Улаганский,Республика Алтай,2024-09,3.7515777606204965,True,3.190523731592138,-0.055961830576310434,2.3499991816693173,1.0231310576890986,0.6447043551339713,-5.149861089995324,5.897534904372647,3.5516869800621693,13.064099991649151,17.648895032102914,2.446698273697882,-20.892839773825152,4,False,Транспорт -21%; Все категории +6%; Маркетплейсы +13%,МО,объяснения не найдено,0.0,1.0,,
1117,Ивановский,Ивановская область,2024-11,3.7476306025339747,True,5.102789801318088,0.36388161793672846,0.923198046954146,0.6919908836556775,3.248424210208492,-2.354459979112606,6.084311793864999,1.9787693894707308,-0.8589818836430434,1.7268758721477429,4.259996684704024,-5.198793095384354,37,False,Все категории +6%; Продовольствие +4%; Транспорт -5%,МО,нет в словаре упоминаний,,,,
615,Усть-Большерецкий,Камчатский край,2024-10,3.7442101537326336,True,4.749277140467611,1.5608830934770628,1.6458264488752352,3.4868269954535056,1.157769986615728,2.70993231885081,14.839823432520937,47.61976435051195,18.10971327336195,38.0996556194956,5.866862145151932,22.405358055642484,41,False,Все категории +15%; Общественное питание +38%; Транспорт +22%,МО,объяснения не найдено,1.0,1.9444180921173886,,Три поселка на Камчатке полностью переведут на геотермальную энергию
402,Барун-Хемчикский,Республика Тыва,2024-01,3.73997143290677,True,-1.5708067782220567,1.2523960141747137,-2.023632429111794,-2.499563131788452,-3.0660762086777793,-5.129670534221487,-17.91639924961481,12.526982771545244,-54.34998191032031,-21.99300594295549,-27.035777674903034,-23.01133645095755,17,False,Транспорт -23%; Продовольствие -27%; Общественное питание -22%,регион,объяснения не найдено,2.0,2.816256536249485,,Жителя Тувы осудили за продажу зараженной сибирской язвой конины | 360° | В Туве осудили мужчину за заражение пяти человек сибирской язвой
785,Уссурийский,Приморский край,2024-08,3.6801394238497442,True,1.592807440435852,-0.7012513502771989,-2.180732102303428,0.7755527591006114,3.686547180881308,4.720599105838022,1.2123341447283238,-9.46054064210154,-5.365080285805752,0.9248278691114366,0.5166283327191213,1.989760367886443,25,False,Транспорт +2%; Продовольствие +1%; Маркетплейсы -5%,МО,есть тематические новости,28.0,0.9973972466958756,транспорт,Практически всё Приморье осталось без света | Дальневосточного леопарда преследовали на трассе под Уссурийском ради видео | Новую дорогу на Большом Уссурийском поднимут на 6 метров | «Неизвестный» дальневосточный леопард прогулялся по дороге в Уссурийске
580,Газимуро-Заводский,Забайкальский край,2024-03,3.6711538002061195,True,1.3097604309569435,2.667480661928651,-0.4936612594258877,0.9746351175221624,-2.143448355674662,5.359317749405775,6.527702551533089,20.372794021854617,-1.3574800726387721,14.282345865479229,-2.7090665269479715,32.2867463713149,75,False,Транспорт +32%; Здоровье +20%; Продовольствие -3%,МО,объяснения не найдено,0.0,1.0,,
1507,Апатиты,Мурманская область,2024-08,3.6660571196526814,True,3.100532504684903,-0.0485854156590106,1.421731165030912,2.582776749695406,3.254143121221407,4.485217402497688,3.4123043450126733,-7.530927826844727,3.4799978408108543,3.7454173308740604,-0.019872223871326724,1.6374993649382763,51,False,Транспорт +2%; Продовольствие -0%; Все категории +3%,МО,есть тематические новости,9.0,3.9408015217923835,транспорт,"Аэропорты Мурманска и Апатитов временно ограничили работу | Ограничения в аэропортах Мурманска и Апатитов сняты, сообщили в Росавиации | Ограничения на работу аэропортов ввели в Мурманске и Апатитах | В аэропорту Апатитов сняли ограничения на полёты"
1184,Балтийский,Калининградская область,2024-03,3.650307486399406,True,-2.9705373313389467,-3.769779193779649,0.8224361021735429,-1.1980664860368022,-3.6254432879440968,-3.552345708378873,-7.998600148898953,-16.86458564164136,4.570787677630526,-5.207657301621463,-5.886283606844881,-16.37468283262201,39,False,Здоровье -17%; Продовольствие -6%; Транспорт -16%,МО,объяснения не найдено,36.0,0.6952560796376291,,"«Готланд всегда был важен». Швеция решила укрепить оборону острова, с которого можно обстреливать Россию | Появилось видео ДТП под Балтийском, в котором экскаватор врезался в автобус с туристами из Перми | Центр подводных исследований РГО запустит проект по поиску самолетов в Балтийском море | Швеция решила укрепить оборону «острова-авианосца» в Балтийском море"
1510,Оленегорск,Мурманская область,2024-02,3.645973005179442,True,5.6924655889299896,0.3963303336172636,0.6245419450711682,0.2581673766849282,2.629619808416547,0.7485269838308449,12.349663834222465,6.318137813422828,20.749838207552614,3.974208602994932,8.297599706832456,3.7221907546559527,51,False,Все категории +12%; Продовольствие +8%,МО,объяснения не найдено,1.0,1.0546090077784958,,В Мурманской области двое рабочих выпали из люльки автокрана
416,Чеди-Хольский,Республика Тыва,2024-03,3.62090531377938,True,5.029092105663212,1.808000574617492,1.1040859568793517,2.3122430406917944,2.5369975503849633,2.757669649570793,19.960650524601725,30.055772880666225,26.244091361311867,35.4500772755843,11.09696397457315,21.04767441637128,17,False,Все категории +20%; Транспорт +21%; Продовольствие +11%,МО,объяснения не найдено,0.0,1.0,,
413,Тоджинский,Республика Тыва,2024-06,3.6077477110548926,True,0.733374705425776,5.548785052001044,-1.4612970112921135,2.3265973817526024,1.6868490477150442,-0.40551377428599794,4.6792051652212345,45.267101159026964,-14.074208881345493,15.442547138520846,3.007357508989064,-1.9958590208824831,17,False,Здоровье +45%; Общественное питание +15%,МО,объяснения не найдено,0.0,1.0,,
2134,Рамешковский,Тверская область,2024-04,3.6072888640596408,True,3.3098002384260115,0.6574136201678225,5.258386497780382,0.58738822203667,-0.2562170405573207,-0.06859448829981604,17.47259273866291,17.611698122342347,55.655436861800446,38.47337368582384,1.4069267546496778,10.324117238940826,69,False,Маркетплейсы +56%; Все категории +17%,МО,объяснения не найдено,0.0,1.0,,
403,Дзун-Хемчикский,Республика Тыва,2024-01,3.600250653630349,True,-3.275716522890731,0.5056115970998694,-3.584728027765143,-0.25451693206215603,-3.9121375915876153,0.8782091760031265,-23.303220164034432,5.048304365227636,-59.551806973841984,-11.659682058858117,-21.27298452447322,3.3658235429746366,17,False,Продовольствие -21%; Маркетплейсы -60%; Все категории -23%,регион,объяснения не найдено,0.0,1.0,,
2211,Уватский,Тюменская область,2024-11,3.598623829030407,True,-2.8032879458173747,-1.35866916346749,-5.398691988405521,0.7881012440830741,-0.24620762289333165,-0.4698255135433486,-6.945562265674776,-15.09605987443298,-18.514679694398943,1.2014757863329253,-2.0129409591481395,-7.630776841544024,72,False,Маркетплейсы -19%; Все категории -7%,МО,объяснения не найдено,3.0,4.017893121725923,,"Жителям Уватского района пришлось вытаскивать из реки судно на воздушной подушке | Силовики взяли на контроль ситуацию с проблемной переправой в Уватском районе | Россиянин жестоко избил соседа битой, пытаясь успокоить - Газета.Ru | Новости"
1154,Киренский,Иркутская область,2024-11,3.59291454903377,True,-1.2814286869455622,-1.1065630051181776,-5.988369035551535,0.9022706205472489,-0.48691600602482743,-0.021323969633526764,-5.517092702329488,-13.616978229711627,-25.106936945256987,2.4047641556553043,-1.7303015863643467,-3.0997747388862615,38,False,Маркетплейсы -25%,МО,объяснения не найдено,7.0,4.04885238711031,,Пенсионерка погибла из-за непотушенной сигареты соседа в Киренске | В Киренске пенсионерка погибла из-за непотушенной соседом сигареты | Провалившуюся в прорубь косулю спасли в Киренском районе | Губернатор Иркутской области встретился с мэром Киренского района
2043,Таборинский,Свердловская область,2024-03,3.5770573209858596,True,1.4128540793407298,-0.5748519771122296,5.960889463073959,0.4845165207267631,0.2724008070942665,-0.9260979388594477,11.163138988846685,-6.677892204730437,33.51373648556407,6.514354056145601,2.026458579647692,-3.1962905650847153,66,False,Маркетплейсы +34%,МО,объяснения не найдено,0.0,,,
618,Карагинский,Камчатский край,2024-02,3.5766188182506364,True,0.2526850462323603,-0.033425879460160776,-5.424096405669766,-0.8971538654452696,2.8549780449086946,0.7572497568798428,7.257929957689389,4.462149261377253,-37.72260857996339,-22.386352569104623,16.556659635188936,21.869078745534576,41,False,Маркетплейсы -38%; Продовольствие +17%,МО,объяснения не найдено,0.0,1.0,,
1319,Межевской,Костромская область,2024-05,3.576505608517739,True,1.7569569694454203,-0.013514609751430099,5.5099979574161555,-0.3963262124740111,2.219730123250005,0.207864279582568,1.3197351155903934,-2.5403690324167414,22.746310647698834,-9.32580302034252,6.61784840832288,2.3029031421914854,44,False,Маркетплейсы +23%; Продовольствие +7%,МО,объяснения не найдено,0.0,,,
2340,Ленинский,Еврейская автономная область,2024-11,3.5663775961724067,True,-1.007327649937779,-1.7451725660735842,-0.3035198761467941,-5.651409887623665,-1.781315938326223,-0.12502159277190492,-2.9785012946951395,-13.015442189632678,-7.632216759968113,-24.773176380314222,-3.090412270370803,-2.281630857408592,79,False,Общественное питание -25%,МО,нет в словаре упоминаний,,,,
1474,Пущино,Московская область,2024-12,3.5579851223720116,True,-1.0266299911937502,-1.226616211084594,-5.9444067671423335,-1.0374721302799825,-1.0664029494138907,-0.26241396999593153,-4.240387665709869,-13.285933423661556,-4.861604227596956,-8.136587331415802,-7.2552438197623745,-2.672507470994414,50,False,Маркетплейсы -5%,МО,объяснения не найдено,0.0,0.1796965474800378,,
191,Юстинский,Республика Калмыкия,2024-10,3.544167327129938,True,-5.438880949541394,-1.7410621078546218,-0.8571909910477762,-2.0545151497312335,0.6123015208323448,-1.9700019401834739,-11.721897621235392,-9.568876120079624,-11.504884898469461,-45.859018282381655,6.252756851337506,-25.809212643737645,8,False,Все категории -12%; Общественное питание -46%,МО,объяснения не найдено,0.0,,,
348,Дигорский,Республика Северная Осетия — Алания,2024-03,3.5424856376873723,True,-1.903861070121628,-2.06926655581333,-3.9843362676883594,-0.8463818250159503,-0.2039405662880536,4.182202040389676,-6.645285969173114,-13.382601907454688,-15.296835904392916,-13.92048077664025,-1.1091490259370695,19.209937247314304,15,False,Транспорт +19%; Маркетплейсы -15%; Здоровье -13%,МО,объяснения не найдено,0.0,1.0,,
846,Бикинский,Хабаровский край,2024-03,3.5362822647272676,True,1.8553867416601901,0.7268979698002943,-1.1737021420620832,-0.2771807975158677,5.718027639672993,0.47526059043792207,5.453315758977691,4.126792890189948,-4.411941784320414,3.508943142681695,6.0017033753142695,3.9442296777518844,27,False,Продовольствие +6%,МО,объяснения не найдено,4.0,2.3812932064613372,,Бикинский район Хабаровского края может стать округом | В Хабаровском крае ограбивший продуктовый магазин мужчина отправится под суд | «Рыбафест» впервые пройдёт в Хабаровском крае | Взяткодателю в Хабаровском крае увеличили сумму штрафа по итогам апелляции
218,Прионежский,Республика Карелия,2024-07,3.533180742838761,True,1.7090570001769883,1.24915372532837,3.5118407589273195,-4.711284022300374,0.9213352042637614,0.5803882795008053,0.5851088609062296,8.307139406755732,9.636322685909771,-17.72108223715751,1.8495620531495731,5.150703159808866,10,False,Общественное питание -18%; Маркетплейсы +10%,МО,есть тематические новости,4.0,2.664948033877511,предприятия и работа,Иномарка стала грудой металла после ДТП с животным в российском регионе | В Карелии в аварии с лосем пострадали два человека | Два человека пострадали в ДТП в Карелии из-за перебегавшего дорогу лося | В Карелии участник СВО избил мужчину - Газета.Ru | Новости
410,Тандинский,Республика Тыва,2024-03,3.532766236855174,True,2.1263029297968026,0.9966670386409867,1.3107760945180735,5.1671788071557625,-0.2793992709014336,-2.494075154924064,11.600116367400675,14.332692763053442,14.345341348878465,58.36408880537143,-0.2407230848476524,-6.652183208444272,17,False,Общественное питание +58%; Транспорт -7%; Все категории +12%,МО,объяснения не найдено,0.0,1.0,,
2244,Красноселькупский,Ямало-Ненецкий автономный округ,2024-09,3.5216284941904097,True,-1.5760531098966193,0.305967505866961,-1.5201934238005144,-5.693037001662672,-0.7233665253706314,-0.021521178509770967,-14.327179592252651,4.941251274379174,-16.416219038556445,-34.55393471769769,-11.328922177694,0.0906678408513185,89,False,Общественное питание -35%,МО,объяснения не найдено,0.0,1.0,,
525,Залесовский,Алтайский край,2024-06,3.5208375683265447,True,-4.509275199821451,-1.4472926332991276,-1.4734571669313288,1.3297395824308835,-3.2533215770330792,-2.504241888537316,-10.34383635164773,-19.788136325583487,-16.775326896533475,26.513066572847137,-8.22410555741026,-17.464957282811614,22,False,Все категории -10%; Продовольствие -8%; Транспорт -17%,МО,объяснения не найдено,0.0,1.0,,
586,Красночикойский,Забайкальский край,2024-01,3.513027622564521,True,-1.779657767252924,-0.18124091839305395,-0.9585961200846247,-5.090523316521001,-1.9421129291699128,2.709032846794422,-10.282220567060731,-8.316476425285465,-41.22375985513011,-56.781982173229785,-11.313284593769804,7.336485814626284,75,False,Общественное питание -57%; Транспорт +7%,МО,объяснения не найдено,0.0,1.0,,
2391,Морские ворота,Санкт-Петербург,2024-05,3.5038753837089227,True,1.26544015272021,-0.05983751738493194,-0.1352103652663476,-5.7507359110502705,1.4693964117706024,0.07733378626204417,1.0575143287792859,-3.411877688295798,-4.330249791817725,-9.644457153409416,2.2311622530926742,-0.17321531914663113,78,False,Общественное питание -10%,МО,нет в словаре упоминаний,,,,
78,Федоровский,Республика Башкортостан,2024-08,3.502164980187453,True,-3.8930823745479897,-4.269645862548738,-0.25786962799845925,0.42119357822717035,-1.041450046838289,-1.846486522766516,-13.82227537564274,-44.22292037812979,2.460226504915439,15.45311604731811,-11.607576543932023,-20.05641501443303,2,False,Здоровье -44%; Все категории -14%,МО,нет в словаре упоминаний,,,,
341,Усть-Янский,Республика Саха (Якутия),2024-07,3.5010784148621634,True,4.291240702252612,1.7456542820046244,3.912875485380375,1.4777904001421573,-0.14590749129524747,0.07653990608234341,10.567275131058585,30.560751064756836,43.38684571729159,35.31722756380985,-2.720811667905583,3.3722879883515113,14,False,Все категории +11%; Маркетплейсы +43%,МО,объяснения не найдено,0.0,1.0,,
2882,Пуровский,Ямало-Ненецкий автономный округ,2024-10,3.4813313997152253,True,-1.3440181479907964,-2.016088673523208,-1.7146680889424912,-1.491817316372744,-5.156577382257946,-2.388326004800587,-2.6151853325122594,-3.9237244585720705,-2.921964899755736,-0.20808396775286583,-1.7307272202730064,-7.220207580813777,89,False,Продовольствие -2%; Транспорт -7%; Здоровье -4%,МО,объяснения не найдено,3.0,0.8094030204736787,,Авиакомпания отменила рейс в Тюмень из Тарко-Сале | Глава Пуровского района Кирилл Трапезников лично проверил работу охраны в школе | Глава Пуровского района Трапезников провел снежный рейд по Тарко-Сале
1507,Апатиты,Мурманская область,2024-11,3.478592923641054,True,1.4648333915257623,-2.6078462636507354,1.836353299929088,1.6536828923834717,0.43927851647036237,-5.11163091471003,0.6075943688969172,-6.583608578083075,0.883186784700511,0.19847839697761105,0.48102268700761275,-9.570214698906677,51,False,Транспорт -10%; Здоровье -7%,МО,объяснения не найдено,4.0,1.8944361303093253,,В Апатитах сожгли внедорожник бывшего замглавы города - Газета.Ru | Новости | Новости регионов: метели и ливни обрушились на ряд субъектов России | Россиянин жестоко избил соседа из-за громкой музыки - Газета.Ru | Новости | Новый центр технической поддержки БелАЗ открыт в Мурманской области
1975,Малышевский,Свердловская область,2024-10,3.478345640943879,True,-4.823032192053778,-0.37414665322489316,-3.0387696869318415,-1.9495908436943739,-1.5034041054559155,-1.2798928811601271,-11.735781567809532,0.627069698851472,-16.75173295780977,-28.913437960353015,-0.8339797488983941,-16.689785285301536,66,False,Все категории -12%; Маркетплейсы -17%,МО,нет в словаре упоминаний,,,,
2142,Торопецкий,Тверская область,2024-10,3.4729889730157004,True,2.0705977300777834,-1.2802592519957539,0.772726672740088,-0.0784085998080603,0.9861869253679151,-5.500774355301438,5.442561081493631,-2.363585068437184,7.3726008993417205,1.1857259891493783,7.701830451070267,-18.31200157769025,69,False,Транспорт -18%; Все категории +5%,МО,объяснения не найдено,1.0,1.9444180921173886,,Тверские власти определили допмеры поддержки жителей Торопецкого округа
602,Шелопугинский,Забайкальский край,2024-11,3.4622646573981157,True,-2.510191598341803,-1.2243377937783053,0.04699583699276377,1.1092367659439741,-5.3067659435803805,-0.9371527840027352,-11.122233399741372,-31.379059854455686,-3.85000593868769,11.4527368304268,-22.00069630968009,-10.708630596219667,75,False,Продовольствие -22%; Все категории -11%,МО,объяснения не найдено,0.0,1.0,,
408,Пий-Хемский,Республика Тыва,2024-09,3.4598353134869524,True,3.9187505695177323,0.314572349301369,3.5941102205361264,2.763538833795588,-0.9812807035072474,2.663460070306791,11.325864847560569,8.830673319510678,14.525952553842213,24.796618576872262,-5.233119283986736,12.980546215136899,17,False,Все категории +11%; Маркетплейсы +15%; Общественное питание +25%,МО,объяснения не найдено,0.0,0.3496767595870832,,
1715,Залегощенский,Орловская область,2024-04,3.4581855912478265,True,1.4101619937168985,-0.27398270359047516,1.4551013324151463,-4.956156168265891,-0.5480883951587469,3.0325466028910215,13.443611847555562,4.894128913580084,42.131460634522824,-38.13679865586995,1.8330406266606873,36.5633140617199,57,False,Общественное питание -38%; Транспорт +37%,МО,объяснения не найдено,1.0,1.9339757757849942,,"Педагогу из Орла, по вине которой утонули два школьника, смягчили приговор"
1267,Богородский,Кировская область,2024-02,3.4489434148601323,True,2.381511618009487,-0.1024826644024804,5.168169374629224,-0.7854802437621754,-0.328803798270653,-1.817707282581994,18.494151282926197,3.0881401324497038,138.89202314804544,-37.166924828551075,5.927673441249039,-21.769852676618733,43,False,Маркетплейсы +139%; Все категории +18%,МО,нет в словаре упоминаний,,,,
336,Сунтарский,Республика Саха (Якутия),2024-05,3.448615832770488,True,-0.6668146060120355,-3.8865541415395524,0.5597240475586336,-3.48458032647269,1.1384122703023833,-2.9036615400812638,-4.8897282215263935,-32.05907565755132,6.02481148937468,-49.24945538206975,1.8753401452289395,-28.857847389256257,14,False,Здоровье -32%; Общественное питание -49%; Транспорт -29%,МО,объяснения не найдено,0.0,1.0,,
209,Калевальский,Республика Карелия,2024-04,3.4450742436037447,True,-0.6502127583591267,0.38394462591556655,2.8903135829976683,-0.5519150328916191,0.45229942249919,-5.179664119673392,1.1306794867395582,9.698400437546065,23.943406262283684,5.0964528824354725,0.8479357395318441,-9.809486669763604,10,False,Транспорт -10%; Маркетплейсы +24%,МО,объяснения не найдено,0.0,1.0,,
1673,Орск,Оренбургская область,2024-05,3.435036382422142,True,2.841181110391999,1.9420204092422126,3.9593198958587363,3.4131950875829298,2.142058756673751,-0.08646045584662002,4.39555519472771,9.334289763052995,15.259977560955495,15.596466853087371,3.175268255750283,-1.0960154156649433,56,False,Маркетплейсы +15%; Общественное питание +16%; Все категории +4%,МО,новостной всплеск,44.0,3.722673916445134,ЧС и стихия,"В Орске после затопления без газа остаются 4,3 тысячи домов | «Для идиотов»: Зюганов усомнился в причине прорыва дамбы в Орске | В Орске меньше 1% пострадавших от паводка домов признали жизнепригодными | В Орске пригодными для проживания признали менее 1% затопленных весной домов"
618,Карагинский,Камчатский край,2024-01,3.4301001000027966,True,-3.4608358060719913,-0.7841800706405114,0.6590810008195862,-0.7807331194441162,-1.898566252997707,-4.440137587339593,-21.83209529209396,-46.70551867236043,-19.57580140805921,-31.913403577244555,-8.929083171924693,-94.89118647484179,41,False,Транспорт -95%; Все категории -22%,МО,объяснения не найдено,1.0,1.9081282681247425,,Новую районную больницу построят в Камчатском крае
1932,Краснопартизанский,Саратовская область,2024-11,3.426588637310231,True,-0.6228007173164083,-1.0327985681177738,-0.7271426642413822,-5.7990619699710555,0.44015706354618855,-0.12745377708812192,-4.240869151579176,-11.152005242215726,-9.005613186852027,-48.42532346076782,-2.6108348185283856,-4.021043095278242,64,False,Общественное питание -48%,МО,объяснения не найдено,0.0,1.0,,
218,Прионежский,Республика Карелия,2024-03,3.4264181609919153,True,5.131434131281305,1.6704560847882712,1.1795280009122446,2.469612209850115,1.0085122900946097,1.1360915590226943,9.427656986133492,6.4282618892212735,4.443171524268208,15.650851308861814,2.540481247462144,16.14129471449563,10,False,Все категории +9%; Общественное питание +16%,МО,объяснения не найдено,0.0,0.5179905266766754,,
922,Енотаевский,Астраханская область,2024-07,3.4156964460424377,True,0.13787304490530458,0.4618589036847407,0.043715832076788745,-5.885611505492692,0.31780311690634,0.3836798066356841,-0.66726093116405,4.580344002046802,-0.0799216186509985,-65.76510013171625,-0.4197991331981017,3.7070910397758747,30,False,Общественное питание -66%,МО,объяснения не найдено,1.0,1.9691868845539722,,Найдены новые следы первобытных людей в Астраханской области
2248,Тазовский,Ямало-Ненецкий автономный округ,2024-07,3.4091612151401107,True,1.5749938966987507,4.821709898297059,2.3120370714265897,2.504543632971904,0.7175037561374191,1.1784330415761264,4.717637914563494,22.13634817159215,9.775810386070459,5.615674331595004,1.3062179854566554,7.872748597781366,89,False,Здоровье +22%; Общественное питание +6%; Маркетплейсы +10%,МО,объяснения не найдено,1.0,0.6866179045026022,,На СВО погиб командир мотострелкового отделения из Тазовского района ЯНАО
320,Вилюйский,Республика Саха (Якутия),2024-01,3.4039826705928338,True,-4.348484494951994,-1.429288360148324,3.1049551816880987,-0.5528818404678382,-2.4922339340357453,-1.5695228295267551,-20.38140152978422,-16.11454121350239,8.9725397658046,-17.99610329486795,-10.366295039431785,-15.770144459784058,14,False,Все категории -20%; Маркетплейсы +9%; Продовольствие -10%,МО,объяснения не найдено,0.0,0.4686267644741664,,
408,Пий-Хемский,Республика Тыва,2024-07,3.4034703909765858,True,3.3955043711336743,0.32424630044156133,2.2711522635273833,2.38567524707466,4.186876614837165,2.0519413892817377,8.964569000466065,8.252019875278613,9.85378181849996,20.22062728811046,8.960386897962868,16.68267169954557,17,False,Продовольствие +9%; Все категории +9%; Общественное питание +20%,МО,объяснения не найдено,2.0,1.0457761037299418,,В Астане на два дня частично перекроют проезд по проспекту Туран | В Бурятии 200 туристов разместили в ПВР из-за размыва подъезда
1719,Кромской,Орловская область,2024-07,3.402995279796132,True,-2.9844746201433976,-3.9524011341153518,-0.9055160206483873,-2.078136202307216,-3.1957107409319554,-2.4224139032911878,-9.682159235461823,-13.359622519004377,-3.280648743521491,-25.94297286099559,-6.96347682862177,-21.317200945219277,57,False,Здоровье -13%; Продовольствие -7%; Все категории -10%,МО,объяснения не найдено,0.0,1.0,,
1686,Домбаровский,Оренбургская область,2024-05,3.3997875811734395,True,-2.1758844601406686,-1.4763446673481302,-0.1893079627066646,-0.6877448893244372,-5.268927787568788,-1.251316904885603,-10.83319595794875,-10.858078764435307,-5.268446187923563,-7.472918699925953,-15.833160595370966,-13.6670769857239,56,False,Продовольствие -16%; Все категории -11%,МО,объяснения не найдено,0.0,1.0,,
1603,Барабинский,Новосибирская область,2024-11,3.3961692548576443,True,-0.2556495173962928,0.4059694495127499,0.2034895795951598,-5.857583931163667,-0.05046163465856027,0.3546774849867086,-2.3162328659209925,-0.6148573905254253,-4.627511633754665,-24.5549532574306,-2.2270307862350722,-0.10565559365467572,54,False,Общественное питание -25%,МО,объяснения не найдено,2.0,0.794772100689002,,Под Новосибирском собираются построить новую дорогу | В Новосибирской области осудили бизнесмена-мошенника
1902,Похвистневский,Самарская область,2024-03,3.3944064401857403,True,3.4887676136689154,-2.6035627929009455,3.951701730237243,2.1188472619245995,0.8396833186554528,0.609962446894918,13.265906264982616,-20.39034433451315,20.6820703217063,33.13362127892018,2.7075420541025297,8.994460885918144,63,False,Маркетплейсы +21%; Все категории +13%; Здоровье -20%,МО,объяснения не найдено,0.0,1.0,,
1585,Мошенской,Новгородская область,2024-07,3.382631231722408,True,-1.6545301839486721,-1.326559351080013,-0.4534997424847547,-5.452863519949435,-1.3621275464063547,-0.5531931812139858,-8.244410874477762,-15.957947992552098,-5.871241224886201,-59.59331858002756,-6.55519258729746,-8.046067890693767,53,False,Общественное питание -60%,МО,объяснения не найдено,0.0,1.0,,
726,Эвенкийский,Красноярский край,2024-09,3.3788831267790833,True,-1.407857308765591,-0.2210647763060935,-2.73533434960497,-4.978597929871787,-0.5152483442031608,0.23338936907189298,-11.26567546982674,-1.0884429700984228,-32.60647246498164,-47.048183121547645,-6.170309554894858,3.4743896065822644,24,False,Общественное питание -47%; Маркетплейсы -33%,МО,объяснения не найдено,0.0,0.5181637115750033,,
243,Усть-Цилемский,Республика Коми,2024-05,3.3774317230076405,True,-2.2019907484014456,-2.4454667926902642,-3.0759265162554934,-2.4877151162224074,-3.281391113971969,-3.7406260912415745,-24.33652648977473,-44.38984579272539,-73.52797248213224,-36.04576492156987,-13.583057164840403,-59.03872269828716,11,False,Транспорт -59%; Продовольствие -14%; Маркетплейсы -74%,МО,объяснения не найдено,0.0,1.0,,
614,Соболевский,Камчатский край,2024-03,3.3669425289075066,True,-1.0567293016436698,-2.8749923152705397,-4.848817131752428,-1.4128755203654026,1.4940875439068912,0.61304879356152,-7.002945786660522,-29.155111429041924,-26.319228431472936,-16.93758030341301,6.121690863902615,7.116487459182849,41,False,Маркетплейсы -26%; Здоровье -29%,МО,объяснения не найдено,0.0,0.5464601177309368,,
2148,Александровский,Томская область,2024-12,3.364561024911214,True,1.6058633150895705,0.01656800566292929,5.383814701050211,0.47913687690982687,-0.44246839288298023,1.5480810537759186,5.973729905334518,-1.6582091546148363,37.388280799682846,6.5729687792364295,-2.7715453507530423,16.784832582271054,70,False,Маркетплейсы +37%,МО,нет в словаре упоминаний,,,,
345,Владикавказ,Республика Северная Осетия — Алания,2024-02,3.3530706876808503,True,-1.978643531129275,-2.8248489658150957,-4.672734446425053,-0.9191881200880034,-0.17365765901329658,0.7334422721001056,3.141171217277721,0.3338433798442616,5.22782536392536,-0.4081770073523035,8.425327361908291,-0.19153618325741023,15,False,Маркетплейсы +5%; Здоровье +0%,МО,новостной всплеск,74.0,3.091906397177632,торговля и цены,"Во Владикавказе начнут установку вывесок с дублированием на осетинском языке | Аэропорт Владикавказ признали лучшим в категории от 500 тыс. до 1 млн пассажиров в год | Во Владикавказе начались рейды для приостановки продажи минералки ""Джермук"" | Житель Владикавказа попил минеральной воды и сжег желудок"
218,Прионежский,Республика Карелия,2024-06,3.3527571975793387,True,-1.1425609136573007,-1.0870454611121,-0.19327607849937975,-5.584302094757005,0.5112206892912655,-1.1104355680701583,-1.0945574295253602,-6.412194970363494,-0.8825726224920217,-9.591564340736356,0.39035245020861403,-6.848299479144865,10,False,Общественное питание -10%,МО,объяснения не найдено,0.0,0.5179905266766754,,
1454,Кашира,Московская область,2024-05,3.35145586700922,True,2.3405337768270873,0.31106778139754093,-1.0059213043980268,0.830623781454694,4.97787352275994,1.854574376095131,1.9988995028645304,-2.0456293944253585,-5.63270172551172,3.7013823720231267,5.225521704955248,4.41829816471575,50,False,Продовольствие +5%; Все категории +2%,МО,есть тематические новости,15.0,1.1634623354888944,праздники и события,Концерт гитариста Владислава Домогацкого пройдет в Кашире 18 мая | 360° | Ремонт ж/д путей начался на участке Кашира – Ожерелье в Подмосковье | 360° | Житель Каширы убил топором мать и при попытке побега попал в больницу | Памятник участникам войн торжественно открыли в Кашире | 360°
324,Нюрбинский,Республика Саха (Якутия),2024-05,3.3371610420860756,True,-1.0359770363718799,-3.111160248770264,0.34934979618484174,-4.109709457021492,-0.8724209022706654,-2.615511718152094,-6.30046122436109,-30.911676190108643,2.2978735097770207,-36.92613330132953,-2.515853846433315,-14.9945400910976,14,False,Общественное питание -37%; Здоровье -31%; Транспорт -15%,МО,объяснения не найдено,2.0,2.8259748760305783,,Режим ЧС объявлен в еще одном районе Якутии из-за выхода Лены из берегов - Газета.Ru | Новости | В российском регионе собрались взорвать реку
1151,Казачинско-Ленский,Иркутская область,2024-11,3.330143402098317,True,-4.573267676103137,-2.506041369053749,-2.464659135644984,-0.19765620370411727,-1.2945001968364176,-1.1171553758888877,-7.4866693370865045,-15.147100046892461,-15.131118050114766,-6.9625990812608896,-5.195694866270888,-7.916589310926865,38,False,Все категории -7%; Здоровье -15%; Маркетплейсы -15%,МО,объяснения не найдено,2.0,3.011928747817282,,Доброволец из Казачинско-Ленского района героически погиб в зоне СВО | Пациент убил ножом фельдшера скорой в Иркутской области
613,Мильковский,Камчатский край,2024-02,3.3293573159041197,True,3.4284960847538164,1.1160808957083368,0.0,0.3681192110716451,3.9800527808093844,2.378750695153255,16.973843506169214,13.429548132691,15.627212954839564,4.1049781600408695,12.20995255792643,13.281491742227262,41,False,Продовольствие +12%; Все категории +17%; Транспорт +13%,МО,объяснения не найдено,0.0,0.5476599383423424,,
370,Верхнеуслонский,Республика Татарстан,2024-10,3.3254532638945675,True,-0.8558938669214613,0.3257410673140318,-0.7218536919753995,-4.760465349446986,-0.8326508736946845,-3.1275123622972156,-2.1743940288394557,11.918256876553416,-8.211501663052449,-22.549648807337807,1.6979161607116044,-20.933284027042294,16,False,Общественное питание -23%; Транспорт -21%,МО,объяснения не найдено,1.0,0.42141825902737506,,В Верхнеуслонском районе Татарстана может появиться речной порт
856,Советско-Гаванский,Хабаровский край,2024-02,3.3029537467543775,True,1.4881141289159885,0.39725289099149497,1.846570088384302,1.3284506209842981,5.206169955696926,0.6390375034417572,10.329106411668983,6.52124994694107,26.665640403546114,13.947291759627856,11.700133448190652,1.5689940598574605,27,False,Продовольствие +12%,МО,объяснения не найдено,7.0,2.0083764817259704,,Новую «Парту Героя» открыли в Советско-Гаванском районе | Мэр Советской Гавани поручил проверить работу управляющих компаний | В Хабаровском крае пройдет фестиваль-конкурс подледного лова «Серебряная корюшка» | В Хабаровском крае прогнозируют снегопады
1065,Тарногский,Вологодская область,2024-08,3.2961075047548927,True,-1.160718227120231,-0.34896089029096344,0.20197386897346462,-5.578882822123331,-0.022320755986696486,0.3000754895437853,-1.8839770784285785,-9.587585132123776,6.950821835226996,-40.75586506689584,-4.159511326461503,0.35467155148812096,35,False,Общественное питание -41%,МО,объяснения не найдено,0.0,,,
1593,Хвойнинский,Новгородская область,2024-05,3.289809449283285,True,0.8927898488278864,0.352820943088915,0.8064393889632641,-0.1894944018147051,-5.569660710989423,-0.157890202893167,-0.5713794550673548,0.7548388081464105,1.8336018044116233,-0.3075538250541371,-5.8707816058522795,-2.3721215763113084,53,False,Продовольствие -6%,МО,объяснения не найдено,0.0,1.0,,
341,Усть-Янский,Республика Саха (Якутия),2024-01,3.289022564577331,True,-3.977852953001703,-1.2416267840884232,0.47274754899054544,-0.20794946847884607,-3.706931865869901,-1.699514729853925,-29.589759681669296,-25.523611813774195,-20.54854322022269,-11.502379653714174,-27.435093707442533,-26.9707591508442,14,False,Все категории -30%; Продовольствие -27%,МО,объяснения не найдено,0.0,1.0,,
323,Кобяйский,Республика Саха (Якутия),2024-09,3.281892662313915,True,-0.31611276765967755,-1.1230128584274819,-3.377571525966014,-4.432077509209411,0.029991162060785816,-0.06095552441310838,-3.936298724865208,-8.218202849010266,-38.169023908011965,-55.45200973949157,-1.3806839190636653,-1.3715804959368045,14,False,Общественное питание -55%; Маркетплейсы -38%,МО,объяснения не найдено,1.0,2.065975689335015,,В Якутии мужчина в камуфляжной форме с обрезом ворвался в дом соседей - Газета.Ru | Новости
1143,Свирск,Иркутская область,2024-02,3.2815077899359824,True,3.6931080531290075,-0.9341796308454948,3.2750477433919998,1.72765027083162,2.817781984584373,0.36098077276378054,18.184830001149667,-2.818005969983288,42.68450942170033,21.277794845828243,13.52604301059488,1.8145066224793827,38,False,Все категории +18%; Маркетплейсы +43%; Продовольствие +14%,МО,объяснения не найдено,1.0,0.6492792533497141,,Уголовное дело в отношении мэра Свирска Орноева передано в суд
410,Тандинский,Республика Тыва,2024-08,3.2775088849894245,True,2.0373567669384838,2.172051914946862,-0.0901360323613861,1.723144087230654,1.9441459137749617,4.832966103392357,9.792845758346783,17.344065685297032,6.085079480692219,15.072447747277415,4.38954805269913,8.263438575760667,17,False,Транспорт +8%; Здоровье +17%; Все категории +10%,МО,новостной всплеск,12.0,13.600821846890572,ЧС и стихия,В Тандинском районе Тывы ввели режим ЧС из-за лесных пожаров | В Тандинском районе Тувы ввели режим ЧС из-за продолжающихся лесных пожаров | В Тандинском районе Тывы ввели режим ЧС из-за ситуации с пожарами | В одном из районов Тувы ввели режим ЧС из-за лесных пожаров
335,Среднеколымский,Республика Саха (Якутия),2024-12,3.277482505341139,True,0.7728021162439108,-0.41448931234989544,-3.3988496361311875,0.8178221668678574,1.0496289788285549,4.423999872991172,8.057312831953215,-4.969866573320318,-34.83600760871507,10.52508329510427,7.1332156218589144,32.4754856894443,14,False,Транспорт +32%; Маркетплейсы -35%,МО,объяснения не найдено,0.0,1.0,,
846,Бикинский,Хабаровский край,2024-07,3.2710985902512197,True,0.3138737975543883,0.22827546537009114,0.18948444250904325,-5.285562254540485,0.8394243525555629,1.85969254747771,-0.4372315478532141,3.580096538706854,0.43885247863245447,-30.42461169400637,0.49482401038126606,14.00193394908097,27,False,Общественное питание -30%,МО,есть тематические новости,5.0,3.01710557629124,ЧС и стихия,Режим ЧС ввели в хабаровском Бикине после сильного ливня - Газета.Ru | Новости | В двух селах Хабаровского края ввели режим ЧС после ливня | Территории Хабаровского края полностью избавились от паводковых вод | Циклон сильнее всего ударил по Бикинскому району
433,Каракулинский,Удмуртская Республика,2024-06,3.269477741245586,True,-3.1793427370207783,-1.5091557088709855,1.6590867665076634,0.8397797630032885,-4.382655013031871,-0.47093320764553476,-6.601127697048153,-27.196404507234462,25.832657637215313,20.18515357958843,-9.761015221532714,-2.552331589174847,18,False,Продовольствие -10%; Все категории -7%,МО,объяснения не найдено,0.0,1.0,,
1339,Звериноголовский,Курганская область,2024-04,3.269054429957619,True,-2.2550170172632793,-2.605251255564052,-1.720942396838885,0.5440193268922942,-4.493074086336832,-0.8845971870548406,-0.735673483586555,-20.3360125031165,7.502663906600965,49.8212508193638,-9.534386791740381,2.5798967074764048,45,False,Продовольствие -10%; Здоровье -20%; Все категории -1%,МО,новостной всплеск,56.0,53.30264344395968,ЧС и стихия,В Звериноголовском округе ввели режим ЧС из-за паводка | Принудительная эвакуация объявлена в Звериноголовском округе Курганской области | Глава Звериноголовского округа Панкратова объявила принудительную эвакуацию | Объявлена эвакуация в Звериноголовском округе Курганской области
1152,Катангский,Иркутская область,2024-03,3.25124097166208,True,-0.14978810508828372,0.48684517565075514,0.9030645296900753,0.5687552628766841,1.2185335056144275,5.423223591034507,0.2739059210885899,12.714135110611464,19.144196227950623,14.511784139237726,5.255311794882987,63.74388843354458,38,False,Транспорт +64%,МО,объяснения не найдено,2.0,1.4486982129561936,,Катангский район лидирует по числу проголосовавших в Приангарье | Ещё одну ледовую переправу открыли в Иркутской области
1710,Болховский,Орловская область,2024-07,3.2474893648796304,True,-1.095108223190294,-5.24851544480525,-0.6445611731621325,-0.6885862934490151,-1.7007013641908626,0.6031186227373783,-6.297908759463314,-33.02616483002832,-4.533630475330967,-7.958892876595951,-6.741805467066311,6.422510983489937,57,False,Здоровье -33%,МО,объяснения не найдено,0.0,1.0,,
336,Сунтарский,Республика Саха (Якутия),2024-10,3.2473042103881515,True,-1.229952446823868,-5.215635613862966,-0.4291263490416426,-1.708600604696756,-1.0882139908088841,-0.5940311531017445,-3.4506802155468446,-23.275057371638784,-2.981780354188412,-18.76818918060234,1.4338982992729559,-4.866356996429699,14,False,Здоровье -23%,МО,объяснения не найдено,0.0,1.0,,
31,Альшеевский,Республика Башкортостан,2024-04,3.239077646546418,True,-1.7186162105256721,-0.8617359227291034,-2.336049609497224,-4.802510025388421,0.11382092150721715,-0.8096192298485734,3.0946651705505026,0.7894301826622276,2.551759471010713,-26.425520321696805,3.5129044913220366,2.0351579010487852,2,False,Общественное питание -26%; Маркетплейсы +3%,МО,объяснения не найдено,2.0,1.4992004100902345,,Сотрудник районной администрации Башкирии ушел на СВО добровольцем | «Спи спокойно»: в Башкирии простились с погибшим в СВО Марселем Низамовым
2601,Новофедоровское,Москва,2024-03,3.2339488572992523,True,-1.189078190460179,-1.1830921910044727,-0.016288623254651528,-1.1108317268632673,-5.3443111398418415,-0.41109428568138334,-2.2115137228450923,-6.654223027168501,1.1500826554826526,-3.484501341058325,-11.24211064088246,-0.8405213327948521,77,False,Продовольствие -11%,МО,нет в словаре упоминаний,,,,
440,Сарапульский,Удмуртская Республика,2024-06,3.2302426732289966,True,0.06188478701679744,-2.412222621320262,2.1653850281398945,-3.3085079134254305,0.5397975324167908,3.8129202189189515,2.6819701482570255,-23.155400025162177,22.084127287898763,-36.337229906612905,2.6103627167032193,22.081336278336696,18,False,Транспорт +22%; Общественное питание -36%; Здоровье -23%,МО,объяснения не найдено,0.0,1.0,,
1662,Усть-Ишимский,Омская область,2024-05,3.2233484025829435,True,0.14723085724683133,0.2338192903042431,-5.041746225932653,1.8341444923326098,1.54487337598971,0.30729062227945775,-2.5572882676380733,3.084097940133178,-73.07955854439648,36.8702223143895,4.4141714107925205,4.20051914720417,55,False,Маркетплейсы -73%,МО,новостной всплеск,48.0,24.494198815236594,ЧС и стихия,В Усть-Ишимском районе готовятся к возможному затоплению | Глава Усть-Ишимского района показал масштабы наводнения в райцентре | Куренков заявил о сложной паводковой ситуации в Усть-Ишимском районе Омской области | В Усть-Ишимском районе Омской области сложилась сложная паводковая ситуация
370,Верхнеуслонский,Республика Татарстан,2024-12,3.1962000487745805,True,-2.712318601852187,-1.0103995046469714,-1.3168353547051856,-4.282274542109859,-2.2254295772736294,-0.3912811336114252,-11.380202198518912,-22.118017479492387,-3.6523078539701737,-24.30555982101776,-11.487673583877852,-3.2482618748284406,16,False,Общественное питание -24%; Все категории -11%; Продовольствие -11%,МО,объяснения не найдено,3.0,0.8492255864954922,,«Мы о таком даже мечтать не могли»: в Татарстане открыли три дорожных объекта | Прокуратура Татарстана добилась выплаты 10 млн рублей зарплаты работникам ООО «Оргнефтехим Айти» | Суд Казани разрешил «раскулачить» бывшего замглавы Ростехнадзора Приволжья
416,Чеди-Хольский,Республика Тыва,2024-12,3.1952734183979916,True,0.30134663124519107,0.8690942485346744,0.23744699856356283,1.2363440735369382,0.030333306350490207,-5.324044061984875,2.580625215640201,12.738812696626715,13.039651732794042,9.426086243631605,-0.8550220967773353,-11.067786905005958,17,False,Транспорт -11%,МО,объяснения не найдено,0.0,1.0,,
855,Полины Осипенко,Хабаровский край,2024-08,3.193477240477017,True,2.4618396158936444,2.7477607065396437,1.2554345060333574,0.7589576903341548,4.121170642129187,0.4435895550570515,13.69117150383839,27.386239362612308,26.155986604999164,15.79618327478484,9.756259525408982,7.995077486462028,27,False,Продовольствие +10%; Здоровье +27%; Все категории +14%,МО,нет в словаре упоминаний,,,,
318,Верхнеколымский,Республика Саха (Якутия),2024-09,3.1918165496961355,True,-1.1050777908618181,-3.0240790881458772,-3.075540953739828,-3.458189146251306,-0.08771625392833243,0.9081506956898522,-14.620314634158085,-24.768975583147494,-50.17960424511263,-73.86660023802192,-2.1344982018918626,14.190558362447655,14,False,Общественное питание -74%; Маркетплейсы -50%; Здоровье -25%,МО,объяснения не найдено,0.0,1.0,,
1507,Апатиты,Мурманская область,2024-05,3.190093660546672,True,3.1133757114481013,0.5820524560546556,2.616722506001265,3.3099637116988068,-0.7895202546936514,3.143425614800243,3.267587609312898,-1.7000841570395224,3.933917237112398,5.8855938742324,-0.8419391109306189,6.88619958698386,51,False,Общественное питание +6%; Транспорт +7%; Все категории +3%,МО,объяснения не найдено,1.0,0.68150769200884,,Россиянин специально изводил соседей стуком и музыкой по ночам - Газета.Ru | Новости
1166,Усть-Удинский,Иркутская область,2024-11,3.188757568518508,True,-1.5038195685723401,-0.4843704151579895,-4.763753118578539,-2.020475222538873,1.931025787681754,-0.3130581619619992,-9.487230060210658,-7.4038510561435205,-24.362992143869494,-29.785402235840603,3.2852395045308556,-6.59358147688428,38,False,Маркетплейсы -24%; Общественное питание -30%,МО,объяснения не найдено,1.0,2.005964373908641,,Житель Усть-Удинского района погиб на СВО
801,Тернейский,Приморский край,2024-03,3.1886549315508264,True,0.12256838511764354,-0.2625551377009346,1.0331543388050333,5.294722320227088,1.1836673863073346,0.24896493904575012,2.623431138579021,-1.3456960213998148,9.175836468736476,46.6826004572794,2.4606281133547614,4.103318423238049,25,False,Общественное питание +47%,МО,объяснения не найдено,9.0,9.131469273214217,,"В Тернейском округе Приморья тушат природный пожар | В Приморье потушили почти все природные пожары | Крупный природный пожар в Приморье локализовали - Газета.Ru | Новости | В Приморье укротили мощный природный пожар, бушевавший несколько дней"
1969,Холмский,Сахалинская область,2024-01,3.182260108200307,True,-0.47221876185679723,-2.120232120022471,0.12769192802824458,-3.8824830771876324,-1.2757499573788922,-3.2880509578328856,-3.887158657374907,-18.302157169244644,-27.25335488494131,-26.624174250473388,1.8415914307433632,-16.64494836120233,65,False,Общественное питание -27%; Транспорт -17%; Здоровье -18%,МО,новостной всплеск,15.0,3.814493630666677,,Морское сообщение между Сахалином и материком восстановили после циклона | В Холмске подросток подрался с таксистом - Газета.Ru | Новости | Пятиэтажка вспыхнула в Холмске | Циклон принесет на Сахалин снегопад и штормовой ветер
2340,Ленинский,Еврейская автономная область,2024-05,3.1760430791074623,True,-1.3080939543476768,-1.4933004810176207,-0.25403613038426426,-4.9587407573278846,-0.15435869956753234,-1.855449459308189,-5.0745284448887675,-11.526120829736023,-5.353070528702699,-22.963895026933955,-0.2833197141231194,-10.081643770172354,79,False,Общественное питание -23%,МО,нет в словаре упоминаний,,,,
2882,Пуровский,Ямало-Ненецкий автономный округ,2024-04,3.170920798695813,True,3.123435224580639,0.35317323578696713,1.490926668943347,3.7680982958081812,1.731029930478622,2.491947785524698,4.854939516090126,9.329067165397241,16.803169589787124,9.805948543822675,1.5239839697467181,15.761479581827462,89,False,Общественное питание +10%; Все категории +5%; Транспорт +16%,МО,объяснения не найдено,4.0,1.2008047577806722,,В ЯНАО запустят авиарейсы из Тарко-Сале в Самбург | Срыв контракта по ремонту больницы обернулся штрафом для подрядчика | Мужчине из ЯНАО назначили шесть лет тюрьмы за избиение соседки гаечным ключом | 360° | На Ямале построят дом арендного жилья для молодых специалистов
891,Коряжма,Архангельская область,2024-07,3.1698981626169997,True,-2.456017935951157,-2.4941857280810256,-1.2218023807305587,-4.229867200777235,-2.1531152843939174,-0.8589375821861595,-11.481702490562473,-17.785233699687648,-5.943427371421229,-21.830451259312756,-8.63405093612265,-7.520953000841517,29,False,Общественное питание -22%; Здоровье -18%; Все категории -11%,МО,объяснения не найдено,0.0,1.0,,
1305,Волгореченск,Костромская область,2024-07,3.162557385605575,True,-4.129793003706997,-2.7143888550068853,-0.5923775083736043,-2.3626702144167857,-0.7681337540277089,-0.9246207442121567,-12.635938013180404,-22.17212206374516,-3.0969714888777937,-23.703195820537605,-4.644063710653915,-8.147365857612913,44,False,Все категории -13%; Здоровье -22%; Общественное питание -24%,МО,объяснения не найдено,0.0,1.0,,
339,Усть-Алданский,Республика Саха (Якутия),2024-05,3.160997400665485,True,-0.9598505133668018,-4.672003003752541,-0.03291047938955031,-0.7285435444597168,2.688268704195803,-0.6428120243155253,-7.7410228971061965,-40.48717452404131,-2.920915412596911,-21.40255477584365,5.22055082217612,-8.900262189385922,14,False,Здоровье -40%; Продовольствие +5%,МО,объяснения не найдено,0.0,1.0,,
188,Сарпинский,Республика Калмыкия,2024-08,3.1587599520779928,True,2.9175366210581597,0.46891047663207397,1.0812509413230595,0.14905347758239426,4.500241079234292,0.9334366214179797,8.122784505361254,-4.66636958926368,12.345750696658966,7.330905498573516,6.907495473328037,8.285105342196491,8,False,Продовольствие +7%; Все категории +8%,МО,объяснения не найдено,0.0,,,
1970,Южно-Курильский,Сахалинская область,2024-06,3.15624290899977,True,0.7596677754362281,1.365139472221847,5.089111481445187,0.17399947272471017,0.5404005133476224,1.4570334425258131,7.083310896886309,14.71603125903811,27.169267608215907,3.622280993685402,0.872420707995688,20.903596298020656,65,False,Маркетплейсы +27%,МО,нет в словаре упоминаний,,,,
899,Вилегодский,Архангельская область,2024-05,3.1553063573429028,True,-2.7408310697331393,-3.44294278916773,-1.2577578171936532,-3.240658054125587,-0.6922420463597997,-0.8602247847117713,-9.916560455899196,-18.867583014807387,-14.252368704844432,-27.170790345286466,-3.543318880861715,-5.478389304694139,29,False,Здоровье -19%; Общественное питание -27%; Все категории -10%,МО,объяснения не найдено,0.0,,,
401,Бай-Тайгинский,Республика Тыва,2024-11,3.1520994640608397,True,-2.0198439749899726,-0.48614323032304896,-0.5586768976585572,0.18509670011752832,-5.041359294348818,0.19472705763028758,-16.36515572226905,-13.269298305068332,-13.119920795295542,-2.2345260771362137,-26.60710230843753,2.194915995311057,17,False,Продовольствие -27%; Все категории -16%,МО,объяснения не найдено,0.0,1.0,,
1253,Тяжинский,Кемеровская область,2024-05,3.1517109371891747,True,-2.138294488973646,-0.7522920943899203,-0.12554107132604048,0.03133980066676321,-4.933675107867226,-0.9414839898956548,-8.36691795520331,-7.026471541781201,-4.46503907059659,2.290782033520652,-8.740180239348035,-7.3728749769558375,42,False,Продовольствие -9%; Все категории -8%,МО,объяснения не найдено,0.0,1.0,,
347,Ардонский,Республика Северная Осетия — Алания,2024-03,3.148037515306539,True,0.2313794995460089,-1.5876937183211952,0.45984502262567084,-5.0878909008058955,0.787489571724626,-1.1502240788785867,4.753381744904983,-7.894674032086824,8.518963396093458,-30.223643584951155,2.571295450963234,-7.012816512906681,15,False,Общественное питание -30%,МО,объяснения не найдено,0.0,1.0,,
1062,Нюксенский,Вологодская область,2024-10,3.139152872180527,True,-3.479900448249466,0.5068936685583288,-0.30293691446762155,-3.878973753711784,-1.0834952586415547,-1.5513535229102473,-7.101567865375383,8.044400998789087,-1.2675246705114038,-41.498569685996586,1.8606175357977421,-6.678187543282525,35,False,Общественное питание -41%; Все категории -7%,МО,объяснения не найдено,0.0,1.0,,
1194,Полесский,Калининградская область,2024-06,3.137701425719481,True,-1.6680664038263024,-4.325201602279412,0.7047289091098112,-1.6951782800258661,-2.820374515814228,-1.1442285179214877,-3.423702181608341,-42.37921054235462,7.575788246010057,-12.158109550459008,-6.074858631183401,-10.411449362579196,39,False,Здоровье -42%; Продовольствие -6%,МО,объяснения не найдено,1.0,1.0269933407054712,,Находившийся в розыске россиянин избил и ограбил 79-летнего таксиста - Газета.Ru | Новости
331,Нижнеколымский,Республика Саха (Якутия),2024-01,3.1363397475286674,True,-0.7208203383568895,-0.18286230628359956,0.6776276962050811,-1.3574119913972917,-1.4651333656453045,-5.051801455151247,-24.39251785529285,-10.917363870157141,-4.707286865171447,-24.868766086385943,-30.414756380160686,-55.51751250320015,14,False,Транспорт -56%,МО,объяснения не найдено,0.0,1.0,,
613,Мильковский,Камчатский край,2024-03,3.1347379718251447,True,0.1955572295516538,0.3728560152126156,-0.43826435957269033,1.46794975492985,5.124290685981481,-1.0327221013283803,2.3123768261832054,3.6067309584679124,-5.4687219922225605,18.354954910028603,5.783044446363986,-3.480973324914627,41,False,Продовольствие +6%,МО,объяснения не найдено,0.0,0.5476599383423424,,
578,Балейский,Забайкальский край,2024-10,3.130832987928077,True,2.3973751059007156,-0.3775358791171794,0.3417557837239511,0.302527877911396,4.837328994027931,0.5091035258571682,8.116179291947944,2.0372911781198084,3.9942410328823152,7.76510955920182,11.767096316672385,5.079883845843782,75,False,Продовольствие +12%; Все категории +8%,МО,объяснения не найдено,0.0,1.0,,
1184,Балтийский,Калининградская область,2024-10,3.129064977806948,True,1.9945358632630754,3.8986740625864003,1.465437867386507,0.4953393935197767,1.2398235182546626,3.1930095756022183,6.06633417876228,20.641021459874594,9.596705205877763,6.6603716921539196,6.630503933502031,21.039428614963068,39,False,Здоровье +21%; Транспорт +21%,МО,есть тематические новости,50.0,1.096749970486791,ЧС и стихия,Перевозивший сотни тонн мазута танкер горит в Балтийском море | В Балтийском море загорелся немецкий танкер с нефтью и химикатами | В Балтийском море потушили пожар на немецком танкере - Газета.Ru | Новости | В Балтийском море потушили пожар на нефтяном танкере Annika
619,Олюторский,Камчатский край,2024-11,3.11756161660197,True,-3.179396285157227,-2.909750973233136,-1.73024353868521,-3.2530539244880203,-1.1857512285127365,-1.0648346390343553,-15.081255267601682,-15.468696325981965,-21.05152258009324,-27.462980619497436,-6.145953142339607,-32.315330380371755,41,False,Общественное питание -27%; Все категории -15%; Здоровье -15%,МО,объяснения не найдено,0.0,1.0,,
2334,Рыбинский,Ярославская область,2024-09,3.1124295578048566,True,3.317338116564609,2.1984131648309084,3.302319927051046,2.22621638163867,-0.913380785956449,2.6742483386329603,9.392955539218386,29.088386482867318,17.07451126020404,37.90898560601278,-4.0259606841215625,26.14308376888245,76,False,Все категории +9%; Маркетплейсы +17%; Транспорт +26%,МО,нет в словаре упоминаний,,,,
226,Вуктыл,Республика Коми,2024-05,3.1100744466086843,True,-0.546317300442828,0.0037295416509086124,1.1046117093242924,3.516223271785201,-3.899767988969546,-1.2023613123805772,-4.783576058242138,-0.32367168383280953,5.67404552179055,16.071005136738467,-7.915427374907642,-12.909415863751846,11,False,Продовольствие -8%; Общественное питание +16%,МО,объяснения не найдено,0.0,1.0,,
226,Вуктыл,Республика Коми,2024-06,3.1080888604569665,True,0.8564472450214451,3.307457954613199,2.828502666026299,-3.1687448051615092,-0.6794789335110017,-0.41077875755278304,5.259714501325164,21.573801731836415,24.867679428908048,-15.003430967955698,-2.5301095585906817,-1.7011569830672906,11,False,Здоровье +22%; Общественное питание -15%; Маркетплейсы +25%,МО,объяснения не найдено,0.0,1.0,,
1124,Пестяковский,Ивановская область,2024-05,3.1078134800477626,True,-1.603750064471636,-0.1419341348475221,-1.228744830082804,-0.6256148751570644,-0.9291179612229615,4.989357248539311,-11.176287101561558,-1.9070429134148235,-15.241734372863752,-22.84428435524968,-9.902073317604495,39.4462209422599,37,False,Транспорт +39%,МО,объяснения не найдено,0.0,1.0,,
207,Костомукшский,Республика Карелия,2024-02,3.1066513239242592,True,3.231314882409593,0.6457848316150494,3.124248810155234,0.9492219364047367,2.958296950659777,0.39414922246054374,15.032903423701846,9.12565358705555,25.037608542285643,7.802236331744394,10.874462492711855,2.811038548568112,10,False,Все категории +15%; Маркетплейсы +25%; Продовольствие +11%,МО,объяснения не найдено,0.0,0.5249682552654786,,
218,Прионежский,Республика Карелия,2024-02,3.10264793998781,True,2.653714430618429,1.14431921181016,-1.5691752585715497,2.986288867698608,3.5943220832194043,1.1371522881691982,16.162865000544986,9.786823612494615,11.644733103209186,13.857833408777687,15.924682777173604,21.0890089974993,10,False,Продовольствие +16%; Общественное питание +14%; Все категории +16%,МО,объяснения не найдено,4.0,2.5790556779211724,,Вертолет МЧС пропал с радаров. Он мог утонуть в Онежском озере - Газета.Ru | Вертолет МЧС перестал выходить на связь в Карелии | Тела членов экипажа рухнувшего в Карелии вертолета не нашли | 360° | Грант помог фермеру реализовать проект по выращиванию бычков в Карелии
185,Малодербетовский,Республика Калмыкия,2024-02,3.1006505574423677,True,-3.3057470080632005,0.07056600491894074,-3.4837909984452673,-1.0594147433922023,-1.9812788722490164,2.403609501548852,-1.2840785219009527,7.214330235818074,-9.47477615218789,-53.71416318738844,0.1472525240377496,16.242340581157436,8,False,Маркетплейсы -9%; Все категории -1%; Транспорт +16%,МО,объяснения не найдено,0.0,,,
1570,Тонкинский,Нижегородская область,2024-10,3.0914640784054646,True,-2.6077609729349,-2.9910597139877555,-0.635144413410948,-0.5007504625823374,-3.595079267500392,-1.0374695632586564,-4.776965489675984,-11.316851081212857,-2.723048425716156,-3.83800562909929,-4.420038496320945,-5.720028238639764,52,False,Продовольствие -4%; Здоровье -11%; Все категории -5%,МО,объяснения не найдено,0.0,1.0,,
593,Петровск-Забайкальский,Забайкальский край,2024-01,3.090950960406726,True,-1.2522619166753335,0.0011556477261685807,1.9297257004201398,-3.0686677177845567,-3.673740750675646,2.3976740507353886,-8.105439461771303,-3.5257901732442956,-20.37441272192275,-35.58433202131568,-11.77287419987688,9.007200500124542,75,False,Продовольствие -12%; Общественное питание -36%; Транспорт +9%,МО,объяснения не найдено,1.0,1.9081282681247425,,Два человека погибли в ДТП с грузовиком в Забайкалье
413,Тоджинский,Республика Тыва,2024-11,3.0786763342984607,True,-2.904558342463479,-0.3939823406912227,-3.2809493821426083,-1.7175273674039082,-3.0386931238860018,0.05056756132816708,-10.142232703609194,-7.143618683526125,-21.076299082289964,-12.971437437497372,-6.857861915472963,-0.8663097952338806,17,False,Маркетплейсы -21%; Продовольствие -7%; Все категории -10%,МО,объяснения не найдено,0.0,1.0,,
912,Приморский,Архангельская область,2024-03,3.073702125661625,True,-0.8352583548456912,-0.055714188310473554,-0.6092079476635529,5.195256187390553,-0.8090679204683687,-0.047027084866936054,-0.5908428449080794,-0.6054555630398634,-3.0518648189743436,27.822584852985578,-2.173829606825966,2.083484256186659,29,False,Общественное питание +28%,МО,объяснения не найдено,28.0,0.5305045868202583,,Участника Telegram-чата с террористами из «Крокуса» вышлют из России - Газета.Ru | Новости | Полиция Петербурга остановила иномарку с наркотиками в Приморском районе города | 360° | В Приморском районе нашли труп в припаркованной машине | В Приморском районе 1 сентября откроет двери новая школа на 825 мест
1788,Струго-Красненский,Псковская область,2024-11,3.071730410376947,True,-2.150454662379445,-2.4210139826638843,0.11428949347244464,-4.2214712107155306,-0.6284524233460965,-2.0187570961962673,-9.269085383798071,-16.77693337577602,-4.125105376996247,-25.90337066850037,-3.3636091040328218,-17.046595313965817,60,False,Общественное питание -26%; Здоровье -17%; Все категории -9%,МО,объяснения не найдено,0.0,1.0,,
1128,Савинский,Ивановская область,2024-12,3.0706166531321206,True,-0.16771932073866885,1.3988520477143203,0.33824822066133914,-0.19955169258182773,-2.7138710407220787,-4.354787803603344,-0.8318103239171256,14.767847877677816,11.103290173252903,-15.642915025886051,-11.186352473340106,-67.27167665762182,37,False,Транспорт -67%; Продовольствие -11%,МО,объяснения не найдено,0.0,1.0,,
2200,Викуловский,Тюменская область,2024-05,3.069624941814928,True,-0.977794370699662,-2.971137994923969,-0.6956451512225786,-0.9582167166802052,0.8289967085796753,-4.299307971521013,-5.640627868637046,-20.50004155339257,-8.327909828961593,-7.522183715565997,2.1676433430317354,-22.912158480331932,72,False,Транспорт -23%; Здоровье -21%,МО,новостной всплеск,19.0,18.34676132229049,ЧС и стихия,Жителей Викуловского района Тюменской области призвали эвакуироваться | В Викуловском районе Тюменской области подтопило десять участков дорог | В Тюменской области остаются подтопленными более 380 жилых домов | МЧС России продолжает работы по ликвидации последствий паводка
2395,Понтонный,Санкт-Петербург,2024-06,3.065101418546096,True,-0.6830201514819683,-1.6304585679810937,1.50357042466159,-4.783817181724845,-0.22246508854952532,-1.6251886499268549,0.11448727106086967,-10.585276623763098,9.804888246871837,-11.481962866444968,-1.354362331916084,-8.391517427502166,78,False,Общественное питание -11%,МО,нет в словаре упоминаний,,,,
401,Бай-Тайгинский,Республика Тыва,2024-10,3.058113839996515,True,-3.9784013355546617,-0.8274593682940691,-2.451555293171016,-0.37466696735836064,-2.493668027808985,-1.2292033767056656,-15.436618354646688,-14.28561571247317,-35.62755957537275,-3.1011036688138804,-4.068066508233533,-16.601998293447057,17,False,Все категории -15%; Продовольствие -4%; Маркетплейсы -36%,МО,объяснения не найдено,0.0,1.0,,
1411,Елец,Липецкая область,2024-01,3.056801161185454,True,2.5170424017970827,-0.679957930522395,2.7062542788904347,3.493589453073559,0.5288037587564247,2.916011064525411,7.277544914371152,-9.992067329981577,-23.658937441322564,15.58837304405829,5.024084829177045,8.164160508869532,48,False,Общественное питание +16%; Транспорт +8%; Маркетплейсы -24%,МО,объяснения не найдено,1.0,0.8941999764929927,,Водитель снегохода погиб в ДТП с грузовиком в Тамбовской области
1336,Белозерский,Курганская область,2024-03,3.051547336557347,True,0.06728561339358095,-0.3175864353049421,-0.5256079630109135,-5.230342567121645,-0.5505236975150081,-0.1657718177290245,2.3430909125448123,-3.662099086089042,-2.57348993745099,-88.88574784901017,-1.303100960297052,1.2854161852202115,45,False,Общественное питание -89%,МО,нет в словаре упоминаний,,,,
413,Тоджинский,Республика Тыва,2024-02,3.049524857095483,True,0.3712125351986629,-3.2363754900225006,0.5109836596948728,1.3336876571797995,2.2972012345710153,-3.485332945013531,10.663815805045331,-23.51425879470852,25.652168847858235,11.652478637313992,20.41207675894349,-14.157302745441648,17,False,Транспорт -14%; Здоровье -24%; Продовольствие +20%,МО,объяснения не найдено,0.0,1.0,,
903,Котласский,Архангельская область,2024-08,3.0446529625935943,True,-3.3929477586118044,-2.8004192158565897,-2.9077986021528623,-1.6201908911265355,-0.22771488428455972,0.07656723555681877,-12.112710043432212,-40.7567587645647,-13.583153716042165,-37.52271594143862,-5.569121538078448,-0.09725226574605154,29,False,Все категории -12%; Маркетплейсы -14%; Здоровье -41%,МО,объяснения не найдено,0.0,1.0,,
2316,Чебаркульский,Челябинская область,2024-10,3.0421847874965673,True,4.0520280104081765,-0.45349601544893936,1.4975599566486557,3.002930495198893,1.5258251170100343,1.1836405086627706,10.703386550993352,-1.7160232613196058,11.368729967677552,25.45637142575479,7.582709685931661,13.250857419997466,74,False,Все категории +11%; Общественное питание +25%,МО,объяснения не найдено,3.0,1.9820590952315627,,В России двое мужчин заживо сгорели в Mercedes | В Челябинской области двое мужчин сгорели в Mercedes | В Челябинской области птицефабрика получила крупный штраф из-за полчища мух
2224,Пыть-Ях,Ханты-Мансийский автономный округ — Югра,2024-11,3.041603117037667,True,2.4729553654041116,-0.8185708041055809,-0.3531960895756955,-4.556967634565766,0.5697116310504899,0.9341232803858684,1.0994645895126376,-5.503197511750839,-3.491516898475954,-8.853195640555416,0.8309338715906059,2.0596289441539515,86,False,Общественное питание -9%; Все категории +1%,МО,объяснения не найдено,6.0,1.4810972943572314,,"Жительница Пыть-Яха спасла пенсионерку от мошенников | Общественники из Пыть-Яха попросили губернатора ХМАО вмешаться в их конфликт с мэром | Мэр Пыть-Яха спустил на тормозах скандал с чиновницей, оскорбившей депутата | В Пыть-Яхе вновь произошел коллапс общественного транспорта"
335,Среднеколымский,Республика Саха (Якутия),2024-08,3.0407861385029857,True,1.9129340848794225,3.361312413351071,-0.5529738678711206,3.575108818916457,0.7176693636011263,1.0860065719096725,10.194408041897036,16.496545910148438,0.1913672252656673,17.078346257220073,1.6379027083471227,14.579302185701831,14,False,Общественное питание +17%; Здоровье +16%,МО,объяснения не найдено,0.0,1.0,,
2352,Сенной,Санкт-Петербург,2024-08,3.0406319954375647,True,-0.2892119328825835,-1.1327227709198529,-3.2215723227525013,-0.8837830390489838,-1.891152275275183,-3.7123232127648085,-1.2024725235931093,-11.79140128263029,-9.457907823719093,-3.665777856406193,-7.569937260959114,-10.630547972052335,78,False,Транспорт -11%; Маркетплейсы -9%,МО,нет в словаре упоминаний,,,,
22,Агидель,Республика Башкортостан,2024-12,3.0398788751361354,True,-0.9008695341956287,0.9228768902234293,-0.32396103608216903,-2.275449698964492,-1.6930508151753538,-4.436045348191707,-3.2723307538563624,6.377500879484523,4.899457111028219,-21.9640564956603,-8.899187638544277,-35.095365833272254,2,False,Транспорт -35%; Общественное питание -22%,МО,объяснения не найдено,0.0,0.5179905266766754,,
716,Северо-Енисейский,Красноярский край,2024-04,3.032997755568574,True,1.0010845628634437,1.5447992699873292,3.424014879831112,3.6724574162260573,-0.3240238823098988,1.456268232433333,4.960825802154256,11.41009035812113,30.56617299677814,26.502838995727355,0.06868661827129291,14.520309044576157,24,False,Общественное питание +27%; Маркетплейсы +31%,МО,есть тематические новости,5.0,5.669878878924972,транспорт,"Под Красноярском автобус упал в карьер, есть погибшие | В Красноярском крае в карьер упала машина с вахтовиками - Газета.Ru | Новости | Увеличилось число пострадавших при падении автобуса в карьере в Красноярском крае - Газета.Ru | Новости | Два вахтовика погибли при падении автобуса в карьер"
1521,Печенгский,Мурманская область,2024-07,3.0288710102278076,True,1.153474922423817,1.2023202927806103,-1.6372823850887712,0.862758609249934,1.6979082651334376,4.685999648363714,-0.3733271296572746,5.409669612551555,-4.661151675930795,-0.8761604369711372,1.5591566057051796,8.155562589381125,51,False,Транспорт +8%,МО,объяснения не найдено,1.0,1.9691868845539722,,Бродившего по улицам медвежонка заметили в поселке Луостари
1190,Светлогорский,Калининградская область,2024-03,3.0288363493213613,True,-2.8678270821342657,-2.947388695298577,0.19799483806587115,-0.9555713060292794,-3.257302042905212,-1.6006249143156859,-4.364679120818795,-11.120344951078682,1.7607684033864337,-1.6638924006465585,-3.8617554730002093,-5.020581671091804,39,False,Продовольствие -4%; Здоровье -11%; Все категории -4%,МО,объяснения не найдено,3.0,0.5273738611930398,,"«Драконьи головы, пивоварня и баптистская капелла»: прогулка по некурортной части Светлогорска | Готовность — 70%: Алиханов показал увезённые на реставрацию солнечные часы из Светлогорска | «Аварийность не за горами»: Алиханов — о влиянии плюща на водонапорную башню в Светлогорске"
1686,Домбаровский,Оренбургская область,2024-07,3.0280166049767243,True,-1.0730821667646315,-1.7655626876052033,0.9739721209187198,-3.659850098468012,-3.3158617783201207,-0.7822397239416689,-4.888527310869465,-11.954351693876577,6.911217775523672,-37.07945611245017,-11.800528132268386,-8.804657742144482,56,False,Общественное питание -37%; Продовольствие -12%,МО,объяснения не найдено,0.0,1.0,,
329,Намский,Республика Саха (Якутия),2024-01,3.0272798617493866,True,-3.237673498072462,-1.647107109853342,0.2913842191148748,-0.7448788795331396,-3.6999461152006057,-1.8223992835137213,-21.311827974238902,-13.86784256913907,-21.88060854213239,-19.27484905691234,-12.946309497435182,-15.911772425194917,14,False,Продовольствие -13%; Все категории -21%,МО,объяснения не найдено,0.0,1.0,,
15,Улаганский,Республика Алтай,2024-08,3.026275538201219,True,2.8490625941044536,0.8054738992111228,1.934776687580989,-0.570232533201717,0.49193254752393134,3.951520264836456,8.61822922399541,-1.8223247973307801,18.182323364087917,-8.289637464350257,-2.013999322145005,9.6984700901098,4,False,Транспорт +10%; Все категории +9%,МО,объяснения не найдено,0.0,1.0,,
1959,Макаровский,Сахалинская область,2024-04,3.025090976750229,True,-2.1770163355213206,-0.5772560666561204,3.0739426472440328,-1.450006468606622,-3.6421151449637943,-2.02202262461476,-0.49947224881806307,0.9354245669665551,47.84034958894738,-16.219819078260585,-7.024782832441838,-13.155967001134897,65,False,Продовольствие -7%; Маркетплейсы +48%; Все категории -0%,МО,нет в словаре упоминаний,,,,
2250,Ямальский,Ямало-Ненецкий автономный округ,2024-07,3.0238105388106122,True,1.154636906676251,2.5756818348940276,4.0107441843834035,2.170272954422558,0.15994023000805754,0.5114654701951526,2.6947939149983378,17.461382079714085,28.18104062011487,6.813226356366364,-0.9826888912401613,10.227377300086028,89,False,Маркетплейсы +28%; Здоровье +17%; Общественное питание +7%,МО,объяснения не найдено,1.0,1.9691868845539722,,Военного из ЯНАО наградили орденом Мужества посмертно - Газета.Ru | Новости
401,Бай-Тайгинский,Республика Тыва,2024-07,3.023517636706188,True,3.4051941473714766,1.1147985303304273,-3.34980473813296,0.8475475854278888,2.1467272145079654,-0.17937385623373617,14.408809902192024,26.21661667301064,-37.27038212326742,22.18850936057926,8.90431423593066,-1.8574709709069503,17,False,Все категории +14%; Маркетплейсы -37%; Продовольствие +9%,МО,объяснения не найдено,0.0,1.0,,
716,Северо-Енисейский,Красноярский край,2024-09,3.021508564538644,True,0.18789015297211398,-4.4745450045384425,1.616380584769502,-2.1804363839106626,-1.396148992255759,0.33031039215038044,-1.3306154668152523,-10.787699237356458,5.955098537860278,-18.895218656593045,-9.216576624678956,0.831091945620739,24,False,Здоровье -11%; Общественное питание -19%,МО,объяснения не найдено,0.0,1.0,,
1725,Новосильский,Орловская область,2024-04,3.0213182534132117,True,0.04444169887187011,-1.3572457068534636,2.501350314481958,-4.391608208924429,-0.6288359736250244,0.7779366424530678,7.93767958278315,-7.699022987993229,33.709927790929015,-31.51050635449655,1.3212981362437617,14.523243887172324,57,False,Общественное питание -32%; Маркетплейсы +34%,МО,объяснения не найдено,0.0,1.0,,
325,Ленский,Республика Саха (Якутия),2024-07,3.017011352053735,True,0.6837571019821941,2.1325150054964293,-2.443492706728442,0.533885768265257,4.097413286301591,0.25302968726716574,1.7629237434083325,11.701652409464954,-5.870114300808137,-1.4799109578537912,3.787984015493228,4.068542093145442,14,False,Продовольствие +4%; Маркетплейсы -6%; Здоровье +12%,МО,объяснения не найдено,3.0,1.2942040783645532,,Молния поразила летевший из Иркутска в Ленск самолет | Молния повредила летевший Ан-26 с пассажирами | Два заповедника горят в Иркутской области
1350,Притобольный,Курганская область,2024-03,3.016405715340992,True,-0.4600935639358695,0.8373789050207964,0.21081565689654486,-4.483038876324759,-2.180638534013763,1.563102151479727,0.3216179357735675,6.204328430996151,7.525125712655678,-72.45368512791526,-5.17670878075215,14.74870692355195,45,False,Общественное питание -72%; Продовольствие -5%,МО,объяснения не найдено,0.0,1.0,,
2148,Александровский,Томская область,2024-05,3.01185574539963,True,-0.23995766401320945,-1.0610552790384211,4.285987989088068,-2.3271225588572255,-1.851656730266412,-1.067727825812628,-3.0022373114659726,-14.484989187415895,29.011839942861666,-19.163624932007668,-4.5302021211287995,-20.00608562812006,70,False,Маркетплейсы +29%; Общественное питание -19%,МО,нет в словаре упоминаний,,,,
891,Коряжма,Архангельская область,2024-12,3.0102350558147557,True,2.752492255177359,2.965268037410184,0.9071763487486191,1.8038031340143579,3.2886953530648606,2.1981970736039966,12.467572393667423,19.04665200510497,12.38164015856518,8.090523808196137,13.008606801493611,16.504143465341333,29,False,Продовольствие +13%; Здоровье +19%; Все категории +12%,МО,объяснения не найдено,1.0,1.9727717529230038,,"Цыбульский рассказал о решении проблем в Коряжме, Котласе и Яренске"
346,Алагирский,Республика Северная Осетия — Алания,2024-10,3.0088581653936934,True,0.15851764231069207,-0.9078334828895308,-4.636847519856638,2.1420527826536273,-1.0348610207627393,-0.020477671563130573,2.049411819594816,-2.946428983363495,-15.024127338253217,13.38786710622331,-2.5049867917120774,1.1720701785128793,15,False,Маркетплейсы -15%; Общественное питание +13%,МО,объяснения не найдено,0.0,0.5476599383423424,,
1504,Талдомский,Московская область,2024-03,3.0076163095358504,True,-2.3110410682946614,-1.0854164467347247,-0.10293592313528392,-3.0671307578112197,-1.5526463973182438,-3.5198104624115754,-2.035814433179124,-4.578007338304471,0.9863157609778739,-8.886602737771726,-1.9402721851966325,-8.89050890696845,50,False,Транспорт -9%; Общественное питание -9%; Все категории -2%,МО,объяснения не найдено,5.0,0.832754527935694,,Состояние техники для тушения лесных пожаров проверили в Талдоме и Подольске | 360° | СМИ предупредили о рисках подтопления более чем в десяти точках Подмосковья | Масленичное чаепитие и кулинарные мастерские пройдут в парке в Талдоме 17 марта | 360° | Первый цифровой разъезд с управлением из центра появится на МЖД
1305,Волгореченск,Костромская область,2024-08,3.007154798870213,True,-0.3358962501735532,-1.0790102292138635,-0.8881952903279335,-2.6494608573207783,-4.339392488487806,-1.1309155359641605,-0.9507215695162025,-18.733692738908285,2.2867026843076403,-25.284927325126223,-19.348716610505416,-9.99375349247379,44,False,Продовольствие -19%; Общественное питание -25%,МО,объяснения не найдено,0.0,1.0,,
323,Кобяйский,Республика Саха (Якутия),2024-05,3.0060892320869446,True,-1.8622321032574343,-4.417873189633123,-1.547699474924139,-1.7562549460842019,2.030813996338777,-1.5356458849004304,-9.150175082021505,-45.01465088223684,-19.345740746147268,-38.15440416443497,6.038743530336387,-28.466055145874737,14,False,Здоровье -45%; Продовольствие +6%,МО,объяснения не найдено,0.0,1.0,,
599,Хилокский,Забайкальский край,2024-01,3.0050366846427115,True,-1.329231742798692,-1.3249038874860881,-0.5096293207627157,-4.779374112514026,-1.575265848900589,0.9771734834513804,-8.423125812544155,-10.982122945110198,-38.12976790963607,-44.61764667908768,-3.999150644835102,0.41104126910276806,75,False,Общественное питание -45%,МО,объяснения не найдено,1.0,1.0427159980451755,,Фермер из Забайкалья увеличил в 15 раз поголовье скота благодаря гранту
1179,Пионерский,Калининградская область,2024-02,3.0034294951535183,True,-3.3303026004546523,-0.7292017420865525,-0.5621352264997093,-2.1282731682891933,-3.382499683314045,-0.6251166595425977,-3.2105907304123957,-3.5969280035368394,13.004894081099932,-24.921903765114212,-4.172945460464672,-3.039099390284157,39,False,Продовольствие -4%; Все категории -3%; Общественное питание -25%,МО,нет в словаре упоминаний,,,,
201,Ногайский,Карачаево-Черкесская Республика,2024-07,3.00280382688956,True,0.37716943598489494,0.0,2.532242704097114,2.4786062763382235,-0.6310973411497459,-3.8071971688883495,0.24989393076722474,2.148086577801327,11.033537131152473,12.490857908273927,-3.3917790134608183,-10.792278813093542,9,False,Транспорт -11%; Маркетплейсы +11%; Общественное питание +12%,МО,объяснения не найдено,0.0,1.0,,
1714,Должанский,Орловская область,2024-03,3.0008158697777003,True,3.3193886187638775,0.11224791719109532,0.2535516104692846,3.2619955653500856,-0.8107704738730739,-2.314245402325843,12.352802642156247,1.4263427611626749,1.7665529484962548,50.66727365094395,-1.8091188970535885,-9.437445736000697,57,False,Все категории +12%; Общественное питание +51%; Транспорт -9%,МО,объяснения не найдено,0.0,1.0,,
