territory_id,МО,регион,month,score,shock,z: Все категории,z: Здоровье,z: Маркетплейсы,z: Общественное питание,z: Продовольствие,z: Транспорт,"откл., %: Все категории","откл., %: Здоровье","откл., %: Маркетплейсы","откл., %: Общественное питание","откл., %: Продовольствие","откл., %: Транспорт",region,warmup,главное,масштаб,новости,статей,к обычному,тип события,заголовки
1955,Анивский,Сахалинская область,2024-05,8.0,True,-8.83134195089695,-1.0162106387138312,0.9240739785432056,-5.536094283489101,-23.262309031941236,-10.595376268855437,-14.620238420210452,-10.329578968264075,8.039155027087874,-27.00268969277877,-17.380129647680675,-38.85216545405199,65,False,Продовольствие -17%; Транспорт -39%; Все категории -15%,МО,объяснения не найдено,0.0,0.5078238169489452,,
2595,Кокошкино,Москва,2023-05,7.125574419565355,True,-6.809001960491428,-1.734523487338386,0.10308239809715955,-10.860805343850403,-2.686711515339938,-6.477570897204934,-8.776284887474617,-7.90984237885608,0.4038223413498798,-19.415943764405075,-5.290937167955256,-22.381569610546137,77,True,Общественное питание -19%; Все категории -9%; Транспорт -22%,МО,нет в словаре упоминаний,,,,
618,Карагинский,Камчатский край,2023-08,6.488421311961377,True,7.398735532449679,8.940403426707629,0.7781981080907051,0.8620589718715082,2.749099104326792,0.1850317372153809,18.367367012155533,35.271939806104854,6.439456826610801,27.093944472731657,11.313281386087581,6.734232196883827,41,False,Здоровье +35%; Все категории +18%; Продовольствие +11%,МО,объяснения не найдено,1.0,1.9048770853664205,,На Камчатке на реке Оссоре зафиксировали самый массовый за десятилетие нерестовый подход
402,Барун-Хемчикский,Республика Тыва,2023-11,6.47351589005851,True,-0.4467764756003354,1.315260000167783,0.27057312457395066,-7.695040346368026,-1.5829017671000047,-17.799795631054245,-2.810286382423488,18.02321431827769,7.818693364175866,-29.854461042786706,-6.095015720877672,-30.478685531656645,17,False,Транспорт -30%; Общественное питание -30%,регион,объяснения не найдено,0.0,1.0,,
218,Прионежский,Республика Карелия,2023-10,6.340594195012316,True,-3.124783575491605,-6.844350359516202,0.9155888589048964,-0.7084672678341701,-8.198904298747971,-2.7973385679748715,-9.439424206288738,-28.202579824057672,3.436438124953689,-4.664741295783292,-13.724085459858593,-27.30561423080502,10,False,Продовольствие -14%; Здоровье -28%; Все категории -9%,МО,объяснения не найдено,1.0,1.0827088974148271,,Туристов из Петербурга нашли мёртвыми в Карелии
408,Пий-Хемский,Республика Тыва,2024-08,6.1191521997232154,True,-6.730511472015044,-0.20388265305189282,-1.7413461043704914,-0.9521902007790113,-9.010790875804952,-0.0775625256620262,-15.630969885738377,-2.0747723447373634,-7.762592929294465,-12.46184793326428,-14.480801166264712,-0.5397970536669128,17,False,Продовольствие -14%; Все категории -16%,МО,объяснения не найдено,4.0,1.8507932128479363,,Проспект Туран перекроют в Астане | Проезд к двум остановкам общественного транспорта временно закрыли в Астане | Турция захотела интегрировать российские ЗРК в свою ПВО | Автомобиль загорелся на левобережье Астаны
726,Эвенкийский,Красноярский край,2023-07,5.904034578734163,True,12.751821488287336,4.125645250324776,1.202916117441975,3.1315697585740923,4.853032473530201,1.59009828787018,11.682191053597535,40.54626236474306,28.276086040020854,12.068470849308444,5.631092910177493,37.71110987912651,24,True,Все категории +12%; Продовольствие +6%; Здоровье +41%,МО,объяснения не найдено,2.0,1.495605468450265,,В «Восточно-Сибирской нефтегазовой компании» оценили экономический эффект инноваций - Газета.Ru | Новости | В Сибири десантника-пожарного унесла река
891,Коряжма,Архангельская область,2024-05,5.76866781888187,True,-4.944838582226764,-1.7305689252725127,-0.4240537870050854,-3.373596983863299,-11.863409644342164,-0.8670411462408499,-9.989528137701065,-8.960433897511377,-2.0018421827173505,-14.410490717273383,-14.024494931129805,-5.767031172184245,29,False,Продовольствие -14%; Все категории -10%; Общественное питание -14%,МО,объяснения не найдено,0.0,1.0,,
1425,Становлянский,Липецкая область,2024-11,5.729064958502037,True,-1.16669347926903,0.522409614286623,1.5069934776851042,-12.43199576781995,-4.123824917386287,-4.178591143788993,-7.2786298837999475,10.060754322245602,13.184699010040912,-104.15317509103667,-11.219792653408778,-32.97529159550558,48,False,Общественное питание -104%; Транспорт -33%; Продовольствие -11%,МО,объяснения не найдено,1.0,2.005964373908641,,Получившего смертельное ранение на СВО россиянина похоронят спустя два года после гибели
726,Эвенкийский,Красноярский край,2023-09,5.7060217422742525,True,-13.178105941389115,-3.812627038986062,-2.1052716085905003,-4.374920277160702,-2.3100763793551327,-1.9587375592719933,-16.424794447175195,-40.97849867614638,-34.49464439829262,-30.761026816946213,-2.7398884743607965,-35.452622638589744,24,False,Все категории -16%; Общественное питание -31%; Здоровье -41%,МО,объяснения не найдено,0.0,0.5181637115750033,,
335,Среднеколымский,Республика Саха (Якутия),2023-09,5.624692876759224,True,-5.058523748888551,-2.3071296789579008,-0.9033665854943561,-8.107128734105258,-0.9745630468123149,0.9894570849318145,-15.727947255222396,-18.36805158315622,-22.702231642028092,-41.552043529234695,-3.8321894777025634,8.011791535382429,14,False,Общественное питание -42%; Все категории -16%; Здоровье -18%,МО,объяснения не найдено,1.0,1.9375969037039606,,Торгово-логистический центр в якутской Арктике открыли по видеосвязи на ВЭФ
226,Вуктыл,Республика Коми,2023-11,5.607431276273566,True,-4.817770747992865,-2.668134474530334,-11.196161411929188,0.3650856805097124,0.6696409513540548,-1.6462157472765582,-13.02090606049946,-18.864976710365553,-61.789890307189665,1.41642353197029,1.042578926097626,-11.952887784589139,11,False,Маркетплейсы -62%; Все категории -13%; Здоровье -19%,МО,объяснения не найдено,0.0,1.0,,
860,Хабаровский,Хабаровский край,2023-04,5.600405707441334,True,0.8359448207826253,0.6721395836969827,0.5352027623935997,7.092709652938319,5.976879661666271,2.8397203300501404,10.901759093562902,12.583423458742438,4.1804706424547255,18.65644571858258,7.7924806156528525,24.589391825743867,27,True,Общественное питание +19%; Продовольствие +8%; Транспорт +25%,МО,объяснения не найдено,0.0,0.37708795123179323,,
312,Алданский,Республика Саха (Якутия),2024-05,5.590560019221266,True,0.8979717430602583,4.469643988098349,0.07501115707827172,8.584581683008254,-0.7532875815192303,3.128157062105761,3.516126908184347,8.674778540110761,0.0,22.061800447476276,-1.280763107879146,13.955895254381545,14,False,Общественное питание +22%; Здоровье +9%; Транспорт +14%,МО,есть тематические новости,4.0,1.5269422685879093,транспорт,Мост обрушился в Якутии | В Якутии рухнул мост - Газета.Ru | Новости | В Якутии из-за талых вод частично обрушился автомобильный мост | Ухудшение погодных условий спрогнозировали в Якутии
2134,Рамешковский,Тверская область,2024-05,5.563046879357061,True,-5.034915851032629,1.8687145632207667,-15.144606374151593,0.1494844073692338,-0.08518894975925986,-0.2842073049219705,-12.385499359649188,23.759168706159528,-45.16735760299255,2.9809757191461728,-0.5249131323765255,-2.609765604855152,69,False,Маркетплейсы -45%; Все категории -12%,МО,объяснения не найдено,0.0,1.0,,
1217,Спас-Деменский,Калужская область,2023-10,5.518335065452939,True,-1.9785369871115168,-4.383720940436194,0.4491964333704608,-2.852903152966057,-8.503226791437143,-0.05096093205903796,-11.131556253568142,-17.106249616624414,2.413381126573455,-23.53196465454488,-21.58918625503059,-1.630595301035509,40,False,Продовольствие -22%; Здоровье -17%; Общественное питание -24%,МО,объяснения не найдено,0.0,1.0,,
916,Нарьян-Мар,Ненецкий автономный округ,2023-08,5.486635114096406,True,-8.403872646567947,-3.8418062075395625,0.1794839754840071,-3.3985319903478186,-1.352348919589727,0.06169385979886521,-7.773198215354515,-21.581841272782796,0.45001437283289647,-12.814971942386988,-2.361756762902534,1.0250371470239106,83,False,Все категории -8%; Здоровье -22%; Общественное питание -13%,МО,объяснения не найдено,3.0,1.285857355419144,,"В Нарьян-Маре при проведении акции ""Чистые игры"" собрали около 100 тонн отходов | В Нарьян-Маре акция «Чистая Арктика» впервые прошла в формате командных соревнований - Газета.Ru | Новости | Россиянин организовал курсы БДСМ для 13-летних девочек и был задержан"
1201,Барятинский,Калужская область,2023-09,5.481169408396988,True,-1.49936450979609,0.7138626040738218,-10.893087990065684,-1.3077947321195011,-0.23090406083160417,-4.886876335391034,-15.150624326473405,15.764620191363132,-44.29455594784901,-45.86241540568814,-0.256726330636603,-28.40722810350851,40,False,Маркетплейсы -44%; Транспорт -28%,МО,объяснения не найдено,0.0,1.0,,
2022,Гаринский,Свердловская область,2023-05,5.479210142714701,True,-5.954330757292539,-6.275625563701483,-0.6894017502679834,-3.9022686197979066,-1.3486018649315432,-0.021757781259763555,-17.260077572580013,-36.71445376109514,-6.295833441530263,-59.50955601325969,-6.371331219781595,0.3327328424849618,66,True,Здоровье -37%; Все категории -17%; Общественное питание -60%,МО,нет в словаре упоминаний,,,,
343,Чурапчинский,Республика Саха (Якутия),2023-07,5.444411825562644,True,-4.5427988362475515,-2.0707098088257045,0.3588505020737743,-0.8532121173959843,-0.8612819986787089,12.662184993881452,-6.193114937474498,-20.066181881278045,8.238624994936039,-13.19269716104401,-3.7342181051853274,19.896861271161548,14,True,Транспорт +20%; Все категории -6%; Здоровье -20%,МО,объяснения не найдено,0.0,1.0,,
618,Карагинский,Камчатский край,2023-12,5.443688375096847,True,-4.880396485544703,-1.3920661096874793,-3.8274509020045326,-7.1016603067255515,-0.5186073577501411,-0.32011362575369756,-11.837844050047863,-21.21786957256866,-31.147620261118103,-67.72678298852703,-2.530409964913538,-8.21767232890922,41,False,Общественное питание -68%; Все категории -12%; Маркетплейсы -31%,МО,объяснения не найдено,1.0,1.8259506127594451,,На Камчатке направили 68 млн рублей на благоустройство северных сел
687,Бирилюсский,Красноярский край,2023-05,5.433237129753579,True,-6.712157749005021,0.7233369618360879,-6.164915123503927,-2.3454119034538747,-1.1645059184877946,-0.9926360083179141,-12.923612126551198,6.151677757148022,-20.864560269834076,-50.8726671475868,-4.165266846729665,-10.309947271933417,24,True,Все категории -13%; Маркетплейсы -21%; Общественное питание -51%,МО,объяснения не найдено,2.0,2.9960278409906307,,Ребенок заразился трихинеллезом из-за шашлыка в Красноярском крае | Пропавшего под Красноярском в декабре 2022 года журналиста нашли мертвым
614,Соболевский,Камчатский край,2023-10,5.426833284440411,True,2.0157488408569564,2.1075361145900233,5.823550145372365,6.9107491427185925,2.584447422966593,1.2375551972140701,15.356693481138528,20.069123349002194,35.3649589296019,28.041467009715948,9.057686723082448,23.266802962161925,41,False,Общественное питание +28%; Маркетплейсы +35%; Продовольствие +9%,регион,объяснения не найдено,0.0,0.5464601177309368,,
1512,Ковдорский,Мурманская область,2024-04,5.4003635746609335,True,7.897755912582877,0.796219815341977,2.984870428517093,4.0258887572559985,2.5972763459379062,0.8836738035074777,6.477771151809719,2.9954306583398704,5.945674197185369,6.74524013744473,2.292809664197737,4.056626212191228,51,False,Все категории +6%; Общественное питание +7%; Маркетплейсы +6%,МО,объяснения не найдено,0.0,1.0,,
319,Верхоянский,Республика Саха (Якутия),2023-05,5.346990921532026,True,1.3211947008589757,1.347547461911035,0.7904820662158354,2.104332408392518,5.853951649484664,-6.861047365040007,10.785374288684224,13.224390807833064,21.812026734336687,42.395709846817375,7.189824037322623,-33.214550017593055,14,True,Транспорт -33%; Продовольствие +7%; Общественное питание +42%,МО,объяснения не найдено,0.0,1.0,,
1305,Волгореченск,Костромская область,2024-05,5.31641447462859,True,-4.040161271085434,0.15730507664927473,-0.12277501342500384,-2.1142103731044566,-8.853189714151418,0.33651413388025025,-7.7556893327578535,0.4008758024551806,-0.9110053509118643,-16.288764797462907,-14.59873667700986,4.7542766294296435,44,False,Продовольствие -15%; Все категории -8%; Общественное питание -16%,МО,объяснения не найдено,0.0,1.0,,
218,Прионежский,Республика Карелия,2024-09,5.30962978220899,True,-3.2416718636000006,-8.436302772589492,0.7724720327514971,-0.6000393558082945,-3.173022029722796,-1.619108871642694,-8.221031219268493,-32.13145912849025,2.985437834338711,-4.384944309565553,-7.375929046909047,-13.646294790904046,10,False,Здоровье -32%; Все категории -8%; Продовольствие -7%,МО,объяснения не найдено,0.0,0.5179905266766754,,
2142,Торопецкий,Тверская область,2024-10,5.261220667604827,True,3.7818430693671896,-0.9196601947836806,2.1769225384417985,-0.26635682426814505,1.438033536161753,-8.19337241219278,6.939847434870927,-6.015232125852954,16.632152961470936,-4.14751112005991,4.7157795160702065,-27.90954501498879,69,False,Транспорт -28%; Все категории +7%; Маркетплейсы +17%,МО,объяснения не найдено,1.0,1.9444180921173886,,Тверские власти определили допмеры поддержки жителей Торопецкого округа
1178,Мамоновский,Калининградская область,2023-07,5.258775602132211,True,-3.531225252803094,-15.01133732536492,-1.310460600322015,-2.5484526118232425,-1.8456209755298596,1.4445005539500242,-23.43560371117963,-64.08615795742882,-17.613022529327083,-59.504632221405004,-7.7694490812048045,13.18898169749394,39,True,Здоровье -64%; Все категории -23%; Общественное питание -60%,МО,объяснения не найдено,1.0,0.9963564831238629,,"Альбом Петра Мамонова ""Фиолетовая черепаха"" выйдет в годовщину его смерти 15 июля"
316,Булунский,Республика Саха (Якутия),2023-05,5.223784267306037,True,3.8976771445873384,1.2142060023009045,1.1895382226911901,17.482902818035072,-0.006915175343212398,1.6345883550985243,6.835668775641324,30.338827475444585,16.466991418839605,36.05597792277075,0.0,51.6387091218105,14,True,Общественное питание +36%; Все категории +7%,МО,объяснения не найдено,0.0,1.0,,
2237,Ханты-Мансийский,Ханты-Мансийский автономный округ — Югра,2023-04,5.222924984848604,True,-2.441196699570686,-2.3757187190213616,-6.419316249169103,-1.5356674999620163,-5.888104428356047,-0.7116884410230953,-13.746005226447355,-24.42903057763086,-41.63246933647598,-7.209143280434471,-7.3466587267073,-4.757132454832025,86,True,Маркетплейсы -42%; Продовольствие -7%; Все категории -14%,МО,объяснения не найдено,1.0,0.7122411581758002,,В Когалыме спустя 23 года нашли убийцу трех жителей Нижегородской области
615,Усть-Большерецкий,Камчатский край,2023-10,5.200334151821107,True,7.798696356064923,0.9989430368639722,0.4500559548777612,4.392645207793109,-0.7800247224996055,1.0076850183181059,9.737110624848633,18.913780822922632,16.443794536082823,44.40530490421813,-2.2170183510157315,13.791931346180686,41,False,Все категории +10%; Общественное питание +44%,регион,объяснения не найдено,4.0,4.9252546510479345,,"На Камчатке восстановят мост через реку Паужетку к зиме, заявил Солодов | Потоп смыл двух россиян при переправе грузовика и джипа известного миллионера | Камчатский олигарх Редькин чудом выжил в перевёрнутом джипе на реке Паужетке | На Камчатке спасатели нашли тело второго пропавшего на реке Паужетка мужчины"
334,Оленекский,Республика Саха (Якутия),2023-11,5.174866589382185,True,-0.8734673247730215,-3.432609010408377,2.1342277374674032,-10.81149748264962,1.380603598942489,0.8651643956909955,-3.4873537133165655,-43.55989107945177,41.43491838615603,-29.668862206599922,6.4840490951945995,24.985929869325663,14,False,Общественное питание -30%; Здоровье -44%; Маркетплейсы +41%,МО,объяснения не найдено,0.0,1.0,,
916,Нарьян-Мар,Ненецкий автономный округ,2023-09,5.166236673523884,True,-9.510103787652909,-0.7761665797804369,-3.8537015522463336,-0.835624206463939,-1.1040780981450475,-0.866707997747307,-9.662453115835046,-7.0998909011801725,-26.453219413505824,-6.985174312241416,-3.5287813291503767,-10.16997237623376,83,False,Все категории -10%; Маркетплейсы -26%,МО,объяснения не найдено,4.0,1.6443949437978156,,"В Казани изменят количество авиарейсов в Ханты-Мансийск, Нарьян-Мар, Петрозаводск и Горно-Алтайск | В Нарьян-Маре произошел пожар в расселенном доме | Инспектор ДПС помогал мошенникам вымогать деньги по схеме с вымышленным ДТП - Газета.Ru | Новости | Российского полицейского заподозрили в помощи телефонным мошенникам"
1891,Елховский,Самарская область,2023-10,5.156705311264881,True,0.5464334262171637,-4.100841117360892,0.1401435623033902,-0.6243328227769079,-7.842416192447742,-1.2060014080746455,1.4626976183843787,-19.299518183909203,1.2754218553016727,-13.320720874552716,-13.798425121058955,-10.855856674930475,63,False,Продовольствие -14%; Здоровье -19%,МО,объяснения не найдено,0.0,1.0,,
615,Усть-Большерецкий,Камчатский край,2024-10,5.1549819609209315,True,6.810952126785785,1.8117490429992438,1.9973783802185243,4.908286601463652,1.481148664419223,3.039929409835898,15.12671357942228,57.081941215989396,17.50999287990531,43.04363215211451,2.5015668340266473,22.63979672939538,41,False,Все категории +15%; Общественное питание +43%; Транспорт +23%,МО,объяснения не найдено,1.0,1.9444180921173886,,Три поселка на Камчатке полностью переведут на геотермальную энергию
1731,Урицкий,Орловская область,2023-10,5.101268391818845,True,-1.8615232926433563,-0.3584262773916649,-7.80518158830928,-1.9448587128915438,-1.497555579442516,-3.6558832826716103,-9.449626501448094,-4.92957665292435,-33.15145004709201,-25.282490251241363,-10.108443127196587,-32.12322497535523,57,False,Маркетплейсы -33%; Транспорт -32%,МО,объяснения не найдено,0.0,1.0,,
2250,Ямальский,Ямало-Ненецкий автономный округ,2023-06,5.097657650910374,True,9.497230983694156,2.0178050001141012,2.502091360883021,2.7745052530946444,0.9429151955628946,2.383639255199459,14.079522775842257,19.356846243420645,41.60275367377633,28.171856641259918,2.691459374420191,28.534683281566853,89,True,Все категории +14%; Общественное питание +28%; Маркетплейсы +42%,МО,объяснения не найдено,0.0,0.5253489853361196,,
1319,Межевской,Костромская область,2024-06,5.092339220242956,True,-2.495874871858967,-1.6846875233855763,-9.893108057744456,0.3865628900187098,-2.750702605898518,0.30978737159531305,-6.80391206292752,-10.874863778144217,-43.73599011664781,20.105167558784398,-8.505763295410063,3.1613314022984174,44,False,Маркетплейсы -44%; Продовольствие -9%; Все категории -7%,МО,объяснения не найдено,0.0,,,
195,Карачаевский,Карачаево-Черкесская Республика,2023-12,5.07637441792223,True,-2.4287407787316027,-2.7221223195389275,-8.544090776567332,0.9625726323056985,0.1600094222884002,-0.657839664298018,-11.903648519688215,-12.019074284693732,-18.922245183215303,8.76336876833439,1.0245748689350798,-4.377372513538358,9,False,Маркетплейсы -19%; Здоровье -12%; Все категории -12%,МО,объяснения не найдено,1.0,0.9440988598529667,,Сильный ветер сдул праздничную елку в Карачаево-Черкесии
1066,Тотемский,Вологодская область,2024-08,5.050957690953474,True,0.44119152310953647,0.10597740335372288,0.3272076565711422,-11.93127834066166,3.1710806709245025,-1.57504544883479,0.8821414243808334,2.1213246642889594,1.327408007288966,-48.63109724105854,5.985200544447267,-9.249992107051241,35,False,Общественное питание -49%; Продовольствие +6%,МО,объяснения не найдено,0.0,1.0,,
209,Калевальский,Республика Карелия,2024-04,5.048151915055544,True,-0.6005419526489245,-2.227502460485923,2.736740042635769,-0.6145211167233209,-0.19867719459846217,-10.636729664096931,-1.6261302988647586,-9.730686988758075,8.307054262349478,-9.511959457463925,-0.5077736738487992,-17.563285421071704,10,False,Транспорт -18%; Маркетплейсы +8%; Здоровье -10%,МО,объяснения не найдено,0.0,1.0,,
1962,Охинский,Сахалинская область,2023-10,5.048081352220982,True,0.3322806607505204,-0.38078908070822987,0.7797551429196712,10.351191956866066,-3.4411274217927432,0.0007907981700185176,0.7720303874766188,-1.3658568960836615,3.515140944676265,49.20690695765879,-2.7105111715753694,0.6334187349774645,65,False,Общественное питание +49%; Продовольствие -3%,МО,нет в словаре упоминаний,,,,
1118,Ильинский,Ивановская область,2024-12,5.027325534176188,True,-3.125799636466363,-0.3585545583004648,-14.597448751387008,-1.4322648890503533,-0.6165077559804656,-0.2776171615623643,-16.476283932759284,-2.6234805243582127,-38.64485690366335,-58.64746572489503,-3.3333053539993607,-6.270014342083918,37,False,Маркетплейсы -39%; Все категории -16%,МО,объяснения не найдено,0.0,1.0,,
47,Бурзянский,Республика Башкортостан,2024-05,5.01983932611505,True,-1.3062191866941846,-2.589861677095109,-2.211103134986635,-15.212049221872128,0.6435816023506458,-0.8055112768182493,-4.502606255594976,-17.12822185180647,-23.278747736602412,-70.88927438683595,3.0588818185714572,-3.959971359809522,2,False,Общественное питание -71%; Здоровье -17%; Маркетплейсы -23%,МО,объяснения не найдено,1.0,1.9129874380152891,,Башкирских чиновников обязали выделить инвалиду жилье
685,Балахтинский,Красноярский край,2023-08,5.0159895678338104,True,1.536313333101643,0.5190577446712404,0.6149603762161292,8.48271978725079,-2.282474032213325,2.504149821022037,3.192325492945791,2.807027140966145,3.2278425572307867,87.38299268028041,-5.528093233550813,7.731614566683831,24,False,Общественное питание +87%; Транспорт +8%; Продовольствие -6%,МО,объяснения не найдено,0.0,1.0,,
1662,Усть-Ишимский,Омская область,2023-06,4.9974232471934945,True,-0.7809617879764583,-0.6588220488231339,-1.6797863149911625,-27.625258263685126,2.846231766869719,0.012534451236110737,-4.038920216852482,-8.583715884796028,-17.346347903265258,-215.60641461788538,14.53642772052195,0.0,55,True,Общественное питание -216%; Продовольствие +15%,МО,объяснения не найдено,0.0,0.5181637115750033,,
2391,Морские ворота,Санкт-Петербург,2023-03,4.994781930875326,True,-2.010311038711552,-2.6081006764752055,-0.6816137526491526,-8.464074352555711,0.037064918753259936,-0.08227549964191913,-3.2493931072438365,-8.766734427106604,-2.3889407942322194,-14.951006088945595,0.13861845816833807,-0.07508796560768971,78,True,Общественное питание -15%; Здоровье -9%; Все категории -3%,МО,нет в словаре упоминаний,,,,
1571,Тоншаевский,Нижегородская область,2023-10,4.993712641435974,True,-3.1808125579296616,-0.7686169867114844,0.8330241935438212,-0.16710696162727418,-14.708217649574154,-0.23209879359579733,-9.772439139377642,-5.803326701958245,6.190748300591853,-2.9827307957160265,-18.28937014216505,-1.7967922762467836,52,False,Продовольствие -18%; Все категории -10%,МО,объяснения не найдено,1.0,1.9813136627619836,,Памятник Ленину впервые с 1990-х годов открыт в Тоншаевском районе
2250,Ямальский,Ямало-Ненецкий автономный округ,2023-09,4.974039733660371,True,-4.260423033621536,-2.2493820717468087,-3.238758895704358,-2.336943534351483,-0.010555189521545914,-6.751477631317411,-7.219158201111497,-21.906434634454985,-32.438582627928184,-12.014657378067284,0.0,-31.629957474850112,89,False,Транспорт -32%; Все категории -7%; Маркетплейсы -32%,МО,объяснения не найдено,2.0,2.8751938074079213,,"На Ямале поймали, усыпили и увезли в национальный парк медведя, кошмарившего местных жителей | В российском регионе обнаружили древние жилища каменного века"
790,Кировский,Приморский край,2024-05,4.973767456638907,True,-1.6807894343128844,-0.5853688595130107,-1.4736073957378981,-3.2553532719889673,-7.79696800623253,-0.47838134203337856,-4.536213232021424,-5.2466119524391175,-11.550623287765482,-24.18712249923738,-9.217294315866376,-1.552662551095807,25,False,Продовольствие -9%; Общественное питание -24%,МО,нет в словаре упоминаний,,,,
1305,Волгореченск,Костромская область,2024-06,4.97064572883631,True,-6.152927795825713,-3.18687673758442,-2.106573953505243,-0.3002972825691223,-5.10952572002476,-0.34435218169093934,-12.294409995727573,-23.879215054596425,-8.18440535006113,-3.008385164016225,-13.714275942074572,-2.3726636134763,44,False,Все категории -12%; Продовольствие -14%; Здоровье -24%,МО,объяснения не найдено,0.0,1.0,,
1305,Волгореченск,Костромская область,2024-11,4.959811233509455,True,4.178304667576697,2.5806645623603117,2.6917277861439315,2.867792561065732,6.936621537012278,1.5889828792058935,12.507370662420314,15.899084653100815,10.793114362977807,36.49912993511721,21.22407261744481,15.469966283556236,44,False,Продовольствие +21%; Все категории +13%; Общественное питание +36%,МО,объяснения не найдено,2.0,3.011928747817282,,В Костромской области нашли на улице двух замерзающих детей - Газета.Ru | Новости | В Костромской области нашли на улице двух замерзающих детей
2254,Базарносызганский,Ульяновская область,2023-11,4.956248079882281,True,-2.144843053318059,-10.133928928358058,-2.25673068057393,0.024763306218486835,-0.6512408997502656,-0.344297135893054,-5.656068446636731,-58.53713175430908,-20.134105153808868,1.6628262113457914,-2.680177916840343,-5.230272151055804,73,False,Здоровье -59%; Маркетплейсы -20%; Все категории -6%,МО,объяснения не найдено,0.0,1.0,,
1959,Макаровский,Сахалинская область,2024-05,4.950107125394329,True,-7.105671609481504,-2.1622802676129,-0.5359183968973622,0.0280817096624582,-3.1283556522064004,-3.637788277258029,-12.183726290835306,-13.848974391294844,-4.586549519149541,0.5174327473613793,-4.489075444033297,-33.03327012924746,65,False,Все категории -12%; Транспорт -33%; Продовольствие -4%,МО,нет в словаре упоминаний,,,,
2349,Билибинский,Чукотский автономный округ,2023-05,4.918842515575081,True,2.3299890987207026,1.1280435199372394,1.7765657541812676,1.7262761349889884,-10.093230029649375,0.9199621391418205,6.760842845898729,23.408741556106083,40.27855693452587,31.705460419630384,-9.847737994084849,14.344263906690768,87,True,Продовольствие -10%; Все категории +7%,МО,объяснения не найдено,0.0,1.0,,
339,Усть-Алданский,Республика Саха (Якутия),2023-07,4.901565808872903,True,-2.1950938805315197,0.021113470243804104,-9.039011306099772,0.10926190239774125,-1.5014234348274416,1.8048836504851733,-5.667965942122244,2.757376923617194,-81.59356059330705,1.6864754051757913,-3.318325691267532,12.849701377274148,14,True,Маркетплейсы -82%; Все категории -6%,МО,объяснения не найдено,1.0,1.9305372366861644,,Житель Якутии пойдет под суд за вырубку 100 деревьев
1962,Охинский,Сахалинская область,2023-12,4.896208349819252,True,-1.0692419034081118,-1.1248772252393033,0.27613250359086,-8.107695288832023,-1.1734795402646605,2.5576384386968263,-3.132413521654609,-8.057984442241839,3.3198900325177583,-19.69296972272585,-2.174686071695131,10.8837102758915,65,False,Общественное питание -20%; Транспорт +11%,МО,нет в словаре упоминаний,,,,
429,Дебёсский,Удмуртская Республика,2023-10,4.891030240633794,True,-2.763604416533971,-0.3591950351782987,0.21611213652165503,0.011313070589661082,-9.888556243229155,-0.3133941916277501,-10.211773198239094,-3.834602284010291,3.33254250785755,-1.0208439418392778,-17.329583891110012,-2.776919218676266,18,False,Продовольствие -17%; Все категории -10%,МО,объяснения не найдено,1.0,1.9813136627619836,,Карантин ввели в Дебесском районе Удмуртии из-за опасных жуков
1955,Анивский,Сахалинская область,2023-08,4.883926705086255,True,5.307016777662354,-0.4024918053222104,0.6970335740650971,5.94344289978681,2.8406477431297414,2.478817468939164,4.9087480355653135,-2.6930916047072984,4.740004797363495,9.901561187081542,2.5506663950015884,6.002462617755588,65,False,Общественное питание +10%; Все категории +5%; Продовольствие +3%,МО,объяснения не найдено,1.0,0.9673419523093574,,Карантин по птичьему гриппу ввели в Сахалинской области
1568,Сосновский,Нижегородская область,2024-12,4.883608514248554,True,-0.8430853640583633,-2.6149767551994527,0.1861264759833607,-8.035023472594181,0.523335087232183,0.5308911203687143,-2.1854693953254234,-14.912610650056823,1.1671992729290537,-96.25463479130359,1.5154318423516777,3.5169464505320214,52,False,Общественное питание -96%; Здоровье -15%,МО,нет в словаре упоминаний,,,,
35,Баймакский,Республика Башкортостан,2023-12,4.880209371649234,True,-0.12264843680260029,0.43856138391310756,-0.4254062623343665,11.60007189230958,-2.6938809264589367,-0.27246305064518717,0.5619456496518183,3.574431933613198,-1.4371790124679151,64.8394603794431,-8.842775114115042,-1.1976536835820895,2,False,Общественное питание +65%; Продовольствие -9%,МО,объяснения не найдено,7.0,2.371386896527903,,"Две женщины упали в мазутную яму в Башкирии | Две женщины в Башкирии упали в мазутную яму, одна погибла | Жительница Башкирии скончалась после падения в мазутную яму | 360° | У молодожёнов из Башкирии потерялся сертификат на квартиру"
902,Коношский,Архангельская область,2023-10,4.873683336106477,True,-0.36741711219144624,-10.402615685180697,-0.5636746171702542,1.457628649732434,2.2657639994944456,1.3504870438179604,-0.9948253811228547,-63.44213980468587,-2.4937306452206265,11.584638560692762,2.951055226438992,7.346492915126124,29,False,Здоровье -63%; Продовольствие +3%,МО,объяснения не найдено,0.0,1.0,,
451,Сорск,Республика Хакасия,2023-07,4.873575876667885,True,-0.2169550383951337,2.2554080381068946,-8.686724084574314,-1.407421552176022,1.4725352486647743,-0.29423936057509736,-0.3936168486984748,20.066086258073,-22.73826243159096,-11.119718455856864,4.1304514884048515,-2.052180883466548,19,True,Маркетплейсы -23%; Здоровье +20%,МО,объяснения не найдено,1.0,1.9305372366861644,,В Хакасии жители пожаловались на детскую площадку «для бессмертных»
323,Кобяйский,Республика Саха (Якутия),2023-05,4.869155661652344,True,-6.9077564257335915,-1.0724732331593556,-2.6334001345246727,-1.3213167496003286,-4.058834249686102,-1.3133427809611653,-8.906311646706833,-18.522431645191695,-35.17238958903013,-16.493665084208864,-4.491446343924288,-16.39768020859611,14,True,Все категории -9%; Продовольствие -4%; Маркетплейсы -35%,МО,объяснения не найдено,3.0,3.9940417614859465,,В Якутии в результате паводка остаются подтопленными свыше 130 дворовых территорий | Более 100 территорий подтоплено в Якутии | Вскрытие двух рек произошло за сутки в Якутии
191,Юстинский,Республика Калмыкия,2024-08,4.866881117855629,True,0.15290588937476127,-10.056532331635724,-1.0527316635245596,-0.5120922453917374,-2.4395391963712703,-0.2945029693970252,0.3810387932009718,-34.71456962712311,-18.889901007007737,-12.917339674106199,-6.595505978893357,-2.2144934967677443,8,False,Здоровье -35%; Продовольствие -7%,регион,объяснения не найдено,0.0,,,
764,Частинский,Пермский край,2023-10,4.857660570348524,True,-1.7384775865215623,-12.195872349500652,1.083952004650573,1.9412095021708502,-0.9602170008726956,-0.9120111970704013,-4.99066650131601,-74.14719876718956,11.378738098274033,15.524225993253937,-2.0025654012580496,-8.205983277682405,59,False,Здоровье -74%,МО,объяснения не найдено,0.0,1.0,,
2054,Ершичский,Смоленская область,2023-04,4.855400584558841,True,-2.371655972790586,-1.3051237705660397,-7.90202867017289,-1.6303175617331203,-0.26017259004414195,-0.6230630923045857,-8.57288687264397,-13.480092229586482,-53.56971876110155,-59.44867171850383,-0.8678514084204281,-9.123988943897476,67,True,Маркетплейсы -54%; Все категории -9%,МО,объяснения не найдено,0.0,,,
2250,Ямальский,Ямало-Ненецкий автономный округ,2024-09,4.854151732584805,True,-2.263729912653779,-7.327998073870167,-3.444464870016799,-1.989291403842922,-0.41136724946862185,-1.6175600313346425,-10.72548441168415,-43.96397941130399,-19.097632882810167,-14.485483090918727,-1.009571891457739,-27.589984619984875,89,False,Здоровье -44%; Маркетплейсы -19%; Все категории -11%,МО,объяснения не найдено,1.0,2.065975689335015,,Белый медведь разгромил жилище оленевода и едва не растерзал мужчину и ребенка - Газета.Ru | Новости
580,Газимуро-Заводский,Забайкальский край,2024-03,4.848363915535537,True,1.2270120507918716,3.1696166622246364,-0.4453788317263925,0.062613809971578,-2.669292562281462,7.303992429069055,3.522892682336032,20.928300607418613,-4.30104073014097,0.1620144830007053,-3.5136870851928848,30.58564130845309,75,False,Транспорт +31%; Здоровье +21%; Продовольствие -4%,МО,объяснения не найдено,0.0,1.0,,
1565,Починковский,Нижегородская область,2023-10,4.8483319646374925,True,-3.4514376462197456,0.7824730282320741,0.4267690587889073,-0.3049215622613388,-7.606634195583322,0.8635177513036497,-7.758171449909224,5.442582481426861,2.8993442294798832,-2.774326707298247,-13.391520585990602,4.092709915138748,52,False,Продовольствие -13%; Все категории -8%,МО,нет в словаре упоминаний,,,,
408,Пий-Хемский,Республика Тыва,2024-10,4.841303700529632,True,-5.857145785161016,0.012117758357514937,-5.559454134788525,-1.1951950748804034,1.3193020311856145,-2.258534378051185,-13.84702322601914,1.4303349679611443,-20.543900633263767,-14.332422061545369,3.9947922821510495,-9.91151190237507,17,False,Все категории -14%; Маркетплейсы -21%; Транспорт -10%,МО,объяснения не найдено,1.0,0.6799178177341071,,Два стула и Великий Туран. Турция замахнулась на региональное лидерство
746,Кишертский,Пермский край,2024-01,4.8360601248667265,True,-0.6316526617912774,-0.6384103864691634,1.831631027747741,-10.331063344048825,-1.6755776234390605,0.9315281993557013,-3.505818832659724,-3.5674203072216137,21.295734127666055,-88.11428796086376,-5.873020318360922,9.579158715876979,59,False,Общественное питание -88%,МО,объяснения не найдено,2.0,2.816256536249485,,В Пермском крае введен карантин по бешенству животных | «Черные лесорубы» уничтожили в Пермском крае леса на более чем 124 миллиона рублей | 360°
416,Чеди-Хольский,Республика Тыва,2024-12,4.827206836502219,True,-0.03080917192228212,2.1084887655353675,0.5988628406129909,0.30742804471716906,-1.2083263850187218,-8.965648678170757,0.2048951568307089,39.86110323878766,11.715047688598634,3.1683537851881383,-5.6191007627561795,-14.019203428552585,17,False,Транспорт -14%; Здоровье +40%,регион,объяснения не найдено,0.0,1.0,,
2596,Краснопахорское,Москва,2023-05,4.806638972575255,True,4.67376741189719,6.812994136055249,0.85565279366391,0.4172355208427032,0.8769421932350132,1.024862780865105,3.9337806717739454,16.56357601180165,2.710484047588402,0.9837918850108096,1.6285794036313916,5.108526719388706,77,True,Здоровье +17%; Все категории +4%,МО,нет в словаре упоминаний,,,,
35,Баймакский,Республика Башкортостан,2024-05,4.796302702636166,True,0.08726131484587302,-0.013163948920693742,0.5526845990556492,-9.018330568302124,2.169815333135897,0.5521574990021559,0.43937666332141134,0.9134016961059643,5.0047920417918945,-54.87157002462766,5.840819060394864,2.8127685137183,2,False,Общественное питание -55%; Продовольствие +6%,МО,объяснения не найдено,3.0,1.3074282261937809,,В Башкирии загорелась кровля магазина | Пятиклассник из Башкирии поверил блогеру и лишил мать 41 тыс. рублей | Житель Башкирии погиб во время пожара в собственном доме
218,Прионежский,Республика Карелия,2024-06,4.791032269711358,True,-0.15337961294910687,-0.8140785774431593,-0.9358253464608002,-8.962073211573095,0.2493003434930176,-1.996547407192777,-0.2281394517821056,-2.779180127288683,-2.3639804965227107,-19.469474128191997,0.5413600258878049,-11.333481941330659,10,False,Общественное питание -19%,МО,объяснения не найдено,0.0,0.5179905266766754,,
2054,Ершичский,Смоленская область,2024-04,4.7875787631731,True,-1.059079416968791,1.1738985419138759,0.4107567382523354,-12.398182340640732,-1.4368426161291614,-1.6426242836489815,-3.5475032424894692,12.993717047520814,3.954317195192303,-126.32187377549454,-4.218658985631407,-14.886073870196004,67,False,Общественное питание -126%,МО,объяснения не найдено,0.0,,,
1970,Южно-Курильский,Сахалинская область,2024-07,4.787196751836134,True,0.7539934994582886,1.6139182535302563,8.467023389368952,-0.6459567100627636,-1.4652733851719004,0.825654480724307,3.9572676403224705,18.58603309119968,19.009780389775077,-6.82849999090398,-3.192640748541109,10.667882817433005,65,False,Маркетплейсы +19%,МО,нет в словаре упоминаний,,,,
1282,Нагорский,Кировская область,2023-10,4.779985463796617,True,-1.0793151426937397,-0.8009558715779717,10.801037269550195,-0.9365045509951302,1.3300555152186053,-1.6660538492970278,-3.806256980777256,-4.684632918260778,102.12455929196382,-15.467741146967118,5.154090900744102,-13.635515832247691,43,False,Маркетплейсы +102%,МО,объяснения не найдено,0.0,,,
1319,Межевской,Костромская область,2024-11,4.77777928595463,True,-1.7904506299719165,-11.854565861560632,0.7785118693286407,-1.1295181528087896,0.7046704993039248,0.5959480079466304,-6.164329792466816,-33.747953435850775,13.627904319233952,-31.673910528005056,2.7262320388006245,6.8607829769613105,44,False,Здоровье -34%,МО,объяснения не найдено,0.0,,,
1068,Устюженский,Вологодская область,2024-08,4.770977172402085,True,-0.9293742746887061,-0.39367481513404123,-1.8501170223237866,-11.365102388639565,0.8728464566672602,-0.030212339996199274,-2.124724333313388,-1.8710163861273443,-8.154003090255202,-44.20582903760044,1.952081343640799,-0.20997552943970987,35,False,Общественное питание -44%,МО,объяснения не найдено,0.0,1.0,,
1201,Барятинский,Калужская область,2023-05,4.764657343707065,True,1.645536419100277,0.8852029488569438,8.98264629525347,0.696266792713111,-0.033921197067747856,1.182408010053909,10.159349372134052,14.876179787536703,29.981862250290803,20.45553748635216,0.0,8.186643483242673,40,True,Маркетплейсы +30%,МО,объяснения не найдено,0.0,1.0,,
402,Барун-Хемчикский,Республика Тыва,2024-12,4.761663611168027,True,0.11077449611053214,-10.958858548280698,-0.3558203290209439,0.4004843980214847,1.856882648878168,0.756510321185647,1.6149551119228889,-118.84973579276826,-2.1572931658035976,6.329055098818781,9.408726942592605,8.49362571868908,17,False,Здоровье -119%,регион,объяснения не найдено,0.0,1.0,,
1959,Макаровский,Сахалинская область,2024-01,4.757958105848041,True,0.0648672929033023,-0.17936471630335102,-0.755579155659659,-9.479131633007656,0.3041172079611718,1.8285502865789278,1.145715678902981,-1.401004451615595,-5.820314508337798,-67.02188660713743,0.6278223995036747,6.9885813182412715,65,False,Общественное питание -67%,МО,нет в словаре упоминаний,,,,
334,Оленекский,Республика Саха (Якутия),2023-08,4.756130066533113,True,-0.7910263096681609,0.9981861182523547,0.5830717934256175,-7.7925595825282,-0.938071545774822,2.478297652707812,-4.308591996706745,12.332070900837966,10.73930229581137,-17.461635492978544,-3.716702954277551,20.226705500224096,14,False,Общественное питание -17%; Транспорт +20%,МО,объяснения не найдено,0.0,1.0,,
2395,Понтонный,Санкт-Петербург,2023-02,4.755466113557459,True,1.0945951926069346,0.6208382786356711,-0.0052416320427479245,-8.13858160289301,1.4554332049506946,-1.3134260761484886,1.4924918506941331,6.013513950445848,-0.3291236663971464,-13.841270275358042,3.9623887626157206,-7.565438786711809,78,True,Общественное питание -14%,МО,нет в словаре упоминаний,,,,
2244,Красноселькупский,Ямало-Ненецкий автономный округ,2023-07,4.751277134981426,True,1.3224971360076467,8.137057408497995,1.4053129777538849,0.9496184963700594,1.2629901189520387,0.9333153460512511,14.248838833445987,43.82676195158331,25.377623231413526,21.6591892461647,5.973411737129375,13.847149787435331,89,True,Здоровье +44%,МО,объяснения не найдено,0.0,1.0,,
343,Чурапчинский,Республика Саха (Якутия),2023-08,4.750472831507263,True,0.0,0.9428943428285925,1.312304010980587,1.406710542873046,-1.0036721905750587,-17.490262159864415,0.6233133526352574,12.638824588664033,25.817946474670528,16.66857722557067,-4.995942407787446,-23.36319295008442,14,False,Транспорт -23%,МО,объяснения не найдено,3.0,3.714631256099261,,"В Чурапчинском районе Якутии обнаружили останки древних животных | В российском регионе нашли останки древнего бобра, рыси и росомахи | В малых поселениях Якутии в рамках акции ""Ночь кино"" открылись 15 кинозалов"
341,Усть-Янский,Республика Саха (Якутия),2024-07,4.737638955771699,True,5.9928904385440385,2.8041284972173903,4.853637418311903,1.7003700877464725,0.33268773272596913,0.4667424142418076,14.072769589679446,41.4990684210502,51.8573093736407,46.089882054676146,1.7012922032462185,11.210919300406452,14,False,Все категории +14%; Маркетплейсы +52%; Здоровье +41%,МО,объяснения не найдено,0.0,1.0,,
2057,Монастырщинский,Смоленская область,2023-08,4.736016917247921,True,-0.4813501543443838,1.1225197009986898,-1.2954411710340652,-8.189134759684423,1.2694096634914203,-0.46587446408921146,-1.5504316322083156,18.341789786580787,-20.419786113233673,-69.37700863795956,3.4968385532067714,-7.877731421933465,67,False,Общественное питание -69%,МО,объяснения не найдено,0.0,,,
288,Атюрьевский,Республика Мордовия,2023-12,4.734630920035453,True,-2.278660393799875,-1.2449536311827407,-0.7565376326490197,1.632579679941644,-1.4861324673426186,-7.706658176228964,-9.621795728394567,-15.74148639972548,-8.553330814052984,95.79677335306668,-9.294280454069881,-35.82227499432511,13,False,Транспорт -36%; Все категории -10%,МО,объяснения не найдено,0.0,1.0,,
2254,Базарносызганский,Ульяновская область,2023-06,4.730915563474784,True,1.3125867047255004,-8.775552442804866,1.1923935377054178,0.8594786550040331,0.45136948863189263,-0.5163019839881076,5.674863726510004,-29.54531046560147,13.84617413215894,55.129202803799515,3.995667253317947,-8.757077053109619,73,True,Здоровье -30%,МО,объяснения не найдено,0.0,1.0,,
320,Вилюйский,Республика Саха (Якутия),2023-08,4.7235626052786435,True,0.11274571426083535,0.9575111477987551,2.45635177871498,-6.06293180796749,1.7799203705198838,4.913585746590784,1.055608601169844,5.817124998979661,22.738041144655874,-13.276334533451806,2.810437090553286,14.735382164372979,14,False,Общественное питание -13%; Транспорт +15%; Маркетплейсы +23%,МО,объяснения не найдено,5.0,2.764938407167146,,В Якутии в городе Вилюйске началось строительство второй очереди больничного комплекса | В Вилюйске началось строительство второй очереди больничного комплекса | Строительство нового блока больничного комплекса стартовало в Вилюйске | В селе Эбя Вилюйского района Якутии состоялся торжественный пуск газа
1153,Качугский,Иркутская область,2024-04,4.71351743331212,True,-1.2101026671008825,-0.6426315765280269,0.2658821995133582,-8.33192960091258,1.0896748677872485,0.4084186922529848,-2.5031917120941216,-6.91386054203047,3.358207774464539,-34.2227388341481,4.606418243347399,3.0158330222994856,38,False,Общественное питание -34%,МО,объяснения не найдено,2.0,2.8679515515699885,,Названо число потушенных лесных пожаров в Иркутской области | Житель Качугского района Сергей Пьянков погиб в зоне СВО
209,Калевальский,Республика Карелия,2024-08,4.711545414392273,True,2.0701482338171644,2.241209884213783,2.6946137136965866,1.345264612141052,1.5523451694519965,7.369668633290324,5.445234729527382,14.30573549437879,10.14446180439128,19.180991341598343,3.7399445808681264,9.836539282504608,10,False,Транспорт +10%; Маркетплейсы +10%; Здоровье +14%,МО,объяснения не найдено,0.0,1.0,,
2596,Краснопахорское,Москва,2023-10,4.710960008862784,True,1.4172246912595767,0.7555837410886601,-0.6846301757913937,-10.335424048554469,0.17628945370193086,-0.2365173121950074,2.761711445128423,1.7674510328828497,-1.6276398067040176,-16.142726096563198,0.31344621300268827,-1.12157993005777,77,False,Общественное питание -16%,МО,нет в словаре упоминаний,,,,
2079,Гавриловский,Тамбовская область,2024-11,4.70066947646472,True,-4.027362000719989,-4.900484746818135,-5.104359425261977,0.38694888594424787,1.2597705247986781,-0.20000404229395244,-14.226932670398895,-25.23293470432386,-24.689738334458866,18.77507858801244,4.170237336710425,-2.130098942397618,68,False,Маркетплейсы -25%; Здоровье -25%; Все категории -14%,МО,объяснения не найдено,0.0,1.0,,
413,Тоджинский,Республика Тыва,2024-10,4.6999405955253515,True,3.017736090409167,1.5999465914124336,2.3389856619633296,2.550146143715883,7.117467831942382,0.6980074556446086,12.275999806449178,17.386041919157158,18.82318597144703,14.876624617366563,7.443721262699388,7.7599199427879295,17,False,Продовольствие +7%; Все категории +12%; Общественное питание +15%,МО,объяснения не найдено,0.0,1.0,,
201,Ногайский,Карачаево-Черкесская Республика,2023-06,4.696257214927052,True,-1.0393762724368696,-9.382503572445701,0.27554661762535637,-1.0412456245086534,-0.5712004569599552,-0.031706876047624954,-5.111445333725229,-31.603568232027833,1.5527698459333994,-5.712221030905562,-1.811052115666012,-0.10220977544932452,9,True,Здоровье -32%,МО,объяснения не найдено,0.0,1.0,,
348,Дигорский,Республика Северная Осетия — Алания,2024-03,4.692239760714536,True,-3.277184832157352,-4.058337871970153,-5.868605245472028,-0.7361660530464712,0.4758315373948414,3.8911062830308554,-14.500325312435436,-24.371834373705603,-20.92493030438778,-17.903983692395187,3.857661348518171,14.660061072547759,15,False,Маркетплейсы -21%; Здоровье -24%; Транспорт +15%,регион,объяснения не найдено,0.0,1.0,,
2607,Щаповское,Москва,2023-03,4.690935072076214,True,-7.521454260778808,-2.73410768666039,-1.4024965283596655,-1.3886715440072848,-1.1333701059038104,-1.2550216171918802,-12.210528446775548,-28.77990762477576,-13.701852695284611,-11.983975181508999,-3.08024331925445,-4.785986985053237,77,True,Все категории -12%; Здоровье -29%,МО,нет в словаре упоминаний,,,,
615,Усть-Большерецкий,Камчатский край,2023-09,4.690374128483147,True,9.793215053386271,0.28567564106591375,0.09080608475797045,0.41595785443396166,1.3512244294590043,0.32452544779420667,15.305145602860648,3.949110242626297,2.0931242696956787,11.04010840308609,4.12741445930731,3.61572258986369,41,False,Все категории +15%,регион,объяснения не найдено,0.0,1.0,,
334,Оленекский,Республика Саха (Якутия),2023-07,4.689272388762534,True,-0.4087663314395543,0.35577741737026936,-0.0503371742423523,8.820457580189885,-0.7029002689203419,-1.2139842750150203,-2.0968564843951043,4.582946039606295,1.0084856006848497,31.84929249836994,-2.6527494610014912,-9.859451316350576,14,True,Общественное питание +32%,МО,объяснения не найдено,0.0,1.0,,
54,Зилаирский,Республика Башкортостан,2024-05,4.683302117850271,True,-0.29802821460789974,-0.4039615037255633,-0.5999215646838221,-11.45388500752393,1.0759135127130224,0.8014775694578331,-0.7597089827891423,-3.725833868990591,-4.412347147004514,-78.19263168209875,3.8626381393610743,4.216038458242899,2,False,Общественное питание -78%,МО,объяснения не найдено,0.0,1.0,,
316,Булунский,Республика Саха (Якутия),2023-10,4.666186018647814,True,-0.6057530977561641,-1.292900301922826,-1.0398095624583146,-7.629048978065784,-2.3336444419478903,-0.1875889285334854,-2.505571959575903,-10.492919672040824,-16.820874631010785,-18.27820018258599,-3.8791781051276786,-9.19033070867945,14,False,Общественное питание -18%; Продовольствие -4%,МО,объяснения не найдено,0.0,1.0,,
1124,Пестяковский,Ивановская область,2024-06,4.665165855092265,True,-0.5782685721341929,0.3319298627169816,0.9682011473932893,-0.5948982305760697,0.29743493381844527,-8.502398342485861,-2.507481629367714,6.882349794440712,9.8262236369834,-15.751371505845846,3.7384859759895583,-65.69056799775139,37,False,Транспорт -66%,МО,объяснения не найдено,0.0,1.0,,
347,Ардонский,Республика Северная Осетия — Алания,2023-02,4.66405244532011,True,-0.255277176083994,-1.3261420956017074,0.29948152477312173,-4.920284803209378,-0.3564108315196395,-6.268357060320469,0.0,-19.369602616047565,3.7396415978548703,-29.63046368509703,0.0,-20.905996196649568,15,True,Транспорт -21%; Общественное питание -30%,МО,объяснения не найдено,0.0,1.0,,
860,Хабаровский,Хабаровский край,2023-09,4.663853596834264,True,2.4175993582928093,1.6833136493293654,-0.03480330720023687,7.521719193035284,0.7820715896325415,1.0028969513655068,8.601935720328413,8.256461573565321,-0.8633187138266774,23.621955112947024,1.852727548611277,5.995164894564642,27,False,Общественное питание +24%; Все категории +9%,МО,объяснения не найдено,0.0,0.37708795123179323,,
621,Тигильский,Камчатский край,2023-07,4.657756181745821,True,2.210666408526255,5.228276497271194,3.884227754953138,4.760459805681338,0.5925798376788287,0.67158241889034,16.11883587361529,69.18924752510493,36.88873048075108,53.132534713546335,2.7331511356205596,21.640849257035644,41,True,Здоровье +69%; Общественное питание +53%; Маркетплейсы +37%,регион,объяснения не найдено,1.0,1.9305372366861644,,Губернатор Камчатского края сообщил о стабилизации ситуации с природными пожарами
2646,Обнинск,Калужская область,2023-04,4.656850004804929,True,3.5185880198542123,6.1815830657439195,3.7936548905799907,3.529159853880456,1.5521166171561382,1.926485651252459,8.228307004999103,22.581246728955495,9.875743776556867,26.64478159182302,3.9889275458317996,14.683178394985852,40,True,Здоровье +23%; Маркетплейсы +10%; Общественное питание +27%,МО,объяснения не найдено,5.0,0.7903026704643507,,"Автобусы малой вместимости запустили из Наро-Фоминска в Обнинск | 360° | В Обнинске четверо мужчин избили, изнасиловали и сожгли женщину - Газета.Ru | Новости | Четверо мужчин в Обнинске изнасиловали, убили знакомую в лесу и сожгли ее тело | 360° | В Калужской области объяснили похожие на взрывы звуки"
1430,Магадан,Магаданская область,2023-02,4.646411705293529,True,-0.6388053870596213,0.5200644216205056,-9.873447078109384,0.04747774722404477,0.21189714856037584,0.599460493051667,-0.9124450363204417,1.1241467013210826,-25.515583065953116,0.2102166064458011,0.14366707234101384,3.7054682926176863,49,True,Маркетплейсы -26%,МО,объяснения не найдено,12.0,0.5420918730021359,,"В Магадане горит крупный склад с грузовой техникой | Власти Магадана рассказали о подвиге Героя России Ивана Кабанова | В Магадане обвинили сотрудницу ""Почты России"" в хищении 4,5 миллиона рублей | Работницу «Почты России» в Магадане обвинили в хищении 4,5 млн рублей"
341,Усть-Янский,Республика Саха (Якутия),2023-10,4.6463639781502994,True,0.316308714495421,0.0,-1.0272105632409365,-0.2444358788573982,0.40509323705564804,-7.97162672109125,0.951537379268963,0.0,-14.049714940550206,-6.6697141701518525,1.5382385125262132,-71.92336366734465,14,False,Транспорт -72%,МО,объяснения не найдено,0.0,1.0,,
1872,Шацкий,Рязанская область,2023-08,4.632786238845248,True,0.1150335659355139,-7.4294690367471325,-0.9394269850092315,-2.434094628602959,1.807290285350848,0.10730088126313275,-0.23451202220226008,-26.823290878463002,-2.1111354406432525,-21.67858070726032,4.716759778285695,0.12997526383928815,62,False,Здоровье -27%; Общественное питание -22%,МО,объяснения не найдено,1.0,1.9048770853664205,,Мужчина погиб в массовом ДТП с участием грузовиков в Рязанской области
2176,Дубенский,Тульская область,2023-09,4.6314064671156245,True,-2.2145122097039724,-1.5182385594361991,-7.5591444582462115,0.3202084985329249,0.5796538549365564,-0.4518980505119714,-5.7802578580834485,-16.961270634433756,-24.399083727096293,11.046808681842801,3.0726834165002437,-3.6642976928817017,71,False,Маркетплейсы -24%; Все категории -6%,МО,нет в словаре упоминаний,,,,
846,Бикинский,Хабаровский край,2023-10,4.613543947348295,True,-4.1610977007653,-0.6572689537678975,-2.8914888655967994,2.141611954727353,-6.17890939625738,-0.20770397801664045,-6.4775684211204165,-4.978292529668327,-12.424140828863894,9.32735322573972,-4.581518612875879,-0.21218509161617938,27,False,Продовольствие -5%; Все категории -6%; Маркетплейсы -12%,МО,объяснения не найдено,0.0,0.5142926843017813,,
2043,Таборинский,Свердловская область,2024-08,4.595073326611506,True,-1.2547172535196938,0.38238843015086893,-7.5877028961670225,2.048547291137839,-0.617982340723948,-0.6442737025171449,-7.998949969205338,4.706710756800758,-34.64889286607562,55.920329188320885,-5.456798302358656,-4.877864767158524,66,False,Маркетплейсы -35%; Общественное питание +56%,МО,объяснения не найдено,0.0,,,
1955,Анивский,Сахалинская область,2024-08,4.590616682592781,True,-2.1400615485704733,0.035239896473660874,0.5970873591737096,-1.2834458104316377,-4.0982442397517,-6.468834153011624,-2.9494862975676384,0.45631012275895166,3.636882471348457,-15.634344416125634,-4.1169617369289035,-22.962720797832947,65,False,Транспорт -23%; Продовольствие -4%; Все категории -3%,МО,объяснения не найдено,1.0,1.0619160554291593,,Команда из Одинцова стала призером чемпионата России по пляжному волейболу
2880,Лабытнанги,Ямало-Ненецкий автономный округ,2024-10,4.580312169578376,True,-0.14949758433542287,-0.2673378813711052,2.4947124976833046,-7.52398423308139,0.3222569263936587,0.08188781016382593,-0.2999078439273717,-0.9992802058606642,7.420193070251102,-11.020041073565245,0.24155080479815183,0.5073607964081184,89,False,Общественное питание -11%; Маркетплейсы +7%,МО,объяснения не найдено,7.0,0.8983829964358623,,Решением конкурсной комиссии главой Лабытнанги избрана Марина Трескова | В Лабытнанги будут судить мастера МУП за взятки от осужденных | Мэром Лабытнанги в третий раз избрана Марина Трескова | На Ямале утвердили расписание вертолета Салехард — Лабытнанги
323,Кобяйский,Республика Саха (Якутия),2023-08,4.5521843771814785,True,-3.89986834881193,-0.4427232398648835,-0.5679154287765286,0.652507785273931,-6.816251217386366,0.7049070967008076,-3.6072000331278886,-4.2935079182694125,-6.311770947661621,2.9452298568948265,-8.29597525134691,5.200193506229045,14,False,Продовольствие -8%; Все категории -4%,МО,объяснения не найдено,1.0,1.9048770853664205,,Житель Якутии ожидает суда за незаконную вырубку леса
402,Барун-Хемчикский,Республика Тыва,2024-01,4.5325946975429705,True,-0.9706852517630662,0.4052952203925525,-0.09754501176660553,-2.5210102653090725,-1.255368403896906,-7.328151300927647,-7.972200923033057,7.029944072001859,-0.1629497757639431,-14.16921658984669,-11.198814148586234,-24.820309052530032,17,False,Транспорт -25%; Общественное питание -14%,МО,объяснения не найдено,2.0,2.816256536249485,,Жителя Тувы осудили за продажу зараженной сибирской язвой конины | 360° | В Туве осудили мужчину за заражение пяти человек сибирской язвой
1005,Суздальский,Владимирская область,2023-10,4.532593581078294,True,1.529681620705382,-0.5282225315061366,7.603124837751169,-1.2189259840301563,0.9356778556305199,-0.5639473373738818,2.8685163233530986,-4.715012146177022,12.529567092923344,-5.2972079118077,1.3641474520664332,-1.6545723030221726,33,False,Маркетплейсы +13%,МО,есть тематические новости,4.0,0.8926633238242974,праздники и события,"Суздаль — 2023: как добраться, на что посмотреть, советы туристам | Суздаль готовится отмечать 1000-летие: 5 причин отправиться туда летом 2024 года - Газета.Ru | Блогер рассказала, где лучше всего провести ноябрьские праздники | Сборная России по боксу победила команду США в матчевой встрече"
316,Булунский,Республика Саха (Якутия),2024-01,4.522833686244343,True,-0.23788457915407432,-0.37640882672000586,0.4596583286553787,-7.734242717869861,-1.156839428034215,0.06510209863998058,-1.201499732147937,-10.536333587550128,13.14693649507177,-22.310569387077628,-6.234416392275399,3.6696455609366296,14,False,Общественное питание -22%,МО,объяснения не найдено,0.0,1.0,,
2142,Торопецкий,Тверская область,2024-09,4.505841966854875,True,-3.316408508633704,-0.5967475936087235,-5.799431088185739,0.19233242197101055,-2.4147853273945863,4.034336271068459,-7.529899985751243,-4.127956838879232,-24.14201207303286,1.6037642129537844,-4.973373177688956,20.139251602739527,69,False,Маркетплейсы -24%; Транспорт +20%; Все категории -8%,МО,новостной всплеск,80.0,86.27805514680122,атаки и теракты,"В Торопецком округе Тверской области ввели запрет на посещение лесов | Названо число пострадавших при атаке беспилотников на Торопец - Газета.Ru | Новости | Атака ВСУ на Торопец: удар по суперхранилищу для ракет, что известно о складе боеприпасов, что говорили в Минобороны | Трое детей и 14 взрослых пострадали из-за атаки БПЛА на Торопец"
82,Шаранский,Республика Башкортостан,2023-11,4.484260519722447,True,-3.96541084337755,-0.799806730390828,-5.49064617617717,-1.4126013569265397,-3.8018546312923487,0.6797909811137258,-13.757178062189368,-4.425596766697382,-54.697432413846236,-11.045933307433131,-9.82012908262515,6.789235546116679,2,False,Маркетплейсы -55%; Все категории -14%; Продовольствие -10%,МО,объяснения не найдено,0.0,1.0,,
325,Ленский,Республика Саха (Якутия),2024-07,4.482747393300922,True,0.5791291545350056,0.5318527076583617,-4.820745145308722,-0.4260035911287029,6.058885891217015,0.177197040613948,2.5909397095906783,1.9648878730408548,-8.75812482933398,-3.44561486392001,4.841659466765158,1.7252029312412098,14,False,Продовольствие +5%; Маркетплейсы -9%,МО,объяснения не найдено,3.0,1.2942040783645532,,Молния поразила летевший из Иркутска в Ленск самолет | Молния повредила летевший Ан-26 с пассажирами | Два заповедника горят в Иркутской области
1955,Анивский,Сахалинская область,2023-09,4.46544480289054,True,2.55723521185292,0.8674690772555156,-1.767902896942527,6.1525022537514396,0.6075294740826053,3.927830947460623,3.708707598043226,6.700569601565043,-12.02098703883303,16.96957132919583,0.7312947585944585,12.725421043426488,65,False,Общественное питание +17%; Транспорт +13%; Все категории +4%,МО,объяснения не найдено,2.0,1.489323154596745,,На Сахалине собрались развивать треккинг-туризм | Российские полицейские отказались помочь пострадавшему и попали под следствие
899,Вилегодский,Архангельская область,2024-05,4.456115755029728,True,-5.02521476072249,-4.075218471756555,-2.64392136167748,-4.208409899563427,-0.4495344640984275,-0.2718397045382063,-9.609323120373325,-18.765539843053737,-18.261188165083997,-31.268288650451836,-1.9263335098194112,-1.4262463557955574,29,False,Все категории -10%; Общественное питание -31%; Здоровье -19%,МО,объяснения не найдено,0.0,,,
2089,Первомайский,Тамбовская область,2023-08,4.436971754855834,True,-1.9435694871849518,-2.4343567619959634,-5.569402381822169,-0.7600542369134083,-1.0309778452520189,-4.702745934541165,-7.343408903856652,-19.005437579584374,-22.0539380093836,-9.488237052731474,-7.859072388509691,-19.24287056430152,68,False,Маркетплейсы -22%; Транспорт -19%; Здоровье -19%,МО,нет в словаре упоминаний,,,,
305,Темниковский,Республика Мордовия,2023-12,4.430475828774442,True,-0.7975894533375211,-7.566808856259244,-0.2759765703482933,0.7516867543579282,0.1510412162463801,0.9972978516096229,-1.5281039817029551,-36.59871546078111,-1.7344881189558237,13.128916034619964,0.5299508836354327,12.446200841049393,13,False,Здоровье -37%,МО,объяснения не найдено,0.0,1.0,,
219,Пряжинский,Республика Карелия,2023-08,4.42916492713481,True,-4.830355006145169,-1.7338387412890863,-0.5522121317545525,0.03253376885545359,-5.702103084748355,-0.7884093986331526,-8.364042419846651,-10.944944590264827,-2.5857663850167523,-1.0791738547085927,-7.753484203597161,-10.572585017540659,10,False,Продовольствие -8%; Все категории -8%,МО,объяснения не найдено,0.0,1.0,,
2349,Билибинский,Чукотский автономный округ,2023-04,4.422729004546482,True,1.5923859749559492,0.3174987814920814,-0.08781609381113646,0.4103503606530331,7.481812282545296,-0.08933357085810703,7.989540389718464,10.580154224968608,-2.4143652942078653,21.795549342658482,11.216728405623844,-1.3776922338329722,87,True,Продовольствие +11%,МО,объяснения не найдено,1.0,2.133894339394109,,Выявленные дефекты на улице Билибина в Якутске устранят с наступление тепла
1214,Мещовский,Калужская область,2023-08,4.418295817556402,True,-5.111222254101204,-0.5097326570625688,-0.0034681375680429573,-0.7127029984744023,-5.250564445303001,-2.2070328201478504,-11.128625829810979,-11.121502256470972,-0.48834663536716505,-22.8686137539186,-10.373506037960034,-19.12175617613512,40,False,Продовольствие -10%; Все категории -11%; Транспорт -19%,МО,объяснения не найдено,0.0,1.0,,
2236,Сургутский,Ханты-Мансийский автономный округ — Югра,2023-02,4.403563360318461,True,-5.298801701570712,-0.7894752487243765,-1.4902910494632038,-5.200081183866591,-1.7481324359571873,-1.6168466185673338,-7.134609460215557,-3.5137049234227113,-10.247619464956292,-8.845637775851012,-3.8056729833446212,-6.039296710731712,86,True,Все категории -7%; Общественное питание -9%,МО,объяснения не найдено,2.0,0.6782516806484334,,Глава Сургутского района Югры вручил жителям Лянтора ключи от новых квартир | Долина отказала сделавшему ей на концерте предложение фанату
907,Мезенский,Архангельская область,2024-11,4.386331193549599,True,-1.5286203433714807,-0.1960053713445098,-7.407276316886548,0.19076128619907803,0.7178310592620429,-0.4593763021186686,-9.346185008165175,-3.2198574610615704,-50.542565173489606,3.021599389529417,1.417641954323745,-12.909131538285346,29,False,Маркетплейсы -51%,МО,объяснения не найдено,0.0,1.0,,
2391,Морские ворота,Санкт-Петербург,2023-02,4.378858354915533,True,-1.2514728328836309,-2.0868315676528217,0.1695411455285849,5.194224363751766,0.6579589750591349,-5.11745725380251,-2.497275095809659,-6.163460396173548,0.13235111598386418,9.669649210850029,0.6423011584433702,-9.607055864585856,78,True,Общественное питание +10%; Транспорт -10%; Здоровье -6%,МО,нет в словаре упоминаний,,,,
13,Онгудайский,Республика Алтай,2023-07,4.367508232127214,True,-0.654842184891205,-1.843645147726489,-0.7575898671209229,-0.8039728898881189,0.3284211286406945,-7.292460807895129,-1.9000227617349097,-11.777101707565762,-5.84069626273882,-8.807535724960047,0.8397350088696243,-14.269613308594664,4,True,Транспорт -14%,МО,объяснения не найдено,0.0,1.0,,
2181,Куркинский,Тульская область,2023-10,4.36516143967226,True,-0.7812168651603275,0.5167601782720774,-7.361323333294795,0.7901417324308705,-1.533133395554855,-0.19798496112566352,-2.3759254245528716,6.223706069344281,-12.400975237727074,13.002711848553217,-2.937756802171876,-2.4821473085388845,71,False,Маркетплейсы -12%,МО,объяснения не найдено,0.0,,,
916,Нарьян-Мар,Ненецкий автономный округ,2023-07,4.363721025833941,True,6.9124743830398625,2.253653527478137,0.07773490154236566,2.0651700307283876,0.8442847521732354,1.0900134513913216,6.37439326541509,12.85077994354209,0.32847917604694743,12.075187313539226,1.4070005373184813,10.34353238445691,83,True,Все категории +6%; Здоровье +13%; Общественное питание +12%,МО,объяснения не найдено,1.0,0.655409513678761,,В Екатеринбурге на пять часов задерживают рейс до Сыктывкара и Нарьян-Мара
2148,Александровский,Томская область,2024-11,4.362516178212912,True,-1.2388639992876451,-0.19234911475615324,-7.385074916382824,0.06710947567644575,1.010211208703612,-0.2946412633071518,-3.0562212817203616,-4.237461765571204,-26.09599304532555,1.316793310301545,2.8572155987227177,-4.089494754837553,70,False,Маркетплейсы -26%,МО,нет в словаре упоминаний,,,,
1673,Орск,Оренбургская область,2024-05,4.347950604349424,True,5.03341009338573,2.110751807579575,4.154122432586118,3.757934674854662,1.038523148246081,0.08306727872998979,7.847465325898106,11.332024628345216,21.834517104537987,15.216716208795233,1.5025625363019657,0.41121815331361944,56,False,Все категории +8%; Маркетплейсы +22%; Общественное питание +15%,МО,новостной всплеск,44.0,3.722673916445134,ЧС и стихия,"В Орске после затопления без газа остаются 4,3 тысячи домов | «Для идиотов»: Зюганов усомнился в причине прорыва дамбы в Орске | В Орске меньше 1% пострадавших от паводка домов признали жизнепригодными | В Орске пригодными для проживания признали менее 1% затопленных весной домов"
801,Тернейский,Приморский край,2023-10,4.347026509371436,True,3.5262787083189897,2.8575800977921197,3.0396479363707214,-0.943528509528533,5.917416439098014,0.45876739898367674,5.98409729761773,13.006132839418694,29.642572210152274,-13.439320601150317,5.691981460001472,4.1213578851234445,25,False,Продовольствие +6%; Все категории +6%; Маркетплейсы +30%,МО,объяснения не найдено,0.0,0.5476599383423424,,
1201,Барятинский,Калужская область,2023-08,4.331892424688323,True,1.0331847381685175,0.6212001896774271,7.199151811124153,0.3552240531302106,1.8440765804108288,0.7700018326215824,7.403475782952107,10.361508193023194,27.491802142678168,20.98904432606874,4.274617982477302,4.55640578973604,40,False,Маркетплейсы +27%,МО,объяснения не найдено,2.0,2.809754170732841,,"Во время экспедиции ""Западный фронт. Варшавское шоссе"" под Калугой опознали пятерых бойцов | В Калужской области прошла церемония захоронения останков 122 красноармейцев"
243,Усть-Цилемский,Республика Коми,2024-05,4.331288092842584,True,-3.105932309164989,-2.689199238850734,-2.6793233175099194,-3.0484531898957457,-4.4470252039227915,-5.182404939423427,-22.309752347402156,-43.48481047781125,-68.06810796756508,-38.71693470064588,-13.00282043508414,-62.238635373668586,11,False,Транспорт -62%; Продовольствие -13%; Все категории -22%,МО,объяснения не найдено,0.0,1.0,,
1947,Советский,Саратовская область,2024-05,4.326311497791899,True,-1.2482126434206093,-0.01130875341549742,-0.033543939656380445,-7.168865412938321,-0.6392552584834142,1.7889235354706383,-3.172934237143288,-0.04314327296421894,-0.14183202005710882,-53.26433460087854,-1.4132584999989817,23.159034015617852,64,False,Общественное питание -53%,МО,нет в словаре упоминаний,,,,
2340,Ленинский,Еврейская автономная область,2024-05,4.311278966583303,True,-2.091048654196799,-0.8677010576668981,-0.6932495316123618,-6.732352278728738,0.3824534667210595,-2.4625854917116077,-3.1005506313722897,-5.492356886788796,-3.976461893295369,-26.976666254212578,0.5014755285233541,-8.249043479308238,79,False,Общественное питание -27%; Транспорт -8%; Все категории -3%,МО,нет в словаре упоминаний,,,,
205,Хабезский,Карачаево-Черкесская Республика,2023-03,4.310666804440152,True,-1.8050401882939764,-0.5211630292258971,-0.7739067044154286,-6.828276234739817,-1.247667861810063,-2.4211605641588307,-8.570727445022186,-5.449786943609336,-7.1578875552276156,-28.34268974884111,-3.8761010822664588,-10.852517837777365,9,True,Общественное питание -28%; Транспорт -11%,МО,объяснения не найдено,0.0,1.0,,
912,Приморский,Архангельская область,2023-12,4.310626267164823,True,-2.74671257994059,1.6696214613321336,-6.699219694152198,1.822229935599081,-0.29342130758441615,-0.8711299481251373,-7.129208717484747,15.909458230364981,-18.54093824610672,9.881188012382847,-2.1131580086312773,-5.528212561722423,29,False,Маркетплейсы -19%; Все категории -7%,МО,есть тематические новости,74.0,1.2764677670357156,ЧС и стихия,В Петербурге загорелся жилой дом | Лифты дома в Петербурге ушли под воду - Газета.Ru | Новости | Гуманитарная история на ночь. Жильцов подтопленного дома на Королева готовы поить из цистерны | Тело человека обнаружили на месте пожара после взрыва в Петербурге
1774,Невельский,Псковская область,2024-05,4.294846997829837,True,-3.111815052930536,-1.7048009204087589,2.07758816036019,-0.10219963862025838,-6.429414181446859,-1.9738040204477367,-7.282784536945464,-11.240591802900601,9.73364910589165,-2.4574556722123386,-16.270800147311792,-12.539825707169294,60,False,Продовольствие -16%; Все категории -7%; Маркетплейсы +10%,МО,объяснения не найдено,0.0,0.5161032194510499,,
340,Усть-Майский,Республика Саха (Якутия),2024-04,4.282252766356452,True,-1.2360812073394343,-6.296376303726498,-0.9725574702897423,-1.0139151586633848,-0.5203570497406915,-3.7203245766513695,-6.091019007091347,-44.17538159385339,-18.639465294340773,-19.527208150476483,-2.2982170958174564,-25.52111398353185,14,False,Здоровье -44%; Транспорт -26%,МО,объяснения не найдено,0.0,1.0,,
616,Усть-Камчатский,Камчатский край,2024-12,4.281135699491653,True,1.7835981838102173,1.6638052316831646,7.002492292185567,0.28758508608001054,0.1655462012474182,0.007171903209229897,3.3297333969890985,9.277643212502706,13.61722764191704,1.4925864019326163,0.31266804940450754,0.0,41,False,Маркетплейсы +14%,МО,объяснения не найдено,3.0,1.3701437827269713,,Самолет Ан-2 на Камчатке пропал неподалеку от поселка Ключи | На Камчатке нашли место пропажи Ан-2 | Установили предполагаемое место пропажи самолёта Ан-2 на Камчатке
1579,Волотовский,Новгородская область,2023-11,4.26167929571778,True,-1.2252184127667103,0.6675829216149691,-7.189745538597163,1.1367190461536196,-0.7175992833173712,-0.07306392894881156,-6.246505388718049,29.9009350721672,-45.76739124175422,124.32684397473999,-5.148130326039357,0.9495108022323784,53,False,Маркетплейсы -46%,МО,объяснения не найдено,0.0,,,
1732,Хотынецкий,Орловская область,2024-04,4.248085558275054,True,-5.619038686699059,0.26000033994574073,-1.6526722500828024,-3.6060042406397597,-0.9101957490588481,-3.092220947012456,-14.307162382563021,1.8081361180644073,-10.987807375972203,-61.31828116568663,-2.75398466960759,-28.571455195811524,57,False,Все категории -14%; Общественное питание -61%; Транспорт -29%,МО,объяснения не найдено,0.0,,,
372,Дрожжановский,Республика Татарстан,2023-12,4.243984094319623,True,-0.06371344439855854,0.2775006911038499,-2.0479245492522793,-6.7301414626836245,-0.3501895126410624,-2.1319952887730365,0.5059230057106845,9.27889802722568,-20.003610200910238,-61.271959664258624,-1.6925443724463918,-16.87024413950926,16,False,Общественное питание -61%; Транспорт -17%; Маркетплейсы -20%,МО,объяснения не найдено,0.0,1.0,,
1593,Хвойнинский,Новгородская область,2024-05,4.237889021041107,True,0.8775577084339005,0.661872354149931,0.34390645849414253,0.3107859332774196,-7.257473907577107,-0.06071459931520506,1.498275202501631,5.016181667407782,1.533478435858271,2.4108046228202618,-5.406996121360663,-0.8327456466195926,53,False,Продовольствие -5%,МО,объяснения не найдено,0.0,1.0,,
1117,Ивановский,Ивановская область,2024-05,4.235100634523123,True,-0.5663539134768689,-0.21107484727946782,1.4762606018613518,-1.1858046607847064,-0.10229145222795544,-7.086801400876683,-0.8144397274014281,-1.8689097760104634,5.110375807089351,-6.698918622004335,-0.4253441824101145,-14.099328508214626,37,False,Транспорт -14%,МО,нет в словаре упоминаний,,,,
2120,Калязинский,Тверская область,2023-07,4.23208345835892,True,1.275591562987997,0.1073651426215916,7.204579110624913,0.1858452691650913,0.4455302444577336,0.1664037308784209,2.3142782714971943,0.7742476033515189,12.361240615124203,1.2287317338546266,0.8182266906873181,0.8237494125013178,69,True,Маркетплейсы +12%,МО,объяснения не найдено,0.0,1.0,,
2345,Эгвекинот,Чукотский автономный округ,2023-09,4.226759159458911,True,-1.3762400789996345,-0.8787616056435602,-2.8412018857835886,-4.482017851903206,-0.7207801684841263,-5.04336859605266,-9.252692919816408,-18.868152793867353,-30.477079068790847,-22.775592690386848,-2.4058244868314205,-16.18709996961836,87,False,Транспорт -16%; Общественное питание -23%; Маркетплейсы -30%,МО,нет в словаре упоминаний,,,,
226,Вуктыл,Республика Коми,2024-05,4.222532078858089,True,-0.8705686926221642,0.0939324614468659,1.1499372966204244,4.282184600468201,-5.816345135246975,-0.10486855445754707,-2.7787664847939375,0.7250011001595613,8.52045768060714,17.325321789890367,-8.252917128118575,0.9999480640789038,11,False,Продовольствие -8%; Общественное питание +17%,МО,объяснения не найдено,0.0,1.0,,
842,Хабаровск,Хабаровский край,2024-07,4.219900229551849,True,0.025262418754075505,-1.9037520452087737,-0.03551104110799888,-7.036188748996793,0.5389340228354493,0.12366081883926852,0.055332540052699386,-4.6641692032982185,0.00011415863943042837,-16.227071155986472,0.4490886910833325,0.09371751557201158,27,False,Общественное питание -16%,МО,есть тематические новости,506.0,1.1892081454148256,транспорт,Режим ЧС ввели в Хабаровском крае из-за рухнувшего моста через Тудур | В Хабаровском крае объявили режим ЧС в Вяземском районе | Девять лесных пожаров продолжают бушевать в Хабаровском крае | В Хабаровском крае фиксируется спад уровня воды на реке Уссури
316,Булунский,Республика Саха (Якутия),2024-04,4.215757736155969,True,-0.3812537439610085,0.6654583281283492,-0.5326127952574461,6.769446543122201,-2.6551080172400137,0.44010096642633917,-1.4591919756316685,7.066798811321995,-7.2070392539102635,27.947470920189676,-8.636282237920767,20.02843256545619,14,False,Общественное питание +28%; Продовольствие -9%,МО,объяснения не найдено,0.0,1.0,,
2248,Тазовский,Ямало-Ненецкий автономный округ,2024-07,4.209604615791064,True,2.391019269931473,5.911975159811452,2.181105615633175,3.2164667160499976,1.098630510987622,2.8044972166474342,8.203220687760826,21.841325859516214,8.513014627757975,13.313215780081222,2.6786919050548974,14.755492945227555,89,False,Здоровье +22%; Общественное питание +13%; Транспорт +15%,МО,объяснения не найдено,1.0,0.6866179045026022,,На СВО погиб командир мотострелкового отделения из Тазовского района ЯНАО
846,Бикинский,Хабаровский край,2024-07,4.206716069529134,True,0.1829969276297612,-0.12247943986837455,-0.20527959357338516,-6.948511313703951,1.1869744419680632,1.8435461660470382,0.49161172152567545,-1.6346093318935218,-0.8714419942777774,-40.93300418491373,1.7705743363364945,12.020811481566573,27,False,Общественное питание -41%,МО,есть тематические новости,5.0,3.01710557629124,ЧС и стихия,Режим ЧС ввели в хабаровском Бикине после сильного ливня - Газета.Ru | Новости | В двух селах Хабаровского края ввели режим ЧС после ливня | Территории Хабаровского края полностью избавились от паводковых вод | Циклон сильнее всего ударил по Бикинскому району
1602,Баганский,Новосибирская область,2023-11,4.197534030891831,True,-1.4468370860184159,-1.6952637355464002,0.02666347978809824,-1.970055764777608,-1.3961934166839218,-6.78990699288973,-3.8199934698182503,-12.088070334587542,0.0,-37.25328537292718,-3.083214671551282,-23.178156851576226,54,False,Транспорт -23%,МО,объяснения не найдено,0.0,1.0,,
788,Дальнереченский,Приморский край,2023-12,4.190995014047193,True,-0.03236861324195589,-2.068010559365342,0.2818702702997747,-6.890866206740021,0.9657188361356144,0.4209379726157061,-0.23500574956081266,-33.889308478365535,5.2931925318076445,-25.624235722877664,9.389312758698942,5.0136348687467525,25,False,Общественное питание -26%; Здоровье -34%,МО,объяснения не найдено,0.0,0.5253489853361196,,
1059,Кичменгско-Городецкий,Вологодская область,2024-08,4.189674393484204,True,-1.248190997998432,0.14285703481275988,-0.16591286082999068,-7.0039798989389075,1.016369200383971,-1.4305241619864701,-3.7292182103113802,2.5650404768884805,0.8910567653749979,-24.743304936821442,2.1683465571305405,-6.553176176351627,35,False,Общественное питание -25%,МО,объяснения не найдено,0.0,1.0,,
2126,Кувшиновский,Тверская область,2023-05,4.186068478151275,True,0.12694314193520884,-0.15043993575738993,-6.747358986842078,-0.6631901166590098,2.5695979224700602,-0.16662889466797723,-0.05995686685356105,-1.2545940467854955,-15.219276130589066,-5.527226282276665,3.9922774760967172,-1.4138125830108983,69,True,Маркетплейсы -15%; Продовольствие +4%,МО,объяснения не найдено,0.0,1.0,,
884,Селемджинский,Амурская область,2023-11,4.180479453566025,True,-0.756015812674571,-6.912611254969021,0.9413724542257267,0.32985589690232947,-1.3345096460515615,1.6923696485502253,-1.2469021916658107,-31.08712611108828,19.079213573456855,2.7644950965333592,-3.787107041087623,20.878276811605012,28,False,Здоровье -31%,МО,объяснения не найдено,1.0,1.8299597126178104,,В Амурской области открыли сезон охоты на кабаргу
582,Каларский,Забайкальский край,2023-12,4.179418271535085,True,-4.284107904924006,0.45475587495143943,-4.550921521817598,0.06348549128636809,-3.6521423885917996,-0.10607341880328108,-10.288486570924693,3.8994453253016204,-30.124833204657577,3.157322915491534,-7.182842482126706,-1.3184427065978,75,False,Маркетплейсы -30%; Все категории -10%; Продовольствие -7%,МО,объяснения не найдено,4.0,4.303802451037781,,"В Забайкалье завершился первый этап реконструкции аэропорта Чары | Детям в Забайкалье вручат почти 60 тыс. новогодних подарков | В Забайкалье грузовик ""Урал"" с 27 пассажирами съехал в кювет | В Забайкалье грузовик ""Урал"" с 27 пассажирами съехал в кювет, один из них погиб"
1728,Свердловский,Орловская область,2023-12,4.173585705555808,True,-0.5216237074868356,0.5271094807648983,1.4412426279514985,-6.676618378236904,-1.500766198538014,-2.3295752345812466,-0.6735372992054067,4.1312537612281375,17.586704421679045,-60.78467952467914,-3.7694375437800076,-37.96887827537123,57,False,Общественное питание -61%; Транспорт -38%,МО,объяснения не найдено,9.0,0.7680736425482311,,"По Свердловскому округу Иркутска гуляет рысь | В Перми начали строить четвертый муниципальный дом | Полицейские вернули потерянные жителем Иркутска 150 тыс рублей | В Орловской области вынесли приговор рецидивисту, пытавшему утюгом приятеля"
1198,Калуга,Калужская область,2023-04,4.155771952789984,True,1.71681118386478,3.0031418297671832,2.944267913150847,5.84155349001279,1.533670079270889,1.7164164358244927,8.014178692873841,18.655556962817332,7.664178921187315,23.833371680818427,4.777301294138603,13.929694555982586,40,True,Общественное питание +24%; Здоровье +19%; Маркетплейсы +8%,МО,есть тематические новости,60.0,1.089868681768164,предприятия и работа,Дрон-разведчик заметили в небе над Калугой | Mash: над учебным центром Росгвардии под Калугой заметили дрон-разведчик | Дрон-разведчик пролетел над зданием Росгвардии под Калугой и попал на видео | Магазин сети «Пятерочка» загорелся под Калугой
408,Пий-Хемский,Республика Тыва,2024-09,4.150793412079114,True,5.519585703755712,0.7723522775882774,2.4591757312554674,3.8953672780596467,0.10676134580902535,0.13400625613984563,18.170571371900568,17.359544609530396,12.82600197492716,36.187526595298266,0.4097026518868674,0.2329927938246712,17,False,Все категории +18%; Общественное питание +36%; Маркетплейсы +13%,МО,объяснения не найдено,0.0,0.3496767595870832,,
1980,Среднеуральск,Свердловская область,2023-05,4.148432518931776,True,-3.0990183495295325,-6.050309932126697,-1.1825322007773333,-1.7144050814725094,-2.1625602950022706,-2.327726806753795,-7.807468196847278,-14.843986373759899,-4.1399971376917755,-24.67354302195872,-5.967364632628502,-17.750242904731994,66,True,Здоровье -15%; Все категории -8%; Транспорт -18%,МО,объяснения не найдено,0.0,0.3559030218430745,,
1474,Пущино,Московская область,2024-12,4.132207052398421,True,-1.222933681826548,-1.9353111127532838,-6.781180537220753,-1.0558871754848704,-1.0014095993069037,-0.9703221820418615,-5.269327482538699,-15.728532824008301,-17.354325921368208,-6.371437985276218,-5.424032126774847,-8.167680019355306,50,False,Маркетплейсы -17%,МО,объяснения не найдено,0.0,0.1796965474800378,,
1955,Анивский,Сахалинская область,2024-03,4.126219540331916,True,-1.5196585120708521,0.5069258304428007,0.7977517078968458,-2.3409951134751195,-6.579319339447434,-0.3502907485661521,-2.096587427616736,4.1435407520371115,6.76194903287799,-11.91336449276843,-5.140511806138903,-1.4071680790554097,65,False,Продовольствие -5%; Общественное питание -12%,МО,объяснения не найдено,0.0,0.5078238169489452,,
1581,Крестецкий,Новгородская область,2023-08,4.121521341679931,True,-0.2090726343464351,-0.5340965172225115,-6.926850480763401,0.3487159934054979,1.6414316425633015,0.3629723170420893,-0.56780292627856,-3.892160234311781,-15.080152484692722,2.1325096431783486,2.4497728829008025,2.082128447638709,53,False,Маркетплейсы -15%,МО,объяснения не найдено,0.0,1.0,,
1512,Ковдорский,Мурманская область,2023-10,4.120904373816278,True,-2.3010645285037823,-0.07663118969917654,-0.0658212823557332,-0.9622133419349947,-6.178789247531261,-2.733719818245486,-1.935360898078109,-0.24742694059907144,-0.2530798411251034,-1.9151421230634735,-4.5814296098350304,-12.01826165041684,51,False,Продовольствие -5%; Транспорт -12%; Все категории -2%,МО,объяснения не найдено,0.0,1.0,,
1201,Барятинский,Калужская область,2023-06,4.111691417842915,True,-0.7724072272049808,-0.15186708415618883,-7.021860858157363,-0.27708824595202475,-0.9027048857341556,0.04243466934395604,-5.4113272639696675,-1.5497999906385118,-13.285755993330817,-9.191533940327634,-1.4173614593079975,0.185805297080055,40,True,Маркетплейсы -13%,МО,объяснения не найдено,0.0,1.0,,
316,Булунский,Республика Саха (Якутия),2023-07,4.10214211425204,True,5.426251537432242,2.182938139539701,0.9824659134479683,4.034016002449388,0.6544288528719704,1.387319001160289,10.459430568088557,36.05127388546707,13.707638123346655,13.21997447413974,1.2051029927345525,33.15583604644079,14,True,Все категории +10%; Общественное питание +13%; Здоровье +36%,МО,объяснения не найдено,0.0,1.0,,
855,Полины Осипенко,Хабаровский край,2023-09,4.080201754221138,True,-1.6198556658195686,-2.9734005801101326,-0.26251723638618674,-6.203152075965954,0.28030133784106825,-0.5683526763436882,-7.117993595748828,-30.679427683542837,-5.3272654547051435,-48.997532927326134,0.7305296909700942,-22.730637097111472,27,False,Общественное питание -49%; Здоровье -31%,МО,нет в словаре упоминаний,,,,
2153,Каргасокский,Томская область,2024-01,4.075525435186307,True,0.32814281134553075,-6.820527993740427,0.5912385469270601,0.4257587161308476,0.01792763083503657,1.7206270908544883,1.1572516752719864,-17.662457516360863,3.2954570216944035,2.2377726789634345,0.08482157574398741,11.414593847394361,70,False,Здоровье -18%,МО,объяснения не найдено,0.0,1.0,,
334,Оленекский,Республика Саха (Якутия),2023-10,4.071456232723693,True,-0.6232854487556263,0.49956766335815844,-2.3055154421079256,6.426920986618047,-1.3144579484502499,-1.7633923961853244,-2.594710058528804,15.134908948099923,-28.83188113078461,18.069031336412333,-4.580248114699792,-29.878765973798593,14,False,Общественное питание +18%; Маркетплейсы -29%,МО,объяснения не найдено,0.0,1.0,,
2151,Верхнекетский,Томская область,2024-09,4.070964941290701,True,-2.0451927403273586,-2.749425752038898,-0.49583474469766176,-6.162476072861592,0.0020298015671496483,-1.4092368981385348,-4.67397953556592,-18.25395826586451,-2.367648478655582,-50.638540080325626,0.11069607287073069,-9.592073758816166,70,False,Общественное питание -51%; Здоровье -18%; Все категории -5%,МО,объяснения не найдено,0.0,1.0,,
556,Солтонский,Алтайский край,2023-11,4.0572233647171565,True,0.44295622736865314,-0.5192627627800033,6.720462052370303,1.8768003316975335,0.478655082096288,-0.8343827725997067,3.6966897297944,-3.491992407676925,96.54169831706491,65.79184886762009,3.729155845816301,-14.426185572408734,22,False,Маркетплейсы +97%,МО,объяснения не найдено,0.0,1.0,,
716,Северо-Енисейский,Красноярский край,2024-03,4.055760355866772,True,0.9711358334731499,6.292154342875844,1.7490706725847345,-2.5878797693081355,1.5871813954157823,0.42468825802575577,2.6817774638875136,19.320363415162234,6.021534063270728,-13.890509168942344,4.31256513861733,2.357749175585777,24,False,Здоровье +19%; Общественное питание -14%,МО,объяснения не найдено,1.0,1.9034965859126909,,Начальница российского банка украла более 22 млн рублей - Газета.Ru | Новости
907,Мезенский,Архангельская область,2024-04,4.0501033164066795,True,-1.485163515685898,-6.635970706870101,-0.08364461287100286,-1.7228443719450073,0.44753928998651404,0.07510876713442982,-9.364916289900904,-46.290671296915555,-0.268200983119371,-56.80599237317337,1.0677710316166156,4.049330584419053,29,False,Здоровье -46%,МО,объяснения не найдено,0.0,1.0,,
1955,Анивский,Сахалинская область,2024-11,4.047876900114734,True,2.2484461146088606,0.6160014125341758,-1.3617988485342634,1.7582710051409478,6.099042497181903,2.6271834505258416,5.376241252908098,7.3932313812131945,-6.159912771334497,23.694969768955332,9.813875544262007,13.016762637794121,65,False,Продовольствие +10%; Транспорт +13%; Все категории +5%,МО,объяснения не найдено,0.0,0.5078238169489452,,
362,Альметьевский,Республика Татарстан,2023-04,4.0397199231486205,True,1.2258340647269375,1.1121261903920618,0.37887083376320246,6.755038643032972,0.9232551385846384,1.3508497138238584,6.067584882620736,11.268279924182956,2.4726171451685097,21.35353758803724,2.473792464901692,15.631943420272076,16,True,Общественное питание +21%,МО,объяснения не найдено,12.0,0.7115609323313827,,"«Водоканалы» из Альметьевска и Чистополя заплатили почти 20 млн рублей штрафа за загрязнение рек | На выкашивание газонов в Альметьевске потратят 4,8 млн рублей | В Альметьевске мужчину оштрафовали за порчу уголовного дела | В Альметьевске впервые представят спектакли для слабовидящих зрителей"
2248,Тазовский,Ямало-Ненецкий автономный округ,2023-07,4.0389857570083265,True,1.6056313883144278,6.5309644417001795,0.22908393938277558,0.9134875332592035,0.39225397475994134,1.9257905239292548,6.279061650339024,28.00991548803138,0.8979954889866804,5.3231784225024725,1.13030219136796,11.977915706565412,89,True,Здоровье +28%,МО,объяснения не найдено,4.0,1.680627079739515,,В ЯНАО из горящего многоквартирного дома эвакуировали десять человек | Подготовка к фестивалю национальных культур началась в Тазовском районе ЯНАО | 360° | Житель Тазовского района ЯНАО предстанет перед судом за убийство щенка | 360°
1543,Бутурлинский,Нижегородская область,2023-10,4.0378483412693065,True,-4.091342576387935,-2.2329744733741013,0.523160532410104,-0.6734011959833843,-5.214153680624388,-1.1150516100469008,-9.161501436236197,-14.672494825808702,3.4919912121909924,-8.549885953322622,-11.075778768149558,-6.543117595618497,52,False,Продовольствие -11%; Все категории -9%; Здоровье -15%,МО,объяснения не найдено,0.0,1.0,,
580,Газимуро-Заводский,Забайкальский край,2024-05,4.031009796771766,True,0.007912555970260759,0.5043022871743684,0.5199376992906923,-0.4932540609128778,2.8666767019954698,-6.344994044134522,0.05760602468969367,4.169683991680984,6.7819176198979925,-4.857143605162895,8.404078110176627,-30.124215760600492,75,False,Транспорт -30%; Продовольствие +8%,МО,объяснения не найдено,0.0,1.0,,
2211,Уватский,Тюменская область,2024-03,4.029965254201337,True,-1.3291597360462464,0.8526498003894517,-6.799131015370967,-0.5386016386375151,-0.3231048225630216,-0.25648546985250714,-3.212822740073751,8.353763302900585,-15.482467732881844,-4.538578444642116,-0.7378496181029703,-3.088022282977798,72,False,Маркетплейсы -15%,МО,объяснения не найдено,2.0,2.8069931718253818,,Вахтовик избил коллегу из-за неправильно поставленных тапочек - Газета.Ru | Новости | Тюменский детсад обязали выплатить компенсацию после травмирования ребёнка
726,Эвенкийский,Красноярский край,2024-09,4.028583995570185,True,-2.1604806135834616,-1.7364505497877971,-3.2885409260917156,-5.762489837200806,-0.6994908627258186,-1.4205728440638534,-11.900733299979294,-20.16431017916105,-35.37002668195042,-43.24824773424609,-2.5306066927640813,-16.099051108148643,24,False,Общественное питание -43%; Маркетплейсы -35%; Все категории -12%,МО,объяснения не найдено,0.0,0.5181637115750033,,
618,Карагинский,Камчатский край,2024-08,4.027134407738454,True,5.985257803249915,1.4586147556864213,3.0735560182638593,1.0279428867589466,1.8393958370081336,0.4560264660162347,14.735633659018,17.50594505886829,22.568147475768363,20.66870790660431,8.053311185399714,7.3948350601571455,41,False,Все категории +15%; Маркетплейсы +23%,МО,объяснения не найдено,0.0,1.0,,
842,Хабаровск,Хабаровский край,2023-09,4.024062421507006,True,6.028719099868231,0.9561860912488752,0.2653347281340741,3.051733265924708,1.3279156123244393,1.7090070816374634,6.304067670899549,5.508384758648077,1.8041631886955845,21.940425041417555,2.220697046048592,6.257209220987381,27,False,Все категории +6%; Общественное питание +22%,МО,есть тематические новости,233.0,0.49378357433166803,транспорт,В Хабаровском крае остаются подтопленными 5 автодорог и 25 приусадебных участков | В Хабаровском крае потушили лесные пожары на площади свыше 300 га | Все лесные пожары потушили в Хабаровском крае | В Хабаровском крае возникли восемь очагов лесных пожаров
578,Балейский,Забайкальский край,2024-06,4.0240004337391255,True,-0.13608770254155933,-0.6835479778793686,-0.28154081923290897,-4.231983351673443,5.484226541124856,-0.7689698491999087,-0.3309054807836276,-6.562040314039574,-1.3236948967631612,-44.81548968593536,7.994248112927949,-4.7754756495033135,75,False,Продовольствие +8%; Общественное питание -45%,МО,объяснения не найдено,1.0,1.9861802428168867,,Минеральный источник Ургучан в Забайкалье официально признали лечебным
2391,Морские ворота,Санкт-Петербург,2024-05,4.016966526679821,True,1.1626156259490108,-0.2214394050921591,-0.6948562708607885,-6.7088893141766315,1.43080023267549,-0.2990188337834332,1.6255556865310439,-0.81690179485574,-2.9068223390815717,-10.367327490090439,1.6914404216149315,-0.7764355983587379,78,False,Общественное питание -10%,МО,нет в словаре упоминаний,,,,
217,Питкярантский,Республика Карелия,2023-08,4.012110954652776,True,-2.2443462461050863,0.23444134117335808,-0.6484117615278517,0.5175644903532983,-4.144535727542583,-5.106548390845964,-4.100407162567432,1.004711958408544,-4.560188632467677,3.194131875855444,-3.6927863926045745,-14.391223798270625,10,False,Транспорт -14%; Продовольствие -4%; Все категории -4%,МО,объяснения не найдено,2.0,2.809754170732841,,В Питкярантском районе Карелии ввели в эксплуатацию газопровод | В Питкяранте начала работу котельная на природном газе
2158,Парабельский,Томская область,2024-10,4.009681148209076,True,-0.7365614211556188,0.6237830689212474,-6.592296918743655,-1.6712851242117497,-0.07580258099020902,-1.407499946579462,-1.1014049753748978,3.6696511774914065,-10.788996260702355,-12.257537206678215,-0.07927725101222194,-9.792025442819785,70,False,Маркетплейсы -11%,МО,объяснения не найдено,0.0,1.0,,
2134,Рамешковский,Тверская область,2024-04,4.006531717243601,True,4.192400338110085,-0.31864447258693174,5.315922009677628,1.5236934717574577,-0.027320723118000177,0.26467577926562497,11.903932439922649,-4.108695097024828,31.32950563789123,28.57775690873874,0.0,5.916767822635283,69,False,Маркетплейсы +31%; Все категории +12%,МО,объяснения не найдено,0.0,1.0,,
2601,Новофедоровское,Москва,2023-11,3.995287731468509,True,2.493178351028371,-0.23696554163973074,-1.4600392895598273,0.5637781752886073,1.1972654625595738,6.288029830922675,4.897546809871045,-2.388237538847182,-9.063256138540865,3.5072856739413183,2.591253267060445,15.638351558780172,77,False,Транспорт +16%; Все категории +5%,МО,нет в словаре упоминаний,,,,
1994,Красноуральск,Свердловская область,2023-08,3.993749949656105,True,-0.2736582577828922,-6.680248067071131,0.35143469342838846,-1.6388899428270163,0.11634441975734687,-0.7337857308692461,-0.7069413418989257,-22.980547769449622,2.708996177459211,-15.53995168414275,0.2298609136995644,-5.2391668764553145,66,False,Здоровье -23%,МО,объяснения не найдено,2.0,2.809754170732841,,В Красноуральске на реализацию социально значимых проектов выделили ₽70 млн | Металлурги Красноуральска ремонтируют отражательную печь
2231,Кондинский,Ханты-Мансийский автономный округ — Югра,2024-01,3.9856080881526115,True,-3.3499413538345175,0.6231159313231103,-0.9416819288179672,-1.3313853017720947,-5.887318710681216,-0.47799972549730957,-8.812594965335752,5.734300411487103,-3.449490380550291,-8.556059970093566,-9.70634653465492,-1.7965612933965147,86,False,Продовольствие -10%; Все категории -9%,МО,объяснения не найдено,0.0,1.0,,
325,Ленский,Республика Саха (Якутия),2024-12,3.9782448089254676,True,-1.9874794230483561,-5.813649129548223,-0.6314566839328721,-0.7473079155469851,-3.1194077355629313,-0.86911452122399,-9.989929319411317,-18.830833634303,-2.701645119561924,-7.298004412744863,-3.878278254305556,-7.1076436384046815,14,False,Здоровье -19%; Продовольствие -4%,МО,новостной всплеск,16.0,5.4861968111709665,торговля и цены,В торговом центре Ленска потушили открытый огонь | В Ленске потушили пожар в торговом центре | В Ленске загорелся супермаркет | Падение астеориды в Ленске засняли очевидцы
581,Забайкальский,Забайкальский край,2023-02,3.973661787227153,True,-0.7161564725522944,0.20046711953280952,1.4348232667382004,0.8463515967698195,-0.9743230197927436,-6.660476022337784,-3.2998650450442035,0.9829025944818159,5.641419241628487,2.7669783581458773,-2.4117095007226474,-12.471066059342828,75,True,Транспорт -12%,МО,объяснения не найдено,0.0,1.0,,
2597,Марушкинское,Москва,2023-08,3.96964851773224,True,1.8196854466673078,1.8770992933798025,-0.7555458687597756,6.359211521956284,0.6662612025719129,1.1535112382884345,2.7940175077477925,6.4783266641048165,-2.7105829977148943,10.594216693577163,1.1822990642731845,4.959192042381311,77,False,Общественное питание +11%,МО,нет в словаре упоминаний,,,,
1066,Тотемский,Вологодская область,2024-05,3.9693433193506062,True,0.8831609040063605,-1.5219523777554544,0.654760358047455,6.564671575012446,-1.3622801593974694,0.49817123445592815,1.5088190691454173,-10.024240760340764,2.76848769662994,48.77520265414246,-2.405360484353558,2.5873355729986613,35,False,Общественное питание +49%,МО,объяснения не найдено,0.0,1.0,,
2349,Билибинский,Чукотский автономный округ,2023-10,3.965508648577961,True,-1.2699647334039326,-0.6700205683809791,-2.268091427636612,-5.882541102354103,-0.21243588651168616,-2.72529777837867,-9.19942888032299,-13.524756499396773,-16.96384579631158,-32.245913042979254,-0.3321445504630205,-21.804166931764346,87,False,Общественное питание -32%; Транспорт -22%; Маркетплейсы -17%,МО,объяснения не найдено,0.0,1.0,,
1117,Ивановский,Ивановская область,2024-11,3.965313583787443,True,5.395695482178185,1.6586241197250278,0.5500829243548395,1.056766389198641,2.6207001156429377,-3.34507647457852,7.645432441348099,9.80404817362488,2.176499114283459,6.533858159446693,5.111349645711982,-7.173136850659345,37,False,Все категории +8%; Транспорт -7%; Продовольствие +5%,МО,нет в словаре упоминаний,,,,
1271,Даровской,Кировская область,2024-04,3.962046911315747,True,0.74413891405708,0.6827341563997142,0.6622329378993507,-6.759472053626693,0.9215432790844051,0.198810880262142,3.8935400578354873,7.827288309259028,11.029140042735808,-102.21056535091533,2.3793767069648197,4.049969021130995,43,False,Общественное питание -102%,МО,объяснения не найдено,0.0,1.0,,
2596,Краснопахорское,Москва,2023-08,3.952597162941027,True,1.5634716303839868,6.614150058372668,-0.35055982147907544,-0.5893387663568899,0.8231940620422582,0.24547334448090563,1.4461398212669785,17.679777284655795,-1.4080494963671697,-2.6093614843080815,2.75989118514941,1.0721902168547182,77,False,Здоровье +18%,МО,нет в словаре упоминаний,,,,
2061,Руднянский,Смоленская область,2023-06,3.951060694379267,True,0.15790945724547917,0.8611535867839927,0.9959220702850761,-6.688044355412461,0.3945286181923406,-1.0539657309234158,0.4877984377198885,5.319412847538363,12.215111311789872,-51.57396385684194,1.6904116715696915,-9.473380723371783,67,True,Общественное питание -52%,МО,объяснения не найдено,0.0,1.0,,
666,Красноярск,Красноярский край,2023-04,3.9400598279638634,True,1.0814461033970302,2.6997653667711834,1.0940869299022506,6.161365100247677,1.149374355741711,0.8094198100151854,4.56326570508736,10.354768245662616,6.643859538252972,16.3151915466905,2.981173725722286,8.184506156931626,24,True,Общественное питание +16%; Здоровье +10%,МО,есть тематические новости,231.0,0.5321237181310141,транспорт,Двух беременных породистых пони расстреляли под Красноярском | В Красноярском крае с виновника лесного пожара взыскали затраты на его тушение | Режим повышенной готовности ввели в Красноярском крае из-за пожаров | Режим ЧС объявил мэр Красноярска из-за разлива нефтепродуктов на Енисее
2244,Красноселькупский,Ямало-Ненецкий автономный округ,2024-07,3.933587819919962,True,3.4080479636073866,2.886245425338708,1.3709962068004367,5.145302307302357,0.7064667950418346,1.652734246453201,13.1183512444224,42.87216682292154,19.663424064843227,45.134660227391876,3.246578754705709,26.001570718384404,89,False,Общественное питание +45%; Все категории +13%; Здоровье +43%,МО,объяснения не найдено,0.0,1.0,,
339,Усть-Алданский,Республика Саха (Якутия),2023-08,3.933323620034835,True,0.2347483462811479,-1.2015145211060592,4.155145751240277,0.7346847953356916,-0.6157117010124781,-5.26348085788226,1.4778019824442268,-9.824116372544989,41.561959973787395,17.226932966849073,-2.296728663579195,-16.134952354212206,14,False,Транспорт -16%; Маркетплейсы +42%,МО,объяснения не найдено,0.0,1.0,,
15,Улаганский,Республика Алтай,2023-08,3.9292205047524353,True,-5.1946348400529745,-1.0524470623224473,-4.140271156113474,-1.4799476197702248,-0.02515571511241041,-1.0077686389606464,-9.041821271277861,-9.033330767643832,-20.59604562098052,-20.647089293326903,-0.23499990129920434,-3.1578932091684386,4,False,Все категории -9%; Маркетплейсы -21%,МО,объяснения не найдено,1.0,1.9048770853664205,,На Алтае сборщик шишек взобрался на 15-метровый кедр и умер
708,Мотыгинский,Красноярский край,2024-02,3.928189485354794,True,1.9822414536137771,0.4356726625918318,6.259205239771048,1.0024794987107404,0.5268068968501692,1.7846810596164446,5.849110225339338,4.340302833182097,31.655308856530162,18.795714953398424,1.1452354089557915,12.087786350007779,24,False,Маркетплейсы +32%,МО,объяснения не найдено,0.0,1.0,,
882,Ромненский,Амурская область,2023-02,3.9205223780949416,True,-0.8968554325562261,-0.8873789914967304,-0.9960141230720616,-2.5926276254121494,-0.047726381929064324,-6.196589789071115,-3.133853266396791,-5.021661966999069,-14.70405306606013,-18.969961177565864,0.0,-20.67662071357823,28,True,Транспорт -21%; Общественное питание -19%,МО,объяснения не найдено,0.0,1.0,,
602,Шелопугинский,Забайкальский край,2023-07,3.916336454719659,True,-6.036949785047255,0.6111593023005848,1.3253146680609675,-0.6656711774834628,-2.7949690522685207,-1.2554170503220945,-10.952707840845122,8.695459182370513,16.389156671103766,-11.503367912991402,-3.66227623419606,-11.01504172581893,75,True,Все категории -11%; Продовольствие -4%,МО,объяснения не найдено,0.0,1.0,,
1708,Ливны,Орловская область,2024-08,3.910383445940035,True,-0.44402488692051706,0.019649785896714997,-2.667998672622048,-6.1520309499576635,0.9526774671921169,-0.32060209252611255,-1.3169639115103493,-0.050331661852087706,-9.963476686434625,-22.990612519076414,2.070817893319621,-1.4686658573547895,57,False,Общественное питание -23%; Маркетплейсы -10%,МО,нет в словаре упоминаний,,,,
1730,Троснянский,Орловская область,2023-08,3.9103775453179006,True,-2.021128400160918,2.660515916747579,-5.3942731425004595,-2.036484535344507,-3.1139412264219692,-2.3175832085043684,-13.938561756491374,45.6605061550472,-89.45120496144492,-40.95860222390817,-16.053559175260546,-49.68183722690833,57,False,Маркетплейсы -89%; Продовольствие -16%; Здоровье +46%,МО,объяснения не найдено,0.0,,,
225,Воркута,Республика Коми,2024-05,3.90491373692136,True,1.5438450571727045,2.209364413055306,1.3123290238047158,6.20324956842457,1.5257715290411993,0.0,5.354839537487255,8.491217250074223,6.622015802018755,11.867228637855165,1.7360756372964303,-0.014052390711150053,11,False,Общественное питание +12%; Здоровье +8%,МО,есть тематические новости,5.0,0.8903411688041558,транспорт,Аэропорт Воркуты закрыли для приема самолетов из-за ремонта | Аэропорт Воркуты на месяц закрыли для приема самолетов - Газета.Ru | Новости | За Полярный круг и обратно путь открыт: ремонт железных дорог не помешает путешествиям в Воркуту | Информацию об отмене «южных» поездов до Воркуты опровергли
336,Сунтарский,Республика Саха (Якутия),2023-12,3.8977633738362605,True,2.7479067327121025,3.343766010435117,3.5470621386869885,2.1806394062900654,4.670680572144748,0.251079269570968,11.231680967234325,25.233840753316183,55.34274000414481,59.99744864446814,9.172360516957312,2.0146857219813796,14,False,Продовольствие +9%; Маркетплейсы +55%; Здоровье +25%,МО,объяснения не найдено,0.0,1.0,,
209,Калевальский,Республика Карелия,2024-07,3.8862957780190714,True,-0.5386676507316673,-1.017495256549983,-6.473910755629757,-1.5372272290673936,0.42986867933719786,0.6916546603553112,-1.5350293161300321,-7.534349441854626,-10.957212725975385,-17.89465737468796,0.8828698793136525,0.8795643554369903,10,False,Маркетплейсы -11%,МО,объяснения не найдено,0.0,1.0,,
1714,Должанский,Орловская область,2024-04,3.8858617659416734,True,-2.4789883084971303,0.05966407197408926,-0.13637899338294,-5.774645043286457,-0.6705312767257664,2.4099494978948663,-6.310029416049012,1.9839816486091344,-1.2873941739597328,-66.8548333958272,-1.804832376040011,17.71438585981233,57,False,Общественное питание -67%; Все категории -6%; Транспорт +18%,МО,объяснения не найдено,0.0,1.0,,
326,Мегино-Кангаласский,Республика Саха (Якутия),2023-10,3.8852614014810967,True,1.0770032312340014,0.23145069532641677,0.1424277292550202,0.049841769649218326,-0.6110130224509892,6.61456692458572,2.0136852058580956,1.9022076591679316,4.986651692453581,0.8472642010273645,-0.7090624596269635,16.29703766934929,14,False,Транспорт +16%,МО,объяснения не найдено,2.0,2.9626273255239672,,"Капремонт участка региональной дороги «Амга» завершили в Якутии | Главбух из Якутии начислила себе 3,6 млн рублей «лишней» зарплаты"
413,Тоджинский,Республика Тыва,2024-06,3.879592227148951,True,0.3473452543566763,5.069553136024682,-0.8404227633382653,3.0643126443012445,-3.1722746674683595,-0.7921468523376883,1.201480031406188,45.260741955294705,-8.207931157498027,15.813112330069234,-3.8040118536387446,-6.2692648657460825,17,False,Здоровье +45%; Продовольствие -4%; Общественное питание +16%,МО,объяснения не найдено,0.0,1.0,,
1632,Омск,Омская область,2023-04,3.8767794150756303,True,1.7411177626659506,5.668228068627959,1.6953368734342371,3.1508658172016317,1.3790802233932395,1.4112045104092845,8.11054781884426,20.778589505292988,11.382015450192373,22.87321692232238,4.429442906620018,17.84898113682809,55,True,Здоровье +21%; Общественное питание +23%,МО,есть тематические новости,102.0,0.35756041833352004,транспорт,"Смог из-за нескольких десятков природных пожаров накрыл Омск | «Попала на встречу с Владленом Татарским в Омске». Какие посты Дарья Трепова удалила из своего Telegram-канала после взрыва на Университетской | На кладбище под Омском местные жители не поделили дорогу и устроили драку - Газета.Ru | Новости | Скелет человека, умершего около года назад, нашли на теплотрассе в Омске"
408,Пий-Хемский,Республика Тыва,2024-07,3.8748028842609523,True,3.388249929913126,0.47503226206449495,1.004626714070239,2.526522488690967,5.213323191805155,2.3099749109749212,10.172038884095613,13.11359283467226,4.2651935753544645,21.754100387538642,9.89129740459056,16.60916511333932,17,False,Продовольствие +10%; Все категории +10%; Общественное питание +22%,МО,объяснения не найдено,2.0,1.0457761037299418,,В Астане на два дня частично перекроют проезд по проспекту Туран | В Бурятии 200 туристов разместили в ПВР из-за размыва подъезда
1221,Ферзиковский,Калужская область,2023-08,3.874058345662891,True,4.898310923929896,0.6285732986891556,0.05674137793652268,4.219749221050101,-0.5673434827953284,1.7958983269542315,13.259213652568036,13.537965623543435,0.14311461213445398,36.08213379636034,-1.742948647958542,20.701108629982468,40,False,Все категории +13%; Общественное питание +36%,МО,новостной всплеск,11.0,10.953647939030624,атаки и теракты,В Калужской области ПВО сбила беспилотник | Силы ПВО сбили беспилотник в Калужской области | Российская ПВО сбила дрон в Калужской области | Система ПВО сбила беспилотник в Калужской области
2395,Понтонный,Санкт-Петербург,2023-11,3.8713777701718786,True,-6.496372697105746,0.23351714870844908,-1.2377083741412738,0.9784821119445797,-0.651263438568261,-1.1081142896933294,-5.445033498789975,0.9543486969546322,-10.722810777613656,1.6550322129937456,-1.9080968903967488,-3.3100489051172133,78,False,Все категории -5%,МО,нет в словаре упоминаний,,,,
914,Холмогорский,Архангельская область,2023-04,3.8706975805420556,True,-2.734478511541927,-1.1985424254022843,0.06238709043644965,-3.850241321498092,-2.4165001178811667,-4.758693971688707,-10.621885785390628,-14.446841009564615,0.9670022662682243,-53.30367495404897,-7.918404141880497,-40.88021135403683,29,True,Транспорт -41%; Общественное питание -53%; Все категории -11%,МО,объяснения не найдено,2.0,3.2677886787882175,,Полиция Архангельска задержала подозреваемого в организации смертельного пожара | 360° | Житель Архангельской области сломал пенсионерке руки и ноги за якобы украденное печенье | 360°
720,Туруханский,Красноярский край,2023-07,3.8659994144189005,True,3.77090719838824,4.559897467511639,2.5812304202282705,1.4872667148052434,1.9527532180917766,3.1345571304071878,13.067623224766933,33.481223836353635,19.059751814392367,6.941918030780503,7.560191283378437,24.822099839639566,24,True,Здоровье +33%; Все категории +13%; Транспорт +25%,МО,объяснения не найдено,0.0,0.5240737830391106,,
1071,Череповецкий,Вологодская область,2023-12,3.865449874617185,True,-1.1912573466653011,-0.5812568740962587,-1.623963674447532,-1.7113708260128861,-0.7156054254127627,-6.265705074409493,-4.725524377057688,-3.604591686822456,-12.072534341523955,-7.379031999088159,-1.94932198484139,-11.81632420022476,35,False,Транспорт -12%,МО,объяснения не найдено,3.0,1.762926619932232,,Вологде и Череповцу выделят дополнительные средства на благоустройство | В Череповце школьник примерз языком к памятнику «Преемственность поколений» | Хоккеисты юношеской команды погибли в ДТП под Вологдой
1864,Сапожковский,Рязанская область,2024-08,3.861656539213505,True,-0.10414458618897696,-6.191237378910316,2.4817990766188505,-0.2636562899727387,-0.4964138815835152,-0.43713686187769296,-0.623060597828573,-31.009402869287108,17.155819440146658,-4.77945643106179,-1.7614270283774047,-7.2772195773115556,62,False,Здоровье -31%; Маркетплейсы +17%,МО,объяснения не найдено,0.0,1.0,,
326,Мегино-Кангаласский,Республика Саха (Якутия),2023-07,3.861058954268192,True,-5.867200956463126,-2.5354600861309136,-0.7213966761911712,-1.9674155212153226,0.80088873644921,-1.2460856310446091,-7.735563523016609,-17.151414292038858,-24.10050801864614,-17.250601055557624,1.6965733395299054,-2.5955047164008427,14,True,Все категории -8%; Здоровье -17%,МО,объяснения не найдено,1.0,1.9305372366861644,,Водитель иномарки насмерть сбил 24-летнего велосипедиста в Якутии
334,Оленекский,Республика Саха (Якутия),2023-02,3.8586199924987636,True,0.20283897125817657,-0.9024184984946177,5.751766623096159,2.267723449924926,0.25662463400629015,-2.5380023261673887,1.178969048235956,-19.280866924317408,92.93897844160375,12.066521318171652,1.2378149538321281,-23.137634741356727,14,True,Маркетплейсы +93%; Транспорт -23%; Общественное питание +12%,МО,объяснения не найдено,0.0,1.0,,
1301,Юрьянский,Кировская область,2024-08,3.8580748830562057,True,-2.897272514557734,-0.41818273071428574,-5.055697884446276,-3.2710787650867146,-1.7437511957984682,0.5703816040110661,-9.602108476081384,-2.9496451362473586,-27.886279487330246,-33.84720453061183,-4.2556691865801355,5.624077538156591,43,False,Маркетплейсы -28%; Общественное питание -34%; Все категории -10%,МО,объяснения не найдено,0.0,1.0,,
2133,Пеновский,Тверская область,2024-07,3.8572204810954074,True,-2.005415112671646,-4.532485917376569,-0.745608896471498,1.2850889992535524,-4.479880707563195,-1.4900294920289932,-5.299559583365543,-19.383946572372857,-4.93145497537224,17.606312874075947,-7.427635285218237,-12.123675802636402,69,False,Здоровье -19%; Продовольствие -7%; Все категории -5%,МО,объяснения не найдено,0.0,1.0,,
1746,Камешкирский,Пензенская область,2024-03,3.856675351534076,True,-2.201463940823257,0.4102243828514776,-5.696686588546876,2.706132430336062,-0.31155517667512234,-0.4511642338526503,-7.051412825410708,2.679087263326796,-26.71207444168857,83.42805448320769,-1.2573898793149851,-4.097076327763816,58,False,Маркетплейсы -27%; Общественное питание +83%; Все категории -7%,МО,объяснения не найдено,0.0,1.0,,
616,Усть-Камчатский,Камчатский край,2023-10,3.8552622278421262,True,4.775084744707196,0.0,-0.4189359452190491,0.4969146294429318,3.3837529090387743,-3.2152639810309434,4.052382715132374,0.0,-2.731591440503589,5.744997586919887,3.1905347042213705,-17.684511114572476,41,False,Все категории +4%; Продовольствие +3%; Транспорт -18%,регион,новостной всплеск,13.0,4.810530322117932,,У берегов Камчатки произошло землетрясение | На Камчатке не рекомендуют приближаться к вулкану Безымянный | Туристов призвали не подходить к вулкану Безымянный на Камчатке из-за возможного извержения | В школах российского региона отменили занятия в школах из-за пеплопада
78,Федоровский,Республика Башкортостан,2024-10,3.851660355633456,True,-4.393336146770908,0.45486229291237656,-1.8560036575118772,-4.048058577816782,-2.969458155542093,-1.3373253569976098,-17.603874929871388,4.582547419544447,-27.53698897826622,-70.5011408330499,-15.539827856401622,-14.276055209363392,2,False,Все категории -18%; Общественное питание -71%; Продовольствие -16%,МО,нет в словаре упоминаний,,,,
376,Кайбицкий,Республика Татарстан,2024-04,3.847105443945109,True,-2.98629189530046,-0.602800434671068,0.08206047830309489,-2.0984203506055876,-0.379719630902474,-5.574885975401057,-10.373256021985178,-9.621018307937312,2.3732348294195127,-35.25335566266037,-2.6001888601900447,-54.1634987076212,16,False,Транспорт -54%; Все категории -10%; Общественное питание -35%,МО,объяснения не найдено,2.0,1.4537675467628834,,В ходе паводков в Буинском и Кайбицком районах Татарстана затоплены 34 придомовые территории | В Кайбицком районе Татарстана благоустроят сквер Великой Отечественной войны
1522,Терский,Мурманская область,2023-09,3.839451055088597,True,-1.318124597694759,-0.9650136431547888,-3.1088964172427405,-1.642842342081401,-5.644465016206812,-0.5726191329811398,-3.134728758102412,-7.436486906727868,-11.643006784554544,-44.1922597568297,-6.51336425583855,-6.507356607817361,51,False,Продовольствие -7%; Маркетплейсы -12%,МО,объяснения не найдено,0.0,1.0,,
2321,Большесельский,Ярославская область,2024-03,3.837485329543294,True,2.991107480907075,0.8312773843820256,0.7431017535956179,0.6708052780566556,4.847008824951197,3.4261731497236037,8.066884686620135,9.501314726803312,12.4228448734101,43.523566547997646,9.577427053680587,36.05911744188788,76,False,Продовольствие +10%; Транспорт +36%; Все категории +8%,МО,объяснения не найдено,0.0,1.0,,
2591,Вороновское,Москва,2023-10,3.8358786109163825,True,0.050731615629877776,1.3679823368565185,-5.134947051772349,-0.0933555914404607,-3.987836161955559,-0.660828124131795,0.12140039651447054,4.163502771412908,-9.323654467117493,-0.3056942476573177,-2.9584287402244946,-2.1853469897147093,77,False,Маркетплейсы -9%; Продовольствие -3%,МО,нет в словаре упоминаний,,,,
621,Тигильский,Камчатский край,2023-09,3.8337177608048907,True,-0.23988598324953453,-5.422705930758911,-2.79596177368911,-2.620884155607412,-1.9675383592695164,-1.2252416015033938,-1.8622976124211377,-28.456705820732964,-32.65998982906551,-14.434420277172766,-6.372053038444037,-30.990166757056237,41,False,Здоровье -28%; Маркетплейсы -33%; Общественное питание -14%,регион,объяснения не найдено,2.0,2.8751938074079213,,На Камчатке мачеха избивала пасынка за плохие оценки в школе | На Камчатке мачеха три года избивала пасынка за плохие оценки
1965,Смирныховский,Сахалинская область,2023-04,3.8335575632501873,True,-4.09651737728431,-1.7880856367361346,-0.25797214332017104,-0.7115743704475657,-4.910171677809621,-1.1145856594687267,-19.013913927974002,-25.172297587455226,-2.3202372558949858,-28.810594838741686,-20.157353196324035,-21.806584041533085,65,True,Продовольствие -20%; Все категории -19%,МО,нет в словаре упоминаний,,,,
413,Тоджинский,Республика Тыва,2023-06,3.832308777920422,True,-2.1045278633871245,0.10200500661306452,-3.1646202370069183,0.27391798083075203,-5.442050434875743,1.0617849556909873,-7.770398272074797,1.6559120649485504,-18.773220059773486,1.067399157003246,-14.949524347730314,8.195482273962051,17,True,Продовольствие -15%; Маркетплейсы -19%; Все категории -8%,МО,объяснения не найдено,0.0,1.0,,
2200,Викуловский,Тюменская область,2024-05,3.8322378953257457,True,-0.9782623198451391,-3.5991262928526613,0.045885694066494745,-1.2139397073982143,0.4468471305557942,-5.443416406450153,-2.183056208464418,-20.9213538580157,0.46577470063953186,-9.419282884366664,1.1665378166706653,-20.713379120688955,72,False,Транспорт -21%; Здоровье -21%,МО,новостной всплеск,19.0,18.34676132229049,ЧС и стихия,Жителей Викуловского района Тюменской области призвали эвакуироваться | В Викуловском районе Тюменской области подтопило десять участков дорог | В Тюменской области остаются подтопленными более 380 жилых домов | МЧС России продолжает работы по ликвидации последствий паводка
325,Ленский,Республика Саха (Якутия),2024-01,3.831491225007076,True,1.5556016516356062,0.046929880825980964,-3.052335742562591,0.37351285048586974,5.683689386131346,0.7774071512478158,12.273656331507787,0.12859935069435835,-15.510547962814503,2.8658525896188003,8.255430276653186,8.364968424742347,14,False,Продовольствие +8%; Маркетплейсы -16%,МО,объяснения не найдено,1.0,0.6263183958932859,,В Якутии откроют 21 временный избирательный участок на выборах президента РФ
586,Красночикойский,Забайкальский край,2024-01,3.821950470837046,True,-1.6460174949236144,-0.3866271541101049,-1.2556990616140233,-5.839008472202487,-2.2800405812329414,2.128217849298583,-5.64239614105464,-4.9489329317041975,-11.911596099544441,-48.43608927953991,-11.129352653771907,8.059708259226905,75,False,Общественное питание -48%; Продовольствие -11%; Транспорт +8%,МО,объяснения не найдено,0.0,1.0,,
2345,Эгвекинот,Чукотский автономный округ,2023-06,3.8194315772268834,True,1.6857393081543461,1.073815714624224,0.41683279384636174,5.948283657272858,-1.0084711662815509,2.3538005941280256,7.514153851944627,17.951328959963455,6.139588200004331,45.15371762726783,-3.792896831020709,20.22978115962615,87,True,Общественное питание +45%; Транспорт +20%,МО,нет в словаре упоминаний,,,,
692,Дзержинский,Красноярский край,2023-06,3.809868144852441,True,-0.04731544936451649,0.5864679819913389,-0.861282496111893,-5.616142652632785,0.9238931532855351,-3.3392587485960172,-0.05643452037347174,2.4500370588450338,-6.75286301735154,-60.227262957791794,2.874333443587851,-11.73455706305253,24,True,Общественное питание -60%; Транспорт -12%,МО,нет в словаре упоминаний,,,,
413,Тоджинский,Республика Тыва,2023-03,3.8098446986979964,True,-0.01945139695354177,-1.1535708400135254,-0.047072694119803,-4.631045741721882,0.596086545023437,-4.5571306257053665,-0.09460335640367745,-7.777519663408405,-0.5189272673123746,-17.790625397847258,1.7666083027717328,-17.032611432878,17,True,Общественное питание -18%; Транспорт -17%,МО,объяснения не найдено,0.0,1.0,,
1150,Иркутский,Иркутская область,2023-04,3.807394290821731,True,0.10280865136340549,0.7374245547218691,0.01219901918227603,6.529871180998314,-0.40692505999885964,0.5529387335018857,1.6150875396709452,6.180446527759731,0.07407872970270901,21.526129002519045,-1.1568049906493627,3.8933999618249615,38,True,Общественное питание +22%,МО,объяснения не найдено,4.0,0.6118204831737252,,Россиянину назначили исправительные работы за жестокое убийство щенка | Два ребенка и трое взрослых погибли в ДТП в Иркутской области | 360° | Губернатор Кобзев показал момент аварии с пятью погибшими в Иркутской области | Пять человек погибли в ДТП в Иркутской области
870,Архаринский,Амурская область,2024-07,3.805857746556304,True,-1.1404326162946428,1.1366940494285498,-1.2157123916423447,0.1660293790377548,-0.8240576206159174,6.377704633296095,-2.994706352186327,6.0209650362319955,-7.460172319012592,3.2446782769557814,-3.1701001337827606,35.01409415232048,28,False,Транспорт +35%,МО,объяснения не найдено,0.0,1.0,,
405,Кызылский,Республика Тыва,2024-05,3.8040043276179363,True,0.45349278484492184,1.5122880770834157,0.018211121665918727,6.3967707352704855,-0.10811943833645132,0.00037085997805985904,0.7002869929509714,7.9514835956757235,0.6379829029533823,9.885006889506975,-0.39906570051710943,-0.24624273733717672,17,False,Общественное питание +10%,МО,объяснения не найдено,0.0,1.0,,
1322,Октябрьский,Костромская область,2023-05,3.7997739870026552,True,-0.8234437109862692,0.15772314342962865,-5.349448317700489,-3.744354444760103,-0.5636847447888619,-0.05244254578720282,-2.428728416273618,7.398010422180201,-21.010460198993243,-105.34586107454116,-1.744139471934325,-0.09909886850127947,44,True,Маркетплейсы -21%; Общественное питание -105%,МО,нет в словаре упоминаний,,,,
326,Мегино-Кангаласский,Республика Саха (Якутия),2023-05,3.7967049330732365,True,0.2399232683079799,-1.4100293982673622,0.13170358971717244,-2.436319263670652,2.7895774552094563,5.433922258674886,0.5048033278628239,-10.803881735622411,5.559063741311654,-18.33839542303428,5.801546124856927,10.257055344468391,14,True,Транспорт +10%; Продовольствие +6%; Общественное питание -18%,МО,объяснения не найдено,0.0,1.0,,
2880,Лабытнанги,Ямало-Ненецкий автономный округ,2023-11,3.7963300647069915,True,-0.21847362815844348,0.1666398416031106,2.6477713090740767,-1.482357746028761,-5.833377108350468,0.2913373020876244,-0.20603509208463322,1.132619842386351,6.192395084566105,-5.751105853678418,-4.49302438417476,1.9446935478452332,89,False,Продовольствие -4%; Маркетплейсы +6%,МО,объяснения не найдено,8.0,0.9017767303599753,,"Вертолетные перевозки между Салехардом и Лабытнанги начинутся с 3 ноября | На Ямале закрыли паромную переправу Салехард — Лабытнанги | В Лабытнанги за 500 тысяч рублей наймут сторожей ледовых городков | На Ямале открыли этнопарк ""Коми-деревня"""
859,Ульчский,Хабаровский край,2024-09,3.7914934483549314,True,-1.9492239611038342,-5.7615488661340235,0.7310347382212852,-1.4656243334019785,-0.6200154887190871,-2.476155956187643,-8.25158795107157,-35.6442918143959,8.126403536016102,-34.18783994480119,-3.4419378764037667,-42.662763360027746,27,False,Здоровье -36%; Транспорт -43%,МО,объяснения не найдено,1.0,1.0853582321212405,,Ещё три дороги в Хабаровском крае освободились от паводковых вод
1750,Лунинский,Пензенская область,2023-10,3.7905738680385714,True,0.6405551440971594,-0.8415203161098325,0.36737689624489583,-5.990642265676771,2.124508224660456,1.6443907063735954,2.905165530506082,-9.150104651657909,4.6471154184350105,-98.80478106067629,7.870918849155473,22.89749559918457,58,False,Общественное питание -99%; Продовольствие +8%,МО,объяснения не найдено,0.0,1.0,,
1760,Сосновоборский,Пензенская область,2023-11,3.789027067973243,True,-0.9207140986650223,-0.5990766737389859,-0.3919141414586506,-4.404771766575988,-0.9746781659979713,-4.766357783738398,-4.947043569583265,-7.750050276651699,-2.6898235740501875,-38.94209369092039,-3.4458842708181336,-25.188447280544857,58,False,Транспорт -25%; Общественное питание -39%,МО,объяснения не найдено,0.0,1.0,,
168,Баксан,Кабардино-Балкарская Республика,2023-05,3.788112416780665,True,-0.6518336833148736,2.6559239512730124,0.21071557611390507,2.931975194500988,-5.234403162767346,0.7365167306395124,-2.2803550758972335,11.524318448881221,1.712996040149406,30.10069765442549,-17.874009874964525,3.066015736796812,7,True,Продовольствие -18%; Общественное питание +30%; Здоровье +12%,МО,объяснения не найдено,3.0,3.9940417614859465,,Два человека погибли в ДПТ с участием маршрутки в Кабардино-Балкарии | В Кабардино-Балкарии провели чемпионат по картингу | В КБР задержали трех участников убийства псковских десантников в 2000 году
2269,Старомайнский,Ульяновская область,2023-04,3.7852176433096347,True,-4.4314046469023145,-2.214308321193043,-2.5469137696491617,-3.4579061025414077,-3.374782372700068,-2.7748910825267203,-14.360330805607902,-35.199615188714084,-23.49794067947979,-110.93329239868206,-11.457668456186987,-28.4671653366928,73,True,Все категории -14%; Общественное питание -111%; Продовольствие -11%,МО,объяснения не найдено,0.0,1.0,,
14,Турочакский,Республика Алтай,2023-09,3.7793091699558894,True,-0.4623108072599841,0.02137980796290903,-6.379681147279051,1.0381073150848594,1.0351497803494802,-0.3885933116519704,-2.001447847725757,3.015705736594043,-16.398145386588503,7.014230809739885,2.4920678516069827,-1.3082135934864958,4,False,Маркетплейсы -16%,МО,объяснения не найдено,0.0,1.0,,
2126,Кувшиновский,Тверская область,2023-10,3.7769465067706083,True,-1.3019316167546013,0.3108580124502679,-5.901667058160829,1.1345462504593689,-2.5042513342183046,-0.9744138008021256,-3.0442426696664526,0.5132157828894535,-9.969210154278407,8.95258364487086,-3.776984538904493,-7.410386049758788,69,False,Маркетплейсы -10%; Продовольствие -4%,МО,объяснения не найдено,0.0,1.0,,
1060,Междуреченский,Вологодская область,2023-08,3.776560601374795,True,-2.9113533409117474,-5.497366268752064,0.6105558513704894,-1.4799875983853108,0.3739890714131848,-2.022428183921021,-11.683004585369261,-35.2915933560694,22.86961634439555,-60.02688240836367,1.8059264042795675,-29.403155085841615,35,False,Здоровье -35%; Все категории -12%; Транспорт -29%,МО,объяснения не найдено,0.0,1.0,,
2323,Брейтовский,Ярославская область,2023-10,3.7753127278104808,True,-0.470325903125988,-6.319536893733985,0.9478784463307335,-0.483837291645598,-1.0445926589141465,1.31576525413203,-1.8477410894078616,-45.784589293535035,4.059214513204523,-11.05433389731374,-4.126247586423304,7.126102764283715,76,False,Здоровье -46%,МО,объяснения не найдено,1.0,1.9813136627619836,,В СВО погиб житель Брейтовского района
209,Калевальский,Республика Карелия,2023-08,3.775144647898499,True,2.17028859597358,0.060167079740793786,1.2244647625847955,2.6230412268871706,0.8058906137474624,5.582531098875072,6.907346095071798,0.02890587695678626,8.552766961515745,28.92955977967464,2.1544513018756817,14.022254598819872,10,False,Транспорт +14%; Общественное питание +29%; Все категории +7%,МО,объяснения не найдено,0.0,1.0,,
1686,Домбаровский,Оренбургская область,2024-07,3.773468698270018,True,-0.1701076529622243,-2.2370007926338134,1.4314703943386657,-5.748951885147899,-2.1593002863152186,-1.0234244985089003,-0.6057797665615539,-16.59556100959385,8.21556114543025,-46.857122770382986,-6.939421578321792,-10.902116457102196,56,False,Общественное питание -47%; Здоровье -17%; Продовольствие -7%,МО,объяснения не найдено,0.0,1.0,,
1330,Сусанинский,Костромская область,2024-12,3.7732303714295297,True,-0.7995359348226223,-5.740820629681861,0.13130196241178976,2.918239804919214,-0.3355393568030282,1.1129497951115819,-3.72347234198136,-33.144894204849116,1.5052852282924079,55.699674087640496,-1.6286315916191896,14.346207885672824,44,False,Здоровье -33%; Общественное питание +56%,МО,объяснения не найдено,0.0,1.0,,
2161,Томский,Томская область,2023-04,3.7706322746346097,True,1.8204949794923124,2.9234929513309496,1.7567788173755166,5.517392700622097,1.1898397792596243,1.914306663570069,8.425257390688756,18.592612918272522,10.668066113781194,32.76671731206093,3.0824275275689317,23.99318945670883,70,True,Общественное питание +33%; Здоровье +19%,МО,объяснения не найдено,0.0,1.0,,
1715,Залегощенский,Орловская область,2024-04,3.76871819579133,True,2.2915425937894685,0.41997126696113307,1.81935505974324,-5.515739274974392,-0.051371532238747165,2.6334698231078306,8.115022419487161,2.683967147338695,23.20914306568529,-63.87007714410045,0.04416256873849278,24.643730940224806,57,False,Общественное питание -64%; Транспорт +25%; Все категории +8%,МО,объяснения не найдено,1.0,1.9339757757849942,,"Педагогу из Орла, по вине которой утонули два школьника, смягчили приговор"
2244,Красноселькупский,Ямало-Ненецкий автономный округ,2024-09,3.7645154247759884,True,-1.3135639984661662,0.05227304823662982,-2.6120027121858604,-5.743587636146205,-1.6441934337453081,-0.14246221029790831,-8.640519699923743,0.0,-25.61066274236712,-26.54096439607505,-8.655509127956051,-2.010786826675659,89,False,Общественное питание -27%; Маркетплейсы -26%,МО,объяснения не найдено,0.0,1.0,,
2176,Дубенский,Тульская область,2023-05,3.7631734081970825,True,-3.443283583183038,0.45270583651894597,-5.409461710171073,-1.1687362715600842,0.7922289002133143,0.23571943193709852,-6.775191299455496,6.561951021527701,-16.52424082174484,-34.19098949838184,3.641647782758195,2.847349349814099,71,True,Маркетплейсы -17%; Все категории -7%,МО,нет в словаре упоминаний,,,,
2144,Томск,Томская область,2023-04,3.7622083350591553,True,1.4472315569316285,3.8036286884439443,1.5580645853008472,4.920942652508637,1.0277683148127446,1.944059381894801,6.9453671073565815,14.231008278249657,10.453002885973106,24.689266604163063,3.406177120448106,22.855173804337703,70,True,Общественное питание +25%; Здоровье +14%,МО,есть тематические новости,47.0,1.0976572261961501,транспорт,Семеноводческий центр построят к осени под Томском | Подлодка «Томск» уничтожила условного противника в ходе проверки ТОФ | Атомная подлодка «Томск» уничтожила «вражескую» авианосную группу в ходе внезапной проверки ТОФ | Коммунальный мост в Томске закроют на три ночи
599,Хилокский,Забайкальский край,2024-01,3.7587864498219923,True,0.02937995332479454,-0.12835334010093735,-1.0883787260701487,-6.411691646448682,0.012718521397583143,-0.30177591950708915,-0.16616599915391106,0.0410507168514318,-6.395497992381349,-43.473518828066204,0.07312985378531422,-0.626022583887309,75,False,Общественное питание -43%,МО,объяснения не найдено,1.0,1.0427159980451755,,Фермер из Забайкалья увеличил в 15 раз поголовье скота благодаря гранту
2056,Краснинский,Смоленская область,2023-10,3.757985178965753,True,-1.511018048851775,1.6540698084041945,-5.663793154883803,1.7972041715483478,-2.656851911650212,-0.07034445707259156,-5.304805938168755,14.360507930026056,-33.73987514293306,29.60803750886063,-7.329843188757934,-1.9888033084081158,67,False,Маркетплейсы -34%; Продовольствие -7%,МО,нет в словаре упоминаний,,,,
777,Артемовский,Приморский край,2023-04,3.7563773413446055,True,1.792817112648173,2.153135049606962,0.8547293757613936,5.872046359698754,1.6371823175203568,0.9659579118850984,4.5405888106978765,8.435264012831656,5.6930673199175885,15.58788959773958,2.2443147423256704,6.530630542602811,25,True,Общественное питание +16%; Здоровье +8%,МО,нет в словаре упоминаний,,,,
2231,Кондинский,Ханты-Мансийский автономный округ — Югра,2023-12,3.7539041118733185,True,4.338857389980321,-0.7317995900135159,3.378640285090829,-0.10632553081633174,3.4690769113400672,0.7479054207877539,8.66721885552133,-4.537977068162924,9.30341221316624,0.6013666922998429,5.869661949387961,3.6251313549914066,86,False,Все категории +9%; Продовольствие +6%; Маркетплейсы +9%,МО,объяснения не найдено,2.0,2.6519012255188903,,В ХМАО охотники обвинили силовиков в краже и угрозе оружием | Семь ледовых переправ открыли на территории ХМАО
2248,Тазовский,Ямало-Ненецкий автономный округ,2024-08,3.7536877447937336,True,-0.6879933640926424,-6.0904294245699635,-0.4884964045537481,-2.101386052612628,0.5362713392099334,-0.8725601059305318,-2.6022052480614732,-13.560185394080992,-3.72633619926912,-7.352629121311072,1.7588155997783517,-4.221493449187097,89,False,Здоровье -14%; Общественное питание -7%,МО,объяснения не найдено,2.0,1.1033481173455053,,Здание вспыхнуло в Тазовском районе ЯНАО | Жительнице ЯНАО вынесут приговор за убийство родного брата
1590,Поддорский,Новгородская область,2023-12,3.7534307467803396,True,-0.3939569041395644,1.620526270313214,0.5571113800644681,-6.2712238542453145,0.30624248299066104,-0.3883365572137172,-1.8876387911230808,39.418618611933276,17.92309925033102,-111.01196738895878,1.5190794496353632,-7.825428226349018,53,False,Общественное питание -111%,МО,объяснения не найдено,0.0,,,
2157,Молчановский,Томская область,2023-04,3.750893298630988,True,-2.905128017556557,-1.06008929115658,-4.616584110167828,-1.2640938457058277,-3.5291619357148214,-1.4041113924724151,-9.735041581267723,-11.679211341701645,-28.034277292048415,-26.2552093168269,-8.725600735139949,-23.844369464207293,70,True,Маркетплейсы -28%; Продовольствие -9%; Все категории -10%,МО,объяснения не найдено,0.0,1.0,,
440,Сарапульский,Удмуртская Республика,2023-10,3.7494010855583673,True,2.9057230817939392,-0.854716316537168,2.1500657174486717,5.395184545846476,1.4175796345004115,1.9163240700592397,8.126132266996855,-6.441280399384031,21.334950451703083,23.151318987265146,5.0847091512912,15.1859860056331,18,False,Общественное питание +23%; Все категории +8%; Маркетплейсы +21%,МО,объяснения не найдено,3.0,3.9439409882859513,,В Сарапульском районе проблему с автобусным сообщением планируют решить за 2 недели | Нетрезвого водителя рейсового автобуса задержали в Сарапульском районе Удмуртии | С погибшим в ходе СВО рядовым Юрием Мороховым простились в Сарапульском районе
1976,Рефтинский,Свердловская область,2023-10,3.74406630961782,True,-2.0411310616971194,-5.799833131113583,-2.0615084847407275,-0.8126644939358106,0.4417299204199134,-1.5204934588412016,-3.9746354049754906,-20.043960363316458,-9.0539381951106,-8.888952844075337,1.1755441031166214,-13.093846291904754,66,False,Здоровье -20%; Маркетплейсы -9%; Все категории -4%,МО,нет в словаре упоминаний,,,,
18,Чемальский,Республика Алтай,2023-07,3.7393540311139715,True,4.971880366253655,0.14588476384171806,3.4173788196996226,2.3558933202407033,1.8448866215483677,0.003162725608819548,8.833278889391316,1.0520260674178772,27.311549947691205,26.00180647409598,2.887702497780431,0.05619438047386183,4,True,Все категории +9%; Маркетплейсы +27%; Общественное питание +26%,МО,новостной всплеск,16.0,15.88859578697863,праздники и события,Семь человек пострадали при опрокидывании грузовика в Республике Алтай | Грузовик с туристами перевернулся на Алтае | Один человек погиб при опрокидывании грузовика с туристами на Алтае | Грузовик с туристами упал в труднодоступном месте на Алтае
430,Завьяловский,Удмуртская Республика,2023-04,3.736223161787759,True,2.122383415911165,1.327984755364161,0.013513220456456327,1.2890175577545775,1.6783407100114531,5.878499097645713,8.552647962970994,13.120605598852553,0.0,20.57220480915598,5.316827630227294,22.153187001509078,18,True,Транспорт +22%; Все категории +9%,МО,нет в словаре упоминаний,,,,
2148,Александровский,Томская область,2024-06,3.736046003441028,True,2.7465335694697024,0.8926261475634495,5.446375752968282,1.3360316470461064,2.1604776621706216,0.816537624066811,6.507248158772505,11.324141446851232,22.9146595271029,28.501652602296268,3.68226600999364,12.139628580973127,70,False,Маркетплейсы +23%; Все категории +7%; Продовольствие +4%,МО,нет в словаре упоминаний,,,,
312,Алданский,Республика Саха (Якутия),2024-06,3.7354461272454422,True,-0.9958099123067903,-1.17066092233524,-0.6510237453315286,-6.217409926837501,0.05623645479233919,-1.3542673721383915,-3.973728497548379,-5.9099085561486575,-1.7386469452370434,-27.72923686026454,0.0,-6.930799238983365,14,False,Общественное питание -28%,МО,объяснения не найдено,0.0,0.30601734025555977,,
619,Олюторский,Камчатский край,2023-09,3.732756373379076,True,-0.19366639078257503,-3.8133028530155784,-3.615772708711912,-1.768004800786301,0.4902354088063881,-3.7663403323549645,-0.5030042200409923,-30.704542869937868,-40.16961578643033,-13.480124086882217,3.979935092950093,-71.12133103132194,41,False,Здоровье -31%; Транспорт -71%; Маркетплейсы -40%,регион,объяснения не найдено,0.0,1.0,,
1955,Анивский,Сахалинская область,2024-06,3.7292983133889996,True,-0.9792790169453762,0.2919962202822129,-0.4071299463219859,-0.4079983660006188,5.933240527314578,2.358106694520084,-1.5722726566694156,4.369946807666203,-1.841941508019307,-7.810634401575944,5.017287670370418,7.686894545863554,65,False,Продовольствие +5%; Транспорт +8%,МО,объяснения не найдено,0.0,0.5078238169489452,,
336,Сунтарский,Республика Саха (Якутия),2023-06,3.727090450845677,True,2.658837703005281,1.0345204064839961,2.041275827508548,1.2217403047456596,5.517008677849073,0.8612383281978291,7.228258862801162,9.847376264957042,19.543096641894664,37.98005765789405,6.679280629554896,6.394865351929724,14,True,Продовольствие +7%; Все категории +7%; Маркетплейсы +20%,МО,объяснения не найдено,1.0,1.9340671728422778,,Директору школы в Якутии вынесли приговор за назначение себе выплат
1958,Курильский,Сахалинская область,2023-12,3.7164549635610755,True,2.2435869877860792,5.026845111291719,0.13455078803704904,0.8055908703460971,3.336653734485017,1.3107688899576448,8.969220985249127,20.325112881547103,5.328714692913916,14.060648054848057,7.327767297261278,9.979773019390548,65,False,Здоровье +20%; Продовольствие +7%; Все категории +9%,МО,есть тематические новости,16.0,1.268643246000126,транспорт,"Рядом с Курильскими островами произошло землетрясение магнитудой 5,2 | Землетрясение магнитудой 6,5 произошло в районе Курильских островов | В России впервые выполнен рейс из Курильска во Владивосток | Медведь решил составить компанию бегуну в Южно-Курильске и попал на видео"
195,Карачаевский,Карачаево-Черкесская Республика,2023-10,3.7139221907663087,True,0.1183498340070422,-6.416597188795673,-0.14960452875124414,0.08646996546566264,-0.31370422628664774,-0.32943025414892185,0.4799341734750051,-20.71792200685847,-1.0325680007166937,0.4142220867021873,-1.1243063969843092,-2.3199989153642964,9,False,Здоровье -21%,МО,объяснения не найдено,0.0,0.5170451233761515,,
2302,Кизильский,Челябинская область,2023-05,3.711033107908116,True,-3.5799525572470863,-5.0474414707017985,-1.0678556275427087,-1.7385552828915787,-0.971237634650788,-0.48750508350204363,-10.748301739426935,-38.38008442416303,-31.989155640222044,-21.80084271256364,-4.647400175580785,-3.8593858809393033,74,True,Здоровье -38%; Все категории -11%,МО,объяснения не найдено,0.0,1.0,,
1965,Смирныховский,Сахалинская область,2024-09,3.7079674402947522,True,-5.576417372052545,-1.743146877241317,-0.024748588530287094,-2.666847553178186,-1.0719208076615048,-1.41132012672252,-10.085689583813906,-21.583582212566597,-0.2148279403733966,-23.776585763296065,-4.255997013906931,-9.478286323642449,65,False,Все категории -10%; Общественное питание -24%,МО,нет в словаре упоминаний,,,,
1855,Милославский,Рязанская область,2023-07,3.7031808780189017,True,-5.119544728641413,-2.6104234563050253,-2.8489641970700466,0.18456212935526847,-1.3560523057602059,-0.05990509393650976,-9.288279625885476,-15.158365158826426,-9.83207587285544,14.15347152950126,-2.235451753044515,0.4744412517886154,62,True,Все категории -9%; Маркетплейсы -10%; Здоровье -15%,МО,объяснения не найдено,0.0,1.0,,
2344,Анадырь,Чукотский автономный округ,2023-07,3.699996524743685,True,4.877560920533737,1.64051181334203,1.5102390889757047,0.34545909733591174,3.819429709539549,1.3828891079767607,11.630641520179186,22.458481495047256,5.578589603375939,5.674963970488145,3.499399292467942,7.840348153561205,87,True,Все категории +12%; Продовольствие +3%,МО,объяснения не найдено,2.0,0.5849567727036966,,В сети заметили «мистическую» деталь вылетевшего на Кубу из Москвы самолета | В российском городе отметили годовщину отплытия парохода «Челюскин»
2262,Николаевский,Ульяновская область,2023-10,3.6993229236124336,True,0.07957103745688043,-0.5000968403144034,-5.487084493488982,-1.1671211916598931,3.095917015164405,-0.6744784939043059,0.2999870096868307,-9.11346433991378,-23.576888466735202,-19.27034987526044,8.541155849543713,-7.6777781837596315,73,False,Маркетплейсы -24%; Продовольствие +9%,МО,нет в словаре упоминаний,,,,
2211,Уватский,Тюменская область,2023-10,3.698045479764578,True,-3.3545572522711695,-0.8009735789279856,-4.327869469969848,-1.0363709998235717,-3.3231179039208776,-0.753647957555785,-5.17012139070081,-9.7355272634021,-8.198330366164663,-12.58422182367962,-4.196367982035465,-6.003451814532035,72,False,Маркетплейсы -8%; Все категории -5%; Продовольствие -4%,МО,объяснения не найдено,0.0,1.0,,
1267,Богородский,Кировская область,2024-02,3.697738080856146,True,2.465962924974084,-0.027771683400100444,5.780968722970313,-0.3078282143011115,-0.9272785099326999,-1.2325697629478565,12.037883177711883,1.7711372395529779,142.11018205052585,-8.83198905796334,-5.966737434565417,-16.32739462411026,43,False,Маркетплейсы +142%; Все категории +12%,МО,нет в словаре упоминаний,,,,
316,Булунский,Республика Саха (Якутия),2024-05,3.6973960451351875,True,0.7204970044315333,2.230050498957542,-0.3815583857184329,5.650759917342267,-2.026820088809366,-0.16801443334426486,2.7546939434925477,24.49584573715562,-5.278369338395539,27.765009271248253,-6.001986808337634,-4.2981381287379605,14,False,Общественное питание +28%; Здоровье +24%; Продовольствие -6%,МО,объяснения не найдено,0.0,1.0,,
1339,Звериноголовский,Курганская область,2024-10,3.6923239758824993,True,-3.8163187942748475,-0.618751086796606,-2.8033745983629395,-2.3712510085728833,-3.4861758437439723,-3.7659073110727013,-14.087515588015709,-6.625493009387373,-19.968820950756516,-48.46931629223814,-11.223672387569117,-38.90662976709458,45,False,Все категории -14%; Транспорт -39%; Продовольствие -11%,МО,объяснения не найдено,0.0,1.0,,
342,Хангаласский,Республика Саха (Якутия),2024-07,3.6913691632297048,True,-2.5943381005850163,-2.6153054869202035,0.16196774659313842,-2.04180554699451,-5.225725397269505,-1.663660574857743,-6.222641592430556,-21.613024482713872,2.525002206910809,-18.97398559501191,-6.422670067946612,-11.670944638026537,14,False,Продовольствие -6%; Здоровье -22%; Все категории -6%,МО,объяснения не найдено,0.0,0.5249682552654786,,
370,Верхнеуслонский,Республика Татарстан,2024-10,3.6870185278653667,True,-0.06572123784881304,0.6239435401991129,-0.35283305562843953,-5.449347355319384,-0.4793085228280545,-3.270722356633917,-0.26604060803450125,13.049101653894724,-4.607251972232795,-25.565128040597696,-1.4908294679116807,-22.467437560142756,16,False,Общественное питание -26%; Транспорт -22%,МО,объяснения не найдено,1.0,0.42141825902737506,,В Верхнеуслонском районе Татарстана может появиться речной порт
2340,Ленинский,Еврейская автономная область,2024-11,3.6867776077869188,True,-0.8615800966676255,-1.05609017892856,-1.061197754335051,-6.207698466259616,-0.2510798792029179,0.1880400220175401,-1.4118338582801648,-6.473667090470947,-5.517416174641543,-21.774112827377976,-0.2797527839272007,0.9758712422535343,79,False,Общественное питание -22%,МО,нет в словаре упоминаний,,,,
1276,Котельничский,Кировская область,2024-10,3.6822212376071475,True,-0.9049363946932052,-1.416373885499077,-2.3370608534001067,-4.597280749777038,-0.8637333239894179,3.7522547892286817,-3.5264464650824223,-13.482818891192139,-25.66841226024268,-47.26206871199157,-3.182716143112785,33.180494394186425,43,False,Общественное питание -47%; Транспорт +33%; Маркетплейсы -26%,МО,объяснения не найдено,0.0,,,
1932,Краснопартизанский,Саратовская область,2024-11,3.677399391721807,True,-0.3438775730362212,-1.0165297034172391,0.13100654252139418,-6.241843025435255,0.037827996026472695,-0.7588556296183555,-1.26134331236738,-6.429465095796605,0.5138096799088387,-41.98177177400311,-0.07088304648412702,-6.901749302664317,64,False,Общественное питание -42%,МО,объяснения не найдено,0.0,1.0,,
297,Кадошкинский,Республика Мордовия,2024-04,3.67418288217157,True,-2.532848563937252,-2.397214425949848,-4.771917978793078,0.6146926210058316,-0.9170432448748962,3.3633817075616252,-6.447201617920406,-20.659935609148803,-29.716013912576457,22.540021217199644,-3.4932153713538305,30.941361466780837,13,False,Маркетплейсы -30%; Транспорт +31%; Все категории -6%,МО,объяснения не найдено,1.0,1.9339757757849942,,Из-за паводка жители села в Мордовии оказались отрезаны от мира
602,Шелопугинский,Забайкальский край,2024-11,3.6734235597461717,True,-1.6469282378558958,-2.0992040786055464,0.1242373078140401,1.6102757791207423,-5.776079255309211,-1.1134034554074606,-6.769067671547546,-32.22854553505603,3.2021701662836577,27.583447393746408,-17.121112712877373,-8.407663297328183,75,False,Продовольствие -17%; Здоровье -32%,МО,объяснения не найдено,0.0,1.0,,
35,Баймакский,Республика Башкортостан,2023-11,3.672349314110098,True,0.2709987018650876,-0.627197392376428,0.033908178890037444,-6.219442073362979,1.1762704542805373,0.1786014632197904,1.7230283245002198,-5.440672220716358,2.053854274068012,-24.12957992802749,4.119896035837378,0.6872161736994897,2,False,Общественное питание -24%,МО,объяснения не найдено,0.0,0.3461601614716999,,
1512,Ковдорский,Мурманская область,2024-08,3.6695282175168504,True,-3.728818464123378,-3.282854251416663,-1.1224582944012162,0.03326902200857439,-1.3354848518828708,-3.964226638705877,-3.343253459872919,-11.485303620978415,-4.194310269867607,-0.05013606309161034,-1.6733546525435905,-11.494791259875559,51,False,Транспорт -11%; Все категории -3%; Здоровье -11%,МО,объяснения не найдено,0.0,1.0,,
218,Прионежский,Республика Карелия,2024-07,3.667551685886054,True,1.7270410189277396,1.1448423695735785,3.3724806304704624,-5.098677261994478,0.3628425562540882,0.04032774510074748,2.1350807272489725,4.258441288239734,8.55334157781611,-15.243513259465802,0.8354177864827506,0.07669755063774986,10,False,Общественное питание -15%; Маркетплейсы +9%,МО,есть тематические новости,4.0,2.664948033877511,предприятия и работа,Иномарка стала грудой металла после ДТП с животным в российском регионе | В Карелии в аварии с лосем пострадали два человека | Два человека пострадали в ДТП в Карелии из-за перебегавшего дорогу лося | В Карелии участник СВО избил мужчину - Газета.Ru | Новости
716,Северо-Енисейский,Красноярский край,2024-09,3.663286371860317,True,-0.5693088755257061,-5.1682143050932705,0.9279054422361124,-2.9624281531031547,-2.184623871769163,-1.469996820301596,-2.36470157638049,-15.605396769868385,5.951370527626487,-20.711992708069005,-6.225386388204335,-7.1477578220783045,24,False,Здоровье -16%; Общественное питание -21%; Продовольствие -6%,МО,объяснения не найдено,0.0,1.0,,
2001,Нижняя Салда,Свердловская область,2024-09,3.6614147798777155,True,-6.020885696564815,0.9707084751992319,-1.5693022738148927,-1.0368666750717384,-0.5534797281574435,-1.2264176993266087,-8.83055437629503,5.074159860453031,-11.606252533954997,-5.1236353356554964,-1.3714951948832876,-7.487338008635591,66,False,Все категории -9%,МО,объяснения не найдено,0.0,1.0,,
922,Енотаевский,Астраханская область,2024-07,3.6613998315773344,True,-0.2026377207271976,0.05271481516492006,0.3098433921247876,-6.17645877785252,0.5252035026088491,-1.3390535561953985,-0.8130856561775701,0.0,2.2496976067213126,-57.7668915999098,1.6763420870619328,-7.10115761757919,30,False,Общественное питание -58%,МО,объяснения не найдено,1.0,1.9691868845539722,,Найдены новые следы первобытных людей в Астраханской области
1431,Ольский,Магаданская область,2023-09,3.661376082279153,True,-1.2778526395044352,-0.319425551044245,-6.129605034732881,-0.21861748192179678,1.0060115295295489,-0.36969986858303805,-8.389208151778949,-2.61208718292143,-25.925508727169344,-1.0880770122940753,5.538205442360322,-9.937611423909898,49,False,Маркетплейсы -26%,МО,объяснения не найдено,0.0,1.0,,
2057,Монастырщинский,Смоленская область,2024-06,3.659964081409174,True,-3.52359910048375,0.3879490279896939,-4.920599240177389,-1.6904139663316913,-1.8862565382926315,-0.1105103956169071,-9.510513550635835,4.786404540586631,-34.585498987306366,-15.172208810732535,-7.085267608976054,-2.0580657981204453,67,False,Маркетплейсы -35%; Все категории -10%,МО,объяснения не найдено,0.0,,,
785,Уссурийский,Приморский край,2023-09,3.659256554757791,True,4.105713938241646,1.7425850802058858,0.60353323083279,1.2872254182138112,0.36763269177328445,4.502997434619044,4.1658573934077126,5.110617448404486,5.374606645431346,6.210545194603867,0.5543845491605026,8.570058073760833,25,False,Транспорт +9%; Все категории +4%,МО,есть тематические новости,45.0,1.4206952723913402,ЧС и стихия,"Потерявшим жилье из-за паводка жителям Уссурийска до 2024 года построят 200 новых квартир | Более 90% пострадавших от наводнения в Уссурийске получили первичные выплаты | Трутнев поручил разобраться с дамбой, которую прорвало в Уссурийске | Путин поручил исключить повторение ситуации с прорывом дамбы в Уссурийске"
718,Таймырский Долгано-Ненецкий,Красноярский край,2024-09,3.659108266962781,True,-2.168878983449502,-3.226344310518185,-1.0156860156711998,-1.4265382223862888,-0.19716161326341797,-5.005385726715184,-9.516434696233134,-30.178273789974863,-12.2496774039206,-16.042733400124032,-0.4655247265420215,-28.343282039271855,24,False,Транспорт -28%; Здоровье -30%; Все категории -10%,МО,объяснения не найдено,1.0,0.6950622911724327,,Норильск и Воркута могут уплыть
1159,Ольхонский,Иркутская область,2024-04,3.652525986332553,True,-2.687364151599895,1.365015631397061,-3.115019647274744,0.9531368482294927,-0.5493408307239719,-4.805992588039632,-10.753275709830135,9.853888216069695,-22.603479128017945,18.501933950523153,-2.74715270004382,-40.76311426211241,38,False,Транспорт -41%; Маркетплейсы -23%; Все категории -11%,МО,объяснения не найдено,5.0,2.963887146487188,,"Терроризирующих жителей Ольхонского района волков запретили отстреливать | Жителей Ольхонского района в страхе держат оголодавшие волки | В Ольхонском районе на домашний скот нападают волки | Жителю Ольхонского района, убившему супругу, дали восемь лет"
606,Дульдургинский,Забайкальский край,2024-10,3.650320685849367,True,-5.564151293910357,0.17698427200730055,-1.7443779182254195,0.25953190420926897,-2.4437449509927642,-1.1703535385469483,-10.365704967594613,0.6214007462944426,-10.95872241503626,2.8894183161512377,-10.020740287203722,-6.124732095459384,75,False,Все категории -10%; Продовольствие -10%,МО,объяснения не найдено,0.0,1.0,,
2148,Александровский,Томская область,2024-10,3.6447249185290227,True,-1.3351226787095734,-1.51068029076186,-5.748570770320759,-0.21675023379509273,-2.1269316756672345,0.34105195838775165,-3.434558779110297,-13.238405935099795,-9.431588292541804,-3.8209942901335836,-4.357979460049677,4.283803467937197,70,False,Маркетплейсы -9%; Продовольствие -4%,МО,нет в словаре упоминаний,,,,
191,Юстинский,Республика Калмыкия,2024-07,3.64422635306446,True,-1.1221082919996583,5.706100341046089,1.0365897605832546,-2.4540678507424767,0.0028880284354738154,-0.47323349218630256,-3.2295067699514846,33.24954522804768,20.40503093261865,-37.71645605555412,0.0,-3.9003535917156995,8,False,Здоровье +33%; Общественное питание -38%,МО,объяснения не найдено,0.0,,,
1258,Киров,Кировская область,2023-04,3.641129446714259,True,1.285695327669759,1.764623418926746,1.6815959625640031,3.9435410501011807,1.9316208416671943,4.5266760269973885,6.3049188832826175,16.867489616055842,11.289021598222337,22.556163228907522,4.938534449898846,19.036950045503342,43,True,Транспорт +19%; Общественное питание +23%,МО,нет в словаре упоминаний,,,,
385,Нижнекамский,Республика Татарстан,2023-04,3.6397455753542256,True,1.094839118953579,1.033773656129589,0.4639239334002309,5.997750817574872,0.7086182518007261,1.6036071818936497,5.548224731857232,10.595921100206862,3.0482278475399305,23.003102510790185,2.2448368665452634,18.13055959489338,16,True,Общественное питание +23%,МО,есть тематические новости,48.0,1.5485913053035212,транспорт,Telegram: Летевшему из Нижнекамска самолету мешал приземлиться дрон | Неизвестный беспилотник помешал посадке российского самолета в Шереметьево | Стало известно о мешавшем посадке самолета в Шереметьево дроне | Лоукостер Corendon Airlines открывает чартерные рейсы из Нижнекамска в Анталью
82,Шаранский,Республика Башкортостан,2023-10,3.6368829110604852,True,3.3689992811841725,0.22930528895268976,4.267947302463112,-1.1864252282445804,3.1804436157664764,0.37873945054242164,11.63495698133481,3.579786018315545,41.113402362314574,-9.955671350604689,8.774351657324786,2.7990009459871956,2,False,Маркетплейсы +41%; Все категории +12%; Продовольствие +9%,МО,объяснения не найдено,0.0,1.0,,
1570,Тонкинский,Нижегородская область,2024-10,3.6324247140934385,True,-3.5985180327435202,-4.0835647812799465,-1.0400941115152846,-0.7582561582457509,-3.1557399379195,-0.8518978884002352,-6.770464162052203,-23.805327320628322,-6.345126131395951,-9.420737893606734,-7.2543791413627545,-6.392164031078629,52,False,Здоровье -24%; Все категории -7%; Продовольствие -7%,МО,объяснения не найдено,0.0,1.0,,
583,Калганский,Забайкальский край,2024-02,3.6266278396454465,True,-0.36025942060995186,-0.6193351823176984,-0.16243991407507843,-6.094697738547756,0.5848545162754132,1.3886582983436055,-2.2055817011549905,-6.030534857054581,-1.4681459368297567,-48.47518725860893,3.3977988713299823,8.455758342491793,75,False,Общественное питание -48%,МО,объяснения не найдено,0.0,1.0,,
228,Усинск,Республика Коми,2023-09,3.6260279991595583,True,-4.441139468697019,-1.2919936841010284,-2.1673453890212264,-0.8101948308078176,-0.31213391791972556,-3.8759684385114896,-4.394130094551585,-9.201386366834052,-7.977606226310918,-4.8733903028583825,-0.9272668678358187,-16.11705493584048,11,False,Все категории -4%; Транспорт -16%; Маркетплейсы -8%,МО,объяснения не найдено,3.0,1.2827484181478446,,Пьяному поджигателю здания ФСБ в Коми грозит до 20 лет колонии | Поджегший здание УФСБ россиянин предстанет перед судом по статье о теракте | Рейс Бугульма — Усинск вернулся в Татарстан из-за утечки топлива
1410,Липецк,Липецкая область,2024-01,3.6251149121901296,True,2.0574427288869126,-3.9179572482281735,1.9647174024988774,4.1396840601317635,0.6136803532002009,2.6338187604877192,6.91263189419784,-10.27123014110729,9.668393251260365,19.361581921146787,1.9630933014316732,9.866920065691964,48,False,Общественное питание +19%; Здоровье -10%; Транспорт +10%,МО,есть тематические новости,74.0,1.0070050556058099,отключения и аварии на сетях,В Липецке выросло число оставшихся без отопления домов | Число оставшихся без отопления домов в Липецке выросло до 282 | В Липецке возобновили подачу тепла в дома после коммунальной аварии | Мэр Липецка: 282 дома остаются без отопления из-за аварии
1411,Елец,Липецкая область,2024-01,3.6214661928426164,True,1.8314346831389043,-1.8523758570676987,3.0241067397744867,4.7925419376565,0.4898982916618022,2.6891211129215042,6.255377344290114,-9.815640971178796,13.258256754059783,22.3854707138174,1.6729107877622162,10.06459190929796,48,False,Общественное питание +22%; Маркетплейсы +13%; Транспорт +10%,МО,объяснения не найдено,1.0,0.8941999764929927,,Водитель снегохода погиб в ДТП с грузовиком в Тамбовской области
478,Чебоксары,Чувашская Республика,2023-04,3.6182685308228595,True,1.0387884827765594,1.3395862581817835,1.624907195115336,5.90260846978537,1.0452486704117336,1.255096786339281,5.325998853725622,13.220160423265526,10.905371132960617,15.66471795039961,3.311250795594134,15.309874841000948,21,True,Общественное питание +16%,МО,есть тематические новости,20.0,1.2392025042302428,праздники и события,В Чебоксарах отменили концерт Дианы Арбениной | Концерт Дианы Арбениной отменили в Чебоксарах | В Чебоксарах отменили концерт Дианы Арбениной и группы «Ночные снайперы» | Концерт «Ночных снайперов» отменили в Чебоксарах
2465,Восточный,Москва,2023-02,3.6170562968110618,True,0.37021783965200555,2.0879007021175653,0.12875394153255276,-4.37660161664591,0.4270527909278537,-3.9667767406511607,0.23865556011344324,11.953613942285779,0.043336966128926235,-7.445671567899748,0.41103087068377064,-14.17736719007281,77,True,Общественное питание -7%; Транспорт -14%; Здоровье +12%,МО,нет в словаре упоминаний,,,,
12,Майминский,Республика Алтай,2024-08,3.6170535386069176,True,-1.8910253886094561,-0.06706785258769297,-1.6047783643951845,0.04905871462971176,0.09903643813613379,-5.753080764620817,-2.3144366981354025,-0.23731124204751097,-6.239533684506071,0.17331213872777695,0.1906892366886126,-8.015346890323194,4,False,Транспорт -8%,МО,объяснения не найдено,0.0,1.0,,
2391,Морские ворота,Санкт-Петербург,2024-10,3.611528231449225,True,-2.8560400854123524,2.143728357529377,-4.62637172954335,0.4773880814708826,-3.0934007419447247,0.7918782349451923,-3.776607170273927,9.4499745408275,-7.626166091676367,0.8864385158147137,-3.2351973230597686,2.243089320825842,78,False,Маркетплейсы -8%; Продовольствие -3%; Все категории -4%,МО,нет в словаре упоминаний,,,,
2250,Ямальский,Ямало-Ненецкий автономный округ,2023-08,3.60845669372979,True,-4.453222206272579,-0.3800207640927459,-1.227842807506787,-3.8408010160086907,-0.9864864397743537,-2.116586560610591,-6.614508966922195,-3.924629025389681,-9.057972867072372,-12.86848883249343,-2.6487652995582422,-6.658686107213363,89,False,Все категории -7%; Общественное питание -13%; Транспорт -7%,МО,объяснения не найдено,2.0,2.809754170732841,,В ЯНАО мать ударила ножом 26-летнего спящего сына | Россиянка поссорилась с сыном и вонзила нож ему в грудь
320,Вилюйский,Республика Саха (Якутия),2023-11,3.606313068465547,True,1.712637860597062,1.1265099503582205,-1.3056338725899794,1.9728148485425385,0.7739024168117171,5.6737425897881355,2.6440777510348568,8.800923383939274,-11.706664694187197,18.360199040135683,1.2040617753802607,18.729581797881423,14,False,Транспорт +19%,МО,объяснения не найдено,6.0,2.9928511580261947,,"В Вилюйске выпустили в природу полярную сову, обнаруженную в городе | Автозимник через реку Вилюй открыли в Якутии | Два человека пострадали при пожаре в гараже в Якутии | В Якутии пострадавшей от укуса собаки девочке выплатили 50 тыс. рублей"
433,Каракулинский,Удмуртская Республика,2024-06,3.6056217479311465,True,-3.415253813988294,-0.9909148147744471,1.8651361762294205,0.26856307919387534,-4.884550439663908,-1.6873504552003282,-9.208935103247562,-15.88627030831411,30.18641101007331,12.273215160276152,-10.565110842099301,-14.2668495276574,18,False,Продовольствие -11%; Все категории -9%,МО,объяснения не найдено,0.0,1.0,,
1945,Самойловский,Саратовская область,2024-03,3.6044228625549133,True,-2.120347880587472,-5.405986229676094,-1.5942830330899191,0.5291366503854704,-2.292385278736174,-0.05615285861885166,-6.791593522043193,-16.59934147879909,-10.360219166769191,17.9516454882811,-7.916803516967796,0.21052299892403425,64,False,Здоровье -17%; Продовольствие -8%; Все категории -7%,МО,объяснения не найдено,0.0,1.0,,
413,Тоджинский,Республика Тыва,2024-02,3.6021929416500087,True,0.0,-2.6313581574886893,0.5584218389446094,-0.0063369320606695674,0.7049054165110454,-5.613060178495377,0.12001373803069981,-21.763676104504714,9.218183863422702,-0.9245099674807467,4.660803817896575,-18.73217961593925,17,False,Транспорт -19%; Здоровье -22%,МО,объяснения не найдено,0.0,1.0,,
243,Усть-Цилемский,Республика Коми,2023-05,3.5980192137549944,True,-3.079706650023797,-0.9952727994190985,0.06978320017749996,-3.028654287848813,-0.8149658607307756,-4.49220290527315,-12.166383377871437,-26.063839587649042,2.0786042485825718,-34.193697583131396,-3.9793365838722394,-41.33430389666222,11,True,Транспорт -41%; Все категории -12%; Общественное питание -34%,МО,объяснения не найдено,0.0,1.0,,
225,Воркута,Республика Коми,2023-11,3.5974303359027324,True,-1.0550131448372186,-1.2974067992315277,0.05249571528421466,-6.002349367251812,-0.8043693425798345,0.37441258121517723,-1.6403597311287932,-4.947695113857931,0.26116622096310493,-12.506481649414924,-0.7989466462026584,3.855491530704258,11,False,Общественное питание -13%,МО,объяснения не найдено,2.0,0.42556379148578116,,Учитель в Воркуте сдал в ломбард 18 школьных ноутбуков ради ставок в букмекерской конторе | В России сняли на видео редкое явление в небе над тундрой
2456,Дворцовый,Санкт-Петербург,2024-04,3.5972367439786335,True,0.535457614422849,-0.5827758434179925,-6.048855127924957,1.3755219134548164,-0.52702767003706,-0.5294004692615595,1.024606081279611,-1.7867724280098418,-10.532803088471532,2.6797761785657848,-1.5562643065689663,-2.2188225470900935,78,False,Маркетплейсы -11%,МО,нет в словаре упоминаний,,,,
334,Оленекский,Республика Саха (Якутия),2023-09,3.5972227798207004,True,0.18548492302830447,-5.842234533301897,-0.37062854830736625,1.0009080882880799,0.324812495886243,1.920029645520394,0.9404137355597086,-33.960144451069496,-6.988961254944126,5.910083373499919,2.2998755913123503,40.803890559631114,14,False,Здоровье -34%,МО,объяснения не найдено,0.0,1.0,,
72,Стерлибашевский,Республика Башкортостан,2024-04,3.5955010780482595,True,1.4872143021526947,-0.505525260726952,2.2007533590140826,-1.7976241963725148,5.541490404949095,-0.007140405961924535,8.491592724933206,-12.190341199579091,20.876707893060953,-23.341664469543932,17.54396508861582,-0.1491499992099854,2,False,Продовольствие +18%; Маркетплейсы +21%,МО,объяснения не найдено,0.0,1.0,,
2323,Брейтовский,Ярославская область,2023-11,3.5947339476844484,True,-1.2239228848203758,-0.10617258548458892,-5.863206767253409,-1.7003398602490767,0.515990278425325,-0.816504035456658,-3.5903970429831844,1.6035689935335107,-23.778095158330004,-47.0629837145621,1.9297133907436148,-4.419340435892316,76,False,Маркетплейсы -24%,МО,объяснения не найдено,0.0,1.0,,
898,Верхнетоемский,Архангельская область,2023-04,3.5922643723133842,True,-3.3281578784719508,-3.1081476929235006,0.7246663619281511,-3.1809889829128695,-1.3322149253175937,-4.185422820734871,-11.11266079494202,-24.946737391499685,7.2881419416689575,-48.879580744334696,-4.354196623700002,-36.01435864716493,29,True,Транспорт -36%; Все категории -11%; Общественное питание -49%,МО,объяснения не найдено,0.0,,,
336,Сунтарский,Республика Саха (Якутия),2023-11,3.589389847032608,True,-2.9723430285656383,-2.1509457815735527,-5.018940883016107,-1.2581092996007277,-1.0227944899475463,-0.6534820365181673,-7.426956322919409,-13.091595078105112,-63.54946889869622,-27.02884471573901,-1.0141973953178507,-5.0476112914724425,14,False,Маркетплейсы -64%; Все категории -7%; Здоровье -13%,МО,объяснения не найдено,1.0,1.8299597126178104,,Четвертую ледовую переправу открыли на территории Якутии
335,Среднеколымский,Республика Саха (Якутия),2024-09,3.5873241612645423,True,-1.9055391453292425,-4.324486356257973,-2.0762790539438805,-3.9489956898773144,-0.5776579045725413,0.7900900411028149,-10.916571956530419,-25.588487868050347,-29.743142426623415,-25.90603340515454,-2.39916537930025,9.37755133987892,14,False,Здоровье -26%; Общественное питание -26%; Маркетплейсы -30%,МО,объяснения не найдено,0.0,1.0,,
1774,Невельский,Псковская область,2024-06,3.587063919829628,True,-2.5900575920795346,-0.9134607275856514,-5.284935069008671,0.5528383135582958,-1.9905139238156468,0.45439463449787465,-7.060660088821447,-8.166733185389585,-21.08984207577036,7.985224316200368,-5.307609775868727,3.826734322972669,60,False,Маркетплейсы -21%; Все категории -7%,МО,объяснения не найдено,0.0,0.5161032194510499,,
853,Николаевский,Хабаровский край,2024-08,3.5788385778624057,True,4.874484268085533,3.346137348864778,1.5896960803081308,1.2902072090853496,1.8619948071644727,1.6194436558613743,4.395316916971215,11.450885113611298,9.169496957646928,6.15815907404853,1.9195350282314116,7.418609113038466,27,False,Все категории +4%; Здоровье +11%,МО,объяснения не найдено,1.0,0.5198020186736737,,Медведя встретили в центре города в Хабаровском крае
1958,Курильский,Сахалинская область,2023-07,3.5779523091509198,True,2.1049683526559897,-0.2976508770362966,0.47275412823341334,-1.233697085923276,4.446165060192364,3.76907849102623,5.142526852731155,-1.6156865695130307,7.756588567065492,-32.28555342330437,7.077756382439748,21.92533535414882,65,True,Продовольствие +7%; Транспорт +22%; Все категории +5%,МО,есть тематические новости,24.0,2.0823553352494715,праздники и события,"Рядом с Курильскими островами произошло землетрясение магнитудой 5,3 | На Сахалине спасли туристку, пострадавшую на Курильской гряде | Глэмпинг на курильском острове Кунашир примет в сентябре первых туристов | Пепловый выброс произошёл на курильском вулкане Эбеко"
2340,Ленинский,Еврейская автономная область,2023-11,3.577533484069855,True,3.998498320223445,0.9436330443874864,-0.6466314974315528,0.2159829424493948,4.638728850626353,0.8664055532925476,5.511032437991492,6.814347394866571,-6.964925808495881,1.0696149250952747,3.500281307082531,4.118307662776655,79,False,Продовольствие +4%; Все категории +6%,МО,нет в словаре упоминаний,,,,
8,Теучежский,Республика Адыгея,2024-07,3.574555328898221,True,1.2897458538156892,1.222424833195326,-5.664336641274751,1.631166910096153,1.893917190318428,-0.19266103170679336,2.5936112402193956,13.646512953743706,-9.473428434003672,6.244656230419565,4.306118789825675,-1.0077883775296392,1,False,Маркетплейсы -9%,МО,объяснения не найдено,0.0,1.0,,
2148,Александровский,Томская область,2024-04,3.5691585017289347,True,-4.035046106873848,0.8280379322073954,-3.8054383042934847,-0.19443376408646262,-0.07277828062978416,-2.730150079942481,-6.609766685662599,8.366511703864976,-20.437942824099586,-1.6228473217767991,-0.18444375745581,-28.906016074893515,70,False,Все категории -7%; Маркетплейсы -20%; Транспорт -29%,МО,нет в словаре упоминаний,,,,
1430,Магадан,Магаданская область,2023-09,3.56814976244652,True,-3.055191572380867,-4.819087643772475,-2.374295036307378,-1.9128359526476792,1.6963885659757048,-0.05837816532849742,-3.1764180356797844,-16.94078675311119,-6.154341141337483,-7.209577937590517,1.9482295303959063,-0.21745697265562747,49,False,Здоровье -17%; Все категории -3%; Маркетплейсы -6%,МО,есть тематические новости,66.0,1.3724221164197992,ЧС и стихия,Власти Магадана ввели режим ЧС после нападения собак на человека | Власти Магадана объявили ЧС из-за активности бродячих собак | Режим ЧС из-за бродячих собак ввели в Магадане | В Магадане введен режим ЧС из-за нападения собак на людей
1956,Долинский,Сахалинская область,2024-01,3.5675125006958313,True,-1.6746971268513509,-2.431933000802715,-1.790336079972768,-3.6262863672111574,-1.645714404100653,-4.3723203668588,-7.7042925491305425,-16.940280623208004,-16.66540133818417,-22.404378286165596,-4.758482839561129,-17.039721005113464,65,False,Транспорт -17%; Общественное питание -22%; Здоровье -17%,МО,новостной всплеск,10.0,5.075713907489942,,В Долинском районе Сахалинской области объявили предупреждение о лавинной опасности | На Сахалине из-за циклона частично нарушилось автомобильное сообщение | На Сахалине пьяный подросток поругался с бездомным и сжёг его заживо | На Сахалине пьяный подросток заживо сжег бездомного мужчину
1965,Смирныховский,Сахалинская область,2024-03,3.5660795137268075,True,-1.3609162846300324,-1.1455838709515305,-1.7870065036965155,-1.5139270080686713,-1.7064193201402398,-5.660875387629068,-2.068666898058158,-12.597687058619922,-15.262010845370888,-12.757251357354882,-3.550341031871085,-21.507640105888015,65,False,Транспорт -22%,МО,нет в словаре упоминаний,,,,
1194,Полесский,Калининградская область,2024-06,3.557290307349249,True,-3.05296547747367,-4.539126805071202,-0.5052821444544618,-1.6040635605010174,-2.8352553029878633,-1.4908933384231908,-6.93373325299973,-40.785103229399496,-1.6454057417545798,-12.298611018903749,-6.1325575222799245,-17.03834515219178,39,False,Здоровье -41%; Все категории -7%; Продовольствие -6%,МО,объяснения не найдено,1.0,1.0269933407054712,,Находившийся в розыске россиянин избил и ограбил 79-летнего таксиста - Газета.Ru | Новости
1718,Краснозоренский,Орловская область,2023-10,3.556358452051145,True,0.34780581169990676,-0.5308737180941909,-6.041836020228654,1.0758470702340834,-0.33579428288671404,-0.022262194003249643,1.2123126604839385,-12.145154694063365,-21.506754605949308,47.10216501703934,-1.5174348187841247,-0.7952538343950266,57,False,Маркетплейсы -22%,МО,объяснения не найдено,0.0,1.0,,
1253,Тяжинский,Кемеровская область,2024-05,3.554834395724855,True,-3.617689946955455,-0.7180610696532199,-0.7790302102568071,-0.1130148958061348,-4.9114100713184214,-0.837205651040954,-6.960699894169586,-4.647085746983848,-3.2939311702231855,-1.8002966928878372,-8.182479518609842,-5.584453961159497,42,False,Продовольствие -8%; Все категории -7%,МО,объяснения не найдено,0.0,1.0,,
1984,Пелым,Свердловская область,2023-10,3.554121332335113,True,-0.4981172634282101,-1.130190826868678,0.1730001656262684,-1.6863231853857918,-5.494983402459182,2.2038164297434086,-3.0709026079693835,-22.811592810753602,5.287810182463293,-42.12597786823346,-15.317542435963638,21.942508432022567,66,False,Продовольствие -15%; Транспорт +22%,МО,нет в словаре упоминаний,,,,
413,Тоджинский,Республика Тыва,2024-11,3.552554633991812,True,-3.0909176700365357,-0.9805585400912022,-3.990903439917779,-2.5324048051438655,-3.5186433426533084,0.06667354811781213,-9.310656202725198,-8.550552722785243,-21.67014230766533,-13.545596266944315,-4.866111915957383,0.5679438275999704,17,False,Маркетплейсы -22%; Продовольствие -5%; Все категории -9%,МО,объяснения не найдено,0.0,1.0,,
1662,Усть-Ишимский,Омская область,2024-05,3.549930311059138,True,0.19067870302991172,1.355776524541657,-4.387662066385754,4.088558088963702,1.114988553970177,0.6019142906400434,1.1378329322470293,16.900514819160595,-65.00158954776039,74.72891598013246,3.337423621264257,9.991302387957823,55,False,Маркетплейсы -65%; Общественное питание +75%,МО,новостной всплеск,48.0,24.494198815236594,ЧС и стихия,В Усть-Ишимском районе готовятся к возможному затоплению | Глава Усть-Ишимского района показал масштабы наводнения в райцентре | Куренков заявил о сложной паводковой ситуации в Усть-Ишимском районе Омской области | В Усть-Ишимском районе Омской области сложилась сложная паводковая ситуация
917,Заполярный,Ненецкий автономный округ,2023-07,3.5419286760493347,True,1.3348377831373481,5.480134962375066,0.3676341709017374,1.516405511493398,2.303130772997628,0.7038247823435726,8.01279077746928,36.72166826283849,3.251569350766026,25.547802415826617,4.074163825844934,8.014703030548276,83,True,Здоровье +37%; Продовольствие +4%,МО,объяснения не найдено,0.0,1.0,,
2145,Кедровый,Томская область,2023-09,3.5408390231496574,True,-0.009621905792397177,-2.5730263886118974,2.809660485866002,-4.295198783022454,1.175882092226092,-3.357037135937568,0.5823917122702582,-35.6297641584705,14.947790168073372,-50.83224935478725,6.852745473846511,-32.14053378542623,70,False,Общественное питание -51%; Транспорт -32%; Маркетплейсы +15%,МО,нет в словаре упоминаний,,,,
1891,Елховский,Самарская область,2023-09,3.5377746464348787,True,0.8977764983540556,5.237405676663036,-1.042653817410103,-0.6331007166416563,3.004996363054412,0.001007938768809375,2.005403967318742,50.67859619939132,-7.260613144603756,-14.592690318337453,7.532328298073576,-1.2445213616352646,63,False,Здоровье +51%; Продовольствие +8%,МО,объяснения не найдено,0.0,1.0,,
1152,Катангский,Иркутская область,2023-03,3.5319616280775903,True,-1.312022057151525,-2.031536773427552,-2.3098676756631797,-3.983743269478139,0.7472967782115408,-4.027227298086304,-7.900778585544543,-29.898246777676718,-42.97967372345069,-52.68970329680851,4.298597866782927,-48.13154189173234,38,True,Транспорт -48%; Общественное питание -53%; Маркетплейсы -43%,МО,объяснения не найдено,0.0,0.5142926843017813,,
1273,Кикнурский,Кировская область,2023-03,3.531786706138475,True,1.8011621959569986,0.530743193901852,5.812300294953413,0.6273213196673629,-0.3921798456069833,0.5195930498913633,4.564092499830075,5.469073744194297,49.66415559888482,9.667765217316848,-1.7436389432038624,3.2995340837657317,43,True,Маркетплейсы +50%,МО,объяснения не найдено,0.0,,,
2031,Сосьвинский,Свердловская область,2024-01,3.529240853807039,True,-4.5151425167695765,-1.989327146159637,-2.666283140422952,-0.36708673686698323,-3.1418219683645234,1.7326028842362458,-14.635988036850556,-14.797511901565308,-22.640717210823524,-6.771135311694554,-7.556902707854718,11.494361260964858,66,False,Все категории -15%; Продовольствие -8%; Маркетплейсы -23%,МО,нет в словаре упоминаний,,,,
396,Черемшанский,Республика Татарстан,2024-12,3.525172863041716,True,-1.8039493385741698,-1.0096497808888654,0.03617930298508778,-2.87457375465242,-0.2504840087861013,-5.075738730066639,-5.286874756138893,-6.377509606051479,1.4691614913028062,-32.180115610716875,-0.6527553247588358,-29.012773480802956,16,False,Транспорт -29%; Общественное питание -32%,МО,объяснения не найдено,0.0,0.5249682552654786,,
618,Карагинский,Камчатский край,2024-11,3.5221285348626887,True,-0.7792071778601943,0.7929257924119615,-1.79608716885877,-0.024571012692202167,0.04177071249003325,-5.77594215845958,-2.3837001367532196,15.11214648254624,-12.076881523991645,0.0,0.2722520658206662,-56.11164062964447,41,False,Транспорт -56%,регион,объяснения не найдено,0.0,1.0,,
1508,Кировск,Мурманская область,2024-12,3.5215518852687953,True,-0.47067241796860143,0.045326074735431356,-1.518332244838639,5.888728021497297,-0.3928020051572244,-0.1753604925838603,-1.2387163468460471,-0.6286782975802208,-5.093363389561656,9.883528064925251,-0.3750075565795541,-0.9053820206982532,51,False,Общественное питание +10%,МО,нет в словаре упоминаний,,,,
1151,Казачинско-Ленский,Иркутская область,2023-09,3.5210316036040026,True,-1.3813730880940305,-3.3121889784720318,2.7617502537583896,-4.312207134112228,-0.19141178385681307,0.773066559453328,-1.877131051055514,-10.700694008013212,14.656218443410651,-26.753774048038625,-0.7210046248193436,3.6920783208203467,38,False,Общественное питание -27%; Здоровье -11%; Маркетплейсы +15%,МО,объяснения не найдено,0.0,1.0,,
1860,Путятинский,Рязанская область,2024-06,3.520626394099226,True,-0.9240170184923133,0.8234181463790847,-0.20748558122574248,-5.780893429914734,0.4386679624460688,-1.706427356200553,-6.822576502168953,12.585966857479347,-4.8067906482993195,-78.62319870890731,1.5537258665218268,-12.174530326391553,62,False,Общественное питание -79%,МО,объяснения не найдено,0.0,1.0,,
1178,Мамоновский,Калининградская область,2023-06,3.517663900415016,True,0.7005078120356301,5.941526584408289,0.8737541962266576,1.0279559330023964,0.6576440663570826,-0.8157658032676629,5.163196056376762,61.62174704201302,15.12570792542327,35.57732579706041,2.8132057054794046,-5.20968911927957,39,True,Здоровье +62%,МО,объяснения не найдено,0.0,0.5161032194510499,,
2051,Дорогобужский,Смоленская область,2024-01,3.510890194654237,True,2.7817386651030724,-2.0963048218632263,4.98462495777379,0.1593417429231486,1.9153496926645308,0.23228551875397746,9.393322580187302,-11.08232048193285,29.575899748494372,0.0,6.654158912585473,2.038527122699918,67,False,Маркетплейсы +30%; Все категории +9%; Здоровье -11%,МО,объяснения не найдено,0.0,1.0,,
1309,Антроповский,Костромская область,2024-05,3.5062052994108277,True,-2.397734422562014,-3.126140447228792,-0.35558301466845527,-1.0825285089662864,-4.6215303036884965,-0.6658339491781378,-10.60624082523578,-34.99251042268621,-2.048353686602944,-36.83873266637691,-12.093189851032804,-6.2221743641814875,44,False,Продовольствие -12%; Здоровье -35%; Все категории -11%,МО,объяснения не найдено,0.0,,,
1188,Зеленоградский,Калининградская область,2023-04,3.505950025225901,True,1.2700609485414487,0.8681544848211182,0.8739747858427049,5.791956373977734,1.3096729695130709,0.5164407574643153,9.011521578199044,10.673407480656305,5.823313766685612,22.900156735874866,6.827213006512345,8.328806343553907,39,True,Общественное питание +23%,МО,объяснения не найдено,2.0,0.3487863083382825,,Названы округа Москвы с наибольшим ростом предложения жилья
2025,Красноуфимский,Свердловская область,2024-11,3.504713751846104,True,-1.0784662814777446,-0.8142841674827261,-0.6361224634070333,-5.918015479993281,0.559091937096698,-0.012942635889821384,-4.634693026594938,-11.456670602243335,-3.6146395034283962,-24.061422872869542,2.8248960400871326,-0.5759093928150438,66,False,Общественное питание -24%,МО,нет в словаре упоминаний,,,,
219,Пряжинский,Республика Карелия,2023-10,3.503428607648371,True,-0.3442306831803281,-2.166042707660919,5.361692440144893,0.00351099146270598,-1.839170789390989,-1.7107315192308898,-1.1982242272117638,-16.15756415493843,23.270076902671732,-0.24724659887307432,-4.688167478457395,-22.853789177196493,10,False,Маркетплейсы +23%; Здоровье -16%,МО,объяснения не найдено,0.0,1.0,,
2307,Нагайбакский,Челябинская область,2023-04,3.503344209517373,True,-3.6704183199266005,-1.9158754386823447,-2.126996554146636,-4.338683782724001,-1.442936971804451,-1.2339628877665478,-11.90472283585322,-18.80211904067428,-19.59794363148557,-69.7771952309422,-4.778855241922209,-19.30127106657764,74,True,Общественное питание -70%; Все категории -12%; Маркетплейсы -20%,МО,объяснения не найдено,0.0,0.48403280114195074,,
619,Олюторский,Камчатский край,2024-11,3.501927773574005,True,-3.606890286937389,-4.053926955935065,-2.2679775773046877,-2.710445182608707,-1.0926095990813551,-1.4163084166273932,-12.906471229994487,-20.514577837447323,-22.100727999712966,-24.58152645169145,-4.3442386579139125,-32.47682092336088,41,False,Здоровье -21%; Все категории -13%; Общественное питание -25%,регион,объяснения не найдено,0.0,1.0,,
1788,Струго-Красненский,Псковская область,2024-11,3.5015210608719687,True,-2.586569215639454,-3.2551311526336932,0.2271867674824826,-4.415396934710379,-1.0607837582423598,-0.5369619008797414,-7.468802313226508,-17.757132908932014,3.2309441297519115,-21.77862851978101,-1.9586302500527175,-3.8067554267133374,60,False,Общественное питание -22%; Здоровье -18%; Все категории -7%,МО,объяснения не найдено,0.0,1.0,,
1325,Парфеньевский,Костромская область,2024-08,3.5010699565256007,True,-1.4269290895954323,-5.307080330623558,-2.350964374131588,-0.07197990332670029,0.0749215837183814,-1.7550889998319552,-6.0755176304502,-30.864268096090306,-15.562230239442787,-0.28280869628578564,0.18755276359927464,-18.759397959584945,44,False,Здоровье -31%; Маркетплейсы -16%,МО,объяснения не найдено,0.0,1.0,,
708,Мотыгинский,Красноярский край,2023-09,3.4998900509679194,True,-3.8464847644770255,-0.5948795130352308,-0.5410883156953219,-2.4734041315853306,-1.2124379676164738,-3.979260994845075,-10.664996141956529,-6.707650651747166,-5.810815692826576,-30.068982532488775,-1.3506872901006162,-19.524354952669487,24,False,Транспорт -20%; Все категории -11%; Общественное питание -30%,МО,объяснения не найдено,2.0,2.8751938074079213,,"Красноярский пенсионер ранил собутыльника из стреляющей ручки | ""Сибирский Джеймс Бонд"" выстрелил на вечеринке в друга из авторучки-пистолета"
2607,Щаповское,Москва,2023-11,3.4966485805249277,True,-2.318740518396394,0.9924135127487664,-2.010231138468159,-3.7224510065653,-4.176895354103186,-0.7292908115591367,-4.212177453965715,7.125643600474074,-7.036630507324482,-24.002432924533412,-6.296898739473988,-3.018609975913389,77,False,Продовольствие -6%; Общественное питание -24%; Все категории -4%,МО,нет в словаре упоминаний,,,,
1977,Березовский,Свердловская область,2023-04,3.4946217535251436,True,1.0713913764794551,3.8509380111407148,0.6009380215234063,4.036776445206113,1.612536394783794,2.347734219713583,5.4552606637053636,14.39713599257022,3.6492052844044665,12.255771736301257,4.140111733705698,11.98481654356498,66,True,Общественное питание +12%; Здоровье +14%; Транспорт +12%,МО,нет в словаре упоминаний,,,,
270,Волжск,Республика Марий Эл,2023-10,3.4926102379076736,True,0.7562602479388287,-0.6803117453494626,0.917373228555262,5.931397442317459,-0.2116093877324169,-0.17188463132198986,1.4694315109331058,-5.149028284734403,4.491222049993127,25.429611084369874,-0.47606797930921374,-1.6368994844418339,12,False,Общественное питание +25%,МО,объяснения не найдено,10.0,0.6527957875003498,,"ГИБДД усилила патрулирование в Волжском районе после смертельного ДТП | В Волжском районе ищут водителя, устроившего ДТП с пешеходом | Четыре человека погибли в ДТП на федеральной трассе в Самарской области | В Саратове женщина избила приехавшего по вызову медика скорой помощи"
1851,Кадомский,Рязанская область,2023-07,3.490091878785545,True,0.734792759331693,0.9962231996859142,-5.832254542721905,0.12362810797668483,1.2387777251798306,-0.976042627182425,4.1284368266643945,21.819578305071687,-11.147375724451392,11.97797834919827,8.166510327453302,-6.1042840037973,62,True,Маркетплейсы -11%,МО,объяснения не найдено,0.0,,,
1430,Магадан,Магаданская область,2023-06,3.489705676135136,True,5.285852957283647,2.2033251818389235,1.933715019127576,1.2565984763093188,0.7963226272478401,1.0324022162460311,4.864454700815379,5.496801396370943,3.475238473276887,6.151372899619645,0.701312296790757,4.805350205004766,49,True,Все категории +5%; Здоровье +5%,МО,есть тематические новости,91.0,1.8770012260977444,транспорт,В Магадане для обеспечения пожарной безопасности ввели режим ЧС | Режим ЧС ввели в Магадане из-за лесных пожаров | 360° | В Магадане введен режим ЧС из-за лесных пожаров | В окрестностях Магадана распространился лесной пожар
1593,Хвойнинский,Новгородская область,2024-02,3.48701601488686,True,-0.6010359443096144,-5.398570783849547,2.576871463037174,0.643898017609241,-0.8324716325395407,0.504578267703985,-1.5843347502141114,-24.476906729920422,12.170053354679844,8.278400189029167,-1.0069284292413272,3.692336421140663,53,False,Здоровье -24%; Маркетплейсы +12%,МО,объяснения не найдено,0.0,1.0,,
1699,Сакмарский,Оренбургская область,2024-04,3.4841887552309787,True,-1.4618791120791959,0.46163478842586325,0.02784237154337744,-4.587144195720564,-3.5372036065224477,-1.6926348158730873,-3.291889594761166,5.398599207645827,1.418155844425062,-53.164908285966476,-9.041647667305774,-19.531080959317304,56,False,Общественное питание -53%; Продовольствие -9%,МО,объяснения не найдено,0.0,1.0,,
312,Алданский,Республика Саха (Якутия),2024-07,3.4832036461632687,True,-0.20443858152487104,-0.9885828808274476,-5.892631318206594,0.1460705247812061,0.05461775776538171,-0.8352981248398625,-0.7517661499079509,-3.5791994184073417,-14.433007611284054,0.1331351700805783,0.12061647379812968,-5.779033467982941,14,False,Маркетплейсы -14%,МО,объяснения не найдено,6.0,2.2369753209600116,,«Звезда» обнародовала кадры тушения лесных пожаров в Якутии с помощью самолета-амфибии Бе-200 | Два человека погибли при съезде машины в реку в Якутии | В Якутии пропал вертолет с четырьмя людьми на борту | Погода сорвала поиски пропавшего вертолета Robinson в Якутии
615,Усть-Большерецкий,Камчатский край,2023-02,3.4810764668866305,True,-5.413383903599719,-0.15247094678966572,-1.4748780984620822,1.0650401903583304,-1.1009277994928206,-2.2076434068617274,-8.346248521453603,-2.592755995654361,-12.402133310300822,12.835613628117581,-3.3355921970269264,-16.64877496218704,41,True,Все категории -8%; Транспорт -17%,МО,объяснения не найдено,0.0,1.0,,
2250,Ямальский,Ямало-Ненецкий автономный округ,2024-07,3.480090203957131,True,1.916293501700285,3.6698970699129765,3.9719052976053715,2.662500194579089,-0.5176225599360819,0.879181989064281,6.284168943447277,18.031023902991095,26.58632911411196,14.22105799717972,-1.0488128274921849,14.819022758084177,89,False,Маркетплейсы +27%; Здоровье +18%; Общественное питание +14%,МО,объяснения не найдено,1.0,1.9691868845539722,,Военного из ЯНАО наградили орденом Мужества посмертно - Газета.Ru | Новости
2597,Марушкинское,Москва,2023-02,3.4769897678864914,True,-0.3967586331401675,-1.9713044277003193,1.90180493884386,-5.363345072422647,-0.03119538183073577,-1.1687053165385877,-0.9350565893607055,-5.989466452746539,7.53687259921314,-9.123196486540852,-0.1780444068192999,-7.304361141733784,77,True,Общественное питание -9%,МО,нет в словаре упоминаний,,,,
2216,Ханты-Мансийск,Ханты-Мансийский автономный округ — Югра,2023-12,3.4765611982806375,True,4.325947438300191,0.5235099423640938,2.7369354485317072,0.5491533727379582,3.1709298963878187,1.8032805027609347,4.819083820398706,0.9212735224817692,5.743854297160844,1.9830883841844393,3.360757325113717,6.079880729628684,86,False,Все категории +5%; Продовольствие +3%; Маркетплейсы +6%,МО,есть тематические новости,100.0,1.7187394249438004,транспорт,В аэропорту Ханты-Мансийска на пять часов задерживается вылет самолета в Казань | В Югре из-за непогоды ограничили движение на участке трассы Тюмень - Ханты-Мансийск | Самолёт с радиоактивным грузом из Ханты-Мансийска аварийно сел во Внуково | Названа причина возвращения рейса Москва — Ханты-Мансийск в аэропорт вылета
238,Сысольский,Республика Коми,2024-10,3.4739436155877863,True,2.291953047664885,-0.2085711044797303,3.6310698583916503,1.2254835057540143,4.215108022771031,1.2712869356117673,6.185287544127505,-0.591674870251202,27.959064042147652,10.703831672609665,4.408321885609823,8.991613470875848,11,False,Продовольствие +4%; Маркетплейсы +28%; Все категории +6%,МО,объяснения не найдено,0.0,1.0,,
2456,Дворцовый,Санкт-Петербург,2023-11,3.473825552520941,True,-0.5516558302055665,0.02618810371830331,-0.3685385519538808,-5.786744210102987,0.09010750583086445,1.5529517699793605,-1.3998635861621977,-0.10297877404239486,-1.0330396871901293,-7.823161208821006,0.08440100101889669,2.121206732453196,78,False,Общественное питание -8%,МО,нет в словаре упоминаний,,,,
1506,Мурманск,Мурманская область,2023-06,3.470992217463379,True,-0.13569531209767258,0.10954605560636203,0.785929878156237,-0.1895898439434553,0.03503050317886271,-5.9573258127089925,-0.14898332050305996,0.3262346458269061,1.327077298575574,-0.7360844655190046,-0.03822342298782644,-8.089362377682141,51,True,Транспорт -8%,МО,есть тематические новости,55.0,0.9963069581056184,транспорт,В мэрии Мурманска опровергли слухи об отключении отопления в детсадах и школах | В Мурманске 70 человек эвакуировали из-за пожара в общежитии индустриального колледжа | В Мурманске эвакуировали жильцов дома из-за пожара в подъезде | Работавшего на ледостойкой платформе на Шпицбергене россиянина эвакуировали
228,Усинск,Республика Коми,2024-12,3.4704569532895078,True,-0.7994497034225205,-1.2519548995635297,-5.824577537904616,0.7075042904601363,-0.3284013744534587,0.5191777427534741,-2.8449410590651425,-9.649470301531915,-16.392847586386594,4.16674122852263,-0.5634865050692106,3.4111720143970015,11,False,Маркетплейсы -16%,МО,объяснения не найдено,1.0,0.6549861959226804,,В 2025 году самолеты из Перми в Нарьян-Мар и Усинск продолжат летать
2229,Белоярский,Ханты-Мансийский автономный округ — Югра,2024-04,3.4651940076644157,True,-1.3983529175095952,0.49704275970649836,-0.5499378163863649,0.28040827835955995,-3.8425627985737867,-4.393407423557405,-4.910159986894058,2.1329370897293476,-8.316630354702426,4.540693217880154,-9.682451786944934,-19.146376451218174,86,False,Транспорт -19%; Продовольствие -10%,МО,объяснения не найдено,3.0,1.8402575339977627,,Строителя будут судить в Свердловской области за ограбление и убийство заказчицы | 360° | В российском детсаду разгорелся скандал из-за слова «утырки» | На Урале педагог с 29-летним опытом назвала воспитанников «утырками» - Газета.Ru | Новости
1590,Поддорский,Новгородская область,2023-10,3.463529413138327,True,-3.73317624255643,-0.1534774690273435,-0.8571129296754202,-4.12990178968841,-1.3142857857313066,-2.2350423567717232,-11.675504427445382,-1.9383943311016338,-19.154617306064825,-50.99687378411115,-4.634424718315522,-31.78186587555336,53,False,Общественное питание -51%; Все категории -12%; Транспорт -32%,МО,объяснения не найдено,0.0,,,
503,Янтиковский,Чувашская Республика,2023-09,3.463035381337671,True,0.1616422190986348,-3.22031135838861,0.7391090011021362,-4.44230965374289,-0.27937479172498636,-2.423493728583937,0.4666114045965841,-27.768328431859324,6.699474462132038,-59.02181951632733,-1.3400527816950003,-24.810584587412432,21,False,Общественное питание -59%; Здоровье -28%; Транспорт -25%,МО,объяснения не найдено,0.0,1.0,,
402,Барун-Хемчикский,Республика Тыва,2023-05,3.4598442633078723,True,-0.8795483653434752,-1.0675728233346327,-1.0887009011688682,-5.76035672681328,-0.1661198892000095,-1.2428144297055266,-9.29444683591134,-11.584687813405914,-14.150944950224487,-27.6542488073785,-0.565666546650867,-7.2579180065539095,17,True,Общественное питание -28%,МО,объяснения не найдено,0.0,1.0,,
2416,Песочный,Санкт-Петербург,2024-07,3.45981593900813,True,3.931434165256301,-0.22110394470330066,1.787066624107848,2.4681038892323945,0.9746174239446196,3.7898901820046893,3.774292529284917,-1.37322745337638,5.638872186997723,7.587079086685566,0.7957892096374763,10.623702342528851,78,False,Все категории +4%; Транспорт +11%; Общественное питание +8%,МО,нет в словаре упоминаний,,,,
329,Намский,Республика Саха (Якутия),2024-07,3.45872578648968,True,-3.8499480112071707,-3.432906969420234,-0.8002245403178482,-3.0465393889943213,-0.14639873343047752,-0.33730499653279117,-12.59856239641195,-20.53259791066111,-9.112718820369192,-24.88709517819716,-0.2511831695507283,-3.9051940342179847,14,False,Все категории -13%; Здоровье -21%; Общественное питание -25%,МО,объяснения не найдено,0.0,1.0,,
2619,Переславль-Залесский,Ярославская область,2024-08,3.4565554539842513,True,4.205902764025183,2.832941225632249,1.6812651265475527,0.43321656702804406,3.182475886960246,2.7873159252548727,5.915843032459733,9.782815935270328,3.4579238619299346,2.7129019550590883,4.341621729238199,7.652206240296167,76,False,Все категории +6%; Продовольствие +4%; Здоровье +10%,МО,нет в словаре упоминаний,,,,
445,Юкаменский,Удмуртская Республика,2023-11,3.4521692423832304,True,-1.096257380114683,1.3381563350538979,-3.8131423283984938,-3.9347666220603306,-2.3937365451248103,0.8813388418384024,-7.51582994609965,15.96603394228433,-37.46518241379917,-48.623959095449095,-8.477349403078804,10.880784283880907,18,False,Общественное питание -49%; Маркетплейсы -37%; Продовольствие -8%,МО,объяснения не найдено,0.0,1.0,,
2362,Левашово,Санкт-Петербург,2023-10,3.4482210964270426,True,-0.7176801265831602,-5.656879905864596,0.3061369481391134,0.5675351268376425,-1.7763251830862756,-0.07602102901583513,-2.3168224747881716,-22.529183666853882,1.5567590162706146,3.9420715036230014,-4.308491149364357,0.05345460672470104,78,False,Здоровье -23%,МО,нет в словаре упоминаний,,,,
1201,Барятинский,Калужская область,2023-10,3.4477336928050737,True,1.5457363171462912,-1.9821634250147924,1.0088245936493607,0.9003582711417061,4.7608268106857405,3.0110063242543017,19.566141011183724,-20.083746046929996,25.507981586767414,50.08470712765689,6.912080584583258,30.79231978821646,40,False,Продовольствие +7%; Транспорт +31%,МО,объяснения не найдено,0.0,1.0,,
614,Соболевский,Камчатский край,2024-03,3.446184332820814,True,-1.3423387940024647,-1.952917370553938,-4.573046059434079,-3.301805998150415,0.30379954571406537,0.7846608191320298,-10.205140932439605,-18.15447027668311,-28.17590896706852,-24.699692101778936,0.9595316306020507,5.177749817060384,41,False,Маркетплейсы -28%; Общественное питание -25%,МО,объяснения не найдено,0.0,0.5464601177309368,,
416,Чеди-Хольский,Республика Тыва,2023-12,3.446102037198801,True,-2.206316758227293,-0.13762930492356426,-0.8295755842097351,-5.483687487886748,-0.11671452389163571,-0.15482242851130712,-9.991629264700208,0.4244568625595413,-14.686518659886216,-24.274814263121325,-0.4309518340532392,-1.2585760634594045,17,False,Общественное питание -24%; Все категории -10%,МО,объяснения не найдено,1.0,1.8259506127594451,,Стали известны подробности о взрыве газа в квартире многодетной семьи
718,Таймырский Долгано-Ненецкий,Красноярский край,2023-09,3.4455662559210545,True,-3.1543026311257316,-2.875171325116091,-0.7242826304973214,-1.0074412431690452,0.27100588373679035,-4.171276211704155,-10.38640288831889,-31.585515509566964,-6.91168289462496,-21.355140128956673,0.8463206963931214,-36.63060078142575,24,False,Транспорт -37%; Все категории -10%; Здоровье -32%,МО,объяснения не найдено,2.0,0.967309928020008,,Арктическая группировка Северного флота прибыла в Дудинку | Три наглых медведя не на шутку перепугали вахтовиков в Сибири
62,Краснокамский,Республика Башкортостан,2024-12,3.444338461276506,True,-3.6951100900589515,-4.487209523844457,-1.3162185657495717,-0.444602871543652,-1.342205058457895,-0.5176463696735399,-13.617185072956595,-33.73731347926041,-13.665355336009988,-8.607499266120566,-4.365939979783384,-5.490362145286021,2,False,Здоровье -34%; Все категории -14%,МО,объяснения не найдено,4.0,1.7095280312388808,,Число жертв ДТП в Краснокамском районе Башкирии увеличилось до двух | Прокуратура добивается отставки главы Краснокамского округа: причина | Бывший краснокамский чиновник проиграл суд по своему увольнению в кассации | Иск об увольнении главы Краснокамска рассмотрят в январе 2025 года
1710,Болховский,Орловская область,2024-07,3.4416124921767386,True,-0.6984149754115943,-5.694049904748275,-0.09725400489697499,0.2840435642247564,-1.4105871190065975,1.0593060468296085,-3.368640947020829,-33.839197727647985,-0.5829160790247201,4.550658924305218,-4.53646885040726,10.437538577867578,57,False,Здоровье -34%,МО,объяснения не найдено,0.0,1.0,,
1059,Кичменгско-Городецкий,Вологодская область,2024-03,3.441396986816057,True,0.8701493586476544,0.5137567131209887,-0.09310583235000193,5.421118711702341,-2.3203343875130864,-0.677970707853018,2.202731146766368,7.583465569066572,0.0,60.13487551260761,-4.570906162515165,-4.478647841378347,35,False,Общественное питание +60%; Продовольствие -5%,МО,объяснения не найдено,1.0,1.9034965859126909,,"Россиянку, избившую саму себя в такси, оштрафовали - Газета.Ru | Новости"
1431,Ольский,Магаданская область,2023-08,3.4389423886709944,True,0.8650295120214989,0.4846110483314677,5.848800992228608,-0.1617168777327699,0.6803340810320501,-0.7226514750777109,6.399140033943684,6.1125200827489845,31.437407179688215,-1.5900235612581692,2.5513990427071143,-10.977347973204266,49,False,Маркетплейсы +31%,МО,объяснения не найдено,4.0,4.619508341465682,,В Магаданской области из-за непогоды объявили экстренное предупреждение | На юге Магаданской области объявили экстренное предупреждение из-за сильного ветра | В Магаданской области из-за ветра объявили экстренное предупреждение
1681,Асекеевский,Оренбургская область,2024-05,3.43883987574596,True,-3.6681049169069087,-1.845390563297795,-4.086557353892049,-0.47745762115787077,-2.3069274771816395,0.4092080988555355,-8.572406324675619,-18.073717000097478,-17.278968735310585,-8.455110791097642,-5.6704485647701475,2.835865028416862,56,False,Маркетплейсы -17%; Все категории -9%; Продовольствие -6%,МО,объяснения не найдено,0.0,1.0,,
188,Сарпинский,Республика Калмыкия,2023-12,3.438040540135949,True,2.4664288298987573,-0.3755553477295608,4.821779040535544,2.475387641996954,0.5271975341197841,0.5891787342771181,8.57938695822611,0.0,28.109226277272548,22.536205605010107,2.2941308666439397,4.421682896279222,8,False,Маркетплейсы +28%; Общественное питание +23%; Все категории +9%,МО,объяснения не найдено,0.0,,,
1454,Кашира,Московская область,2024-05,3.4377487771989563,True,3.2383852298965277,0.6412133912649042,-1.0250470195140948,1.222018361367104,4.183062985999087,2.732982825293855,3.407219184207122,2.4484441244379873,-1.7232203221803744,5.016910676057984,3.151609748377737,5.150352219115728,50,False,Продовольствие +3%; Все категории +3%; Транспорт +5%,МО,есть тематические новости,15.0,1.1634623354888944,праздники и события,Концерт гитариста Владислава Домогацкого пройдет в Кашире 18 мая | 360° | Ремонт ж/д путей начался на участке Кашира – Ожерелье в Подмосковье | 360° | Житель Каширы убил топором мать и при попытке побега попал в больницу | Памятник участникам войн торжественно открыли в Кашире | 360°
203,Урупский,Карачаево-Черкесская Республика,2024-05,3.4347541678598885,True,2.2008743792629786,-0.9941967961734441,4.881326031326833,2.592569521437651,1.6842411416580005,2.0314411659868834,10.988289089407477,-6.003149042899425,15.938541630097092,42.85279238042503,4.592238405483684,26.63965840964284,9,False,Маркетплейсы +16%; Общественное питание +43%; Все категории +11%,МО,объяснения не найдено,0.0,1.0,,
1164,Усть-Илимский,Иркутская область,2023-03,3.433319378655873,True,-2.2709431366636377,-2.1121500693570012,-0.9702619850937836,0.16549709088600512,-4.532248448827819,-3.1087919093596463,-15.730624863890519,-24.113639606952475,-23.354731550791463,0.3289944276525958,-9.778409571368485,-42.376221973488,38,True,Продовольствие -10%; Транспорт -42%; Все категории -16%,МО,объяснения не найдено,0.0,1.0,,
2456,Дворцовый,Санкт-Петербург,2023-06,3.4284787016694365,True,0.9631302707252218,2.4343644561116617,-0.43525100975073594,4.0191549176865,-2.5533573628792814,3.548261341624856,1.4145494648552415,12.451549089133751,-0.958449214225432,7.4455118112852325,-6.802644578703454,5.475971650496803,78,True,Общественное питание +7%; Транспорт +5%; Продовольствие -7%,МО,нет в словаре упоминаний,,,,
2596,Краснопахорское,Москва,2023-02,3.4247588794839277,True,-2.7268531225488464,-2.00573257561335,2.830263523315038,-4.443062072990876,-1.0385833720748698,-0.32411873808808556,-3.2945041704170563,-4.708015702653201,12.398682644943726,-9.094370312939404,-2.875877746927369,-2.062517093402194,77,True,Общественное питание -9%; Маркетплейсы +12%; Все категории -3%,МО,нет в словаре упоминаний,,,,
449,Абаза,Республика Хакасия,2023-11,3.423780320418553,True,0.24732164774623902,-5.332227200397915,0.27122757071770126,1.181428271954791,-0.26492138645402874,-2.3104967797031524,0.6074135991459784,-37.806423023178894,2.851391647391388,23.3658149475962,-0.49313096783709653,-12.23942842090513,19,False,Здоровье -38%; Транспорт -12%,МО,объяснения не найдено,1.0,1.8299597126178104,,"Гендиректор ТАСС наградил победителей конкурса журналистов ""Взгляд-2023"" в Сухуме"
188,Сарпинский,Республика Калмыкия,2024-09,3.4235377486682657,True,-3.2242173118358166,0.9942928928062174,-0.9899723919854911,1.321070818717901,-4.798023214581185,-1.0571683536391439,-9.188129928401878,7.3430933953547495,-4.654077276010504,13.868085462280977,-11.467818155026954,-10.853916897954186,8,False,Продовольствие -11%; Все категории -9%,МО,объяснения не найдено,0.0,,,
1732,Хотынецкий,Орловская область,2024-03,3.422603990850409,True,5.367728153382254,0.6445709106497192,0.8310957897462882,0.938079058936095,1.217149918196429,2.2019752002639366,13.485653279650478,9.010921590300214,4.716566291870095,13.752438733778494,3.3921709384701515,19.79898074027915,57,False,Все категории +13%; Транспорт +20%,МО,объяснения не найдено,0.0,,,
2596,Краснопахорское,Москва,2024-07,3.420646905099187,True,-0.6976123247920436,0.27264123471687984,3.929656286939661,-4.3787685779118055,-0.26175320189308515,-0.0873566084740637,-1.7443238914157888,1.9941298679987174,9.07434749908047,-14.533933127205056,-0.39764819903576054,-0.5418641017002734,77,False,Общественное питание -15%; Маркетплейсы +9%,МО,нет в словаре упоминаний,,,,
1968,Углегорский,Сахалинская область,2023-11,3.419511285778315,True,-4.900103412090755,-0.4552528781228461,-1.377095837636281,1.0543193587918505,-1.6380359831295073,-2.895685923833124,-4.095016548655295,-1.9938739995316812,-9.019473435270609,4.293458886726409,-2.14741273332697,-10.084239398051986,65,False,Все категории -4%; Транспорт -10%,МО,объяснения не найдено,2.0,1.2974783241585837,,В селе на Сахалине нарушилось водоснабжение из-за аварии на трубопроводе | В селе на Сахалине восстановили водоснабжение после аварии
2143,Фировский,Тверская область,2023-08,3.418515034987202,True,-0.48440806031596445,0.5494270591487347,0.4695243691169291,0.6008711179851934,-0.4365943827600509,-5.864794876169759,-1.2420696662898578,8.33634021278824,5.179704301827925,6.762771354065844,-0.9825328300147262,-27.997463290900892,69,False,Транспорт -28%,МО,объяснения не найдено,0.0,,,
1330,Сусанинский,Костромская область,2024-03,3.418443928460409,True,0.8681181665603707,0.18887220504769042,1.2678274056287564,-5.700261537998675,0.9619059815744507,0.9782171251992807,6.4337485937578265,2.124698790724766,11.991654286241982,-63.98251264299155,2.8098539186950156,11.264657786126753,44,False,Общественное питание -64%,МО,объяснения не найдено,0.0,1.0,,
2043,Таборинский,Свердловская область,2024-05,3.4162218366726798,True,-1.2315048140157967,-1.3536549435000007,-2.8525807762578337,-2.5993473143519017,-3.5327251616014266,-3.7939887664027423,-6.637695232833618,-14.77570104208783,-15.048693713985806,-46.67714269479504,-11.187179311534123,-23.40180293941159,66,False,Транспорт -23%; Продовольствие -11%; Маркетплейсы -15%,МО,объяснения не найдено,0.0,,,
1267,Богородский,Кировская область,2023-10,3.4154665110278417,True,-0.4267631271729679,-2.095715143396678,2.4766293896126323,-0.9495643828630445,-3.6825599689748287,-3.911686772387222,-2.884978817447603,-23.67390682471555,59.30369458696543,-26.034061426090815,-10.33206676190499,-31.765240168523512,43,False,Транспорт -32%; Продовольствие -10%; Маркетплейсы +59%,МО,нет в словаре упоминаний,,,,
1984,Пелым,Свердловская область,2023-08,3.413091668414863,True,-1.5544736409673239,0.17748617554475438,-0.056621867671177654,-0.7820099458632267,-1.6818919595489086,-5.449994068524422,-9.229130631129578,5.305738227716095,-2.920290517379831,-26.297523408180634,-3.700904121968396,-37.4617709449125,66,False,Транспорт -37%,МО,нет в словаре упоминаний,,,,
2233,Нижневартовский,Ханты-Мансийский автономный округ — Югра,2024-08,3.4121371546750177,True,-1.7163301575254994,1.3273505855427037,0.5927752339467643,-3.6993642572478547,-3.545509242780792,-2.9448443402825526,-2.078614562229042,6.638004899342098,2.2869050313932604,-14.450224952612478,-5.463485521998379,-13.490218681106114,86,False,Общественное питание -14%; Продовольствие -5%; Транспорт -13%,МО,объяснения не найдено,2.0,1.5646876275814503,,Глава Нижневартовского района осмотрел строящийся храм в поселке Аган | В ХМАО медведь пришел на обед в столовую рабочих - Газета.Ru | Новости
185,Малодербетовский,Республика Калмыкия,2024-06,3.4117592624248627,True,-2.1210805642783406,-5.1358964218480905,0.7908414570397003,-0.10940057559764034,-2.0109423109861178,0.7903136579739622,-6.799743513511025,-40.975721106070665,5.592557490074057,1.2324048711302993,-10.483780417411737,6.9987428483035075,8,False,Здоровье -41%; Все категории -7%; Продовольствие -10%,регион,объяснения не найдено,0.0,,,
720,Туруханский,Красноярский край,2023-09,3.410451932267329,True,-2.7773495037160156,-1.8343505217201972,-4.087382706301989,-3.236229209025482,-1.1272020945897911,-2.7659095524330857,-10.583737472018662,-18.201880441637197,-27.792462255806694,-20.98668763194782,-4.994081437788367,-22.574304550615576,24,False,Маркетплейсы -28%; Общественное питание -21%; Все категории -11%,МО,объяснения не найдено,1.0,1.0179145673512828,,Подросток сгорел заживо в Красноярском крае
2151,Верхнекетский,Томская область,2023-08,3.4094118927119133,True,-3.566788022039807,-0.8670410499446111,-3.4646591648386647,-0.5909518358088467,-3.185345890139578,-0.45422862218412396,-6.489531465094167,-7.343481642588312,-15.466182943421014,-6.402403362593034,-7.076588859852606,-3.603206399009906,70,False,Все категории -6%; Маркетплейсы -15%; Продовольствие -7%,МО,объяснения не найдено,0.0,1.0,,
678,Норильск,Красноярский край,2023-12,3.408466530884517,True,-0.7571986235143465,0.26613231696316564,-5.112315167568333,1.4692990762979248,-2.028963415431076,2.144871409379322,-3.6545266047443903,1.2298883390251092,-17.703408237420426,5.4298560132357565,-6.6875405222805995,12.132611966494089,24,False,Маркетплейсы -18%; Транспорт +12%; Продовольствие -7%,МО,есть тематические новости,37.0,0.8340775301087183,транспорт,В Красноярске и Норильске пройдут концерты оркестра musicAeterna | В аэропорту Норильска ограничили вылет и прилет самолетов из-за метели | В Екатеринбурге задержали авиарейс в Норильск | Автодорогу до аэропорта Норильска закрыли из-за метели
1744,Иссинский,Пензенская область,2024-04,3.406129606615576,True,1.1909003921915682,0.6893769837388026,0.38854828272479247,-5.653813350768099,0.06031996568148901,1.1921860348720317,5.859502816717566,8.351322479479961,3.935939926207155,-65.46184338250241,0.3526742600966415,13.816990048748856,58,False,Общественное питание -65%,МО,объяснения не найдено,0.0,1.0,,
1312,Галичский,Костромская область,2023-09,3.402664654495452,True,5.207569866944058,-0.028826764053013147,0.4546987331153336,1.3781100645650897,1.3861007493742492,2.3862776549132665,15.787023745121331,2.1839013856551848,3.091757803443951,38.39452912375209,6.92062027428646,25.62848029993061,44,False,Все категории +16%; Транспорт +26%,МО,объяснения не найдено,0.0,1.0,,
2136,Сандовский,Тверская область,2023-07,3.401835433109323,True,-0.8502916022580957,-0.8284348010089252,-4.905781680477146,1.7847509735577525,2.007653513540834,-2.5729528590582946,-2.5067879570116247,-5.808897328723273,-15.315484621442188,59.24165308289577,2.4538732228263527,-12.872261239217142,69,True,Маркетплейсы -15%; Транспорт -13%; Продовольствие +2%,МО,объяснения не найдено,0.0,1.0,,
2344,Анадырь,Чукотский автономный округ,2023-05,3.399780711547446,True,1.846173928670751,1.788542367802339,3.321574950109537,1.6944406162891021,4.347347798856795,-2.177896605996249,4.04209943630871,21.704373728212545,13.57970368009358,18.895779512566826,3.8310432653086757,-13.057179465621038,87,True,Продовольствие +4%; Маркетплейсы +14%; Транспорт -13%,МО,объяснения не найдено,3.0,0.8165959329568856,,"На судозаводе ""Янтарь"" в Калининграде заложили аварийно-спасательное судно ""Анадырь"" | Уголовное дело возбудили против жителя Анадыря, который избивал приемного сына из-за плохого поведения | 360° | Россиянин регулярно избивал приемного ребенка и попал под следствие"
1438,Ягоднинский,Магаданская область,2023-09,3.3970628063148474,True,-2.2339735894713213,-4.160727379818154,-2.8056819124470223,-2.812777420457505,-0.9434112550433316,-3.065409921028361,-14.493401782308535,-49.590517964753246,-7.257616229109942,-45.38162501744685,-2.545461938229465,-48.48250611185958,49,False,Здоровье -50%; Транспорт -48%; Общественное питание -45%,МО,объяснения не найдено,0.0,1.0,,
367,Балтасинский,Республика Татарстан,2024-11,3.394857936927188,True,-0.22344274849011825,0.23716317420539162,0.003343943311154177,3.378266942216581,-3.6203575014540164,3.1710416686863057,-0.8531438691028015,1.3524731926501055,0.9855520672664042,37.76720061662955,-10.529076485635613,23.394675622749173,16,False,Продовольствие -11%; Общественное питание +38%; Транспорт +23%,МО,объяснения не найдено,0.0,1.0,,
1686,Домбаровский,Оренбургская область,2024-05,3.3941310898298753,True,-1.7285666614157684,-2.2327967952262373,0.31645141618319467,-1.4074137609508084,-5.156263505011997,-1.2892619272503143,-5.976248949346186,-14.74693182489668,2.702244471663384,-18.802142625372298,-12.997085577463174,-10.539251803991956,56,False,Продовольствие -13%; Здоровье -15%,МО,объяснения не найдено,0.0,1.0,,
917,Заполярный,Ненецкий автономный округ,2023-08,3.393900158124395,True,-1.578031893062659,-5.012600021431002,0.17329166211456576,-2.629088246054467,-1.5866350776276656,0.27460527826972786,-9.529550686499721,-24.212371187943617,1.7620325186880947,-15.50596809541065,-2.944151568901976,3.5084891542064067,83,False,Здоровье -24%; Общественное питание -16%,МО,объяснения не найдено,0.0,1.0,,
314,Амгинский,Республика Саха (Якутия),2023-12,3.391418248430417,True,0.25198850709411,-0.019568120007688258,-0.6512622533554902,1.6698841152827968,-0.020145885462469575,-5.593969764509014,1.7019275597423444,0.0,-14.145092165323714,45.5127851926524,-0.11296255218660178,-9.336435922896236,14,False,Транспорт -9%,МО,объяснения не найдено,0.0,1.0,,
273,Горномарийский,Республика Марий Эл,2023-03,3.3838045280815567,True,-2.427388906034902,-0.6949955841193084,-1.1376191273270175,-1.4930888886656115,0.8922072313215943,-5.121412688135737,-10.620514889045296,-5.826687405535935,-18.352011309536653,-13.234088505158148,1.9180100669903055,-39.90401948269708,12,True,Транспорт -40%; Все категории -11%,МО,объяснения не найдено,0.0,1.0,,
1349,Половинский,Курганская область,2024-04,3.381728256455002,True,0.7090699188544528,0.44242027698328634,0.49212721049488223,-5.17847416119325,1.4076829902403514,2.3473585074207146,5.31742139240059,6.620173373602745,8.903805280152222,-108.33103574539726,5.42807306388795,36.39808208941431,45,False,Общественное питание -108%; Транспорт +36%,МО,объяснения не найдено,0.0,1.0,,
292,Дубенский,Республика Мордовия,2023-11,3.3808397310745524,True,2.775727552004767,0.21623257065251464,2.4412706894410126,-0.2047304982245734,4.541559846523502,1.628713637434294,17.6409914272198,4.103561187970017,26.783617295171158,-4.774744194669056,13.543568171902987,20.70420932229151,13,False,Продовольствие +14%; Все категории +18%; Маркетплейсы +27%,МО,нет в словаре упоминаний,,,,
2231,Кондинский,Ханты-Мансийский автономный округ — Югра,2024-12,3.3785068462504535,True,4.359242171073189,1.3745884579610597,2.457533842731186,0.19860269279691237,1.4664856213579456,3.0332261103075657,7.924281563036928,6.646311240955161,7.89992895010645,1.903203207617743,6.674198206998216,13.030059727985455,86,False,Все категории +8%; Транспорт +13%; Маркетплейсы +8%,МО,объяснения не найдено,0.0,1.0,,
370,Верхнеуслонский,Республика Татарстан,2023-09,3.377853409439744,True,1.0521946782755096,-0.4014903623819329,2.1319942267273797,1.3648282744872273,-1.3622293140518797,-5.274611394724018,2.515077842380542,-5.603329805346835,16.517215309151112,10.693177746329141,-3.734179428172446,-20.29720020935839,16,False,Транспорт -20%; Маркетплейсы +17%,МО,объяснения не найдено,1.0,0.4199398869852006,,В Татарстане два лесника заплатили почти по 2 млн рублей за незаконную рубку леса
1955,Анивский,Сахалинская область,2024-12,3.3777631791464495,True,3.2022951062587754,1.09559974122341,0.532387120906141,0.1842235723581278,2.963419308483784,3.897602383226024,7.537370399975263,11.67698467172471,3.12330182430971,1.3412024326195926,5.772948586619009,17.72300326968166,65,False,Транспорт +18%; Все категории +8%; Продовольствие +6%,МО,объяснения не найдено,3.0,2.029650184575014,,"В Москве выпустили ""Единые"" с изображением сахалинского маяка Анива | Билеты «Единый» с изображением маяка Анива на Сахалине выпустили в Москве | МегаФон установил систему мониторинга за углеродными выбросами на Сахалине"
1431,Ольский,Магаданская область,2023-10,3.375147315111891,True,-1.3067957859100672,-5.018590038010183,-0.4615554171998354,1.5894239025458892,-2.5421140581259842,-0.37838023038715574,-9.446072426413465,-32.95941207126365,-7.462425227277025,7.816952676259703,-9.738039053330105,-7.8996141855535384,49,False,Здоровье -33%; Продовольствие -10%,МО,объяснения не найдено,0.0,1.0,,
413,Тоджинский,Республика Тыва,2023-11,3.3745836350446794,True,-2.8377228281393285,-0.34902942126887404,-2.5795998411812953,-3.2665214724408016,-3.9294542560607826,0.31229213858549504,-8.347859129549118,-1.4441676010743976,-19.917412050272574,-19.40758090778587,-6.970442215034733,1.660965187366381,17,False,Продовольствие -7%; Общественное питание -19%; Все категории -8%,регион,объяснения не найдено,0.0,1.0,,
204,Усть-Джегутинский,Карачаево-Черкесская Республика,2023-08,3.3726194236850167,True,3.6363789453433477,3.5368079418012766,0.0518411769502827,2.89679531201764,-0.5360594110720425,0.869140848768602,11.040818023115051,12.332234763495808,0.46036356567169534,22.50444214707361,-2.3265408626380157,7.493673870223061,9,False,Все категории +11%; Здоровье +12%; Общественное питание +23%,МО,объяснения не найдено,0.0,1.0,,
912,Приморский,Архангельская область,2024-03,3.3696424313636255,True,-1.8720949645314233,-0.32180170137589426,-0.45051201489426546,5.509607038070002,-0.2755056426449409,0.024063210168398266,-4.619797334018383,-4.76865882327524,-2.3211199395015925,21.30975545699645,-0.5686079289648482,0.16031582054223392,29,False,Общественное питание +21%,МО,объяснения не найдено,28.0,0.5305045868202583,,Участника Telegram-чата с террористами из «Крокуса» вышлют из России - Газета.Ru | Новости | Полиция Петербурга остановила иномарку с наркотиками в Приморском районе города | 360° | В Приморском районе нашли труп в припаркованной машине | В Приморском районе 1 сентября откроет двери новая школа на 825 мест
355,Набережные Челны,Республика Татарстан,2023-04,3.368106070547902,True,1.3273801349170475,1.1841157780745941,0.7274023502514115,5.496292247521635,0.8684627722382433,1.4357050583758693,6.470188067133087,11.886037026341345,4.831360940050899,20.413000577786722,2.7512094747606852,16.47077496111571,16,True,Общественное питание +20%,МО,есть тематические новости,73.0,1.4449299015561938,транспорт,КамАЗ поставит Набережным Челнам 24 новых больших автобуса | «Паровоз Победы» впервые остановится в Набережных Челнах и Бугульме | На весенних ярмарках в Набережных Челнах реализовали продукцию более чем на 15 млн рублей | Мужчина получил ожоги при тушении пожара в Набережных Челнах | 360°
618,Карагинский,Камчатский край,2023-07,3.366719520748746,True,0.6300664508213205,5.609280269032043,-0.17627483211718525,0.6400882184404875,-0.9258678840494645,1.2973605970991922,1.6282659327860216,30.809807498418706,0.0,22.49012022673469,-3.6142669510136116,44.62218252965107,41,True,Здоровье +31%,регион,объяснения не найдено,0.0,1.0,,
586,Красночикойский,Забайкальский край,2024-12,3.364354245335803,True,2.125631616352799,0.40524038727921075,0.5764816367558608,-1.132710713522691,2.762849830338835,4.669581299312088,5.508820959433702,2.1940975898507187,5.157707378034981,-17.345832959795125,9.702031306028491,14.266917037974247,75,False,Транспорт +14%; Продовольствие +10%; Все категории +6%,МО,объяснения не найдено,0.0,1.0,,
1002,Селивановский,Владимирская область,2023-04,3.363078957797294,True,-2.851748227783916,-0.9374491802017224,-4.267973000100675,-0.06431876941266872,-2.7536954706139425,-2.594246754957604,-9.561207460306242,-21.283401381786724,-19.566241433387475,-5.633679732680408,-7.538357452065281,-26.656098538400876,33,True,Маркетплейсы -20%; Все категории -10%; Продовольствие -8%,МО,объяснения не найдено,0.0,1.0,,
324,Нюрбинский,Республика Саха (Якутия),2023-10,3.3618257652225925,True,2.482966359523738,0.5953269337218916,-0.015596567453941446,-0.7197873785375132,4.522112900458053,2.7001834012021666,7.021167436426268,8.45843407804292,0.9678265174385636,-5.529290143603305,5.674373971149471,11.561506846281944,14,False,Продовольствие +6%; Транспорт +12%; Все категории +7%,МО,объяснения не найдено,0.0,1.0,,
2126,Кувшиновский,Тверская область,2023-06,3.361087693359941,True,0.5599465172732017,1.0490104192550935,4.398598256980032,3.4784586074550186,-1.4163092968759061,1.563134842961819,1.0691854816894164,6.4798191484358725,9.877885996638014,26.539168170377803,-2.480735429375258,10.86219867980427,69,True,Маркетплейсы +10%; Общественное питание +27%,МО,объяснения не найдено,2.0,2.8681343456845556,,"Эксперт: хакеры могли украсть данные компаний в РФ через веб-серверы ""1С-Битрикс"" | «Находится в реанимации». Ветерана избили до полусмерти в пансионате для престарелых в Новосибирске | 360°"
1210,Куйбышевский,Калужская область,2023-07,3.360588056364059,True,-1.467395039980033,0.33972334501054324,2.924678463018853,-1.2031455483302806,-2.986000614651726,-4.0510137584293,-6.263918403459456,2.7126140811826183,14.158555533575345,-31.921797142429487,-11.626716893838207,-20.078290615832373,40,True,Транспорт -20%; Продовольствие -12%; Маркетплейсы +14%,МО,нет в словаре упоминаний,,,,
2063,Смоленский,Смоленская область,2023-10,3.360197543025365,True,1.1395332923005963,1.006242529461519,1.3235892178139386,-0.6855859338712653,0.14196773842265056,5.551788724608164,2.410569875823576,3.2489579183449635,5.148198753934263,-3.9240282675592653,0.4974368428561249,11.310670569012515,67,False,Транспорт +11%,МО,нет в словаре упоминаний,,,,
401,Бай-Тайгинский,Республика Тыва,2023-07,3.3586119373781496,True,-1.0124334119385299,-0.19486252277125654,-2.223200986212723,4.443217692434643,-3.025891001050032,-0.6427003801146233,-5.761353348569731,0.06931618500898296,-12.141050460052094,42.70167616862768,-7.822343801984033,-5.23117773798103,17,True,Общественное питание +43%; Продовольствие -8%; Маркетплейсы -12%,МО,объяснения не найдено,0.0,1.0,,
1556,Княгининский,Нижегородская область,2023-10,3.353842463338657,True,-1.658300335004877,-3.07238607481597,-3.355565549407016,0.7810747739449285,-3.61184183728887,-0.2701110455877524,-3.8257695573840955,-9.920126384767247,-6.144321009575648,7.443370236724967,-4.0614367389259165,-2.4282244694400212,52,False,Продовольствие -4%; Маркетплейсы -6%; Здоровье -10%,МО,объяснения не найдено,0.0,1.0,,
321,Горный,Республика Саха (Якутия),2023-12,3.3537997995851088,True,-0.8060701146958921,-1.8084128201896812,1.701907204174731,-5.251387838204592,-0.5018968938464702,-0.7628611291554096,-4.150053242537055,-12.306280258401614,30.7372374132016,-46.11536089708874,-3.547066361236162,-16.838371670989005,14,False,Общественное питание -46%,МО,есть тематические новости,9.0,1.1499038711555325,погода,"На запасные аэродромы из-за непогоды в Сочи ушли 19 самолетов | На перевале Камчик снегопад и гололедица, в горных районах республики объявлена лавинная опасность | В Горном районе Якутии в ДТП пострадали семь человек | В горных районах края возможен сход лавин"
613,Мильковский,Камчатский край,2023-10,3.352831092433688,True,-1.2938526051249541,-2.0635638206912916,-0.573238930404241,-1.278998847177888,0.004886852595667755,-5.271819306208774,-2.3927795958154974,-6.662839046201885,-5.796842306360883,-10.775107272437356,0.0,-19.61267756853431,41,False,Транспорт -20%; Здоровье -7%,регион,объяснения не найдено,4.0,4.9252546510479345,,"На Камчатке спасли пьяного мужчину, пытавшегося пересечь реку на тракторе | На Камчатке спасли пытавшегося на спор пересечь реку на тракторе пьяного мужчину | На Камчатке вулкан Ключевская сопка выбросил пепел на высоту 10 км | На Камчатке возбудили уголовное дело после гибели ребенка в ДТП"
2112,Бельский,Тверская область,2023-10,3.352333602358822,True,1.554707381548826,4.929800262707373,-0.19997608177659523,1.5556692437967874,0.15615179115547384,2.644122598940389,4.802293733159679,45.1926199967124,-5.67707168251399,62.22039686523235,0.5829147496413611,29.34558820143911,69,False,Здоровье +45%; Транспорт +29%,МО,объяснения не найдено,0.0,1.0,,
2234,Октябрьский,Ханты-Мансийский автономный округ — Югра,2024-04,3.3486933115845523,True,-1.60284869143346,-3.0082496778275205,1.7589709624882837,-2.073233108203566,-1.4825339672723636,-4.504817314836702,-2.69827047640927,-24.710607597362745,5.975999648105024,-13.997091940227158,-3.638002348595837,-21.451252723557303,86,False,Транспорт -21%; Здоровье -25%; Общественное питание -14%,МО,нет в словаре упоминаний,,,,
1725,Новосильский,Орловская область,2023-09,3.3469221818753874,True,-1.526740575661485,-5.414854827171139,-0.2442753361386407,-0.4169836137419795,-1.3978822160249287,-0.9622355104089396,-4.714877215142188,-37.24108522161052,-2.002991738129367,-6.9284909270575845,-3.8335762002336793,-7.916924228968991,57,False,Здоровье -37%,МО,объяснения не найдено,0.0,1.0,,
2882,Пуровский,Ямало-Ненецкий автономный округ,2023-10,3.345555569495,True,-0.012149720841535264,2.592977349139367,1.2852214837253233,1.5584221804226432,-4.814529814478285,1.9170282569870796,0.0,5.703493050259123,4.424812394244704,3.9013515245580166,-3.570821824211201,8.39060433008969,89,False,Продовольствие -4%; Здоровье +6%,МО,объяснения не найдено,3.0,0.832774848301068,,Пуровский район возглавил рейтинг устойчивости муниципальных образований ЯНАО | Канализационно-очистные сооружения построят в Тарко-Сале на Ямале | Стало известно о массовом переселении столичных белок в Арктику
1966,Томаринский,Сахалинская область,2023-07,3.3454107025535125,True,0.5818995435478389,0.7159022653562523,1.110385459393726,0.6326824470801656,-0.7973704860899554,-5.63085808254465,1.7645411221228535,4.4487008656532545,19.581810504800856,9.195869660122957,-0.854176999265821,-16.67648510024855,65,True,Транспорт -17%,МО,объяснения не найдено,0.0,1.0,,
586,Красночикойский,Забайкальский край,2023-03,3.3418796977701866,True,-0.31670446126904367,-0.5424712526155949,-1.0652372247811959,5.600937160623128,-0.9996260904943661,-0.3933977168069126,-0.6488788934828627,-5.010627708182103,-11.036730814047857,36.65412292129129,-2.433764989541043,-0.561703350300391,75,True,Общественное питание +37%,МО,объяснения не найдено,1.0,2.093886229832367,,В российском городе ребенок поел творог и заразился опасной инфекцией
1937,Озинский,Саратовская область,2024-01,3.3407470178703957,True,-0.07252290620999963,-1.1937023388462096,-5.286080788090705,0.07663818502679419,0.7279220823011934,2.0283482295309314,-1.0728231199987448,-8.834609629504797,-13.413584372765808,3.8341308220397607,2.8183439015405654,13.464238372038473,64,False,Маркетплейсы -13%; Транспорт +13%,МО,объяснения не найдено,1.0,1.9081282681247425,,"Учеников школ на севере Сахалина перевели на ""удаленку"" из-за морозов"
47,Бурзянский,Республика Башкортостан,2023-12,3.3385515864541584,True,-0.09909732369287394,0.05205899118180023,-0.01617677239109419,5.529905240492828,-1.5960513228470594,0.5572685997388,0.5407753825787509,3.6726206187969623,2.370970005485873,74.7023843178777,-7.044232327623234,4.796503966083954,2,False,Общественное питание +75%,МО,объяснения не найдено,0.0,1.0,,
1339,Звериноголовский,Курганская область,2024-12,3.3347654055247755,True,0.7118916981683797,1.5957866567067907,1.0815524438331974,-5.349459287807306,1.4828119246968483,0.8120867905445359,4.362986199793717,18.62786844264086,10.341169873504974,-130.1571728620832,6.37439080621558,12.791726603877107,45,False,Общественное питание -130%,МО,объяснения не найдено,0.0,1.0,,
495,Порецкий,Чувашская Республика,2024-05,3.3342597734160178,True,-4.1362025955830655,-1.022789577470643,-3.430680719097055,-2.115212188355656,-1.7331051211991957,-0.2042662522460526,-12.802498234409043,-6.703693690492152,-17.76417797340395,-32.56176999057159,-4.8978811600141725,0.0,21,False,Все категории -13%; Маркетплейсы -18%; Общественное питание -33%,МО,объяснения не найдено,0.0,1.0,,
341,Усть-Янский,Республика Саха (Якутия),2023-09,3.3336927718615303,True,0.31664067944541413,-5.099997669329699,-1.7006188264909377,-2.106760990549632,0.39588521978163616,0.4853243515729766,1.4307780076823207,-40.62031117912408,-29.694289406821728,-23.852718082357338,2.5967964802395826,2.3298758247434215,14,False,Здоровье -41%; Общественное питание -24%,МО,объяснения не найдено,1.0,1.9375969037039606,,В Якутии хозяйка покусавшей ребенка собаки заплатит 50 тыс. рублей
618,Карагинский,Камчатский край,2024-01,3.332943502202444,True,-2.7415162332294907,-1.0272426376939428,0.25282605842084993,0.08595869355935219,-0.03251649483660712,-4.975379229050109,-8.58095298269248,-42.22427628819947,5.149019714985581,2.638726659481705,-0.2664336841879944,-90.4107062062848,41,False,Транспорт -90%; Все категории -9%,МО,объяснения не найдено,1.0,1.9081282681247425,,Новую районную больницу построят в Камчатском крае
2439,Введенский,Санкт-Петербург,2023-08,3.3265266125069544,True,-3.2268812016441553,-0.581251897047895,0.30618468365706764,-3.1209041418067307,-0.7889390146367623,-3.611721606004558,-2.984717671563608,-2.3078376948920454,1.5354571023436847,-5.199313569618713,-0.9270337302234033,-6.3276750703844975,78,False,Транспорт -6%; Все категории -3%; Общественное питание -5%,МО,нет в словаре упоминаний,,,,
1124,Пестяковский,Ивановская область,2023-07,3.3244336944514954,True,-1.7677305427794163,-1.3719352911264435,-3.7644688433530145,-3.6501599834944094,1.6328726707064585,-2.3792193233776846,-8.506084368254996,-18.645892129081254,-25.79818154374367,-99.32950737741248,7.346909757816178,-16.27491685029061,37,True,Маркетплейсы -26%; Общественное питание -99%; Транспорт -16%,МО,объяснения не найдено,0.0,1.0,,
1033,Октябрьский,Волгоградская область,2023-10,3.322877107790954,True,-2.948814329187281,-1.9967271719462498,-1.096274313115529,0.04112784888118122,-4.521295331344196,0.6744907594765952,-8.409068209009618,-15.084556665886417,-10.659266521645527,-0.6930039518191933,-8.066947918114487,3.055731280357321,34,False,Продовольствие -8%; Все категории -8%,МО,нет в словаре упоминаний,,,,
2446,Стрельна,Санкт-Петербург,2023-12,3.3223409681882403,True,-1.1251068355943363,-5.26793562227551,0.7112301815798792,-2.0240645777162256,0.7704925159678994,0.9904041620037374,-1.4890591752682703,-11.499177594976473,2.836087473393434,-8.269218618778229,0.9234184346364138,2.2343970066693863,78,False,Здоровье -11%; Общественное питание -8%,МО,нет в словаре упоминаний,,,,
1164,Усть-Илимский,Иркутская область,2023-05,3.3219991549352565,True,0.6801301833077343,-1.1875940706381687,0.5233927663768861,-5.570186608319492,-0.7823695390527032,-0.8183377224929367,7.374946923188119,-16.846218592137152,15.260899909023529,-60.87528156326165,-2.8027245891967922,-21.156038954599854,38,True,Общественное питание -61%,МО,объяснения не найдено,0.0,1.0,,
1955,Анивский,Сахалинская область,2024-02,3.319190729088821,True,3.4137666508245847,1.5308733708713964,-1.2799890317242812,2.849896050091155,0.5956936110339978,3.6435382591102665,5.7702134794793025,13.722080263291847,-10.118856409943078,32.279307679506395,0.531605779804778,12.452186580115354,65,False,Транспорт +12%; Все категории +6%; Общественное питание +32%,МО,объяснения не найдено,0.0,0.5078238169489452,,
580,Газимуро-Заводский,Забайкальский край,2024-04,3.3132557155092646,True,0.29294317034040407,-3.2352190339971014,0.6376671822279264,0.2721751285319891,-1.920899850114978,4.333184957621305,0.4415595274930517,-14.574284637892365,7.877858266020965,2.902973381603502,-4.728706646542857,16.66636522680296,75,False,Транспорт +17%; Здоровье -15%,МО,объяснения не найдено,0.0,1.0,,
1545,Варнавинский,Нижегородская область,2024-08,3.3106677146549086,True,-1.8027224887524762,-5.005390699721157,-2.1395835394454896,0.6567450527867601,-1.3617241094571784,0.42306169013308065,-4.9582872422580415,-17.27688330681385,-11.521598896175878,13.33237496259101,-4.375211351839425,1.9380293339871457,52,False,Здоровье -17%; Маркетплейсы -12%,МО,объяснения не найдено,0.0,1.0,,
2145,Кедровый,Томская область,2023-08,3.310010461452601,True,-0.8135597484530005,-0.1059328520236883,0.4673342628052664,-0.31027205435167304,-2.0838665577153668,-5.278648356360707,-1.737203343837912,-1.3366909714605413,5.286012740048207,-9.694788374601426,-6.294934168007593,-52.11466830879221,70,False,Транспорт -52%; Продовольствие -6%,МО,нет в словаре упоминаний,,,,
1269,Верхошижемский,Кировская область,2023-10,3.3093805375703114,True,-1.9707635205807112,-0.18174275368724127,-1.5269791206548968,-1.0864805334781857,-5.161436286381903,-0.9066914814669504,-6.900697667173361,0.0,-13.004200055192605,-29.525805630780866,-9.17168136321127,-8.237504374396476,43,False,Продовольствие -9%,МО,объяснения не найдено,0.0,1.0,,
1511,Полярные Зори,Мурманская область,2023-11,3.308927767991673,True,-1.2208679849058088,1.0308252953874764,-0.46092280845632205,-5.476849549592167,-0.8386627264571063,-1.1664515831885922,-1.7558272155492105,3.2593914024447113,-2.4081588483471528,-7.400654254955086,-1.0696860732778646,-2.5164494545049987,51,False,Общественное питание -7%,МО,объяснения не найдено,3.0,3.489879137853431,,Предприятие по выращиванию малька форели построят в Полярных Зорях | Под Мурманском школьников перевели на дистант из-за роста заболеваемости ОРВИ | Студентов перевели на дистант из-за вспышки пневмонии под Мурманском
1966,Томаринский,Сахалинская область,2024-03,3.3077878161301006,True,-0.3823398535644416,1.2023525996611264,0.8419785980195167,-0.16324237562624402,-5.385789445632438,1.540130183789211,-0.9049340780079795,15.680491276885977,11.909115786370439,-2.6012313424052635,-5.055513282420954,16.310238253397724,65,False,Продовольствие -5%,МО,объяснения не найдено,0.0,1.0,,
2,Адыгейск,Республика Адыгея,2023-04,3.307367049243072,True,-3.861021767702661,-2.595287195104319,0.0,-1.2794655668196218,-2.9495610221681785,-3.0345726356587526,-14.344091263012082,-20.54577851475976,0.0,-23.289971311630264,-9.615519867189448,-28.556124968802,1,True,Все категории -14%; Транспорт -29%; Продовольствие -10%,МО,объяснения не найдено,0.0,0.5078238169489452,,
440,Сарапульский,Удмуртская Республика,2023-11,3.307220780163639,True,1.1449046559298703,1.1890478848049102,0.7721246169903251,-5.485297286629927,0.2861413739361115,0.38232064755381845,2.9271959665344127,14.543855747436307,9.6372229991732,-21.281317157627377,1.102124437079155,3.137398858993379,18,False,Общественное питание -21%,МО,объяснения не найдено,1.0,1.8299597126178104,,Житель Удмуртии предстанет перед судом за хранение партии героина | 360°
2262,Николаевский,Ульяновская область,2023-05,3.306788672814044,True,-0.77122805489842,-0.40720361479354167,-0.12421139195673843,-5.515787546256032,0.1682051788951937,-1.336356618518524,-4.738054853439166,-8.813002273170856,-0.5468810726507733,-60.30418784503668,0.44464867442943756,-11.861036806324421,73,True,Общественное питание -60%,МО,нет в словаре упоминаний,,,,
2882,Пуровский,Ямало-Ненецкий автономный округ,2024-08,3.3054613836199795,True,-1.2792751770178068,-4.589590519760756,0.512883935635109,-0.36503010377407474,-3.1744824394217366,0.2050975057227324,-1.1395450915660632,-13.36801518428734,0.8844938794361212,-1.0091822030084074,-3.00666398956988,0.42199212187652435,89,False,Здоровье -13%; Продовольствие -3%,МО,объяснения не найдено,4.0,1.3185476061657755,,"Избранный глава Пуровского района ЯНАО сосредоточится на существующих проектах | Губернатор Ямала вручил ключи от квартир новоселам в Тарко-Сале | Военнослужащий из Пуровского района ЯНАО освобожден из плена ВСУ | Житель ЯНАО, зарубивший топором двух приятелей и изнасиловавший женщину, отправится на лечение"
2148,Александровский,Томская область,2024-12,3.305040008301044,True,1.8105583740630427,0.36588464104429863,5.078080380340323,0.6390072566340754,-0.798958947014457,1.9247977541353716,6.24038512471099,5.554228623943391,28.52855463351638,9.518144218559677,-2.8792468132774474,21.102622740430554,70,False,Маркетплейсы +29%,МО,нет в словаре упоминаний,,,,
884,Селемджинский,Амурская область,2023-02,3.303041593176224,True,0.5124186108705049,0.6626516324297962,-1.1255188733461694,4.593999148535557,-1.1217029140347232,3.218482621943534,-0.08402180601940756,2.508608609282348,-23.437301459619864,7.804904689459047,-3.1509920132993585,28.057506648467445,28,True,Общественное питание +8%; Транспорт +28%,МО,объяснения не найдено,1.0,3.0465786740995795,,Ледорезы установят на поврежденном ледоходом мосту в Приамурье
605,Агинский,Забайкальский край,2023-05,3.302039468122574,True,0.10257472235034112,-0.0030709024717521663,-2.2999069291777743,1.2266287327596463,0.10784078680819861,-5.090796010076043,0.005709025348377139,-0.9497263452018512,-28.158823699278468,20.14296495464638,0.28507601976732744,-11.87416703867239,75,True,Транспорт -12%; Маркетплейсы -28%,МО,объяснения не найдено,0.0,1.0,,
1115,Гаврилово-Посадский,Ивановская область,2024-02,3.300168807543637,True,0.36816317967267886,-1.1868402935950964,0.5172019091575235,-5.387323011184638,0.9719019657337848,-1.4971651096360632,2.8216398378453356,-8.464282033635406,3.510283147380555,-77.10472046738066,3.5399333856706683,-14.23793057028595,37,False,Общественное питание -77%,МО,объяснения не найдено,0.0,1.0,,
884,Селемджинский,Амурская область,2024-09,3.299286263956748,True,-1.9476487695259146,-4.9083763438547345,1.436981098767233,0.4492303341150732,2.1841189281384037,-1.8369249145947648,-3.961545606650674,-36.0827074565119,15.903814510019565,3.9412597370702684,7.91343607338213,-20.20004055555793,28,False,Здоровье -36%; Продовольствие +8%,МО,объяснения не найдено,0.0,1.0,,
207,Костомукшский,Республика Карелия,2024-01,3.2984502777240476,True,1.7125293243182944,0.6744907594765952,4.887475683155835,0.6691333799940299,2.412290916072078,0.7337223684061703,6.123659990267516,3.305925679456889,12.173722512834129,5.644927895847518,3.4515494078181774,6.435462204854581,10,False,Маркетплейсы +12%; Продовольствие +3%,МО,объяснения не найдено,0.0,0.5249682552654786,,
405,Кызылский,Республика Тыва,2024-12,3.2952936396935426,True,-1.3878930329384258,0.02826450360630819,-0.42177556217106393,-5.418941503234358,-1.133889954563174,0.8000649523313845,-3.486482935598545,-0.6048000204607273,-1.8304579773073648,-10.261343329340988,-3.00303390800698,2.6626600145957635,17,False,Общественное питание -10%,регион,объяснения не найдено,1.0,1.9727717529230038,,РЭО: в Республике Тыва появится новый мусоросортировочный комплекс
770,Косинский,Пермский край,2024-05,3.2947954830729342,True,0.17522228438008955,-1.0983420310004064,0.7478454634217538,-4.407344653117351,-3.4548501729321397,-0.03715491212139639,0.8776140054170156,-8.07859981600525,6.59931502957356,-70.92279513676712,-7.6868408726002535,-0.9912516049811693,59,False,Общественное питание -71%; Продовольствие -8%,МО,объяснения не найдено,1.0,1.9129874380152891,,Глава Косинского округа уходит в отставку
341,Усть-Янский,Республика Саха (Якутия),2023-07,3.2935045508971683,True,3.604366214793645,3.345808179556509,0.3489343180357982,2.8906104019061387,1.1175847551330178,2.100565041312754,15.48457814249442,33.665748790510804,5.893461670777889,55.45170446331716,6.037478873434843,22.172876662621377,14,True,Все категории +15%; Здоровье +34%; Общественное питание +55%,МО,объяснения не найдено,0.0,1.0,,
2443,Петровский,Санкт-Петербург,2023-10,3.2934601003712123,True,-2.8820808446581228,-1.0545886362408214,-3.6780612458202655,-1.5520355109719013,-3.272019831092298,0.05863021441486914,-2.427009194616314,-3.0852619800635583,-6.2647167979181795,-2.3143274762121635,-2.4281706826142724,0.5049326728599812,78,False,Маркетплейсы -6%; Продовольствие -2%; Все категории -2%,МО,нет в словаре упоминаний,,,,
2067,Хиславичский,Смоленская область,2024-07,3.29092958243434,True,-1.6942929979690862,-0.18622970189181812,-1.2076478194667626,-5.306751410306919,-0.8868815635677044,-1.0117663577302225,-9.815210116754969,-2.214632193928434,-12.322119194289627,-58.56438440123446,-1.9738430164570886,-15.114901723448959,67,False,Общественное питание -59%,МО,объяснения не найдено,0.0,,,
909,Онежский,Архангельская область,2023-10,3.287336067828532,True,-0.07378941318629996,0.014583667543463248,1.0109656201704331,0.9136629746631049,-5.528372613355782,-0.016445194069468583,0.12275145138298527,0.02535560875052134,4.767980685845252,7.1531141807635645,-4.099617940828626,-1.3298571470204301,29,False,Продовольствие -4%,МО,объяснения не найдено,2.0,2.9626273255239672,,Инженеру вынесли приговор за гибель ребенка от удара током в Онеге | Архангельский ЦБК выпустил в водные объекты 100 тыс. экземпляров молоди семги и кумжи
203,Урупский,Карачаево-Черкесская Республика,2024-04,3.2845575861745946,True,-3.46654205169097,-1.0916120535488818,-4.376805334841405,-0.7590855613164478,-0.7745332095940809,-0.35882145616893457,-9.895460669502398,-7.252400775834644,-17.098212661828516,-13.04980989231539,-1.8407560476524587,-2.9849051062095455,9,False,Маркетплейсы -17%; Все категории -10%,МО,объяснения не найдено,0.0,1.0,,
437,Красногорский,Удмуртская Республика,2023-09,3.2794437423249927,True,-2.297027437526553,-4.985899440245417,1.45901525017194,1.3740853047631478,-1.4545993498164598,0.010879049326160337,-7.0599346768590365,-36.11368540827344,22.39254512967923,26.386925953930795,-3.8784709368341552,0.19200980894753528,18,False,Здоровье -36%; Все категории -7%,МО,нет в словаре упоминаний,,,,
2593,Киевский,Москва,2024-01,3.278754216485162,True,0.5795730592457438,-5.341930041809915,0.8406912973681036,0.5197504144844222,0.3533091864559981,1.73427483614793,6.451382428057872,-34.262707505226466,33.38406233256768,10.661930382689189,1.4869280313539512,21.12865928554699,77,False,Здоровье -34%,МО,нет в словаре упоминаний,,,,
226,Вуктыл,Республика Коми,2024-06,3.2783763067903458,True,1.7606840525139649,3.0891136445626737,3.236177185630162,-3.4968253803924036,0.3826219872531636,0.18796088738649788,5.842998447915004,20.885802935540276,24.201973203932603,-16.938395476944645,0.6499995925280722,1.7588339713646484,11,False,Общественное питание -17%; Маркетплейсы +24%; Здоровье +21%,МО,объяснения не найдено,0.0,1.0,,
437,Красногорский,Удмуртская Республика,2023-08,3.275835559555281,True,-0.06456227728336195,1.7536112459358681,-0.9300394305482532,-5.315371115500151,0.07755867075742261,0.7237523129663891,-0.27597183013305937,16.54197348625388,-13.593462357420272,-57.23138718261325,0.0,5.718094635077797,18,False,Общественное питание -57%,МО,нет в словаре упоминаний,,,,
2504,Молжаниновский,Москва,2023-05,3.274375444181146,True,-1.3093031282410408,5.03407469619517,-0.9911221029086743,-0.8224262677055372,0.2891349050983388,-2.2601816121442893,-2.5852245914741445,16.121855986120615,-4.291821885653668,-2.979007712497417,0.27276933800077785,-4.536080126369502,77,True,Здоровье +16%; Транспорт -5%,МО,нет в словаре упоминаний,,,,
1959,Макаровский,Сахалинская область,2024-04,3.2741752441804826,True,-1.2511963850036962,-0.504398659041065,2.6321482120098603,-0.8377271739988942,-4.545916676453759,-2.1370793035275675,-1.7670892984581243,-6.6855804581235745,23.59456483186353,-16.549497341565722,-6.602903939199756,-16.052158207117316,65,False,Продовольствие -7%; Маркетплейсы +24%; Транспорт -16%,МО,нет в словаре упоминаний,,,,
1189,Краснознаменский,Калининградская область,2023-11,3.268132554406384,True,-2.256073598135267,-2.201633344460368,-0.2549414115922104,4.701596932518741,-1.4678645684301943,0.1782812329385389,-5.335030887583869,-17.796047872307152,-2.7883611395785657,47.59584604547875,-4.532655268168462,1.7380333494961597,39,False,Общественное питание +48%; Все категории -5%; Здоровье -18%,МО,объяснения не найдено,4.0,1.1362234147375383,,Площадь Ленина благоустроят в подмосковном Краснознаменске в 2024 году | Воробьев поддержал идею подмосковных ЗАТО о присвоении им статуса малых городов | Воробьев поддержал идею признать закрытые территории в Подмосковье городами | Воробьёв поддержал идею признать все подмосковные ЗАТО малыми городами
1705,Тюльганский,Оренбургская область,2024-07,3.264297608289242,True,-2.269592923571012,-5.011502653403253,0.3170907892830483,0.08135314746342348,-1.0398794621769871,-1.3041110929123858,-7.449399819740421,-29.822475481597266,1.8218330223968238,2.3076255018904313,-3.3467035115130273,-10.940420554214736,56,False,Здоровье -30%; Все категории -7%,МО,объяснения не найдено,0.0,1.0,,
191,Юстинский,Республика Калмыкия,2023-02,3.261963664752087,True,-0.6777576626396635,-0.3593403936524112,-0.8758742860350329,-5.36404785934838,-1.2416287008647828,-1.2675052592780396,-0.9012296076685189,0.0,-29.263004178588048,-92.02622956109722,-10.137872590903463,-12.776708821376559,8,True,Общественное питание -92%,МО,объяснения не найдено,0.0,,,
2456,Дворцовый,Санкт-Петербург,2024-03,3.2613923194687553,True,0.05917538659268411,2.0189667283019297,5.068551867009524,0.6885782314621379,-0.7539345096276598,1.46410208179397,0.1807677672183594,7.4903806364189585,10.218997378531292,0.9055423222958048,-2.028409995236391,4.894785875197094,78,False,Маркетплейсы +10%; Здоровье +7%,МО,нет в словаре упоминаний,,,,
1218,Сухиничский,Калужская область,2023-10,3.260670906507619,True,-2.0837536653238886,-4.9700575789620745,-0.36154277880802893,0.2425316298189804,1.6889116630796752,-0.9691210734353076,-4.758800993885792,-28.630047387586988,-1.9217523955351368,2.3345227676783153,3.0652637089486845,-6.9746038358875495,40,False,Здоровье -29%; Все категории -5%,МО,объяснения не найдено,0.0,1.0,,
1215,Мосальский,Калужская область,2023-10,3.2514840836518193,True,-2.508932407901696,0.4546792664572383,-4.217216552614092,-1.8250811790540284,-2.7634740743603228,0.6628097241235575,-6.175231328151298,3.26069701734486,-8.935012510742446,-21.213631108979136,-5.6028007350022335,7.824197297106306,40,False,Маркетплейсы -9%; Продовольствие -6%; Все категории -6%,МО,объяснения не найдено,0.0,1.0,,
2079,Гавриловский,Тамбовская область,2024-10,3.2510948669941127,True,4.535099579370659,1.775769816691247,2.8263699096025654,0.18401365064072114,1.3065390165519228,1.0683584570866884,21.347668268997744,18.358929212860975,32.27853941412518,10.074526735821143,4.475647095617941,7.964965683559111,68,False,Все категории +21%; Маркетплейсы +32%,МО,объяснения не найдено,0.0,1.0,,
335,Среднеколымский,Республика Саха (Якутия),2024-12,3.250022213880694,True,0.6985889249832464,-1.0697778559133337,-2.7915209411334674,0.31450986895993377,0.9307671836848246,4.769792379796494,6.746544025749124,-10.5606021233152,-32.91655279714103,4.88733043831191,6.597159566503663,30.1386850922567,14,False,Транспорт +30%; Маркетплейсы -33%,МО,объяснения не найдено,0.0,1.0,,
184,Лаганский,Республика Калмыкия,2024-08,3.2490819586547683,True,-1.538317136037719,0.08578801656143449,0.643408553681632,-2.741418038786579,0.16131064673302692,-4.667741236160802,-9.494842544374293,0.0,8.172058751988764,-28.36658598780586,0.0,-27.412903941398525,8,False,Транспорт -27%; Общественное питание -28%,регион,объяснения не найдено,0.0,1.0,,
1153,Качугский,Иркутская область,2023-12,3.248825774237885,True,-0.02709444143255407,-4.190016977450968,0.012656142443067484,1.968695048262861,2.8084219773820847,-2.4942194088907113,0.0,-19.85671497300867,0.07280343508533349,10.84986967360857,10.749942285753278,-15.765521061468313,38,False,Здоровье -20%; Продовольствие +11%; Транспорт -16%,МО,объяснения не найдено,0.0,1.0,,
2049,Глинковский,Смоленская область,2023-11,3.2460818677843415,True,-0.8075896661210814,-5.196463345637655,-1.988896705636968,-0.3122578107965628,-0.49693915428436564,-0.8025143134694952,-3.542427642504009,-42.74072132142068,-19.02012361661054,-13.316795449586216,-2.143004399474968,-14.027624753535406,67,False,Здоровье -43%,МО,объяснения не найдено,0.0,,,
1176,Калининград,Калининградская область,2023-04,3.2456182090754155,True,0.840417409836841,2.73897690835376,0.5167750488965843,4.6909710566926766,1.447379949433526,0.9638311295301047,5.567781447156506,10.492460425697647,4.029440671869899,15.391142618600817,3.7268523004073018,7.794488284330825,39,True,Общественное питание +15%; Здоровье +10%,МО,есть тематические новости,97.0,0.47774326673707374,транспорт,"«Думали — это засада»: как сослуживцы спасали раненного в СВО добровольца, который прополз на руках через минное поле | Тяжелораненый российский боец прополз четыре километра через минное поле | «К свисту пуль привыкаешь быстро»: тяжелораненый доброволец полз на руках четыре километра через заминированное поле | Пострадавший при стрельбе под Калининградом риелтор умер в больнице"
331,Нижнеколымский,Республика Саха (Якутия),2024-01,3.2454102594029433,True,-0.4013510469299108,0.296820281198692,0.38532404612488197,-1.0742057481796279,-1.2055473369134426,-5.384310622963016,-6.7584801742723855,6.702802277808928,13.903071794863653,-13.226979664203675,-22.289504253176595,-49.10704844517628,14,False,Транспорт -49%,МО,объяснения не найдено,0.0,1.0,,
1884,Алексеевский,Самарская область,2023-02,3.2452258302153956,True,2.8931718487402764,2.3572427611938305,0.2224445445605915,0.08964170142526717,4.017823671722649,2.6610377043351927,10.66560361077169,18.45534839233811,2.4596370386107846,5.661992271633576,11.121887179299517,18.51197747543276,63,True,Продовольствие +11%; Все категории +11%; Транспорт +19%,МО,нет в словаре упоминаний,,,,
330,Нерюнгринский,Республика Саха (Якутия),2024-05,3.244926602687841,True,1.4180820710576196,1.4023298056599005,-0.4960204763042805,2.4132518221872004,0.4079187469644271,4.873797785397836,6.791145020356204,12.011073584008969,-5.416491581702587,24.4287965459014,1.2850071169042465,15.81868404573541,14,False,Транспорт +16%; Общественное питание +24%,МО,объяснения не найдено,3.0,0.7489824938334696,,По миллиону рублей выплатят в Якутии участникам Великой Отечественной войны | Ухудшение погодных условий спрогнозировали в Якутии | Житель Якутии вымогал у детей интимные фото - Газета.Ru | Новости
1184,Балтийский,Калининградская область,2024-10,3.2437525019195825,True,2.940808030904865,4.186702541161588,1.0587348209266267,0.5659581290258174,2.3214135431510696,1.8805788895660753,7.884167987734791,15.124858823549303,5.139472192503725,3.5990165201248203,3.4713923592672558,9.60064941823724,39,False,Здоровье +15%; Все категории +8%; Продовольствие +3%,МО,есть тематические новости,50.0,1.096749970486791,ЧС и стихия,Перевозивший сотни тонн мазута танкер горит в Балтийском море | В Балтийском море загорелся немецкий танкер с нефтью и химикатами | В Балтийском море потушили пожар на немецком танкере - Газета.Ru | Новости | В Балтийском море потушили пожар на нефтяном танкере Annika
219,Пряжинский,Республика Карелия,2023-11,3.2437311800378033,True,1.1866333005709586,0.9532176954303269,-4.810047754013992,-2.502052597032592,1.4725995079571816,-0.2725537349453428,2.8060810232495292,13.573956000954146,-22.31470089663663,-19.33185757875289,6.7322963048559,-5.2097744913065736,10,False,Маркетплейсы -22%; Общественное питание -19%,МО,объяснения не найдено,0.0,1.0,,
855,Полины Осипенко,Хабаровский край,2023-08,3.239135825213198,True,0.8508724293676323,1.000371193127751,2.19970893107321,5.0632539712180815,0.20227612216495722,0.9180148470528539,6.024878589817462,21.457223659026205,26.030053510384434,40.46029820837496,0.4818696385464172,39.68732042585277,27,False,Общественное питание +40%; Маркетплейсы +26%,МО,нет в словаре упоминаний,,,,
1151,Казачинско-Ленский,Иркутская область,2023-11,3.2366901089570774,True,1.3080355699894268,-4.6495054419716295,2.84598500997113,0.028920980142874107,0.4876825289098678,1.2738017723423507,1.6726065839417714,-9.276603806697814,7.287665666048682,0.10971792048657392,1.667309216334445,4.211855284371424,38,False,Здоровье -9%; Маркетплейсы +7%,МО,объяснения не найдено,0.0,1.0,,
2275,Челябинский,Челябинская область,2023-04,3.235884117570658,True,1.0780214246063904,2.842173914661907,1.1707607522637755,2.999138068553591,1.3619873015462147,3.7868266862382485,5.4815470427289625,10.854838955032786,7.109462491828555,10.66635513831553,3.6684378805832196,13.327116672337347,74,True,Транспорт +13%; Общественное питание +11%; Здоровье +11%,МО,есть тематические новости,487.0,0.8057813475125499,транспорт,"347 горняков эвакуировали с рудника под Челябинском, где произошёл пожар | Многоэтажку в Челябинске эвакуировали из-за пожара | Беречь лес от пожара в челябинском районе будут беспилотниками с тепловизорами | Микрорайон под Челябинском остался без воды"
1286,Опаринский,Кировская область,2024-03,3.2349409102363866,True,-1.2666647616605224,-2.366786312919009,-1.4407922179279753,0.05714752345345793,-4.87000702380402,-0.6756448184129824,-3.409837643747693,-17.305040510142167,-7.19377188949224,8.828810873024473,-13.574647040476329,-8.842725490491965,43,False,Продовольствие -14%; Здоровье -17%,МО,объяснения не найдено,0.0,,,
908,Няндомский,Архангельская область,2023-10,3.2329023477563146,True,-1.5818350070631937,-5.103105777206815,-0.32833522039918606,-0.3223704072806567,-0.43000461270884816,-1.6766282257712006,-2.296439804633632,-31.806085041299916,-1.410789806542656,-2.916477187831523,-0.2652298152105992,-9.56188061479386,29,False,Здоровье -32%,МО,объяснения не найдено,3.0,3.9439409882859513,,Ссора двух детей привела к «минированию» школы Няндомы и массовой эвакуации | Суд оштрафовал перепутавшего тела архангельского патологоанатома | В Архангельской области патологоанатом перепутал тела и выдал родственникам чужой труп
323,Кобяйский,Республика Саха (Якутия),2024-08,3.2314507525303835,True,-1.7513954465051629,0.6037000250200879,3.862360579106061,-0.029032703655693867,-3.652616410878101,-1.3055617289075028,-4.869273035248867,6.273935296750199,42.25040351931311,-0.3449748594263724,-8.678607325702714,-16.34951866421046,14,False,Маркетплейсы +42%; Продовольствие -9%,МО,объяснения не найдено,0.0,1.0,,
2876,Кисловодск,Ставропольский край,2023-04,3.230640470718059,True,0.02898817113527312,1.1375480603014017,1.6941721362682534,5.210266666526867,-0.6528682501242103,0.8511767254031525,1.3224089518493187,4.869008238923644,6.096471489318933,14.996581928865282,-2.068226034471188,3.3429296649194917,26,True,Общественное питание +15%,МО,объяснения не найдено,10.0,0.7043172990695553,,"Из-за аварии на сетях в Кисловодске без воды останутся более 15 тыс. человек | Землетрясение магнитудой 4,6 балла произошло в Кавказских Минеральных Водах | Кисловодск обрастет скульптурами Чебурашки | Власти Кисловодска потратят более 3 млн рублей на фигурки Чебурашек"
1788,Струго-Красненский,Псковская область,2024-03,3.22792120500478,True,-1.7086649648376784,0.0348072507314395,-0.13476995867566727,-5.170163966305365,1.2681855213699453,-0.636697531806732,-3.4980066605524662,2.1155911150342988,-1.660319686203593,-25.307951862310098,1.9815331836167793,-3.0763452427473137,60,False,Общественное питание -25%,МО,объяснения не найдено,0.0,1.0,,
15,Улаганский,Республика Алтай,2023-09,3.223321901624133,True,4.211357114694513,0.6233157234233879,2.605535881640786,1.001037238866995,2.5778026042472164,-0.03253906039178486,10.248753436261104,8.516062967637872,15.216287867969491,26.13216147919193,7.049166446154231,0.0,4,False,Все категории +10%; Маркетплейсы +15%; Продовольствие +7%,МО,объяснения не найдено,0.0,1.0,,
2602,Первомайское,Москва,2023-08,3.2227195933299067,True,3.014602850356406,0.8664408039158173,1.9951724976511669,4.253142495959532,1.5088750873297676,0.768441214208381,3.075903592051521,4.8750348088272055,4.589155169766634,9.327059433827767,1.3603097300374678,2.5077134409121626,77,False,Общественное питание +9%; Все категории +3%,МО,нет в словаре упоминаний,,,,
1222,Хвастовичский,Калужская область,2024-11,3.2222826955402577,True,-4.798335784557408,-0.7761176834121829,0.11873256550127402,-0.8863346742244859,-2.699499318427916,0.9154203615703658,-14.269430647071246,-10.37833516109199,1.324375678778189,-19.996901938443568,-9.936631567125431,14.705722484107397,40,False,Все категории -14%; Продовольствие -10%,МО,объяснения не найдено,2.0,3.011928747817282,,В Калужской области обнаружили обломки беспилотника | ПВО сбила два украинских беспилотника в Калужской области
2349,Билибинский,Чукотский автономный округ,2024-01,3.2207539387655557,True,-0.9190096402662246,-0.9208472718016698,0.2964014084268253,-1.655870417439102,-5.218516808818767,-1.0700202236161587,-11.15264740574844,-24.82511013407045,14.094500046719194,-22.055540098999018,-18.49006684016743,-15.169089879324593,87,False,Продовольствие -18%,МО,объяснения не найдено,0.0,1.0,,
18,Чемальский,Республика Алтай,2023-09,3.219779969787871,True,-4.017103487893629,-1.447909674548066,-3.35106894253432,-1.9323989421121879,-0.29935037256767344,0.09703940108223166,-7.927092858111706,-10.19154137310716,-23.25516482166652,-17.773877237466618,-0.8377624744932533,1.488111217195165,4,False,Все категории -8%; Маркетплейсы -23%,МО,объяснения не найдено,0.0,1.0,,
787,Анучинский,Приморский край,2024-03,3.2174473672877726,True,-1.307883965876941,0.26626317836965313,0.9407756767297748,-4.282607478049422,-3.3173205158016055,0.039464827552999196,-5.41711801426441,2.5681986655865074,16.247098753807787,-61.623473392699424,-7.811104934301483,1.1052752457530346,25,False,Общественное питание -62%; Продовольствие -8%,МО,объяснения не найдено,0.0,1.0,,
884,Селемджинский,Амурская область,2023-09,3.21536631937949,True,-4.956884821138931,-2.019177282776299,0.2754718976400387,-1.5388169722493377,-0.29972488759381966,-0.7502699580978716,-8.339949747185038,-12.337968400015598,5.060351939745988,-12.060785560346332,-0.7667845536852624,-5.3772378604973525,28,False,Все категории -8%; Здоровье -12%,МО,объяснения не найдено,0.0,1.0,,
352,Правобережный,Республика Северная Осетия — Алания,2024-03,3.215230027088135,True,-3.348112212915686,0.28640173620661175,-2.9867319188855252,3.2988921527844353,0.35139692993159677,-1.044807611023573,-6.7643126082277405,0.9460784603738226,-13.345662333126285,14.556583132939593,0.8963504759440966,-3.1495599814631348,15,False,Все категории -7%; Общественное питание +15%; Маркетплейсы -13%,регион,новостной всплеск,21.0,2.640829057318053,атаки и теракты,"Ветераны «Альфа» сравнили теракт в «Крокусе» с «Норд-Остом» и Бесланом | В школе Беслана провели акцию памяти жертв теракта в «Крокусе» | «Почему-то вспомнила про Беслан, Норд-Ост, а через 10 секунд раздались хлопки»: Нижегородка рассказала, как спаслась во время теракта в «Крокус Сити холле» | В школе №1 Беслана зажгли свечи в память о жертвах теракта в «Крокусе»"
1541,Большеболдинский,Нижегородская область,2024-01,3.214793286450529,True,-1.847877253758293,-4.156636686672295,-2.2483193613495827,-1.1154057757839118,-2.9448461977177596,-1.0764574753256824,-10.203464975377052,-16.559607784635986,-10.415657140946344,-19.991725702374772,-9.662987286930491,-5.670124658214215,52,False,Здоровье -17%; Продовольствие -10%; Маркетплейсы -10%,МО,объяснения не найдено,0.0,1.0,,
320,Вилюйский,Республика Саха (Якутия),2023-09,3.2110539154481685,True,-0.6269582729630857,0.7823797693898779,0.1446212490030017,2.0033221155018976,-0.3605291395822726,-5.129052947838956,-1.5508670562020654,4.546560055836668,0.8900463569910144,13.18386822556743,-0.5734194621128452,-19.727822659198146,14,False,Транспорт -20%; Общественное питание +13%,МО,объяснения не найдено,1.0,0.9080097678379501,,В Якутии реконструкцию инфраструктуры пяти аэропортов намерены завершить в 2023 году
1732,Хотынецкий,Орловская область,2024-08,3.2084399922389952,True,-4.373770405904702,0.23949542269592386,-1.283552012857422,0.7567736564956552,-3.17881868279988,-0.1892574211827031,-14.385135963819273,2.5712096662370953,-10.93068291665098,22.147827199514847,-10.990563711339973,-2.1579754924016648,57,False,Все категории -14%; Продовольствие -11%,МО,объяснения не найдено,0.0,,,
414,Улуг-Хемский,Республика Тыва,2023-10,3.2081965128323557,True,-2.835789058154452,0.5795098985471978,-4.314894702462844,-0.6032386912167874,-2.0536695739964186,-0.212420054578034,-10.54467817197855,13.171426232923578,-18.54022683018437,-2.681789500958409,-8.772516909828187,-1.6397273761829645,17,False,Маркетплейсы -19%; Все категории -11%; Продовольствие -9%,МО,объяснения не найдено,0.0,1.0,,
849,Вяземский,Хабаровский край,2023-12,3.208110544701964,True,-2.406466404080893,0.5195587228750957,0.9233009224248614,-0.3086241858051393,-4.922636961402209,-0.6126286884741743,-7.600555674481946,4.075450282247006,11.396981374639115,-15.89651314919216,-9.511535834117968,-4.105173966347264,27,False,Продовольствие -10%; Все категории -8%,МО,нет в словаре упоминаний,,,,
334,Оленекский,Республика Саха (Якутия),2023-05,3.2069272402768307,True,4.452155671883682,0.647971736751314,0.9404066521670525,2.641547338442468,0.9387829166388546,-2.013376394361018,21.69661212907137,21.830665018883266,17.133196942649498,20.01662281109695,3.409080738239112,-19.927659035290013,14,True,Все категории +22%; Общественное питание +20%; Транспорт -20%,МО,объяснения не найдено,0.0,1.0,,
1744,Иссинский,Пензенская область,2024-11,3.2058323057001883,True,1.960121384855617,-1.8032220914229709,2.8352835848501146,-4.101643553580493,2.4433111692258995,0.7339455659293921,8.415917263440242,-18.298885681093147,20.359879718155582,-53.580331015353266,8.429895574793456,8.291735512785703,58,False,Общественное питание -54%; Маркетплейсы +20%; Продовольствие +8%,МО,объяснения не найдено,0.0,1.0,,
859,Ульчский,Хабаровский край,2023-09,3.205713176354912,True,-1.6196163059633877,-5.000893274374399,0.5169124289074538,-1.788211505091305,-0.6385480213320387,-0.4983536950677422,-8.139547863432206,-30.343313769494173,13.14876617651719,-40.035521421629205,-3.626783381959342,-11.422208319819926,27,False,Здоровье -30%,МО,объяснения не найдено,0.0,0.5240737830391106,,
1690,Курманаевский,Оренбургская область,2024-12,3.2042513361930984,True,-1.4624938164482062,-0.5656996565481971,-0.5639154216202283,-4.8896685898150505,-2.1803515301695344,-0.8791695787925947,-5.655695802446914,-3.4639340101825233,-5.273720060439047,-70.68707617797436,-8.349205559647821,-9.46919387618701,56,False,Общественное питание -71%; Продовольствие -8%,МО,объяснения не найдено,0.0,1.0,,
184,Лаганский,Республика Калмыкия,2023-06,3.2013827769503735,True,-0.6643872903716763,0.0,-5.497060258666223,-0.29575850731377523,0.03666768314957638,-0.037696288066778307,-2.778272647412372,0.0,-28.197785591181113,0.0,0.7115783039274959,-0.16302506829921626,8,True,Маркетплейсы -28%,МО,объяснения не найдено,0.0,1.0,,
345,Владикавказ,Республика Северная Осетия — Алания,2023-11,3.2007527752817304,True,-0.7174931489911051,0.18747523725852233,-0.21511296858380502,1.3856014565636374,0.09057191707717442,5.319752547829706,-1.1924135991684182,0.16218238564231768,-0.9104215993435361,1.955535573826328,1.0796620884111263,6.9783665008167794,15,False,Транспорт +7%,МО,есть тематические новости,26.0,0.9995596043877831,транспорт,Во Владикавказе к концу года переселят 145 семей из аварийного жилья | Театр имени Вахтангова планирует сделать ежегодный фестиваль во Владикавказе | Дорогу из Владикавказа до Ларса закрыли из-за непогоды | Во Владикавказе в результате стрельбы тяжело ранили брата главы Алагира
1975,Малышевский,Свердловская область,2024-10,3.2005165077686204,True,-4.420232597775542,0.18685056167215666,-2.5178516435908813,-2.202699396633029,-1.336389867083619,-0.40696772833585726,-9.943912502160934,1.2635456472084083,-13.899645090373358,-34.394851670713145,-4.392935923989949,-6.012404422718731,66,False,Все категории -10%; Маркетплейсы -14%; Общественное питание -34%,МО,нет в словаре упоминаний,,,,
716,Северо-Енисейский,Красноярский край,2023-04,3.2001430033493077,True,-4.6839233396781,-2.3660922403163105,0.16838350230617008,0.23904895798006945,-1.7847171719884007,-1.5403277402852962,-7.627866611668921,-7.434100784084308,2.7000963791198984,7.592638493986925,-9.210794030314773,-21.288163666477278,24,True,Все категории -8%; Здоровье -7%,МО,объяснения не найдено,0.0,1.0,,
2323,Брейтовский,Ярославская область,2024-12,3.200073138803513,True,-0.6503631231770938,1.4567748962636853,-0.23386842616763973,-5.1538365636747665,0.12593637871635932,1.427298096972144,-2.5534134066363734,11.414773981939774,-1.4085711333661877,-73.44663550469868,0.4165045175410498,9.14097812816923,76,False,Общественное питание -73%,МО,объяснения не найдено,0.0,1.0,,
433,Каракулинский,Удмуртская Республика,2024-03,3.198094004020465,True,-0.18417156811914884,-4.692475424471802,2.170960682752839,-0.6760420522587584,-1.9877172536164338,-0.8952677534995876,-1.0772470847960847,-31.559898430943978,26.90690159561644,-8.121346026366894,-4.487503537674975,-7.556040523403684,18,False,Здоровье -32%; Маркетплейсы +27%,МО,объяснения не найдено,0.0,1.0,,
239,Троицко-Печорский,Республика Коми,2024-08,3.197734869231459,True,-3.510500530938812,-1.615229647056395,0.11697706750926697,0.2727607198737393,-1.616624945539934,-3.967295639277785,-4.500575865997547,-8.322377072365317,-0.04883264693180678,2.8223679515215316,-1.8119717986838424,-18.174028764223536,11,False,Транспорт -18%; Все категории -5%,МО,объяснения не найдено,0.0,1.0,,
558,Табунский,Алтайский край,2024-11,3.1966390637211086,True,4.4177693397955995,1.1001803682826143,1.5431172798699377,0.6933065334151521,2.9593254353065075,-0.015418269174650117,12.931951475220416,6.709404436379263,11.084535560020647,18.657938287603137,6.835175274456162,-0.7994033167392445,22,False,Все категории +13%; Продовольствие +7%,МО,объяснения не найдено,1.0,2.005964373908641,,"Россиянин, посадивший на цепь сожительницу, отделался условным сроком - Газета.Ru | Новости"
1788,Струго-Красненский,Псковская область,2024-01,3.1959726771818104,True,-2.5938824592987557,-0.06639024575913853,-1.9821820443005964,-4.470509164566442,-0.618604675804303,-0.13062809800181566,-8.740602297324962,0.49377816500570937,-16.808704145177522,-22.494814999285893,-1.9669732724699962,-0.9160997080718047,60,False,Общественное питание -22%; Все категории -9%,МО,объяснения не найдено,0.0,1.0,,
1324,Павинский,Костромская область,2023-07,3.1925307087546804,True,1.981873173228866,-2.7858945703990687,-0.01855133445560371,2.2804808972355275,4.197017428959501,1.1570632734726038,9.256375009695539,-16.842703829371388,1.391558555476058,49.235292331991154,10.731290287322182,11.965113484947576,44,True,Продовольствие +11%; Здоровье -17%; Общественное питание +49%,МО,объяснения не найдено,0.0,,,
1275,Кирово-Чепецкий,Кировская область,2023-03,3.1910782565789106,True,-1.8035401237040536,-5.033858569595832,0.5289911005041152,-1.0505948928811064,-0.661518110769491,-1.3987323698006946,-6.264696434254091,-27.394709984665955,6.1912827170681695,-13.776472407588791,-2.7071547401945395,-9.32294593737426,43,True,Здоровье -27%,МО,объяснения не найдено,0.0,1.0,,
1896,Клявлинский,Самарская область,2023-08,3.1905887084277262,True,-2.1400397586522204,0.26371302237022254,-3.0701095013653132,-0.5736415990228659,-1.3043314491392852,-4.066229998420367,-5.931815325597967,1.9366426740082598,-12.355947638052456,-14.521665641776016,-3.1582582604674947,-19.526563770804195,63,False,Транспорт -20%; Маркетплейсы -12%; Все категории -6%,МО,объяснения не найдено,0.0,1.0,,
31,Альшеевский,Республика Башкортостан,2024-04,3.189784254849188,True,-1.519548992224388,-0.5167272790661146,-2.5961778777031608,-4.634112867098289,1.1728593950266444,-0.16784283423104418,-3.4671524083320193,-3.6123603994259845,-19.814891716093186,-36.92780411316497,3.235116594404097,-1.8920198825462364,2,False,Общественное питание -37%; Маркетплейсы -20%,МО,объяснения не найдено,2.0,1.4992004100902345,,Сотрудник районной администрации Башкирии ушел на СВО добровольцем | «Спи спокойно»: в Башкирии простились с погибшим в СВО Марселем Низамовым
1970,Южно-Курильский,Сахалинская область,2024-10,3.186483606035928,True,-0.04597222415626892,-0.6247764044993078,-5.289199049481085,-0.5745139997531048,-1.4474326146513705,-0.34343994590308347,-0.26804576407224445,-6.413570198016405,-11.675160310318056,-3.308074825945617,-2.9845311161118993,-4.72019189643178,65,False,Маркетплейсы -12%,МО,нет в словаре упоминаний,,,,
347,Ардонский,Республика Северная Осетия — Алания,2024-03,3.1848651264545107,True,0.49721586300946635,-1.463039360008629,0.44701047558282886,-4.733153966669752,2.0507524030808533,-1.9549336894572198,4.0378882574943376,-7.226524547677027,8.059189606339423,-29.203120048955444,5.467699315731167,-15.03909394774654,15,False,Общественное питание -29%; Продовольствие +5%,регион,объяснения не найдено,0.0,1.0,,
726,Эвенкийский,Красноярский край,2023-02,3.1829948570349713,True,4.71577771016874,1.4836913411406292,0.5097711778033216,1.1278071351688024,2.4401781435446943,-0.052087898322932265,8.4778352734876,14.401429574741531,12.740178702857019,6.295367606878877,5.1803249240647276,1.0147053273225737,24,True,Все категории +8%; Продовольствие +5%,МО,объяснения не найдено,0.0,0.5181637115750033,,
1430,Магадан,Магаданская область,2023-12,3.1814060767237176,True,0.7629712043496568,0.2753408923186129,-5.211130829555235,1.264595435508431,0.49925655157657034,1.2684430364797596,2.0689486155612613,0.7901289634311137,-13.264568407629707,8.3227998372299,0.8068849747647988,5.993322741935092,49,False,Маркетплейсы -13%,МО,есть тематические новости,87.0,1.5901606882210115,транспорт,В Магадане отменили гуляния в новогоднюю ночь после обстрела Белгорода | В Магадане из-за обстрела Белгорода отменили новогодние мероприятия | В Магадане в связи с обстрелом Белгорода отменили новогодние мероприятия | Мэр Магадана отменил новогодние мероприятия из-за обстрела Белгорода
1269,Верхошижемский,Кировская область,2024-11,3.180859225707341,True,0.015896134034810633,0.34735824906731494,-1.6502741283823577,-1.4200901307395255,5.060981679780175,0.6909768151371402,0.0,5.169631266018637,-7.449567781482536,-35.940558733626474,11.936863663647657,9.716750075716618,43,False,Продовольствие +12%,МО,объяснения не найдено,0.0,1.0,,
326,Мегино-Кангаласский,Республика Саха (Якутия),2023-08,3.179423805480813,True,4.124402318938839,0.5264848993562904,0.5233950443309487,1.8248539430343893,-0.06726676258084972,-3.15997164586932,8.297173957496717,5.357555265370095,20.824107123586177,12.669304297532413,0.0,-4.908204079468259,14,False,Все категории +8%; Транспорт -5%,МО,объяснения не найдено,0.0,1.0,,
1651,Оконешниковский,Омская область,2024-01,3.1789840213101623,True,-1.6494802141476255,-0.06372627466109235,-1.2616689959839433,-0.9636293898938881,-1.6543995887150955,-4.985979868313832,-9.411979298763207,1.8837122086444502,-14.471943313617608,-26.90045883420602,-6.449685543470807,-24.942486262818164,55,False,Транспорт -25%,МО,объяснения не найдено,1.0,1.9081282681247425,,В Омской области прошло прощание с участником СВО Русланом Успановым
1902,Похвистневский,Самарская область,2024-09,3.1782400235234536,True,-3.567395831118787,-0.12544548099448197,-3.9735530186340626,-1.337233088731924,-0.2804325133852917,-0.9444112880513196,-10.41961360277508,0.20274878420889486,-16.912603496111345,-24.205265773432583,-1.0728888119819757,-10.410294733464509,63,False,Маркетплейсы -17%; Все категории -10%,МО,объяснения не найдено,0.0,1.0,,
720,Туруханский,Красноярский край,2024-07,3.174066495079316,True,2.7198948762854034,3.55439732361826,3.1230339539787955,0.9679115229636606,2.28896720120938,2.7994665444877533,8.090014715375915,20.433853771936317,19.57236642088116,6.791633977209965,5.426592113201956,18.716428692727227,24,False,Здоровье +20%; Маркетплейсы +20%; Транспорт +19%,МО,объяснения не найдено,2.0,1.543671678139128,,"В Туруханске завели дело о гибели туриста при столкновении судна со скалой | Катер с людьми на борту столкнулся со скалой в Красноярском крае, есть погибший"
787,Анучинский,Приморский край,2023-11,3.1732828603752434,True,-0.897727084294852,-3.281390023661652,-2.7207820316679334,-3.469725779455857,-1.226612047613915,-1.1932990779522619,-4.014484047800337,-23.804130557737135,-27.70125790231699,-26.69158733422652,-3.287498772501074,-16.270655580075832,25,False,Общественное питание -27%; Здоровье -24%; Маркетплейсы -28%,МО,объяснения не найдено,0.0,1.0,,
805,Черниговский,Приморский край,2024-05,3.1699613533975333,True,-1.7777584767236634,-0.7527006574058156,-0.5467249798505807,-1.8339294263575276,-4.860271865202487,-0.27140490625701813,-2.630806707096589,-2.8741531714588042,-3.9777150415176266,-7.274533243920089,-5.745638073785386,-1.8541312864891246,25,False,Продовольствие -6%,МО,объяснения не найдено,1.0,0.9655146855185732,,Ушедший в отставку глава Черниговского округа снова возглавил муниципалитет
1603,Барабинский,Новосибирская область,2024-11,3.1666181579593746,True,-0.3058320933661883,-0.5487096053971378,0.10117784401551541,-5.448650858200242,-0.04088472220795953,-0.23010525496252426,-0.6850621510565702,-3.8015046482504644,0.3804577667239073,-18.12656621201425,0.0,-0.6558820863010517,54,False,Общественное питание -18%,МО,объяснения не найдено,2.0,0.794772100689002,,Под Новосибирском собираются построить новую дорогу | В Новосибирской области осудили бизнесмена-мошенника
185,Малодербетовский,Республика Калмыкия,2023-11,3.1666170851334043,True,-0.1440860241324682,-0.10249292082707452,-0.00400814632898452,-5.332376203225465,-0.20927313814403176,-1.2666333615148693,0.0,-1.3374369851913315,0.0,-103.15988319208778,0.0,-4.606717860319964,8,False,Общественное питание -103%,регион,объяснения не найдено,0.0,,,
860,Хабаровский,Хабаровский край,2024-07,3.165211621220729,True,-0.15336875933524052,-0.998911895705525,0.9405297812634436,-5.307850089867535,-0.16327648385993118,0.2804248293719321,-0.4527343002483697,-4.242688197533351,4.816023764413213,-19.838815797518805,-0.27036810128517885,1.7176829934471893,27,False,Общественное питание -20%,МО,объяснения не найдено,3.0,1.9479711127909998,,"Подтопленные паводком хабаровские территории освобождаются от воды | Завод по производству железобетонных изделий появится в Хабаровском районе | Дмитрий Демешин: Нам нужно, чтобы люди хотели тут жить, а не приезжать на заработки"
1959,Макаровский,Сахалинская область,2024-10,3.164740653486944,True,5.041857606183198,0.41064625430278034,1.0246738346488957,0.9894590554144068,1.891154574078351,0.1871317652089566,13.347449362004138,11.28192411340505,11.084960170215385,19.195527329249096,6.554276236441847,1.546615068660051,65,False,Все категории +13%,МО,нет в словаре упоминаний,,,,
2344,Анадырь,Чукотский автономный округ,2023-10,3.1637565877266596,True,-4.1877497190161534,-0.8137172601099314,-2.1231010574857634,-1.5271534951492154,-2.825466586200317,-1.5323723814536447,-13.837736605193385,-13.980740131577374,-13.173333889231076,-19.184602899674896,-4.774743685177896,-11.708955746885508,87,False,Все категории -14%; Продовольствие -5%; Маркетплейсы -13%,МО,объяснения не найдено,4.0,1.0099466114355782,,Три рейса в Анадырь не могут вылететь с 12 октября из-за циклона на Чукотке | В Анадыре планируют построить новые очистные сооружения для защиты экосистемы лимана | На Чукотке в рамках строительства арендного жилья планируют сдать 13 домов к 2030 году | В городах России появятся базовые станции отечественного конкурента Starlink
846,Бикинский,Хабаровский край,2024-04,3.16346219623044,True,-2.2738325370435986,0.4816649512349793,0.3860193188958584,4.735547452273073,-1.2260322455622021,-1.5578045839222712,-3.3110455762576763,2.7092334070170754,2.4710371237188333,19.29646103215483,-1.3122993901433233,-5.412594792847036,27,False,Общественное питание +19%; Все категории -3%,МО,объяснения не найдено,1.0,0.9946295931030846,,В Бикинском районе по нацпроекту «Здравоохранение» построят новый ФАП
449,Абаза,Республика Хакасия,2024-03,3.163372041420934,True,3.4550979514031015,2.607962871316589,1.2325811208206576,-0.24308635565290992,3.3588086913927038,0.8990835620276906,6.789869052115627,22.923569691425083,9.457454670195009,-3.079071241595255,5.265918651521773,3.9975474147629697,19,False,Все категории +7%; Продовольствие +5%; Здоровье +23%,МО,объяснения не найдено,0.0,1.0,,
1067,Усть-Кубинский,Вологодская область,2023-07,3.162969368738674,True,-1.7178682407923758,0.9702051502306283,-1.0617652455815136,-5.048167530084315,-1.2562081747133755,-0.4749165938450758,-4.703157491586474,11.006503452611849,-4.5839126041451905,-51.60433284022066,-2.4514238457747695,-6.302317229087517,35,True,Общественное питание -52%,МО,объяснения не найдено,0.0,1.0,,
2591,Вороновское,Москва,2024-09,3.161151001586604,True,-1.776210418053819,-1.4084102016837854,-1.9232338585016326,-4.783568691922618,-1.8431682125260938,-0.6456913219664023,-3.706641502084196,-8.922827531068478,-7.732107382721587,-13.991912836561404,-3.0100193306506817,-2.7322278539333666,77,False,Общественное питание -14%,МО,нет в словаре упоминаний,,,,
1619,Мошковский,Новосибирская область,2024-04,3.1608833654849824,True,0.26059085654240816,1.1919210676096623,0.4685167692573604,4.848575540575219,-2.245927502508257,-0.9516646163884472,0.519773379560462,9.957485807979438,2.8114920865460746,43.854474604512816,-3.443316183274092,-6.326261069094397,54,False,Общественное питание +44%; Продовольствие -3%,МО,объяснения не найдено,1.0,0.9761078279190789,,«Вся деревня горит»: в Мошковском районе огонь окружил поселок — видео с пожара
1887,Большеглушицкий,Самарская область,2024-05,3.16085826535726,True,1.5228030065642595,0.8001253545070842,1.6288142028720327,0.9204912196433256,0.7643584372966835,-5.000111020442757,3.4614421951562058,4.088898958236742,12.37338481425665,30.166587787657928,1.4382520864231196,-18.091238014726052,63,False,Транспорт -18%,МО,объяснения не найдено,1.0,1.9129874380152891,,В Самарской области при опрокидывании автомобиля пострадали пять человек
1950,Федоровский,Саратовская область,2023-08,3.1591705482754517,True,1.3729468904230109,-0.17996693516391138,-1.0389263362784142,5.0020030182363415,0.8116823775071635,1.7424288510310444,4.1196638161700605,-1.444139111863496,-7.750045338471878,50.902460657618946,2.3119506125041767,16.568304365063913,64,False,Общественное питание +51%,МО,нет в словаре упоминаний,,,,
890,Архангельск,Архангельская область,2023-04,3.1579134240704603,True,2.11591489238268,4.575634344957103,1.2651306949104715,1.2598429524939312,1.4630448745278608,2.1221984099549775,4.5793959005673734,16.94192291089207,6.323373208191008,11.688165186585175,2.4062219959573916,7.629776577805947,29,True,Здоровье +17%; Транспорт +8%; Все категории +5%,МО,есть тематические новости,30.0,0.7248705187446488,транспорт,Полиция Архангельска задержала подозреваемого в организации смертельного пожара | 360° | В архангельском заксобрании поддержали равенство в выплатах участникам СВО | В Архангельске открылась международная школа РВИО | Кенозерье под Архангельском может стать объектом всемирного наследия
699,Казачинский,Красноярский край,2023-10,3.154582849806444,True,-1.6742797972140118,-0.47954027194417037,0.7555455177548898,1.5652542482392693,-4.959933988259195,0.6195211889276199,-8.475313659879902,-3.661410389730513,10.735276058858378,27.69261378102943,-5.669827236650171,7.13297116375351,24,False,Продовольствие -6%,МО,объяснения не найдено,0.0,1.0,,
1117,Ивановский,Ивановская область,2024-12,3.1533690886520835,True,-5.163733933266792,-1.1152135746128737,0.06827272160193468,-1.154067624756343,-0.6076281452617694,-1.354691703568648,-10.047785728788927,-8.458543681545594,-0.0829408959286404,-6.56937397398023,-1.2192725639200042,-2.850951169081739,37,False,Все категории -10%,МО,нет в словаре упоминаний,,,,
1062,Нюксенский,Вологодская область,2024-12,3.153304425672644,True,0.41180823767484526,-0.05910208693282499,-0.26223012921773137,5.198925603126134,1.5837734982400642,0.541128896227179,2.010001551743912,2.534667492117748,-1.4948354189897373,100.94766475020202,4.406743836595339,2.5147817161034425,35,False,Общественное питание +101%,МО,объяснения не найдено,0.0,1.0,,
1654,Полтавский,Омская область,2023-12,3.1526677905876097,True,-0.09537724279866232,-1.4888561711675083,-0.22645249636589238,5.245208248353591,0.051865822222686306,-0.2983962573585037,0.06301069211147592,-9.561726974570384,0.4560447880074925,70.38845543397318,0.2718133201801365,-2.24256449493625,55,False,Общественное питание +70%,МО,объяснения не найдено,0.0,1.0,,
608,Петропавловск-Камчатский,Камчатский край,2023-10,3.1524417190601737,True,-0.3220016865703413,-4.743169356969472,-0.4202222621868236,-0.03450603149213345,-0.7883227887020554,-2.5873843951241593,-1.2745611832363224,-10.138971844267086,-2.167941466655865,0.0,-0.5883127293850876,-12.286886988638912,41,False,Здоровье -10%; Транспорт -12%,регион,нет в словаре упоминаний,,,,
324,Нюрбинский,Республика Саха (Якутия),2023-11,3.1498727568862335,True,-2.4190814338985747,0.4188416589835104,-2.2720619248790115,1.3326331189440357,-4.330228028568997,0.07824438741526332,-7.048199931810117,3.419158838465375,-42.37167902496193,7.841076607334507,-5.779366009642395,-0.08470487818623695,14,False,Продовольствие -6%; Все категории -7%; Маркетплейсы -42%,МО,объяснения не найдено,0.0,1.0,,
82,Шаранский,Республика Башкортостан,2024-07,3.1471320250589,True,1.8933352773330896,-0.16006076479064668,4.021652635605512,1.6962659164936695,1.1315252451129671,3.155140496964797,11.256983804965337,2.0268947836870055,39.14059319509482,21.75331662713962,4.863319178475045,20.528329123644262,2,False,Маркетплейсы +39%; Транспорт +21%,МО,объяснения не найдено,0.0,1.0,,
275,Килемарский,Республика Марий Эл,2024-01,3.146172289579993,True,-1.554466261592328,-1.2754886811509494,-0.08361760476371635,-5.06477674660888,0.1897772622506502,-0.8479114174475075,-5.418827772421864,-20.02949936185061,1.0132639980589886,-43.88004820709624,0.2834786840674397,-8.44550265000139,12,False,Общественное питание -44%,МО,объяснения не найдено,0.0,1.0,,
1220,Ульяновский,Калужская область,2024-06,3.1461113841040493,True,3.1722391418629825,-2.378271542154116,-0.252458458401728,0.44539524037878175,3.7382848770765964,0.39203268546846753,14.590878854679268,-30.881030599260395,-3.0447559616435527,7.808274624532796,12.512061232474814,6.095158638424625,40,False,Продовольствие +13%; Все категории +15%; Здоровье -31%,МО,нет в словаре упоминаний,,,,
1731,Урицкий,Орловская область,2024-08,3.145754886743037,True,-2.2922357233416366,1.2786266828431245,-0.04221640358044053,-4.258169863821923,-1.2947495642009867,-2.510172548228172,-11.57527360776669,15.175437270649805,0.0,-44.06104427847595,-7.4467891613540615,-32.26987790080127,57,False,Общественное питание -44%; Транспорт -32%; Все категории -12%,МО,объяснения не найдено,0.0,1.0,,
1214,Мещовский,Калужская область,2024-01,3.1442281625426634,True,-3.921348972592435,-1.6422234613460132,-0.22396907672244948,-1.198776728959232,-3.403621094148438,-0.02471686457581129,-13.079579976957234,-25.603971407973702,-2.594252200207059,-50.27594834250948,-14.123037728682597,-0.25513207936471716,40,False,Все категории -13%; Продовольствие -14%,МО,объяснения не найдено,0.0,1.0,,
416,Чеди-Хольский,Республика Тыва,2023-10,3.140989712673806,True,1.8916707764390825,-0.4341817577493759,-0.918547068858788,4.9111831124606375,0.8827995041468932,-1.3781550111710366,6.506779572911103,-6.522070635586141,-13.791796287432323,39.71970571735248,5.613579162672888,-8.866996500082358,17,False,Общественное питание +40%,МО,объяснения не найдено,0.0,1.0,,
1438,Ягоднинский,Магаданская область,2023-08,3.140749395726371,True,0.2729963538102066,2.632490769301321,-0.1814888174157752,0.051188608702993,-4.752724023190949,0.2521877815495289,1.2051876189311805,19.32098693949453,-0.9704581104749366,1.1112563633486783,-5.225146548875603,4.157078128437197,49,False,Продовольствие -5%; Здоровье +19%,МО,объяснения не найдено,1.0,1.9048770853664205,,Экстренное предупреждение объявили в четырех районах Колымы из-за пожарной опасности
1596,Шимский,Новгородская область,2024-08,3.1395655449680384,True,-5.084599043992509,-0.5263368617107089,-1.818666322496629,-0.17558303939047323,-0.6402505780539524,-0.4467049354462095,-12.992690721082312,-3.777920610253638,-23.903367263021913,-2.16516280380592,-2.2286690757871597,-2.623427235141129,53,False,Все категории -13%,МО,объяснения не найдено,0.0,,,
2249,Шурышкарский,Ямало-Ненецкий автономный округ,2024-06,3.139273722358637,True,1.4912720679284008,-1.289442979898767,0.6781369102360496,0.7498778746716983,5.067401990436588,0.9081189495047856,16.261862593551157,-23.34200057517677,22.593636878850276,26.468567066000848,16.249168213810883,61.510081894322965,89,False,Продовольствие +16%,МО,объяснения не найдено,0.0,1.0,,
1545,Варнавинский,Нижегородская область,2024-05,3.1392494871498116,True,-3.9358611416725973,0.8143183281064932,-3.6620410649926614,-0.04346658862507119,-0.5008779071842061,0.6457050977046366,-9.05644393452043,4.008863089630443,-18.663671613947397,-0.533514654208167,-1.8764321084421276,2.1568581249532315,52,False,Все категории -9%; Маркетплейсы -19%,МО,объяснения не найдено,0.0,1.0,,
332,Оймяконский,Республика Саха (Якутия),2024-03,3.138983142334193,True,-1.5004677174902123,-4.744702518145177,-1.081383065992922,-1.9885618869228257,-1.7587112155665243,-1.5508975050519447,-10.851330305495388,-18.91908987609332,-7.409876235449531,-17.27301748577652,-5.154418215914802,-11.939642223482672,14,False,Здоровье -19%,МО,объяснения не найдено,1.0,1.9034965859126909,,Житель Якутии погиб в результате пожара на коневодческой базе
2370,Лисий Нос,Санкт-Петербург,2023-03,3.1389770194049347,True,-0.3296964711111316,0.6031358535322147,0.11357948034895131,5.155500205308146,1.6175830613320898,0.5134511377171165,-0.3805175252455051,8.84255535052234,1.0014076536640992,8.534545511189462,2.1774611203470684,3.8582469400133768,78,True,Общественное питание +9%,МО,нет в словаре упоминаний,,,,
365,Атнинский,Республика Татарстан,2023-10,3.138921855386491,True,0.21082197388239196,-5.332803487338834,0.9078336660263407,0.42288434504919575,0.5436324520527168,-0.409179807285937,1.1035078287417122,-53.22477594414856,21.057819657250487,16.24268629675285,4.353000496070791,-11.333641960899143,16,False,Здоровье -53%,МО,объяснения не найдено,0.0,1.0,,
230,Ижемский,Республика Коми,2024-05,3.137392036655949,True,-1.0005864389860226,-0.5181026163859064,-0.051217156158389406,0.038300920104025714,-0.14480727326287585,-5.316021334798031,-5.003098847576393,-2.6422059660232033,-0.15213168736734062,-0.42192612659293083,-0.41260293863327746,-43.325315192416184,11,False,Транспорт -43%,МО,объяснения не найдено,0.0,1.0,,
1724,Новодеревеньковский,Орловская область,2023-10,3.136438823208268,True,-0.5629349737647018,0.009236945939714084,-4.894907654878752,0.945296065845049,-0.19886703968438912,2.158249261158557,-4.103466165912906,0.0,-21.032424773299407,15.561032101474304,-1.5462419012054696,14.32860655981747,57,False,Маркетплейсы -21%; Транспорт +14%,МО,объяснения не найдено,0.0,1.0,,
13,Онгудайский,Республика Алтай,2024-06,3.1363970876680423,True,-0.8002586143343579,0.26279561963826015,-2.111392935935081,-0.04678275029316332,-0.7034577863049855,-4.940907416139755,-1.610312527399671,2.1684931559958542,-13.58326479822729,-0.6079693603427749,-1.8386099797252697,-8.738426468699956,4,False,Транспорт -9%; Маркетплейсы -14%,МО,объяснения не найдено,1.0,1.9861802428168867,,На Алтае сборщик орехов отбился от медведя - Газета.Ru | Новости
1749,Лопатинский,Пензенская область,2023-11,3.13605794071893,True,2.9721831316465948,-1.8285988312286434,3.0465447666292396,-3.374799348038072,0.437260653398978,0.8689096753192763,19.145303274816072,-12.587234205635855,19.401777431970224,-78.05266782973365,3.4199272578174345,19.107321210952133,58,False,Общественное питание -78%; Маркетплейсы +19%; Все категории +19%,МО,объяснения не найдено,0.0,1.0,,
613,Мильковский,Камчатский край,2023-08,3.135500458095838,True,0.5248686941566001,3.293294838784884,-0.9043548003651272,1.9976369789426252,-3.8285434532406,-0.07506539799519488,1.3744293345828495,15.479001358301847,-4.092617699783574,11.70815963374947,-4.09448112604931,0.0,41,False,Продовольствие -4%; Здоровье +15%,МО,объяснения не найдено,1.0,1.9048770853664205,,Особый противопожарный режим ввели в двух селах Камчатки
185,Малодербетовский,Республика Калмыкия,2024-03,3.134871850438587,True,0.8092981931227031,-0.8323961325670629,0.34240398744211376,-0.14639704853756358,2.504223639928111,-4.745339313023817,2.5922276321423965,-10.378235458498253,2.6047993976485273,0.0,10.032593757546948,-25.044757603916068,8,False,Транспорт -25%; Продовольствие +10%,МО,объяснения не найдено,0.0,,,
506,Белокуриха,Алтайский край,2023-12,3.134789755888087,True,-1.3696662593171198,-5.020474348389059,-1.4100912198304842,0.46227210093733245,-1.512349334574225,0.4321659035939986,-5.795287956143724,-10.96846714946409,-10.641433491054286,3.5232290863793203,-3.2608093100327196,2.7877926358176097,22,False,Здоровье -11%,МО,объяснения не найдено,3.0,1.7337555359977344,,"На Алтае появится объездная дорога вокруг Бийска | Названы самые крупные российские проекты в туризме в 2023 году | Эксперт по туризму рассказал, где отдохнуть в России на Новый год - Газета.Ru | Новости"
15,Улаганский,Республика Алтай,2024-11,3.133137703378979,True,-3.9624640631653043,-0.15425635109558633,-2.6184226241149893,-0.16015556121408775,-0.497537083608814,-2.6253375239483003,-10.251994116824648,0.0,-17.592445707104964,-3.2931271694899067,-2.767300405425388,-9.943002651555144,4,False,Все категории -10%; Транспорт -10%; Маркетплейсы -18%,МО,объяснения не найдено,0.0,1.0,,
1054,Вологодский,Вологодская область,2024-09,3.1330591734666475,True,0.5005989028580918,0.7725860427336242,0.5185558673100353,3.2066612583864798,2.078650456596731,3.8528840115663976,1.3582895895913438,7.688577239246541,2.6608974539723107,14.771392325044452,2.8652265908359453,12.557608389343855,35,False,Транспорт +13%; Общественное питание +15%; Продовольствие +3%,МО,объяснения не найдено,22.0,0.902948803857822,,"Трех человек убили в поселке под Вологдой - Газета.Ru | Новости | Мурал в рамках проекта ""Граффити.Защитник"" открыли в Вологде | Под Вологдой задержали подозреваемых в тройном убийстве | Трех человек убили и двух ранили в поселке под Вологдой"
1071,Череповецкий,Вологодская область,2023-05,3.1324337465896206,True,-0.6637990734702285,-0.7540282602861335,0.8353596704092559,0.275098674037382,-0.37627781364919727,-5.307545490531765,-0.932317039942987,-5.7852843413594535,6.152262994911961,3.663643824432672,-0.38366794010666894,-9.165726060730517,35,True,Транспорт -9%,МО,объяснения не найдено,2.0,1.5186895476131466,,"В Череповце водитель погиб, уходя от погони ГИБДД - Газета.Ru | Новости | Мужчина погиб во время попытки скрыться от полиции в Волгоградской области | 360°"
614,Соболевский,Камчатский край,2024-04,3.131444328482969,True,-0.3806758272079854,0.6286185224220207,-0.3910802503645661,-0.23832624050016182,-0.10719182879401705,-5.3730555309067105,-2.81278067146129,15.768142726802559,-3.452417778811334,-4.861728838025581,-0.4226918313358752,-38.68364848068788,41,False,Транспорт -39%,МО,объяснения не найдено,0.0,0.5464601177309368,,
365,Атнинский,Республика Татарстан,2023-09,3.1309687888888744,True,-0.599377489931995,3.65759400012388,-3.2305351940944877,-2.365279087330601,-0.4649918503701069,0.9748485304435964,-3.06809548555087,45.72418866229562,-39.70073602263895,-49.16636307866389,-5.110245925669155,19.178552475791744,16,False,Здоровье +46%; Маркетплейсы -40%; Общественное питание -49%,МО,объяснения не найдено,0.0,1.0,,
2348,Анадырский,Чукотский автономный округ,2024-06,3.130966885710679,True,1.4940908804346664,2.4839061014012227,2.833222106026337,3.900246645482302,-0.32263510771482307,2.145997878942656,9.790874148916018,44.14927304770413,24.04689308742265,36.0189573442987,-2.250695555012161,15.129618211466322,87,False,Общественное питание +36%; Маркетплейсы +24%; Здоровье +44%,МО,объяснения не найдено,0.0,1.0,,
2210,Тюменский,Тюменская область,2023-12,3.129212556686894,True,-3.1499414111652757,0.03485176701282614,-1.237609988743838,3.989649726787925,-0.33381247999180774,1.8805525354394983,-4.448316238025196,-0.05326946354595741,-6.960839786553841,8.693213748923467,-1.1138094137796983,6.854085872249804,72,False,Общественное питание +9%; Все категории -4%,МО,объяснения не найдено,3.0,0.6902479934967424,,Для жителей Тюменского района запустят новый автобус в Тюмень | В тюменском районе построят новые надземные переходы | Жители Тюменского района отменили голодовку после обещаний властей
1494,Лотошино,Московская область,2023-09,3.127415653315446,True,-0.15080599649360146,0.40179444362699934,-4.89299572793474,1.8216240499681515,-1.2558740890067421,1.4430747149047567,-1.1772893723414057,2.2131819390954988,-15.896893642505017,13.521906950085105,-3.705862037542307,6.864681390720673,50,False,Маркетплейсы -16%,МО,нет в словаре упоминаний,,,,
1215,Мосальский,Калужская область,2023-06,3.124392249733023,True,-0.11418424984372347,0.059045090551211474,-0.22175363318905877,1.6694247760178926,-5.142890921841567,-0.13415469363309215,-0.2897232019954288,1.2785406944545663,-1.3316776391343765,18.054621672033644,-6.533726723154842,-2.702462638108205,40,True,Продовольствие -7%,МО,объяснения не найдено,1.0,1.9340671728422778,,В Калужской области перезахоронили останки 56 красноармейцев
1906,Сызранский,Самарская область,2023-08,3.122522075639475,True,2.430070646199596,4.212946791497875,-0.1370557743092617,0.9810408337616681,2.3656433216050146,1.044334055489615,5.117769111461179,26.30468730686357,-1.059920985180618,15.427936403548026,6.445774751898181,4.826902691780877,63,False,Здоровье +26%; Все категории +5%; Продовольствие +6%,МО,объяснения не найдено,1.0,0.6740601629275804,,Подруга украла у невесты свадебное кольцо из-за чувств к жениху | 360°
416,Чеди-Хольский,Республика Тыва,2023-11,3.1221241625381553,True,4.930991438503588,0.6548754285122522,1.817156929072636,1.2752419329058147,0.15949331736260594,0.7110570745123331,12.95661290450374,20.14133117111312,30.050972466687263,5.498145106782992,2.048611006953305,9.648867212923973,17,False,Все категории +13%,регион,объяснения не найдено,0.0,1.0,,
2223,Покачи,Ханты-Мансийский автономный округ — Югра,2024-10,3.1216595424083025,True,-1.545494250447306,0.2967613382544876,-0.29837141564445135,-0.7027815182666292,-2.1972122742874145,-4.692332110974402,-3.9270526806732597,1.2220961316648182,-1.326731430249417,-3.151638790274669,-3.9349892179230572,-24.244059707864942,86,False,Транспорт -24%; Продовольствие -4%,МО,объяснения не найдено,0.0,1.0,,
606,Дульдургинский,Забайкальский край,2023-09,3.120968279803733,True,-3.1451117171257983,1.3243364263728776,-1.3163674455051877,-0.8212930957179558,-2.2753570475680736,-3.7619611379576376,-8.09238008407469,17.551625743543653,-17.775687079163617,-14.731140300933632,-4.552570325677063,-13.461843753868985,75,False,Транспорт -13%; Все категории -8%; Продовольствие -5%,МО,объяснения не найдено,0.0,1.0,,
666,Красноярск,Красноярский край,2023-07,3.1208660418541494,True,-0.617013395262729,-0.7225018303209427,-0.39956768376088875,-5.303079550615853,-0.1562647405545935,-0.7581246194511848,-1.5114645456243636,-2.1062855350117538,-1.8518410907244487,-15.366060385567604,-0.1829212252316026,-3.5395851190764382,24,True,Общественное питание -15%,МО,есть тематические новости,374.0,0.7063575896132529,транспорт,"Пригородный поселок Красноярска остался без электроснабжения из-за аварии на подстанции | В Красноярском крае почти 1,5 тысячи человек остались без света | В Красноярском крае произошел пожар на складе мясокомбината | В Красноярском крае из-за урагана пострадали женщина и ребенок"
2234,Октябрьский,Ханты-Мансийский автономный округ — Югра,2024-11,3.120286090490845,True,-2.2204491704785094,-2.5326108309176827,-3.544694589096048,-3.083953917982682,-2.670753519388188,-1.6703478959663138,-7.769900752874559,-15.943542386012366,-8.629791984168289,-19.35547631419268,-7.749564705514711,-14.552325719576942,86,False,Маркетплейсы -9%; Общественное питание -19%; Продовольствие -8%,МО,нет в словаре упоминаний,,,,
872,Благовещенский,Амурская область,2023-09,3.1183846300485043,True,2.354264073463616,0.46224687477557913,0.6782988074808024,0.8950546064713039,4.778000212076307,0.45298449550007025,5.4942692880215915,3.820880590336362,6.105227656112167,5.5499068764350845,5.392311866897437,4.249199423276195,28,False,Продовольствие +5%; Все категории +5%,МО,нет в словаре упоминаний,,,,
78,Федоровский,Республика Башкортостан,2024-08,3.1178603065532626,True,-3.910538710718111,-3.1071648616128797,0.36769720312477483,0.10082459392756504,-0.9604589071664854,-2.0533806730059974,-14.373385667636818,-30.419290274774635,9.12963240013589,2.318315109393776,-5.191537486596864,-18.20858638197711,2,False,Все категории -14%; Здоровье -30%; Транспорт -18%,МО,нет в словаре упоминаний,,,,
1683,Бугурусланский,Оренбургская область,2023-03,3.1148370665887932,True,-3.166655074337492,-0.4772721073840154,0.748541419774951,-2.3111254356301463,-0.7433934993757845,-3.7064301848466554,-6.487990830455814,-5.474221805566337,8.420150983898811,-25.496486863321444,-3.43155484566946,-34.024678690408635,56,True,Транспорт -34%; Все категории -6%; Общественное питание -25%,МО,объяснения не найдено,0.0,1.0,,
616,Усть-Камчатский,Камчатский край,2024-11,3.1139063397606406,True,0.0,-3.016600396144601,0.2891551746253093,-1.5590091498391054,-4.190328220927653,1.3303375882308663,0.0,-10.775980742431557,1.084275471388274,-7.280354100892783,-5.124571789770904,6.574186287623718,41,False,Продовольствие -5%; Здоровье -11%,регион,объяснения не найдено,7.0,2.812013297286041,,Повышенная готовность введена в Усть-Камчатском районе Камчатки из-за извержения Шивелуча | После извержения Шивелуча дороги покрыло 10-сантиметровым слоем пепла | Вулканическая пыль от Шивелуча накрыла камчатские посёлки | В российском регионе из-за вулкана отменили занятия в садах и школах
1124,Пестяковский,Ивановская область,2024-05,3.1128667048794307,True,-1.312105067824127,1.1362128703841692,-1.4084144746325749,-1.1069506768646609,-0.5073812389319602,5.036324684298706,-6.447390495023875,16.80279140969465,-13.967835888032187,-40.964318437195324,-4.942737914458206,43.291404703447526,37,False,Транспорт +43%,МО,объяснения не найдено,0.0,1.0,,
2245,Надымский,Ямало-Ненецкий автономный округ,2024-05,3.1124381523856655,True,1.3845725641521984,0.7604387646937556,1.5583250598671958,1.796711691263556,2.236360473427238,4.564245029426755,2.3661956762989433,2.9037007816327787,5.831098981678018,4.474167105960447,1.6952917708458415,17.86608273135739,89,False,Транспорт +18%; Продовольствие +2%,МО,есть тематические новости,10.0,1.1027136250976155,транспорт,Дорожники продолжают подготовку к паводку в ЯНАО | Дорогу Надым — Салехард отрыли для движения транспорта | Самолет столкнулся с птицей во время вылета из Сочи в Надым | Геоэкологи проводят исследования по изменению уровня воды в Янтарном озере Надыма
2229,Белоярский,Ханты-Мансийский автономный округ — Югра,2024-11,3.111146496723008,True,-1.5296083640399654,0.6802810628509641,-0.19589261080662376,0.5645539608331961,-4.931153707810551,-1.5432818714741565,-5.971542961798892,3.2877922549929384,-2.300269785670661,7.420285641141922,-12.882871717159983,-6.307818922661035,86,False,Продовольствие -13%,МО,объяснения не найдено,4.0,2.4317118161499836,,Четырехквартирный барак вспыхнул в уральском поселке | Российский мэр похвастался уловом и был назван браконьером | В свердловских поселках введут карантин из-за вспышки бешенства | В Белоярске нашли мертвых животных с бешенством
1858,Пителинский,Рязанская область,2024-01,3.1099708214975252,True,-1.9339103061738019,-2.4398098114257656,-0.4168497940503854,-4.395801922680696,-0.8297330754992706,-0.5279809736615364,-12.92387228218388,-24.193342669080398,-6.12023770727852,-85.55830756404524,-7.015781631957285,-8.958615468040643,62,False,Общественное питание -86%; Здоровье -24%,МО,объяснения не найдено,0.0,1.0,,
619,Олюторский,Камчатский край,2023-07,3.108537820211613,True,0.7688993282672428,4.764327374065649,1.7366023468586433,-0.3486971536103809,-1.8095356035932701,0.015829076420898137,4.360299109366217,50.43291073341418,27.239076510767735,-3.566527400031738,-8.945171247970052,0.0,41,True,Здоровье +50%,регион,объяснения не найдено,3.0,3.7916117100584934,,"Землетрясение магнитудой 5,2 произошло на Камчатке | На Камчатке собаки напали на четырехлетнего мальчика | На Камчатке четырехлетний мальчик попал в больницу после нападения собак"
188,Сарпинский,Республика Калмыкия,2023-11,3.1079719197404696,True,0.11345395752655224,-1.0928030111944869,0.8553561689887746,5.201212912829361,-0.01486877371058297,-0.01966345032500819,1.1473462211876395,-7.664519591162122,4.983223774133094,61.933502263704554,0.7734332414321088,0.0,8,False,Общественное питание +62%,регион,объяснения не найдено,0.0,,,
1313,Кадыйский,Костромская область,2023-12,3.107118297885544,True,-0.34862967005710654,-4.284823728303729,0.3851235773910397,-2.344873356502023,-0.3247561052495089,-2.259293453825278,-0.13783697088216584,-26.567211561664816,9.567000701024986,-67.49862528688206,-0.7786193004401198,-19.286285377260626,44,False,Здоровье -27%; Общественное питание -67%; Транспорт -19%,МО,объяснения не найдено,0.0,1.0,,
2595,Кокошкино,Москва,2023-02,3.1066143644797086,True,-2.0837001110257205,0.035894364735359875,0.15199058453250133,-4.5267059594628245,-0.0936671693795245,-2.02984862308748,-2.5607908171821236,0.09831225835337243,0.6596366049985036,-8.535060728474342,-0.37336913162144825,-8.46574975747223,77,True,Общественное питание -9%; Все категории -3%; Транспорт -8%,МО,нет в словаре упоминаний,,,,
1291,Санчурский,Кировская область,2023-05,3.106468572992424,True,-0.2422489167599127,0.39034201870670243,5.353710102202184,0.35093619763322875,-0.3685949470340401,0.15218665423583835,-0.5349817111905963,5.062006886048298,50.86118325563254,3.578977861343269,-0.8742907304508662,0.8743565274494713,43,True,Маркетплейсы +51%,МО,объяснения не найдено,0.0,1.0,,
2345,Эгвекинот,Чукотский автономный округ,2023-07,3.1049776709600545,True,2.763492302578757,1.2171445134858159,3.304777658712811,2.109214954594214,1.4463486074513257,3.219349923748924,12.237396027556091,22.087749377705723,49.87351368577313,7.897266194084684,4.662163773430805,22.96787846533377,87,True,Маркетплейсы +50%; Транспорт +23%; Все категории +12%,МО,нет в словаре упоминаний,,,,
1412,Воловский,Липецкая область,2024-03,3.104390688583595,True,2.202290949538964,1.0067827443234654,4.498993154936699,-1.9546610467047947,0.35356640156890196,1.516494528244498,7.373640779806223,9.607945209635327,21.805345772036944,-22.18067333745899,2.092371441904728,13.579612054681167,48,False,Маркетплейсы +22%; Все категории +7%,МО,нет в словаре упоминаний,,,,
1571,Тоншаевский,Нижегородская область,2023-09,3.1004033660496915,True,2.0142329812421353,0.710614516586357,-0.8692009866300258,0.05274867725322934,4.8837626929903255,-0.9639660535875054,5.885650112876739,9.313780026717167,-5.93308159761281,-2.9371762040451888,8.317779815714488,-6.343257422006721,52,False,Продовольствие +8%; Все категории +6%,МО,объяснения не найдено,0.0,1.0,,
2245,Надымский,Ямало-Ненецкий автономный округ,2023-09,3.0996519176435133,True,3.4139904998986146,1.3586844874150839,1.1084476246779678,3.6606911101317414,0.9018329532923431,1.9410140376766392,3.4730709730231624,3.909778049757584,5.2676332954556315,10.302365538930314,1.0602153140446546,7.927991935061751,89,False,Общественное питание +10%; Все категории +3%,МО,есть тематические новости,6.0,0.6593424726973248,транспорт,Трассу Надым — Салехард полностью перекроют на два дня в сентябре | Жителей Надыма попросили не покидать дома из-за аварии на газопроводе | В Надыме на улице Геологоразведчиков произошла авария на газопроводе | У самолета авиакомпании «Ямал» в полете треснуло стекло
54,Зилаирский,Республика Башкортостан,2023-12,3.097687978722387,True,-0.34562466618775495,-1.0540858962486794,0.23759037582591214,5.114761507526083,-1.2309062048030697,0.420919223300523,-0.20841289030339993,-7.734714618562855,4.871829559901197,97.6366123644807,-5.29134690117008,6.337583670310742,2,False,Общественное питание +98%,МО,объяснения не найдено,0.0,1.0,,
743,Ильинский,Пермский край,2023-04,3.0951712470110917,True,-3.040373655897591,-1.8862797440728754,-0.7475552386410401,-1.2499933684326376,-1.4461987029630776,-3.9922840460815,-9.942791744754675,-19.594325635511865,-7.156780470089741,-21.913257339245362,-4.723565434241106,-35.37865121513741,59,True,Транспорт -35%; Все категории -10%,МО,нет в словаре упоминаний,,,,
1473,Протвино,Московская область,2023-05,3.0947637703572735,True,-3.6330585072648605,-1.762023309145493,-0.23532667386487732,-2.620127203499724,0.013543766746360158,-2.9442329566831216,-4.594624506699141,-6.52506791586327,-0.7972992057970529,-11.986779774367706,0.06082350151555005,-10.447182790195253,50,True,Все категории -5%; Транспорт -10%; Общественное питание -12%,МО,объяснения не найдено,3.0,0.8646032145097746,,Детей Подмосковья познакомили с востребованными профессиями в Губернском колледже в Серпухове | 360° | Бузова дала совет по воспитанию детей - Газета.Ru | Новости | Семьи мобилизованных из Подмосковья побывали на молебне в Серпухове | 360°
188,Сарпинский,Республика Калмыкия,2024-06,3.094294122273581,True,-0.4642632939793736,-1.3786492320465376,0.0,-4.780585555318068,-1.992309310491779,0.16254277669423847,-0.9948709010256351,-9.321183838101987,0.0,-61.256939047000714,-5.312448877934273,1.4394802916901206,8,False,Общественное питание -61%,регион,объяснения не найдено,0.0,,,
2185,Тепло-Огаревский,Тульская область,2023-10,3.0934821539544335,True,-1.7166670154446448,-1.8604618470833072,-0.2411158098692298,-1.5028668743148794,-4.722354453462322,-0.5629761815506588,-5.179454579802378,-9.876523368219026,-3.7305890477929537,-17.670598408311513,-8.413928899252632,-5.156970130765437,71,False,Продовольствие -8%,МО,объяснения не найдено,0.0,1.0,,
1494,Лотошино,Московская область,2023-10,3.0923551058137244,True,-0.029504863042924365,0.03746131668590152,4.592047398477412,-2.4175762815926807,0.6915170118972906,-1.3252946518318007,0.17949357572542013,-1.1124905547375885,12.548259646437732,-19.98548785987664,1.6679948766554986,-14.354338934397326,50,False,Маркетплейсы +13%; Общественное питание -20%,МО,нет в словаре упоминаний,,,,
227,Инта,Республика Коми,2024-05,3.089900212047048,True,4.791937352458254,1.3007199751437948,-0.1789295517332593,1.2997374815074096,1.9969761935492587,-0.24158177004100292,5.036768977827943,6.995008258785385,-1.1335707274850115,7.878038375790686,2.949744149993805,0.014052390711150053,11,False,Все категории +5%,МО,объяснения не найдено,0.0,0.5464601177309368,,
1319,Межевской,Костромская область,2024-08,3.0898278436910407,True,0.4249709444474707,2.756909261619077,4.167359840588674,-0.9204318110933479,-0.9824036894770212,-1.9166824445361261,1.179168678508269,17.513862723196596,40.9244527455888,-17.853198163997106,-4.12531079769165,-14.31412174584672,44,False,Маркетплейсы +41%; Здоровье +18%,МО,объяснения не найдено,0.0,,,
433,Каракулинский,Удмуртская Республика,2024-07,3.0887306834511574,True,4.301332100839436,0.505796999533093,-0.3326304337395975,0.43927734337521934,3.1406182923477806,-0.2927861780845641,14.118101199496635,14.246273510698959,-4.578133946492446,17.298601800123947,11.542806105589953,-2.418148590488123,18,False,Все категории +14%; Продовольствие +12%,МО,объяснения не найдено,0.0,1.0,,
74,Татышлинский,Республика Башкортостан,2024-11,3.0885710479153037,True,-3.1422069138711644,-0.3642913590697049,-1.197419535733211,-1.6404838734461507,-3.273774996986753,-2.83315130792313,-10.745946152989205,-2.380882994336364,-7.8694651674998894,-11.583402917785968,-9.177552166153014,-8.075492195733691,2,False,Продовольствие -9%; Все категории -11%; Транспорт -8%,МО,объяснения не найдено,2.0,3.011928747817282,,В Башкирии экс-чиновник обвиняется в растрате | У двух районов Башкирии изменятся границы
2349,Билибинский,Чукотский автономный округ,2023-07,3.088545330650401,True,2.1931107334780915,1.4099349312518106,2.2109217357863344,1.3105699392807004,4.149675544773024,2.5513437106331707,7.023526330571439,33.079797473176775,32.27364647362645,11.406357013883328,4.228117883107174,15.856219201523203,87,True,Продовольствие +4%; Транспорт +16%; Маркетплейсы +32%,МО,объяснения не найдено,1.0,1.9305372366861644,,В Билибинском районе Чукотки тушат природный пожар
223,Суоярвский,Республика Карелия,2023-05,3.0875510294704123,True,-1.33262843820305,0.567984471172432,-4.955742163613639,-1.5045381790522676,0.15112221023853553,0.4018398726712913,-1.5657238287706932,2.306305826825694,-9.205696606564473,-12.29469696451142,0.21769639865460988,2.514644229774765,10,True,Маркетплейсы -9%,МО,объяснения не найдено,0.0,,,
1279,Лузский,Кировская область,2023-11,3.0859577174787938,True,-1.6685634587808076,-1.5026915588438712,-0.6840465243069159,-0.023748581220542162,-4.850486487477476,-0.6417887371701435,-5.596884042038752,-11.649781771888357,-4.566731867949425,-1.2954570696049217,-8.380663420862966,-4.480953076545724,43,False,Продовольствие -8%,МО,объяснения не найдено,2.0,2.659919425235621,,Итальянский генерал разоблачил пытавшихся его обмануть украинских мошенников | Предприимчивые мама и сын с Украины едва не развели на тысячи евро итальянского генерала
1310,Буйский,Костромская область,2024-10,3.085250436956919,True,-1.8906929793274931,-0.6816529782940591,-0.3534262127248024,-0.7964656869596072,-4.786079404567743,-1.4404980969521561,-5.9708732738910975,-4.803297961699204,-3.214852444797689,-12.139020417152535,-7.691122829323671,-16.60269727480772,44,False,Продовольствие -8%,МО,объяснения не найдено,0.0,,,
2345,Эгвекинот,Чукотский автономный округ,2024-07,3.0838236192051887,True,2.593271070901086,1.36207719025824,4.00178882934179,0.841421989082417,2.4063531871456783,0.04327054701456888,16.218499285196852,25.503259337290054,36.3828863342619,12.372860352022697,5.772273428658536,1.4687850441146733,87,False,Маркетплейсы +36%; Все категории +16%; Продовольствие +6%,МО,нет в словаре упоминаний,,,,
1210,Куйбышевский,Калужская область,2024-07,3.0828555503975026,True,-4.499911671183217,1.502451987704627,-1.9835960588563717,-2.0804174246262694,-0.009288477671175403,-1.9304689337571919,-12.805007862993989,24.52177671925302,-17.44577805172529,-32.081621704608665,-0.25132895469841543,-18.224824433185915,40,False,Все категории -13%; Общественное питание -32%,МО,нет в словаре упоминаний,,,,
2232,Нефтеюганский,Ханты-Мансийский автономный округ — Югра,2024-03,3.082685422778398,True,2.4504251743941587,2.0362872430326475,4.071928519720364,2.433857605205073,2.317761252130357,1.2028989440707523,3.662001278937854,8.537382624691148,10.478414267515745,9.200748823735916,3.1493094530358867,3.62612440416461,86,False,Маркетплейсы +10%; Все категории +4%; Общественное питание +9%,МО,объяснения не найдено,2.0,1.4735823079552826,,Два человека погибли в массовой аварии на трассе Тюмень — Ханты-Мансийск | 360° | В массовом ДТП под Нефтеюганском погибли два человека
1585,Мошенской,Новгородская область,2024-07,3.082417879268259,True,-1.3279316474824383,-1.2708829626155582,-0.5565887062557422,-5.012519723876005,-0.9760643283747374,-0.3475723241183213,-5.528085669028826,-15.959556543142828,-7.172270146859638,-54.06271150027804,-3.327295182718082,-4.338720893065773,53,False,Общественное питание -54%,МО,объяснения не найдено,0.0,1.0,,
226,Вуктыл,Республика Коми,2024-07,3.0811177348652112,True,-1.4018025727971526,-5.028873693012499,-1.1069048807051631,0.8495248718478104,-1.0439328981120588,0.22413560015105974,-4.752025660511716,-18.578777154222294,-5.185638617533428,2.638132473462873,-1.9112289287044781,2.883121129847366,11,False,Здоровье -19%,МО,объяснения не найдено,0.0,1.0,,
888,Тындинский,Амурская область,2024-12,3.0807295252644993,True,0.550310109336498,-0.7504578655786858,5.254203555160612,0.32593434709674535,0.24169100313537795,0.27661388391496733,2.321062720300837,-11.506791673627248,19.779346920135055,2.6202038284609763,1.356285459267248,2.494843314822681,28,False,Маркетплейсы +20%,МО,объяснения не найдено,1.0,1.9727717529230038,,Жители Амурской области создали первую предновогоднюю открытку на льду
882,Ромненский,Амурская область,2024-01,3.0800160173219275,True,-0.1906663371957522,-0.7813255734778127,-0.20820715526415656,-3.029325923790027,-0.17002465476119083,-4.321135359666734,-0.8854127247722943,-7.606800048638007,-3.086399620708402,-26.783253712975608,-1.5394228633001106,-14.992756650088435,28,False,Транспорт -15%; Общественное питание -27%,МО,объяснения не найдено,0.0,1.0,,
855,Полины Осипенко,Хабаровский край,2024-08,3.0797148737097495,True,2.707881403206506,2.55190262015188,1.8199564197919957,0.7385805199106358,3.822185557175045,0.6318933177619694,13.458458015440389,26.550914650328437,32.445487994644836,13.416179215370416,10.197930207176231,12.040899355767865,27,False,Продовольствие +10%; Все категории +13%; Здоровье +27%,МО,нет в словаре упоминаний,,,,
1178,Мамоновский,Калининградская область,2023-08,3.0781160903142504,True,0.007022659064054312,1.8165953062155575,-0.18004045875420913,-1.5340915768723165,-0.26176339866677134,-4.771890665507695,0.0,19.86641684870971,-1.9594743815157578,-59.49668456700179,-1.4026860188334211,-25.103308950893943,39,False,Транспорт -25%,МО,объяснения не найдено,0.0,0.5161032194510499,,
1975,Малышевский,Свердловская область,2023-10,3.0769954869270166,True,0.49388141950349046,-4.740161468769415,1.825459144551024,-1.613155863912879,-0.05946447240844386,0.6260751364248094,1.157622475077691,-15.305042956625536,10.520104452985013,-19.89694697407085,0.11780043409501673,4.103073375420951,66,False,Здоровье -15%,МО,нет в словаре упоминаний,,,,
2156,Кривошеинский,Томская область,2024-06,3.076541569305606,True,1.6083237834517465,-1.8736386193958672,4.722086087153432,-0.7178236380422713,1.3179591028429056,0.7851068496773519,4.384391907904472,-11.981422915994422,23.178962359878064,-7.001279251525094,2.720750088077395,5.446464360969738,70,False,Маркетплейсы +23%,МО,объяснения не найдено,0.0,1.0,,
2211,Уватский,Тюменская область,2024-11,3.076389469611689,True,-2.169647202386962,-0.3818924905002613,-4.633019816559854,1.490058691042465,0.08935318707743413,-0.22655064033274414,-4.282594458651001,-2.9284466105989893,-13.233259764976246,9.293767742727654,0.26287897362848867,-2.1905968346432214,72,False,Маркетплейсы -13%; Все категории -4%,МО,объяснения не найдено,3.0,4.017893121725923,,"Жителям Уватского района пришлось вытаскивать из реки судно на воздушной подушке | Силовики взяли на контроль ситуацию с проблемной переправой в Уватском районе | Россиянин жестоко избил соседа битой, пытаясь успокоить - Газета.Ru | Новости"
836,Новоселицкий,Ставропольский край,2023-03,3.074798726596275,True,-2.2124445042050005,-1.8105787290394957,-4.321721428922295,-2.1888295579695436,0.07153001502421637,-0.8383554119910848,-6.91549377500138,-7.843864506745923,-15.14690186741916,-32.34634864654371,0.0,-5.209136930011482,26,True,Маркетплейсы -15%; Все категории -7%; Общественное питание -32%,МО,объяснения не найдено,0.0,1.0,,
666,Красноярск,Красноярский край,2024-07,3.0744434441957034,True,-0.22345308701394828,-0.8224012050970124,-0.0541362603548384,-5.023546280860191,-0.2943702965372043,-1.5634086147212272,-0.4230749936670719,-2.0565391474374195,-0.2526693089551557,-12.620205014151065,-0.3122611714927004,-4.076127073366642,24,False,Общественное питание -13%,МО,есть тематические новости,805.0,1.5889038699445797,транспорт,Опасные вещества выявили в воздухе Красноярска | В Красноярске дроны следят за капремонтом домов | В Красноярском крае без электричества могут остаться 30 тысяч должников | Из-за грозы и града со «Столбов» в Красноярске эвакуировали посетителей
69,Миякинский,Республика Башкортостан,2023-10,3.0738059964108575,True,-1.3491799905797885,-0.011421928214069892,-1.5132657781585723,-3.135585255893868,3.552471381871762,-2.4275300399206508,-4.743025486774322,-1.430672678359013,-12.876134025903507,-25.834890534444543,9.800718680438969,-13.598363908640465,2,False,Продовольствие +10%; Общественное питание -26%; Транспорт -14%,МО,объяснения не найдено,0.0,1.0,,
8,Теучежский,Республика Адыгея,2023-05,3.0725208234512515,True,-4.4569731833898265,-0.43536787312594694,-1.5334413256997064,-0.9736680641190065,-0.6006625907961166,-2.470850132000109,-5.6794458862457375,-5.180706215136155,-8.487163074137172,-6.802497138490793,-1.6750886884379312,-7.239985844036934,1,True,Все категории -6%; Транспорт -7%,МО,объяснения не найдено,0.0,1.0,,
796,Ольгинский,Приморский край,2024-11,3.0720243565423595,True,2.4817720165154413,-0.30931931214363395,4.658120357262835,0.11971707805469302,0.6313897098821686,0.6743317706166159,3.6210269319328248,-4.365029662093445,20.752684275215927,-0.226670738422996,1.6605411143522986,3.9181330069520293,25,False,Маркетплейсы +21%; Все категории +4%,МО,объяснения не найдено,3.0,4.017893121725923,,"Ещё одна авария на ЛЭП оставила без света населённые пункты Приморья | В Ольгинском районе Приморья впервые за много лет заметили леопарда | Ученые определили леопарда, впервые с 70-х годов отмеченного в Приморье"
2022,Гаринский,Свердловская область,2023-09,3.070562236357656,True,0.3874400138584557,1.5447866035254354,-3.370223625034378,-3.5070652935683317,0.22777248942176384,-2.151079516416304,2.316452061531038,20.899408521201845,-33.45757228501354,-65.4806892366433,2.999097512256288,-14.653091440710808,66,False,Общественное питание -65%; Маркетплейсы -33%; Транспорт -15%,МО,нет в словаре упоминаний,,,,
1273,Кикнурский,Кировская область,2023-06,3.0700318685740675,True,1.6631354287236244,-1.668671163782429,1.1860179653433385,-4.767054028964473,1.6009183520440808,0.09646652590265967,5.307192721943466,-14.268657239721971,11.944736139546741,-51.10398487006016,5.7503669230159815,1.2302726704670697,43,True,Общественное питание -51%,МО,объяснения не найдено,0.0,,,
2342,Октябрьский,Еврейская автономная область,2024-09,3.068858758350713,True,-0.7513318853899327,-2.420075336793885,-0.3817193168278091,-4.624870564964283,-1.0037379427353326,-0.2085988219771463,-1.8065212600644642,-14.832227923605679,-2.4923357131708457,-57.48598092282848,-2.463534884591212,-2.3796526368668136,79,False,Общественное питание -57%; Здоровье -15%,МО,нет в словаре упоминаний,,,,
324,Нюрбинский,Республика Саха (Якутия),2023-06,3.0684915479294936,True,1.1344030317291545,-0.42314859477730765,4.464802431602252,2.650582982573181,1.1228793996051698,-0.8528255904757172,3.0617438230256866,-7.812463469639841,63.29445786324843,16.039564771328063,1.3191263087575678,-2.8995614619948817,14,True,Маркетплейсы +63%; Общественное питание +16%,МО,объяснения не найдено,3.0,3.802201518526833,,Вторая волна половодья стартует в Якутии | Три человека погибли в результате ДТП с двумя мотоциклами в Якутии | В Якутии погибли три человека в ДТП с мотоциклами
1005,Суздальский,Владимирская область,2023-11,3.0676514100440126,True,-0.02468776763409387,2.910180948494436,-4.351532825603032,-0.5454235068540343,-0.6253157928355892,0.9091008939355267,-0.23175363982277375,16.476488268394363,-10.539614367366923,-5.102684788780376,-0.9770981033888404,4.613087885588385,33,False,Маркетплейсы -11%; Здоровье +16%,МО,объяснения не найдено,3.0,0.6325129016991,,Новогодняя столица Суздаль ждет более 300 тысяч гостей в праздники | Пост ушедшего в отставку мэра Суздаля займет директор подмосковного музея | Памятник Юрию Долгорукому поставят на окраине Суздаля | 360°
1935,Новобурасский,Саратовская область,2024-02,3.066693566829898,True,-0.6811687204038607,1.5227719343341433,-1.5443580476727694,-4.848706235182767,1.0821136162104215,0.11611763319981937,-0.6911024395735765,25.989423746338947,-13.750973738450423,-65.10473819094358,5.625514722169278,3.5238289759685237,64,False,Общественное питание -65%,МО,объяснения не найдено,0.0,1.0,,
541,Новичихинский,Алтайский край,2023-02,3.0660168696043977,True,0.3732891995663774,0.3002807829677916,4.976946884215987,0.22310611858962068,-0.5074511472870563,1.781536241255304,2.4074346026578652,4.481194915669295,43.15708369221633,9.366697560136572,-1.0869046290128637,13.001543879187594,22,True,Маркетплейсы +43%,МО,объяснения не найдено,0.0,,,
746,Кишертский,Пермский край,2023-05,3.065938236264721,True,-1.3426262435703429,-2.1708377049530903,-0.410658029055527,-4.656688762908713,-0.6424336333031632,-1.097651568339796,-6.3736279749146085,-24.30941564699789,-3.6594169864786696,-53.30632685595411,-1.698266755717004,-8.582606894312361,59,True,Общественное питание -53%; Здоровье -24%,МО,объяснения не найдено,0.0,1.0,,
410,Тандинский,Республика Тыва,2023-03,3.0650278697607254,True,-0.8628919340557615,-0.7168287488189163,-5.164564799497589,-0.8751431135316362,0.3995222927328895,-0.2893208055886726,-3.118812389581027,-8.289903363395457,-36.39454854309135,-13.65750552191769,2.399825386763066,-0.6198864178871499,17,True,Маркетплейсы -36%,МО,объяснения не найдено,0.0,1.0,,
716,Северо-Енисейский,Красноярский край,2024-07,3.064471201889893,True,2.380316710414205,-0.23377474739122103,2.8810423866885078,3.7691694530578674,1.6738694028759413,0.4006642111246551,6.698183047039663,-0.6527300193502228,8.941500821454262,22.264948733740653,4.539471044208732,2.977850472876664,24,False,Общественное питание +22%; Маркетплейсы +9%; Все категории +7%,МО,объяснения не найдено,1.0,1.9691868845539722,,В Красноярском крае выставили на торги нефтегазовое месторождение
185,Малодербетовский,Республика Калмыкия,2023-03,3.0639700921596726,True,-0.7427456354154666,2.0737825896538022,1.1785754675919171,-4.31874862116673,-1.501317872895757,-2.2828872716290873,-4.0314338555495155,50.60548132677249,14.597260871347295,-40.43173317985147,-5.314667678320184,-9.51635723328188,8,True,Общественное питание -40%; Транспорт -10%; Здоровье +51%,МО,объяснения не найдено,0.0,,,
334,Оленекский,Республика Саха (Якутия),2024-08,3.0628823323997567,True,-1.8420924538701215,-4.521758032734134,-0.3644141563489658,-2.0746431575523556,-0.5145187544440271,0.9187869407777974,-9.740971141656551,-33.831077958412514,-8.22720687977494,-22.88593075082952,-2.51956246256988,38.15204401005738,14,False,Здоровье -34%; Общественное питание -23%,МО,объяснения не найдено,1.0,2.050068487240881,,В Якутии трое приемных детей сбежали из дома родителей ночью - Газета.Ru | Новости
721,Тюхтетский,Красноярский край,2023-05,3.062104858111879,True,-1.3354365462320896,0.23392438573077487,-4.389619994824967,0.3690618071335106,-2.6603202848976046,0.6224250959563763,-4.3269908442306715,1.3287762432197425,-14.905356427362726,11.081953484651397,-4.873457065747289,4.150674945125132,24,True,Маркетплейсы -15%; Продовольствие -5%,МО,объяснения не найдено,0.0,1.0,,
2140,Старицкий,Тверская область,2023-08,3.0613623624088486,True,-1.1652091272781469,-3.6228647649308763,-3.6029312247859715,-1.4175881018141576,-1.3845574240150307,1.2927212213398238,-2.6276315640592074,-12.413441983342377,-7.880400285038824,-24.781468560366537,-2.735461100905212,7.305029301875798,69,False,Здоровье -12%; Маркетплейсы -8%,МО,объяснения не найдено,1.0,0.7161408978385436,,В Старице Тверской области первоклассников поздравили с началом учебы
891,Коряжма,Архангельская область,2024-12,3.060253963760734,True,2.2734260316278987,2.9333496633906186,0.25379794845811615,2.032074875713716,3.7845021864364963,2.029211539628129,9.68163680825711,18.907079203107415,0.8355649639975482,10.245931909348549,14.424498135186603,18.7946800198866,29,False,Продовольствие +14%; Здоровье +19%; Все категории +10%,МО,объяснения не найдено,1.0,1.9727717529230038,,"Цыбульский рассказал о решении проблем в Коряжме, Котласе и Яренске"
2022,Гаринский,Свердловская область,2024-01,3.0601665083515868,True,-2.3571486677731954,-2.454044257753084,-1.3527813317957484,-1.346872631123329,-0.861353320005059,-4.063911184501254,-24.200264263273397,-33.77957362809374,-14.634747101285228,-40.44058153670518,-14.386469421490666,-37.57752357087014,66,False,Транспорт -38%; Здоровье -34%; Все категории -24%,МО,нет в словаре упоминаний,,,,
2158,Парабельский,Томская область,2024-07,3.05941156772128,True,0.6835597068933753,1.0093948566054742,0.13898479913812403,-1.741833845426701,3.764415655066988,3.29775485033878,1.0471043445949846,6.528881228103867,0.02656360407957692,-12.594364511116307,4.789738948880995,21.46680913588419,70,False,Продовольствие +5%; Транспорт +21%,МО,объяснения не найдено,0.0,1.0,,
2352,Сенной,Санкт-Петербург,2024-08,3.058770203145983,True,-0.21389897106985156,-0.5103090078102552,-2.615912717452864,-0.6228390701945683,-1.6183666429234116,-4.313480674664294,-0.32974798129004057,-1.479574496941094,-9.781044948863205,-1.4488606630146172,-2.0411815692516377,-6.056948069997681,78,False,Транспорт -6%; Маркетплейсы -10%,МО,нет в словаре упоминаний,,,,
1240,Беловский,Кемеровская область,2023-03,3.0576541674129754,True,-0.8825610314814542,1.291203763069928,-5.0598049261249445,0.5826509343553387,0.2946799332835885,0.23078149924248664,-7.249574484413834,28.72862217039436,-24.401290804311326,3.2001437759808127,1.308856141502357,2.033079603245014,42,True,Маркетплейсы -24%,МО,объяснения не найдено,0.0,0.3559030218430745,,
1205,Жиздринский,Калужская область,2024-08,3.0556036609100863,True,-0.22873850393540612,1.344984671251141,0.27774637285136294,2.541093346762047,0.0,-4.443422333612064,-1.2987484948883576,13.712506623761112,1.4803374694054128,35.201335100777165,0.0,-20.355146841882377,40,False,Транспорт -20%; Общественное питание +35%,МО,объяснения не найдено,0.0,1.0,,
319,Верхоянский,Республика Саха (Якутия),2023-08,3.0555809416683783,True,-0.6810551929510084,-1.5364094415297886,0.7050983085013108,-3.5570233968860276,2.2220689780384184,3.227958903720077,-3.8372578518147904,-10.59727187671644,18.995013470370026,-14.790164311372855,3.0043097426911913,19.89002706736054,14,False,Общественное питание -15%; Транспорт +20%; Продовольствие +3%,МО,объяснения не найдено,0.0,1.0,,
1060,Междуреченский,Вологодская область,2024-10,3.055250284479326,True,2.169216674891698,-4.719489290176113,0.07291817745389627,0.07916695802792491,-0.9501737118627993,-1.0122167553038142,9.407427915075317,-28.450927544810778,3.993861729192183,6.280090123903026,-4.8195121380835815,-29.86563196318288,35,False,Здоровье -28%; Все категории +9%,МО,объяснения не найдено,0.0,1.0,,
349,Ирафский,Республика Северная Осетия — Алания,2024-07,3.0550373840722833,True,-4.924726702885329,0.9704139375177432,-1.4582835519573787,0.7780709437856863,-0.41987855796873247,-1.2728850058887586,-13.310451012573665,13.911253947120716,-12.06710090503087,17.58279787924284,-2.973054740852099,-14.13902757800889,15,False,Все категории -13%,МО,объяснения не найдено,0.0,1.0,,
1147,Жигаловский,Иркутская область,2024-02,3.0549572065618893,True,-1.9592711377876668,-0.7517773913635684,0.07159238425242513,-3.3458621243721485,-3.1794465770945863,-2.587395738936485,-11.064551770992637,-4.484018436554127,0.47070428757010063,-21.042636492587263,-11.698909539572533,-14.005251984664735,38,False,Общественное питание -21%; Продовольствие -12%; Транспорт -14%,МО,объяснения не найдено,0.0,0.3562530931807369,,
1179,Пионерский,Калининградская область,2024-03,3.054554948182119,True,-0.6110802761034547,-0.32044286373687897,0.27976863366171123,-0.08044315843466987,0.20095916397780927,-5.2454566113570165,-1.9619453493902483,-2.464901024909416,1.235337238139067,-1.3547344878923617,0.8532163858694375,-29.027519168870075,39,False,Транспорт -29%,МО,нет в словаре упоминаний,,,,
1871,Чучковский,Рязанская область,2023-06,3.05408383077457,True,3.103660871645573,-0.9024317172175594,1.9870418675825396,3.794896302468138,0.946281689567663,0.5571002848063272,9.675877011737732,-11.88800177553504,25.93541123831855,91.51206845383473,11.986399991632801,10.331408498667471,62,True,Общественное питание +92%; Все категории +10%,МО,объяснения не найдено,0.0,1.0,,
553,Суетский,Алтайский край,2023-10,3.053316829754504,True,-1.3475780550202303,-1.9288838219631417,0.11376890343810524,-1.165794240986944,-4.736208565464895,0.902860370703996,-9.238822990028694,-25.920058373309196,3.6959150592071666,-19.24846995282108,-8.437837853617935,12.902529306950683,22,False,Продовольствие -8%,МО,объяснения не найдено,0.0,,,
754,Осинский,Пермский край,2023-10,3.0529330235013123,True,-2.402967412410541,0.32353266944157166,-1.4799333928284366,-4.471772009577287,0.5463834686977006,-0.5867398483837709,-5.458845957153624,1.0543285225937726,-8.570875916354348,-18.771971725520096,0.6786794556011166,-3.7031702686681545,59,False,Общественное питание -19%; Все категории -5%,МО,нет в словаре упоминаний,,,,
702,Кежемский,Красноярский край,2023-09,3.0523515891108213,True,-0.856136323948641,-1.3261848336567734,1.0102486769784862,-1.8764084343163059,0.5880105029656495,-4.761394317345231,-1.9701406519118336,-9.995250009658019,6.863169537489888,-20.88942952303041,1.4463297071309,-18.28966104916745,24,False,Транспорт -18%,МО,объяснения не найдено,4.0,2.4895536081986758,,Жителя Кодинска осудят за убийство двух девочек-подростков 20 лет назад | Красноярские следователи завершили дело об убийстве 23-летней давности | Подозреваемого в убийстве девочки из красноярской деревни арестовали на 2 месяца | 360° | В Красноярском крае арестовали убившего шестилетнюю девочку топором мужчину
1438,Ягоднинский,Магаданская область,2024-02,3.05193460515306,True,-1.2861679329450284,-0.7038893273101398,-3.8419074203412746,-3.136074970547348,-0.4561024743965915,-1.8296709144065744,-11.780462138967351,-13.9281792850531,-37.39556870283769,-46.59988698362238,-2.270589847655735,-26.236750732619953,49,False,Маркетплейсы -37%; Общественное питание -47%,МО,объяснения не найдено,0.0,1.0,,
1869,Старожиловский,Рязанская область,2024-11,3.0513375721283404,True,-3.030058698243381,-0.4645174285023572,-0.885524294233365,-0.4449741842792537,-4.079184004954295,1.4529229422687513,-10.078603119714558,-5.825033983411521,-4.730779777507266,-15.713881262988005,-12.107918053613087,20.174331111837684,62,False,Продовольствие -12%; Все категории -10%,МО,объяснения не найдено,0.0,,,
1626,Убинский,Новосибирская область,2024-04,3.051249965841237,True,-0.0009098443177892278,-0.5864281899451832,0.7196033945586816,5.070139712621323,-0.5146144468131101,1.3062286596068255,0.0,-6.000946789735817,4.885266303871738,58.1676383314603,-1.7873339600463112,8.608165464906126,54,False,Общественное питание +58%,МО,объяснения не найдено,1.0,0.9761078279190789,,Селу Крещенское в Новосибирской области грозит подтопление
1773,Локнянский,Псковская область,2024-05,3.0507553977691564,True,-2.013778853781928,-0.25062747985808115,-4.6440231015970985,0.1830610154955308,1.5162683307865208,-0.37106231800534184,-6.067033376451292,-1.5670917858378264,-29.865315859734842,4.229333886726527,2.965794192750426,-3.6654550705260913,60,False,Маркетплейсы -30%; Все категории -6%,МО,объяснения не найдено,0.0,1.0,,
2437,Павловск,Санкт-Петербург,2024-04,3.0505136461533158,True,-4.099463978464052,-2.5543039619287056,1.2316650585094846,-1.863924914504759,-0.9163164175526498,-2.141687856680753,-3.5143129430447395,-6.673570965049569,2.473196134864075,-2.573962129731111,-0.862245752146773,-4.527800072731347,78,False,Все категории -4%; Здоровье -7%; Транспорт -5%,МО,нет в словаре упоминаний,,,,
1186,Гурьевский,Калининградская область,2023-04,3.048929121808698,True,1.0409800782259346,2.9943765046812456,0.543275255791505,3.7049239548720165,1.7656698617487312,2.279288091985719,8.033615988411036,11.389301656087447,3.5852508438876995,19.492449096497477,4.767645006591792,10.17692310374132,39,True,Общественное питание +19%; Здоровье +11%; Транспорт +10%,МО,нет в словаре упоминаний,,,,
613,Мильковский,Камчатский край,2023-11,3.0486061526381665,True,1.1305796876864436,-1.5797661668422922,1.0175554199431873,-0.5129366377995177,4.910002734174501,0.10556926484076695,2.280154653421107,-6.558160697495552,4.678976174608884,-3.726015157020335,3.7073432949719987,0.824881370937014,41,False,Продовольствие +4%,МО,есть тематические новости,3.0,3.489879137853431,погода,МЧС предупредило о метели и сильном ветре на Камчатке | На Камчатке из-за циклона ожидают ветер до 30 м/с | МЧС предупредило жителей Камчатки о новом циклоне и сильных осадках
1195,Правдинский,Калининградская область,2024-01,3.047581311146422,True,-0.19736835723601245,-4.821835104324335,-0.3140522583880912,-1.6190960358400266,0.6751329434112556,1.411272403747581,-1.6141976535232416,-31.754504164742325,-4.363551928502929,-21.12435907686807,2.6129764654125864,18.926587169640374,39,False,Здоровье -32%,МО,объяснения не найдено,1.0,0.968992980347287,,В Правдинском районе пожарные спасли из горящего дома 4 человек и собаку с щенками
1921,Балтайский,Саратовская область,2023-07,3.0470026476882492,True,-1.7152339781286983,-0.5246028573380541,-4.829546596114857,0.8078352440467528,0.2190607980679127,-1.2594155316200477,-5.180194253130033,-1.9496281110689573,-20.128892969654988,33.69636307679933,0.7331178974448349,-8.158253241951208,64,True,Маркетплейсы -20%,МО,объяснения не найдено,0.0,1.0,,
1725,Новосильский,Орловская область,2024-04,3.0457287813399097,True,-0.00129428750210546,-0.670584093886458,2.7697270162715997,-4.384342837489127,-0.9672339774531729,-0.01366858722363239,0.0,-6.5953016756258975,13.399727000786754,-50.82694329667214,-2.137358718675131,-0.09007723083334085,57,False,Общественное питание -51%; Маркетплейсы +13%,МО,объяснения не найдено,0.0,1.0,,
304,Старошайговский,Республика Мордовия,2023-09,3.0450078471077457,True,0.1382108216379826,-4.087795346647823,2.187998599424527,2.513724268825831,-0.3614505248408063,0.8144744442392837,1.7345087272456539,-34.533027766038686,24.837961975803236,61.03053181417684,-4.085514595609574,13.29333997233566,13,False,Здоровье -35%; Общественное питание +61%; Маркетплейсы +25%,МО,объяснения не найдено,0.0,1.0,,
327,Мирнинский,Республика Саха (Якутия),2023-08,3.044532598443319,True,-0.5663306015788176,0.017153136635445564,-4.732113130091499,-0.2919441379463364,2.2569694731393892,0.16249224211885435,-2.9525863268546004,0.0,-10.326256902016784,-5.86885206770047,2.980025487694249,1.0356102389579291,14,False,Маркетплейсы -10%; Продовольствие +3%,МО,объяснения не найдено,0.0,0.5476599383423424,,
1542,Большемурашкинский,Нижегородская область,2024-07,3.0441071629058696,True,-2.427809753619321,0.13688994522302927,-0.9634843448682625,-0.9922834763233036,-4.393254791666972,-1.6139446686582994,-7.051989447014595,0.035309323302268325,-4.7789515163152,-9.188265524374017,-7.882259000847647,-20.77294055230876,52,False,Продовольствие -8%; Все категории -7%,МО,объяснения не найдено,1.0,1.9691868845539722,,"Водитель «Рено» погиб, врезавшись в грузовик в Большемурашкинском округе"
602,Шелопугинский,Забайкальский край,2023-11,3.043689440436423,True,0.3749183297966532,-3.159693449557733,4.12384025970408,-0.6497079077700311,-0.37854175466882084,0.8957762258166373,1.4576062378941934,-34.25963125894107,44.067905206426296,-13.025173428292147,-1.351318539960289,7.127477868962595,75,False,Маркетплейсы +44%; Здоровье -34%,МО,объяснения не найдено,0.0,1.0,,
329,Намский,Республика Саха (Якутия),2023-05,3.0432732202712054,True,-0.6148709914626354,-1.0403204159345925,-0.6799117612631739,-4.633188083244282,2.2881952052070353,0.014115845295141162,-1.2621982291703304,-8.00101815306462,-19.20132651020472,-12.978308813290518,3.948780086820669,0.0,14,True,Общественное питание -13%; Продовольствие +4%,МО,объяснения не найдено,0.0,1.0,,
2243,Ноябрьск,Ямало-Ненецкий автономный округ,2024-12,3.0429139427460554,True,-2.5672238867627706,-0.863000272038297,-2.7056907541738675,-2.881887498847703,-3.4859629624593556,-0.5692291778085529,-6.5783039980034985,-6.005052238596154,-7.722071807774533,-5.677628217042674,-4.133060076701156,-3.113316603385119,89,False,Продовольствие -4%; Общественное питание -6%; Маркетплейсы -8%,МО,есть тематические новости,53.0,1.978527285926278,транспорт,Кольцевая развязка и тротуары: какие дороги отремонтируют в Ноябрьске в 2025 году | В Ноябрьске возобновили автобусное движение | Четыре автобуса в Ноябрьске вернулись к прежним маршрутам | В Ноябрьске неизвестный поджег дорогой внедорожник
377,Камско-Устьинский,Республика Татарстан,2024-04,3.0428567256158896,True,-0.44815682363414405,-5.050673403883824,0.5198013841545783,1.282245975086105,-0.25958016727439154,-0.7896040682225698,-1.7150277581521323,-30.77973950309305,5.872945361462634,24.59548156509257,-0.5929342331988607,-6.269316400989311,16,False,Здоровье -31%,МО,объяснения не найдено,0.0,0.5476599383423424,,
578,Балейский,Забайкальский край,2024-10,3.04261211398941,True,3.4422597057379125,-0.052056284058084795,0.5595854480638678,1.2027250259300524,3.7940070150626175,1.23645635446388,8.708443599673021,-0.39717078688208396,5.721777149011231,17.939452202307173,4.331150487034563,8.795686774441558,75,False,Продовольствие +4%; Все категории +9%,МО,объяснения не найдено,0.0,1.0,,
790,Кировский,Приморский край,2024-12,3.0419410077006312,True,1.1981527815436415,2.0726544086696923,0.1011146154279203,3.3684049575396253,3.4811157733170495,0.12578037083534527,4.4916526201713936,11.371045864262541,1.8299644345459498,27.291156321978605,9.566011578526634,0.5136976728797649,25,False,Продовольствие +10%; Общественное питание +27%; Здоровье +11%,МО,нет в словаре упоминаний,,,,
382,Менделеевский,Республика Татарстан,2024-06,3.04104620169697,True,-2.1536744950647413,-0.8703926265017239,-4.472059882517665,-0.4923889521005218,-1.7624564048652165,0.2957678297025806,-5.8710522878401505,-7.389631588556345,-21.21106407038784,-5.520779257237063,-3.8121312292252796,2.288777193524627,16,False,Маркетплейсы -21%; Все категории -6%,МО,объяснения не найдено,3.0,0.6750743643994555,,"В Менделеевском районе Татарстана открылся первый пляж со спортплощадкой, зоной для гриля и парковкой | В Татарстане перед судом предстанут четверо жителей Менделеевска, обвиняемых в мошенничестве | Рустам Минниханов посетил праздник удмуртской культуры «Гырон Быдтон»"
2362,Левашово,Санкт-Петербург,2024-12,3.041010110794483,True,1.0811271547265864,2.1030536506028668,1.8764899953381005,0.19382036480885548,-0.3514575718293801,4.449626739620391,4.240325250726329,10.699930098182175,10.149094307504036,1.8935473318068219,-1.2741480023148455,18.404552826601872,78,False,Транспорт +18%; Здоровье +11%,МО,нет в словаре упоминаний,,,,
2598,Михайлово-Ярцевское,Москва,2023-02,3.039976230448811,True,1.6082620574770983,-4.450245527426824,0.9462759198477505,2.309366654556693,1.0287938463851125,0.7355306953600053,4.634932959127269,-12.879591639707089,3.113911335401731,9.640466601256747,6.558618650326675,3.714643248297067,77,True,Здоровье -13%; Общественное питание +10%,МО,нет в словаре упоминаний,,,,
376,Кайбицкий,Республика Татарстан,2023-08,3.039718213839831,True,-1.0658595146011445,-0.23328618898457198,0.3908846350894396,-3.6203249664144592,0.0716456741478696,-3.671083095128629,-3.3377525323190937,-4.550612111697472,13.456924302660322,-45.160948900901055,0.6472676610998818,-24.805596493019344,16,False,Транспорт -25%; Общественное питание -45%,МО,объяснения не найдено,0.0,0.49851334002083514,,
1891,Елховский,Самарская область,2023-08,3.039256575610611,True,-0.3670824379704619,-5.031318039190548,0.025883796976867136,1.290859723756012,-0.2041215557222309,0.8548459272157443,-1.4525482925641597,-32.34037273203021,0.3458109325657155,23.86132374029306,-0.6437696378900348,5.864543497172381,63,False,Здоровье -32%,МО,объяснения не найдено,0.0,1.0,,
1749,Лопатинский,Пензенская область,2024-06,3.038643755739256,True,-1.2312256358467508,-2.5041388856716384,-4.42689183452488,0.7048263604093185,1.3535083115975537,0.12760413966305154,-6.127000624025847,-20.113919608347608,-36.808216815977346,27.649193173569664,6.327997465409929,2.957880835687554,58,False,Маркетплейсы -37%; Здоровье -20%,МО,объяснения не найдено,0.0,1.0,,
1641,Кормиловский,Омская область,2024-12,3.0379629584201644,True,-2.16486280436865,-0.2434568302202896,-0.7183638386887751,-4.238237787989438,-2.2446305488695653,-0.0816574979256963,-6.3117392983050635,1.0559760215001823,-3.4206737498454487,-51.43100457588243,-6.03149606995288,0.0,55,False,Общественное питание -51%; Продовольствие -6%; Все категории -6%,МО,объяснения не найдено,0.0,1.0,,
855,Полины Осипенко,Хабаровский край,2024-09,3.0366109747656282,True,-1.647647877190383,-3.558250031523329,-1.7837093387015848,-0.43418754885506994,-3.4380599681207067,-0.6314120448239418,-8.95363096816606,-43.72180639814132,-32.72635622864826,-2.7736528232040314,-9.618750197082004,-14.309838689470533,27,False,Здоровье -44%; Продовольствие -10%,МО,нет в словаре упоминаний,,,,
1963,Поронайский,Сахалинская область,2024-01,3.036479328685652,True,-2.010330740021089,-0.03000654579736329,-0.8381164968571848,-0.14146960929331764,-4.787144367368494,0.6829021846710543,-4.916870067049395,-1.3846317587119295,-6.685372389043476,-0.4677454812550774,-8.49969399894741,2.893595075133648,65,False,Продовольствие -8%; Все категории -5%,МО,объяснения не найдено,0.0,1.0,,
699,Казачинский,Красноярский край,2024-12,3.03571191685454,True,0.4173735075146603,2.5417139785585126,0.05705922320825359,4.194539970356793,-0.8218048937797913,-1.8953007715604109,2.0084131442125397,17.414809007349685,0.6373857761099444,126.15978956105013,-2.6637878546386773,-17.438672825770762,24,False,Общественное питание +126%; Здоровье +17%,МО,объяснения не найдено,1.0,1.9727717529230038,,В селе Казачинского района достроили спорткомплекс
855,Полины Осипенко,Хабаровский край,2023-07,3.0355026607498448,True,-1.2891689073159502,0.675423654059863,-1.7923050037359616,-2.057247390605962,-4.494241332826505,-0.7867352848964104,-5.804897628455663,16.867083088148547,-17.503587169321257,-15.949675555700082,-9.920356059848157,-21.596524093927137,27,True,Продовольствие -10%; Общественное питание -16%,МО,нет в словаре упоминаний,,,,
846,Бикинский,Хабаровский край,2024-03,3.0346495696389115,True,2.5573355122382164,0.9805684022363473,-2.1072139369221383,0.11097530382524237,4.0800708980868565,0.9996618320927442,3.8144982413954587,6.506081101472105,-9.956387345549489,0.055726509778430966,3.232549514703109,3.0134685736744604,27,False,Продовольствие +3%; Все категории +4%; Маркетплейсы -10%,МО,объяснения не найдено,4.0,2.3812932064613372,,Бикинский район Хабаровского края может стать округом | В Хабаровском крае ограбивший продуктовый магазин мужчина отправится под суд | «Рыбафест» впервые пройдёт в Хабаровском крае | Взяткодателю в Хабаровском крае увеличили сумму штрафа по итогам апелляции
878,Магдагачинский,Амурская область,2024-12,3.034543970440951,True,-0.9409355324490309,-1.3321384100529405,0.4078810180364642,-4.793368930248905,-0.5889742011717499,-1.6954034565862737,-2.7268155948327433,-10.532362526159478,3.9774414066092945,-18.649964022549614,-1.6335665037050973,-11.231386135672494,28,False,Общественное питание -19%,МО,объяснения не найдено,0.0,1.0,,
1686,Домбаровский,Оренбургская область,2024-03,3.0329025865211965,True,-2.8641539120567767,-3.1249769355904586,-3.102682036248384,-0.21226382474634042,-0.18900977918581718,-2.55987294985111,-8.09984937813848,-23.436194843427405,-19.970202343661647,-2.7350840793388898,-0.5573698443599895,-20.357311951664503,56,False,Здоровье -23%; Маркетплейсы -20%; Все категории -8%,МО,объяснения не найдено,0.0,1.0,,
1171,Баяндаевский,Иркутская область,2023-08,3.03270744161623,True,2.9110640288217953,-0.37181862322059195,2.7007589621308745,-0.3434939945810203,1.1216050243888405,3.438539010666152,12.738771541512861,-2.8298675813460683,18.03096393777004,-3.750821032600715,3.227243401977553,35.354004940331585,38,False,Транспорт +35%; Все категории +13%; Маркетплейсы +18%,МО,объяснения не найдено,0.0,1.0,,
2207,Сладковский,Тюменская область,2023-09,3.031760945989411,True,-3.7452269555904794,0.5620104959125816,-1.9312216706814018,-0.6965168796517385,-2.6273739658614086,-2.5777712069755125,-9.5885862079502,9.819900178820706,-17.455846020608412,-11.920874071355358,-6.686868876386942,-14.866123258701691,72,False,Все категории -10%; Продовольствие -7%; Транспорт -15%,МО,объяснения не найдено,0.0,1.0,,
2148,Александровский,Томская область,2024-05,3.0313675798200417,True,0.0,-0.9754074658174798,4.197746100150332,-2.3805095131700615,-2.068736413449419,-0.759487801683084,0.03474524223694431,-10.4928157371174,34.78604134221701,-16.905768913245378,-3.472115941516307,-11.164276236093773,70,False,Маркетплейсы +35%; Общественное питание -17%; Продовольствие -3%,МО,нет в словаре упоминаний,,,,
1784,Пустошкинский,Псковская область,2024-07,3.0307233501623934,True,1.8713629680574002,-4.345016651790017,2.27479296049323,0.12114808837084132,-1.5558309412897262,-0.009086611758309491,5.482674116780295,-27.02000326306795,11.460821275374666,10.268779649372028,-3.584725168370362,-0.339664115902627,60,False,Здоровье -27%; Маркетплейсы +11%,МО,объяснения не найдено,1.0,1.9691868845539722,,Один человек погиб и трое пострадали в ДТП с автобусом в Псковской области
806,Чугуевский,Приморский край,2024-01,3.0282881276318743,True,-2.2216876356741673,0.12483328823237705,0.44585559394705737,0.4835483079454372,-1.413899452364253,-4.53614145943059,-5.531517571577815,0.4516526850974145,3.6532718013240206,4.427819982975123,-3.975428664787728,-15.761271012614753,25,False,Транспорт -16%; Все категории -6%,МО,объяснения не найдено,2.0,0.9965610664611626,,На Украине сообщили о повреждении предприятия в Харьковской области | В Харьковской области после взрывов получили повреждения склады
1967,Тымовский,Сахалинская область,2024-01,3.0267657486800217,True,-1.7717388341804592,3.6622827161448366,-0.6765478383881524,0.7826292016939502,-1.3743685422578429,3.3064421214700346,-3.314730175583591,22.548544766446366,-4.992002585075639,11.244239910773812,-6.89780966286504,13.931487640502516,65,False,Здоровье +23%; Транспорт +14%,МО,нет в словаре упоминаний,,,,
314,Амгинский,Республика Саха (Якутия),2024-08,3.0262518793795996,True,0.8961504181449154,-1.6384614103551656,1.0472960987134898,0.8041585424565441,-0.08960160827615384,-4.867567811622365,3.954203544211765,-11.71062771023168,21.974698837390516,14.715214902213436,-0.06932800102443792,-7.990014269468304,14,False,Транспорт -8%,МО,объяснения не найдено,0.0,1.0,,
1310,Буйский,Костромская область,2024-09,3.0237157783189326,True,0.0992173166066763,0.017731549509727416,0.8703513840289274,-4.583077570278386,2.3804326869908987,0.13430830414362735,0.2796851404447409,3.806439978799192,9.127161934508088,-44.794897595905695,5.341628535149745,1.052399422718464,44,False,Общественное питание -45%; Продовольствие +5%,МО,объяснения не найдено,0.0,,,
726,Эвенкийский,Красноярский край,2024-07,3.0228910747932103,True,3.323857558961495,2.978156184642962,2.7379130771083204,1.368760309876245,0.6626055052245862,0.5585144596476712,11.86846622084854,25.29257154975264,37.03689003573834,12.529309075848705,2.1146517182044633,10.558641769868338,24,False,Все категории +12%; Здоровье +25%; Маркетплейсы +37%,МО,объяснения не найдено,2.0,1.5360131021855983,,Совершенное 20 лет назад убийство девушки раскрыли в Красноярском крае | В Эвенкии при поддержке «Роснефти» отметили 100-летний юбилей поселка
15,Улаганский,Республика Алтай,2024-09,3.022833546408861,True,1.7782419313386038,0.06922413696658733,2.0389725998596933,0.9992627335709094,0.6404975924051626,-4.48252320892317,5.310694308730568,1.6258593415147793,16.038706785760937,17.98129080594384,3.0623235356692646,-16.93818395885467,4,False,Транспорт -17%; Маркетплейсы +16%,МО,объяснения не найдено,0.0,1.0,,
1020,Иловлинский,Волгоградская область,2024-06,3.022360145641447,True,-0.453304624975465,-2.0901488350525725,0.30724151561155916,-4.756550635218949,0.015419888088759685,-0.6406921661858734,-1.2357369517303596,-14.13170303776159,1.2926641572596154,-43.00039888578073,0.0989795575479846,-4.1255568954039035,34,False,Общественное питание -43%; Здоровье -14%,МО,объяснения не найдено,1.0,1.9861802428168867,,"Пьяная женщина убила пенсионерку, ударив ее ножом в бедро"
336,Сунтарский,Республика Саха (Якутия),2024-05,3.0201790277062988,True,-0.3732096114691323,-3.1353293869676926,0.5658131479787165,-2.855734006296917,-0.6624486740367646,-3.0625050201896884,-0.9934117923330987,-22.804338788386058,10.116524912833569,-35.055243050534116,-0.7584112863115777,-22.21290694935041,14,False,Здоровье -23%; Транспорт -22%; Общественное питание -35%,МО,объяснения не найдено,0.0,1.0,,
269,Йошкар-Ола,Республика Марий Эл,2023-04,3.018100970065703,True,-0.12790758963941593,0.828320503673044,0.8281376599661863,5.094592579968998,0.041943996825147586,0.43151267186935927,0.700358952217428,8.832886358980563,5.513103552912479,14.577570279778485,0.13287468981229011,10.054201145591168,12,True,Общественное питание +15%,МО,есть тематические новости,18.0,2.27753726076064,ЧС и стихия,"В Йошкар-Оле произошёл пожар в школе-интернате, детей эвакуировали | В Йошкар-Оле горит Семеновская школа-интернат | Пожар произошел в школе-интернате в Йошкар-Оле | Пожар охватил здание школы-интерната в Йошкар-Оле"
1850,Захаровский,Рязанская область,2023-09,3.0179807940900156,True,-0.7049848235738988,0.40640189336889715,-0.470436411839458,-3.0623950525010466,-0.25867575285306266,-4.177242770229688,-5.622200043193537,12.873653820081854,-10.104400329925856,-66.29555456732325,-1.8010591781370877,-58.38650816487734,62,False,Транспорт -58%; Общественное питание -66%,МО,объяснения не найдено,0.0,1.0,,
2067,Хиславичский,Смоленская область,2023-08,3.0178611902343997,True,0.14735019664277366,-3.8375955260538728,0.982755357780175,0.21637670880063828,3.26096730569354,1.400503945077656,0.839078210566413,-24.78120121996712,7.553478779753142,6.737906238175206,7.275561546443399,13.793835483889971,67,False,Здоровье -25%; Продовольствие +7%,МО,объяснения не найдено,0.0,,,
1065,Тарногский,Вологодская область,2024-08,3.017728690922968,True,-0.9835183567150895,-0.683549589180307,-1.311390176263973,-4.963164998633609,0.4487549079711228,0.25430299676460333,-2.243510302209195,-5.044351034115202,-7.0006126810922,-39.810395186943296,1.0236313652042028,1.8058691953716455,35,False,Общественное питание -40%,МО,объяснения не найдено,0.0,,,
2314,Увельский,Челябинская область,2024-09,3.0172472411727083,True,-1.2917702594250882,-2.9784337033652752,-0.045408061210412264,-3.6061896731389504,-0.4375962265511899,-2.331452649979571,-4.655821775485514,-21.27460034121187,-0.8362987960369495,-50.494619374564564,-1.9860249881357817,-19.763612555934973,74,False,Общественное питание -50%; Здоровье -21%; Транспорт -20%,МО,объяснения не найдено,1.0,1.0827236951766355,,Южноуралец из ревности забил девушку ножом
1150,Иркутский,Иркутская область,2024-09,3.0148859105187635,True,2.4640503989863096,0.9889756444756514,2.1518116274179526,4.070230154634744,1.2203823445376618,0.8980077779363196,5.261971132166288,2.523192782618544,7.906584087662516,11.690300187348956,1.695380257149992,3.1006257616819966,38,False,Общественное питание +12%; Все категории +5%; Маркетплейсы +8%,МО,объяснения не найдено,14.0,2.230286890293651,,Белорусский фестиваль «Багач» пройдет в Иркутском районе | В Иркутском районе ссора родственников закончилась стрельбой | Раненная дикая косуля застряла в заборе в Иркутском районе | Полярное сияние увидели жители Иркутского района вечером 12 сентября
1704,Тоцкий,Оренбургская область,2024-06,3.0144483668964908,True,-1.7699795057275642,-3.6276997530426356,-3.3117463551929163,-1.1385327742320117,-0.42439280884836705,0.15475847105712698,-3.264178238619664,-16.269388064266366,-12.33959999374985,-9.265748244667371,-0.9179467223152216,0.5511673008767204,56,False,Здоровье -16%; Маркетплейсы -12%,МО,объяснения не найдено,0.0,,,
1512,Ковдорский,Мурманская область,2023-11,3.0138549529499796,True,-0.20879926431746113,0.2395348049084302,-2.4534164779547654,-2.2682202406949035,4.010721825016709,-0.6229687152728726,-0.19799869806842452,0.44306594300258517,-6.002120345300899,-3.9370547935680733,3.020926710058802,-4.103244335589862,51,False,Продовольствие +3%; Маркетплейсы -6%; Общественное питание -4%,МО,объяснения не найдено,3.0,3.489879137853431,,"Дело возбудили по факту гибели женщины в пьяном ДТП на мурманской трассе | Дело возбудили против россиянина, отправившего школьнице песню «Йупи Йо» | Человек пострадал при пожаре в подвале пятиэтажки в Мурманской области"
2208,Сорокинский,Тюменская область,2023-10,3.0123185023487684,True,2.0013895622759934,1.0878684345130742,3.256663597481843,1.3237974196522087,-3.5511646415827447,0.680353332764642,4.200036044961042,23.403807880254448,13.993222539695926,13.411088158778206,-5.486086211833285,11.680231367511862,72,False,Продовольствие -5%; Маркетплейсы +14%; Все категории +4%,МО,объяснения не найдено,0.0,,,
316,Булунский,Республика Саха (Якутия),2024-02,3.0114505123698203,True,-0.3777408435022016,-0.27936892677987507,-0.7812960550781581,5.012788936534618,1.2116212764031526,-0.08420772728048095,-1.8763704571988171,-6.989685300579396,-12.257162270886024,15.987395794532855,3.9264381785869773,-2.3256912327226154,14,False,Общественное питание +16%,МО,объяснения не найдено,0.0,1.0,,
191,Юстинский,Республика Калмыкия,2024-01,3.010365843023076,True,1.8054964915376266,-0.2899348285016994,0.008917584975281266,2.662430275942123,0.06166258441359533,4.103480835986953,5.606935880936348,-0.26197579259159554,0.0,171.33396386282666,0.7731103361152236,29.809017299080587,8,False,Транспорт +30%; Общественное питание +171%,МО,объяснения не найдено,0.0,,,
458,Таштыпский,Республика Хакасия,2024-03,3.0096910602935893,True,-0.31425534381280795,-1.0133198456576358,-1.1965440299129335,-1.5684720259800358,0.8393178974677393,-4.825235613255714,-0.9843821603801928,-6.360152051264745,-10.963510628151152,-13.21688019023659,3.837147725374379,-14.545614741217694,19,False,Транспорт -15%,МО,объяснения не найдено,0.0,1.0,,
1719,Кромской,Орловская область,2024-11,3.009400207215772,True,1.9249714944681693,2.3470078388851836,0.7800900365344614,0.06444859984688507,4.237393983484127,0.39199570440510056,4.90392189857225,17.24673901285536,2.6508973917461987,0.0,10.741256752687889,3.0993285441324403,57,False,Продовольствие +11%; Здоровье +17%,МО,объяснения не найдено,1.0,2.005964373908641,,Орловская область доставила артиллеристам в зоне СВО печи-буржуйки
332,Оймяконский,Республика Саха (Якутия),2024-09,3.009334297562863,True,0.19946095639671932,-3.6769563061006405,-0.3590167999330135,0.2794399389613753,0.9382665668532328,-3.5732236028573268,1.9122933727150127,-26.857902078376217,-2.3125044340392975,5.352002076327533,2.3671389011251875,-19.064033688484283,14,False,Здоровье -27%; Транспорт -19%,МО,объяснения не найдено,0.0,1.0,,
37,Балтачевский,Республика Башкортостан,2023-06,3.008950833566226,True,-1.9419440867727884,-1.932604995981265,-1.7870709711062678,0.013403587130731623,-1.402881972567864,-4.433423784143932,-7.6704797204582675,-11.937851740514471,-14.469053834268752,7.180411556463984,-3.225926741784413,-15.622432851841062,2,True,Транспорт -16%,МО,объяснения не найдено,0.0,1.0,,
1718,Краснозоренский,Орловская область,2024-03,3.0074719936765475,True,-2.6774796133152976,1.6753176390039544,0.055942600210763554,-1.005004164124445,-4.142351639705343,1.0783412413760691,-7.3351463042012455,31.37088325917956,0.5248402074169434,-58.12779737822673,-12.918063000268987,9.993612304709565,57,False,Продовольствие -13%; Все категории -7%,МО,объяснения не найдено,0.0,1.0,,
2262,Николаевский,Ульяновская область,2023-09,3.0059866613754433,True,0.06829707480759117,0.5286595725808241,2.980335787005376,-0.16921500078004545,-3.581619475564092,2.323245134301651,0.3256560310282097,11.294895373160951,28.601096209673038,-2.5034152817262623,-10.432503935801307,11.017239830368819,73,False,Продовольствие -10%; Маркетплейсы +29%; Транспорт +11%,МО,нет в словаре упоминаний,,,,
1997,Верхняя Тура,Свердловская область,2023-06,3.0058643680251667,True,-2.5497287421792967,1.0724146530149767,-1.4466527030922856,-0.27172594231055114,-4.30252729158463,-0.3253551970354765,-6.630558717406032,15.747114081934166,-16.243485408443938,-5.389834514361125,-5.4808748731908,-2.2431197273737435,66,True,Продовольствие -5%; Все категории -7%,МО,объяснения не найдено,0.0,1.0,,
295,Инсарский,Республика Мордовия,2023-11,3.0050211771561113,True,-0.8455359899047022,-0.9193850692839393,1.041608927275594,3.9339794755415514,-3.221728926059061,-1.1111818206226405,-2.3568858768793,-7.658090226302372,8.037436622739413,76.31140362987563,-6.611859772383166,-14.659779093020031,13,False,Общественное питание +76%; Продовольствие -7%,МО,объяснения не найдено,0.0,1.0,,
1857,Александро-Невский,Рязанская область,2024-06,3.003959724333802,True,-2.968141054331848,-0.9764309592792298,-3.6344356766161425,0.888298416542476,-2.2477406590593194,0.068353758888899,-8.091339414382315,-8.135773218915654,-16.866340470293473,35.52505232374785,-6.715523859334649,0.0431646805376662,62,False,Маркетплейсы -17%; Все категории -8%; Продовольствие -7%,МО,объяснения не найдено,0.0,1.0,,
1159,Ольхонский,Иркутская область,2024-03,3.0017603035501343,True,0.23661866967896833,4.919092327590548,1.2365800521694517,-0.7161420510591615,-0.7983691270986762,-1.1424076361459548,0.8815046026635187,44.85910766058146,10.358073608225915,-13.418753544722062,-3.368270665558981,-7.845455126788359,38,False,Здоровье +45%,МО,объяснения не найдено,2.0,1.4673348690348,,Курение в постели убило мужчину в Ольхонском районе | Житель Ольхонского района незаконно добыл омуля на 40 тысяч рублей
1969,Холмский,Сахалинская область,2024-10,3.0017259779168466,True,-0.7052915856384117,0.06578699498792577,-0.39456659279292844,1.3451832906526278,-4.876647549643681,-1.199944636475282,-1.5022743363013014,-0.47423086105977674,-1.186202784359125,6.389203427938295,-5.052649200051551,-6.7267733324503975,65,False,Продовольствие -5%,МО,объяснения не найдено,3.0,0.8094030204736787,,Морская переправа Холмск — Ванино возобновила работу в штатном режиме | На Сахалине приостановили работу морской переправы | Новости регионов: морскую переправу закрыли на время непогоды на Сахалине
1179,Пионерский,Калининградская область,2024-02,3.0002736657094564,True,-4.090797154947595,-1.010353130120982,-2.19903410914395,-2.256932842341823,-2.2752052631972557,-0.31685101706211244,-15.812625946875158,-10.703905279418713,-11.121396606183609,-26.222268940039317,-8.957420472784072,-1.818501953187024,39,False,Все категории -16%; Продовольствие -9%; Общественное питание -26%,МО,нет в словаре упоминаний,,,,
