category,horizon,root,base,variant,dMAE_root_%,dMAE_%,dWAPE_pp,dR2_growth
Все категории,1,catboost_diff,catboost_diff,catboost_diff_g1,-2.2166070183770703,-2.2166070183770703,-0.1173467862621731,0.006439469410031873
Здоровье,1,catboost_diff,catboost_diff,catboost_diff_g1,0.8825748991228455,0.8825748991228455,0.05199158130250314,-0.02033644318356198
Маркетплейсы,1,catboost_diff,catboost_diff,catboost_diff_g1,-2.2972301120975924,-2.2972301120975924,-0.23185549731592126,0.130299298209025
Общественное питание,1,catboost_diff,catboost_diff,catboost_diff_g1,-2.0692635280163962,-2.0692635280163962,-0.11549569022016115,-0.010791009271443608
Продовольствие,1,catboost_diff,catboost_diff,catboost_diff_g1,-2.951159727930508,-2.951159727930508,-0.16254463042645995,0.026107636637089815
Транспорт,1,catboost_diff,catboost_diff,catboost_diff_g1,-3.6429285278274715,-3.6429285278274715,-0.19325087266515073,0.010675567803823893
Все категории,3,catboost_diff,catboost_diff,catboost_diff_g1,7.349149617210804,7.349149617210804,0.475385418862202,-0.04482078708658471
Здоровье,3,catboost_diff,catboost_diff,catboost_diff_g1,4.124996014652349,4.124996014652349,0.24199649415360103,-0.04833479160340248
Маркетплейсы,3,catboost_diff,catboost_diff,catboost_diff_g1,-0.5690832317507222,-0.5690832317507222,-0.06751713818568206,0.017871992886522192
Общественное питание,3,catboost_diff,catboost_diff,catboost_diff_g1,-2.7467169515773104,-2.7467169515773104,-0.19648838439744587,-0.06067535886938619
Продовольствие,3,catboost_diff,catboost_diff,catboost_diff_g1,-4.52593230400219,-4.52593230400219,-0.39208106833215695,0.04552457275689009
Транспорт,3,catboost_diff,catboost_diff,catboost_diff_g1,-3.9396893127155774,-3.9396893127155774,-0.2863955898890467,0.006247001398294302
Все категории,6,catboost_diff,catboost_diff,catboost_diff_g1,1.6055091382408682,1.6055091382408682,0.1298354631565175,-0.016823868265790576
Здоровье,6,catboost_diff,catboost_diff,catboost_diff_g1,5.427270907150827,5.427270907150827,0.34436299558102323,-0.11085306799659633
Маркетплейсы,6,catboost_diff,catboost_diff,catboost_diff_g1,5.773832819290692,5.773832819290692,0.7579354768055264,-0.02865116119458261
Общественное питание,6,catboost_diff,catboost_diff,catboost_diff_g1,-2.2120088671259475,-2.2120088671259475,-0.19277521552152166,-0.04185508364157642
Продовольствие,6,catboost_diff,catboost_diff,catboost_diff_g1,-2.6426348194154237,-2.6426348194154237,-0.3064151431080564,0.11300097691189803
Транспорт,6,catboost_diff,catboost_diff,catboost_diff_g1,2.81020142605819,2.81020142605819,0.20484515418321259,-0.004098058722048686
Все категории,12,catboost_diff,catboost_diff,catboost_diff_g1,3.903915328474805,3.903915328474805,0.4362424857812357,-0.027955357653057122
Здоровье,12,catboost_diff,catboost_diff,catboost_diff_g1,1.8390118181571324,1.8390118181571324,0.14788370391582895,-0.1106958899654025
Маркетплейсы,12,catboost_diff,catboost_diff,catboost_diff_g1,0.40506925383310133,0.40506925383310133,0.08195973702281734,0.1475092812164409
Общественное питание,12,catboost_diff,catboost_diff,catboost_diff_g1,-2.9387891999994253,-2.9387891999994253,-0.28152332748850206,-0.04023289908749228
Продовольствие,12,catboost_diff,catboost_diff,catboost_diff_g1,17.688511370703196,17.688511370703196,2.0818118028832338,-0.49737127870668973
Транспорт,12,catboost_diff,catboost_diff,catboost_diff_g1,1.7146922695157718,1.7146922695157718,0.15258522957537757,0.014206861306769292
Все категории,1,catboost_diff,catboost_diff,catboost_diff_g12,1.0667285677260274,1.0667285677260274,0.05647242303164468,0.012381098401690827
Здоровье,1,catboost_diff,catboost_diff,catboost_diff_g12,-1.3576316792359933,-1.3576316792359933,-0.07997668855074735,0.006525542767547632
Маркетплейсы,1,catboost_diff,catboost_diff,catboost_diff_g12,-4.585004849487905,-4.585004849487905,-0.46275667987098146,0.1975608777092872
Общественное питание,1,catboost_diff,catboost_diff,catboost_diff_g12,-0.6960926741720885,-0.6960926741720885,-0.03885232730012511,-0.055248562366129905
Продовольствие,1,catboost_diff,catboost_diff,catboost_diff_g12,-8.990436602501306,-8.990436602501306,-0.495177262381139,0.04704280426729779
Транспорт,1,catboost_diff,catboost_diff,catboost_diff_g12,-3.5766428410415108,-3.5766428410415108,-0.1897345349937556,0.0009815083928099988
Все категории,3,catboost_diff,catboost_diff,catboost_diff_g12,8.259358226969482,8.259358226969482,0.5342629657539941,-0.011165357294648015
Здоровье,3,catboost_diff,catboost_diff,catboost_diff_g12,1.7908431343464981,1.7908431343464981,0.10506137667806303,-0.0077119546009958295
Маркетплейсы,3,catboost_diff,catboost_diff,catboost_diff_g12,-2.621610583101719,-2.621610583101719,-0.31103296342749154,0.028779750176610608
Общественное питание,3,catboost_diff,catboost_diff,catboost_diff_g12,-0.1392874771656949,-0.1392874771656949,-0.009964030454382211,-0.0955332951717699
Продовольствие,3,catboost_diff,catboost_diff,catboost_diff_g12,-7.154860315837919,-7.154860315837919,-0.619824842258561,0.07672090380325547
Транспорт,3,catboost_diff,catboost_diff,catboost_diff_g12,-2.306699947718993,-2.306699947718993,-0.16768547968790326,-0.014308333226417808
Все категории,6,catboost_diff,catboost_diff,catboost_diff_g12,-8.687940957395746,-8.687940957395746,-0.7025826332672738,0.11990261192694929
Здоровье,6,catboost_diff,catboost_diff,catboost_diff_g12,2.5655679239063423,2.5655679239063423,0.1627865405574136,-0.03459258388813391
Маркетплейсы,6,catboost_diff,catboost_diff,catboost_diff_g12,1.818936622695455,1.818936622695455,0.23877321002361107,-0.005995135768657789
Общественное питание,6,catboost_diff,catboost_diff,catboost_diff_g12,6.610470546835789,6.610470546835789,0.576098452091955,-0.1683550153227045
Продовольствие,6,catboost_diff,catboost_diff,catboost_diff_g12,-7.919631119303938,-7.919631119303938,-0.9182861305525893,0.24883763475967569
Транспорт,6,catboost_diff,catboost_diff,catboost_diff_g12,5.448476109270817,5.448476109270817,0.3971579824556031,-0.024316086195308312
Все категории,12,catboost_diff,catboost_diff,catboost_diff_g12,-8.498377518243316,-8.498377518243316,-0.9496500363685456,0.21162374548642388
Здоровье,12,catboost_diff,catboost_diff,catboost_diff_g12,0.2749328690055508,0.2749328690055508,0.022108662160469805,0.019878195368993712
Маркетплейсы,12,catboost_diff,catboost_diff,catboost_diff_g12,-3.3503370576427827,-3.3503370576427827,-0.6778908583748802,0.19701032578307692
Общественное питание,12,catboost_diff,catboost_diff,catboost_diff_g12,6.515122910713345,6.515122910713345,0.6241206687505709,-0.12877612711273828
Продовольствие,12,catboost_diff,catboost_diff,catboost_diff_g12,4.634975650483675,4.634975650483675,0.5455036217030003,-0.10238321153807894
Транспорт,12,catboost_diff,catboost_diff,catboost_diff_g12,4.828613621072986,4.828613621072986,0.42968358288002584,-0.013182014053236907
Все категории,1,catboost_diff,catboost_diff,catboost_diff_g123,8.852061019142932,8.852061019142932,0.4686265557138025,-0.1371409082522782
Здоровье,1,catboost_diff,catboost_diff,catboost_diff_g123,-2.1050545400044474,-2.1050545400044474,-0.12400660201374603,0.01046164145040529
Маркетплейсы,1,catboost_diff,catboost_diff,catboost_diff_g123,-6.850097597089288,-6.850097597089288,-0.6913686080779744,0.241945517207104
Общественное питание,1,catboost_diff,catboost_diff,catboost_diff_g123,0.083185490950477,0.083185490950477,0.004642987982705016,-0.04875068267570459
Продовольствие,1,catboost_diff,catboost_diff,catboost_diff_g123,-7.253044999978952,-7.253044999978952,-0.39948482212950065,0.012026473734998488
Транспорт,1,catboost_diff,catboost_diff,catboost_diff_g123,-4.87234610399061,-4.87234610399061,-0.2584692862707252,0.027246011110665103
Все категории,3,catboost_diff,catboost_diff,catboost_diff_g123,32.96982527628407,32.96982527628407,2.1326786111518015,-0.2823014053743283
Здоровье,3,catboost_diff,catboost_diff,catboost_diff_g123,1.0068913573127558,1.0068913573127558,0.05907016094021156,-0.020293053960283802
Маркетплейсы,3,catboost_diff,catboost_diff,catboost_diff_g123,2.7870986648027563,2.7870986648027563,0.3306667903563216,-0.0174498577955437
Общественное питание,3,catboost_diff,catboost_diff,catboost_diff_g123,0.18447082586807717,0.18447082586807717,0.01319625399423252,-0.11637130434290019
Продовольствие,3,catboost_diff,catboost_diff,catboost_diff_g123,-0.8267879862755456,-0.8267879862755456,-0.071624561564132,-0.043418553960070216
Транспорт,3,catboost_diff,catboost_diff,catboost_diff_g123,-6.106870228779437,-6.106870228779437,-0.4439387379868265,0.0545263373754029
Все категории,6,catboost_diff,catboost_diff,catboost_diff_g123,14.37326157580836,14.37326157580836,1.1623472139246491,-0.19947606366064538
Здоровье,6,catboost_diff,catboost_diff,catboost_diff_g123,6.603634959158788,6.603634959158788,0.41900387048364873,-0.13016817768677474
Маркетплейсы,6,catboost_diff,catboost_diff,catboost_diff_g123,3.903340280205292,3.903340280205292,0.5123944819682293,-0.02146109356074799
Общественное питание,6,catboost_diff,catboost_diff,catboost_diff_g123,0.52085352371527,0.52085352371527,0.045392065005513516,-0.0486930688217489
Продовольствие,6,catboost_diff,catboost_diff,catboost_diff_g123,4.758276528123928,4.758276528123928,0.5517251088197384,-0.14470266448613311
Транспорт,6,catboost_diff,catboost_diff,catboost_diff_g123,1.6311708030124938,1.6311708030124938,0.11890159600087369,0.0314479536679681
Все категории,12,catboost_diff,catboost_diff,catboost_diff_g123,22.147513443120936,22.147513443120936,2.47487086818429,-0.4243483391802143
Здоровье,12,catboost_diff,catboost_diff,catboost_diff_g123,3.178574172717208,3.178574172717208,0.2556042963898175,-0.1511670841066866
Маркетплейсы,12,catboost_diff,catboost_diff,catboost_diff_g123,0.8775235510439128,0.8775235510439128,0.17755383504007582,0.15145227227087882
Общественное питание,12,catboost_diff,catboost_diff,catboost_diff_g123,-3.360994929009642,-3.360994929009642,-0.3219688149415276,0.003617326927415898
Продовольствие,12,catboost_diff,catboost_diff,catboost_diff_g123,40.75021622246962,40.75021622246962,4.796010208212815,-1.239206913957234
Транспорт,12,catboost_diff,catboost_diff,catboost_diff_g123,1.964847265503944,1.964847265503944,0.17484575886735598,0.01951119204671789
Все категории,1,catboost_diff,catboost_diff,catboost_diff_g1234,3.433247486146218,3.433247486146218,0.1817555189538842,-0.05268772056220311
Здоровье,1,catboost_diff,catboost_diff,catboost_diff_g1234,-0.5198072639015616,-0.5198072639015616,-0.030621312309731863,-0.00875629496370417
Маркетплейсы,1,catboost_diff,catboost_diff,catboost_diff_g1234,-4.1675820347745525,-4.1675820347745525,-0.42062691072564995,0.191739366381552
Общественное питание,1,catboost_diff,catboost_diff,catboost_diff_g1234,-1.4555660967055628,-1.4555660967055628,-0.08124224330248886,-0.0768139501812726
Продовольствие,1,catboost_diff,catboost_diff,catboost_diff_g1234,-9.911737136500754,-9.911737136500754,-0.5459208576509393,0.014269495070481975
Транспорт,1,catboost_diff,catboost_diff,catboost_diff_g1234,-4.27949665865216,-4.27949665865216,-0.22701967868288886,0.0021118622851955815
Все категории,3,catboost_diff,catboost_diff,catboost_diff_g1234,23.37763074000092,23.37763074000092,1.512200099357763,-0.14237934603622093
Здоровье,3,catboost_diff,catboost_diff,catboost_diff_g1234,1.030069235101383,1.030069235101383,0.06042991138526599,-0.023803851167867596
Маркетплейсы,3,catboost_diff,catboost_diff,catboost_diff_g1234,2.0505416477726524,2.0505416477726524,0.24328023751858296,-0.01662111267241123
Общественное питание,3,catboost_diff,catboost_diff,catboost_diff_g1234,-2.243761694241786,-2.243761694241786,-0.16050911617277208,-0.1286809384346507
Продовольствие,3,catboost_diff,catboost_diff,catboost_diff_g1234,2.7979241924250386,2.7979241924250386,0.24238389635397795,-0.13972565547789162
Транспорт,3,catboost_diff,catboost_diff,catboost_diff_g1234,-1.212995465823563,-1.212995465823563,-0.08817866699438337,-0.03131409415529861
Все категории,6,catboost_diff,catboost_diff,catboost_diff_g1234,4.512785145628051,4.512785145628051,0.36494314205551426,-0.03454973938762229
Здоровье,6,catboost_diff,catboost_diff,catboost_diff_g1234,5.535253358795833,5.535253358795833,0.35121453499278754,-0.11969584751387136
Маркетплейсы,6,catboost_diff,catboost_diff,catboost_diff_g1234,5.734697251645371,5.734697251645371,0.7527981207282632,-0.029919054471381712
Общественное питание,6,catboost_diff,catboost_diff,catboost_diff_g1234,-5.031273455905194,-5.031273455905194,-0.43847239458403386,-0.108801052229279
Продовольствие,6,catboost_diff,catboost_diff,catboost_diff_g1234,16.565170795031147,16.565170795031147,1.9207418075614822,-0.5654077979434899
Транспорт,6,catboost_diff,catboost_diff,catboost_diff_g1234,7.63920761484691,7.63920761484691,0.5568478640678345,-0.029110726798368097
Все категории,12,catboost_diff,catboost_diff,catboost_diff_g1234,9.862613731045444,9.862613731045444,1.102096425849565,-0.12764395508906223
Здоровье,12,catboost_diff,catboost_diff,catboost_diff_g1234,0.9272575267746719,0.9272575267746719,0.07456519647637627,-0.1275980087501482
Маркетплейсы,12,catboost_diff,catboost_diff,catboost_diff_g1234,-0.48043714056223985,-0.48043714056223985,-0.09720930760322943,0.2056896299749763
Общественное питание,12,catboost_diff,catboost_diff,catboost_diff_g1234,-4.862693593624378,-4.862693593624378,-0.4658250687168799,-0.06128215760785949
Продовольствие,12,catboost_diff,catboost_diff,catboost_diff_g1234,59.377124079198175,59.377124079198175,6.988264593823919,-2.00837184216532
Транспорт,12,catboost_diff,catboost_diff,catboost_diff_g1234,7.334811057973534,7.334811057973534,0.6527024405895148,-0.019824830189122594
Все категории,1,catboost_logdiff,catboost_logdiff,catboost_logdiff_g1,2.125423662549508,2.125423662549508,0.12131613543295838,-0.07822768822488857
Здоровье,1,catboost_logdiff,catboost_logdiff,catboost_logdiff_g1,-2.863937674508421,-2.863937674508421,-0.1722041291396037,0.016694733893425906
Маркетплейсы,1,catboost_logdiff,catboost_logdiff,catboost_logdiff_g1,-8.041565853179621,-8.041565853179621,-0.8505907744491576,0.1896453982100123
Общественное питание,1,catboost_logdiff,catboost_logdiff,catboost_logdiff_g1,-2.073572081691455,-2.073572081691455,-0.11719763653536219,0.0035467899618057963
Продовольствие,1,catboost_logdiff,catboost_logdiff,catboost_logdiff_g1,-14.323228247963238,-14.323228247963238,-0.803806973391783,0.07722973830888136
Транспорт,1,catboost_logdiff,catboost_logdiff,catboost_logdiff_g1,-5.696339207501699,-5.696339207501699,-0.3141235469975019,0.04218808720412731
Все категории,3,catboost_logdiff,catboost_logdiff,catboost_logdiff_g1,16.147639819319238,16.147639819319238,1.1275979785901287,-0.1573201506679254
Здоровье,3,catboost_logdiff,catboost_logdiff,catboost_logdiff_g1,0.8856244467125851,0.8856244467125851,0.05456946705871957,-0.03821957594109171
Маркетплейсы,3,catboost_logdiff,catboost_logdiff,catboost_logdiff_g1,-5.821528230739781,-5.821528230739781,-0.7654000529323799,0.10354925284526992
Общественное питание,3,catboost_logdiff,catboost_logdiff,catboost_logdiff_g1,-1.4508888396008612,-1.4508888396008612,-0.10668477712916768,-0.02396803008759482
Продовольствие,3,catboost_logdiff,catboost_logdiff,catboost_logdiff_g1,-7.951226260858091,-7.951226260858091,-0.6391410204877346,0.05148126706175882
Транспорт,3,catboost_logdiff,catboost_logdiff,catboost_logdiff_g1,-7.734098796306677,-7.734098796306677,-0.5953557854012619,0.055410251240547395
Все категории,6,catboost_logdiff,catboost_logdiff,catboost_logdiff_g1,-2.164110942610642,-2.164110942610642,-0.19117820789189643,-0.013665206211320308
Здоровье,6,catboost_logdiff,catboost_logdiff,catboost_logdiff_g1,6.250800823157743,6.250800823157743,0.4359997697696665,-0.11055363016648578
Маркетплейсы,6,catboost_logdiff,catboost_logdiff,catboost_logdiff_g1,-5.084609199377088,-5.084609199377088,-0.8110718231304244,0.0734511563648757
Общественное питание,6,catboost_logdiff,catboost_logdiff,catboost_logdiff_g1,-6.647949779971086,-6.647949779971086,-0.626510026286013,0.019895452563041593
Продовольствие,6,catboost_logdiff,catboost_logdiff,catboost_logdiff_g1,-5.705711785231349,-5.705711785231349,-0.5593217635002308,0.1335391953411067
Транспорт,6,catboost_logdiff,catboost_logdiff,catboost_logdiff_g1,0.07530383155398557,0.07530383155398557,0.005747756516251812,0.004041538737989819
Все категории,12,catboost_logdiff,catboost_logdiff,catboost_logdiff_g1,10.17378266360154,10.17378266360154,1.2628019377244133,-0.1333243815865508
Здоровье,12,catboost_logdiff,catboost_logdiff,catboost_logdiff_g1,5.36865011861678,5.36865011861678,0.463607052374174,-0.1607162346463829
Маркетплейсы,12,catboost_logdiff,catboost_logdiff,catboost_logdiff_g1,-1.7564118944370488,-1.7564118944370488,-0.5191158678202008,0.19140170032552595
Общественное питание,12,catboost_logdiff,catboost_logdiff,catboost_logdiff_g1,1.0273117610552163,1.0273117610552163,0.09420860736053527,0.021956623059894903
Продовольствие,12,catboost_logdiff,catboost_logdiff,catboost_logdiff_g1,12.164246339695218,12.164246339695218,1.1680657672035242,-0.24817891442426637
Транспорт,12,catboost_logdiff,catboost_logdiff,catboost_logdiff_g1,4.684930581695279,4.684930581695279,0.4283482659042086,0.019820017768670206
Все категории,1,catboost_logdiff,catboost_logdiff,catboost_logdiff_g12,0.15550576092475676,0.15550576092475676,0.008876045884576023,-0.049294788259894695
Здоровье,1,catboost_logdiff,catboost_logdiff,catboost_logdiff_g12,-3.599643474711578,-3.599643474711578,-0.216440977502125,0.03235437682774178
Маркетплейсы,1,catboost_logdiff,catboost_logdiff,catboost_logdiff_g12,-3.8985882379587555,-3.8985882379587555,-0.41237033298341075,0.14398251849392452
Общественное питание,1,catboost_logdiff,catboost_logdiff,catboost_logdiff_g12,2.3389403321977253,2.3389403321977253,0.13219616590671102,0.014722864849780692
Продовольствие,1,catboost_logdiff,catboost_logdiff,catboost_logdiff_g12,-15.803842462529428,-15.803842462529428,-0.8868977410572736,0.055115637858425215
Транспорт,1,catboost_logdiff,catboost_logdiff,catboost_logdiff_g12,-6.825131294317865,-6.825131294317865,-0.3763705728885247,0.0584009636367781
Все категории,3,catboost_logdiff,catboost_logdiff,catboost_logdiff_g12,12.03085852995438,12.03085852995438,0.8401210276470161,-0.12176670990649399
Здоровье,3,catboost_logdiff,catboost_logdiff,catboost_logdiff_g12,-0.8404511517839941,-0.8404511517839941,-0.05178602692369605,-0.003877104601770598
Маркетплейсы,3,catboost_logdiff,catboost_logdiff,catboost_logdiff_g12,-6.657231926296059,-6.657231926296059,-0.8752762963278862,0.12466745435787593
Общественное питание,3,catboost_logdiff,catboost_logdiff,catboost_logdiff_g12,4.433763667685708,4.433763667685708,0.3260174562102005,0.015736106489132096
Продовольствие,3,catboost_logdiff,catboost_logdiff,catboost_logdiff_g12,-6.424171677613089,-6.424171677613089,-0.5163922528567211,-0.0003817000764274603
Транспорт,3,catboost_logdiff,catboost_logdiff,catboost_logdiff_g12,-7.871307274371874,-7.871307274371874,-0.6059178254493176,0.07721974831838539
Все категории,6,catboost_logdiff,catboost_logdiff,catboost_logdiff_g12,-6.619384156756636,-6.619384156756636,-0.5847583760701998,0.0646815754351148
Здоровье,6,catboost_logdiff,catboost_logdiff,catboost_logdiff_g12,3.267016486648311,3.267016486648311,0.22787775139710575,-0.04511713425054559
Маркетплейсы,6,catboost_logdiff,catboost_logdiff,catboost_logdiff_g12,-6.414572392617757,-6.414572392617757,-1.0232210030458067,0.08088206342451193
Общественное питание,6,catboost_logdiff,catboost_logdiff,catboost_logdiff_g12,-0.2678963933762879,-0.2678963933762879,-0.025246847826943863,0.03661830944314004
Продовольствие,6,catboost_logdiff,catboost_logdiff,catboost_logdiff_g12,1.4359492883633251,1.4359492883633251,0.14076380274643085,-0.057411046631590024
Транспорт,6,catboost_logdiff,catboost_logdiff,catboost_logdiff_g12,0.4779619853394479,0.4779619853394479,0.036481664465974895,0.027666662891957405
Все категории,12,catboost_logdiff,catboost_logdiff,catboost_logdiff_g12,4.917747769305003,4.917747769305003,0.6104063373140569,0.019778115978129618
Здоровье,12,catboost_logdiff,catboost_logdiff,catboost_logdiff_g12,0.8818241889333445,0.8818241889333445,0.07614947964777485,-0.060002506920902095
Маркетплейсы,12,catboost_logdiff,catboost_logdiff,catboost_logdiff_g12,-2.46623306686814,-2.46623306686814,-0.7289068827243774,0.2058446121273998
Общественное питание,12,catboost_logdiff,catboost_logdiff,catboost_logdiff_g12,3.6118726114108934,3.6118726114108934,0.3312231997959074,0.012186273197439007
Продовольствие,12,catboost_logdiff,catboost_logdiff,catboost_logdiff_g12,34.79455125247981,34.79455125247981,3.341129657215456,-0.8278028912547144
Транспорт,12,catboost_logdiff,catboost_logdiff,catboost_logdiff_g12,6.433183781805618,6.433183781805618,0.5881929452586157,0.015834337839502
Все категории,1,catboost_logdiff,catboost_logdiff,catboost_logdiff_g123,5.159647970797643,5.159647970797643,0.29450530877257464,-0.1217204346265916
Здоровье,1,catboost_logdiff,catboost_logdiff,catboost_logdiff_g123,-3.2337290569146138,-3.2337290569146138,-0.1944391112544004,0.026400170111018972
Маркетплейсы,1,catboost_logdiff,catboost_logdiff,catboost_logdiff_g123,-3.8844582807472716,-3.8844582807472716,-0.41087574704494223,0.11701368582938111
Общественное питание,1,catboost_logdiff,catboost_logdiff,catboost_logdiff_g123,1.1173817397158725,1.1173817397158725,0.06315406161123072,0.012238495170793728
Продовольствие,1,catboost_logdiff,catboost_logdiff,catboost_logdiff_g123,-9.999198672998444,-9.999198672998444,-0.5611462362075335,-0.01048946087423952
Транспорт,1,catboost_logdiff,catboost_logdiff,catboost_logdiff_g123,-3.6551205910749673,-3.6551205910749673,-0.2015609328988024,0.018531190475608306
Все категории,3,catboost_logdiff,catboost_logdiff,catboost_logdiff_g123,18.36050848886066,18.36050848886066,1.2821237338447746,-0.18970398168317
Здоровье,3,catboost_logdiff,catboost_logdiff,catboost_logdiff_g123,2.5415653509144542,2.5415653509144542,0.1566034758967314,-0.042856544904514404
Маркетплейсы,3,catboost_logdiff,catboost_logdiff,catboost_logdiff_g123,1.980177157277918,1.980177157277918,0.26034876769865,0.013927111791656815
Общественное питание,3,catboost_logdiff,catboost_logdiff,catboost_logdiff_g123,7.330645731862484,7.330645731862484,0.539027032788927,0.0036972957823479813
Продовольствие,3,catboost_logdiff,catboost_logdiff,catboost_logdiff_g123,13.71359918156141,13.71359918156141,1.1023361036285007,-0.25187275829784816
Транспорт,3,catboost_logdiff,catboost_logdiff,catboost_logdiff_g123,-2.4343694538332517,-2.4343694538332517,-0.1873929951393727,-0.013506742449228906
Все категории,6,catboost_logdiff,catboost_logdiff,catboost_logdiff_g123,-4.364421531150597,-4.364421531150597,-0.3855543033314337,0.033350689410133805
Здоровье,6,catboost_logdiff,catboost_logdiff,catboost_logdiff_g123,5.623532994410851,5.623532994410851,0.3922471952348392,-0.0938975467559856
Маркетплейсы,6,catboost_logdiff,catboost_logdiff,catboost_logdiff_g123,0.29687220784946344,0.29687220784946344,0.04735559281266255,0.0205449881943105
Общественное питание,6,catboost_logdiff,catboost_logdiff,catboost_logdiff_g123,3.3866485192843854,3.3866485192843854,0.319161444214096,0.03103624298728852
Продовольствие,6,catboost_logdiff,catboost_logdiff,catboost_logdiff_g123,28.9565482704647,28.9565482704647,2.838563925615329,-0.752428757714624
Транспорт,6,catboost_logdiff,catboost_logdiff,catboost_logdiff_g123,6.633535606060437,6.633535606060437,0.5063214808422938,-0.022396178810198994
Все категории,12,catboost_logdiff,catboost_logdiff,catboost_logdiff_g123,5.956046398391712,5.956046398391712,0.7392832323786855,-0.012210146653804488
Здоровье,12,catboost_logdiff,catboost_logdiff,catboost_logdiff_g123,5.783404064726327,5.783404064726327,0.4994229185915735,-0.1443601394322243
Маркетплейсы,12,catboost_logdiff,catboost_logdiff,catboost_logdiff_g123,3.9848060398894436,3.9848060398894436,1.177728329012151,0.10228399729737303
Общественное питание,12,catboost_logdiff,catboost_logdiff,catboost_logdiff_g123,3.5901816213063764,3.5901816213063764,0.32923404903614717,0.02597035493626862
Продовольствие,12,catboost_logdiff,catboost_logdiff,catboost_logdiff_g123,76.51357074566032,76.51357074566032,7.347177968836686,-2.0453664790955886
Транспорт,12,catboost_logdiff,catboost_logdiff,catboost_logdiff_g123,17.053690069142768,17.053690069142768,1.5592373122723568,-0.0492093014612246
Все категории,1,catboost_logdiff,catboost_logdiff,catboost_logdiff_g1234,3.5877312922014903,3.5877312922014903,0.20478255841928839,-0.10186510188124659
Здоровье,1,catboost_logdiff,catboost_logdiff,catboost_logdiff_g1234,-2.9162980467109856,-2.9162980467109856,-0.17535247708614676,0.01292200041430841
Маркетплейсы,1,catboost_logdiff,catboost_logdiff,catboost_logdiff_g1234,-5.069946542930303,-5.069946542930303,-0.5362699050287301,0.17594545438649892
Общественное питание,1,catboost_logdiff,catboost_logdiff,catboost_logdiff_g1234,1.530787827589819,1.530787827589819,0.08651964260836476,0.013600457976411795
Продовольствие,1,catboost_logdiff,catboost_logdiff,catboost_logdiff_g1234,-12.0930714855639,-12.0930714855639,-0.6786525370915486,-0.01505145063215918
Транспорт,1,catboost_logdiff,catboost_logdiff,catboost_logdiff_g1234,-5.926432523129144,-5.926432523129144,-0.3268119993196743,0.041681192515495014
Все категории,3,catboost_logdiff,catboost_logdiff,catboost_logdiff_g1234,20.826382539382916,20.826382539382916,1.4543169847432837,-0.2003455315870093
Здоровье,3,catboost_logdiff,catboost_logdiff,catboost_logdiff_g1234,1.1424915689070447,1.1424915689070447,0.07039683272719088,-0.02413912220309611
Маркетплейсы,3,catboost_logdiff,catboost_logdiff,catboost_logdiff_g1234,-4.608493796541402,-4.608493796541402,-0.6059133024874281,0.1061655801915232
Общественное питание,3,catboost_logdiff,catboost_logdiff,catboost_logdiff_g1234,0.9495612610809667,0.9495612610809667,0.0698218421314607,0.02067667955494018
Продовольствие,3,catboost_logdiff,catboost_logdiff,catboost_logdiff_g1234,-1.1638151434319233,-1.1638151434319233,-0.09355060138257087,-0.09133697455402018
Транспорт,3,catboost_logdiff,catboost_logdiff,catboost_logdiff_g1234,-6.4163920482913195,-6.4163920482913195,-0.49392129942496954,0.030101347733358
Все категории,6,catboost_logdiff,catboost_logdiff,catboost_logdiff_g1234,-4.717962339508819,-4.717962339508819,-0.4167862040754162,0.04353121866346921
Здоровье,6,catboost_logdiff,catboost_logdiff,catboost_logdiff_g1234,1.5996185496848891,1.5996185496848891,0.11157503480163378,-0.046716685150717585
Маркетплейсы,6,catboost_logdiff,catboost_logdiff,catboost_logdiff_g1234,-5.0484891540374495,-5.0484891540374495,-0.8053101313510886,0.07180748565626949
Общественное питание,6,catboost_logdiff,catboost_logdiff,catboost_logdiff_g1234,5.175344177328922,5.175344177328922,0.48773007075748964,0.004934260749869135
Продовольствие,6,catboost_logdiff,catboost_logdiff,catboost_logdiff_g1234,7.29816977646307,7.29816977646307,0.7154278630514312,-0.25215661065770645
Транспорт,6,catboost_logdiff,catboost_logdiff,catboost_logdiff_g1234,2.5784144501012296,2.5784144501012296,0.19680404238845206,-0.0010378635741879888
Все категории,12,catboost_logdiff,catboost_logdiff,catboost_logdiff_g1234,2.8101607689541286,2.8101607689541286,0.348806002810381,0.06116198059738398
Здоровье,12,catboost_logdiff,catboost_logdiff,catboost_logdiff_g1234,2.0184240640769957,2.0184240640769957,0.17429998418837656,-0.06547080497433388
Маркетплейсы,12,catboost_logdiff,catboost_logdiff,catboost_logdiff_g1234,-2.157321282963487,-2.157321282963487,-0.6376065395136301,0.22878649336374557
Общественное питание,12,catboost_logdiff,catboost_logdiff,catboost_logdiff_g1234,5.57938973626162,5.57938973626162,0.5116524086465919,-0.010425794845954683
Продовольствие,12,catboost_logdiff,catboost_logdiff,catboost_logdiff_g1234,49.35525851598628,49.35525851598628,4.73931440502613,-1.2658607812673506
Транспорт,12,catboost_logdiff,catboost_logdiff,catboost_logdiff_g1234,12.40965652974877,12.40965652974877,1.1346283071415808,-0.0168548572439748
Все категории,1,catboost_diff,catboost_diff,catboost_diff_ds,-40.16718019299419,-40.16718019299419,-2.1264434650723927,0.3293867492482659
Здоровье,1,catboost_diff,catboost_diff,catboost_diff_ds,38.10268135229591,38.10268135229591,2.244589844261582,-0.6184953974321458
Маркетплейсы,1,catboost_diff,catboost_diff,catboost_diff_ds,0.0,0.0,0.0,0.0
Общественное питание,1,catboost_diff,catboost_diff,catboost_diff_ds,14.519763572585976,14.519763572585976,0.8104188243519355,-0.05204930679846462
Продовольствие,1,catboost_diff,catboost_diff,catboost_diff_ds,-45.04357378735341,-45.04357378735341,-2.4809199532844626,0.4342403135425629
Транспорт,1,catboost_diff,catboost_diff,catboost_diff_ds,-13.835832558138739,-13.835832558138739,-0.7339662844013519,0.1660975424342515
Все категории,3,catboost_diff,catboost_diff,catboost_diff_ds,-37.01612885276062,-37.01612885276062,-2.394416883025081,0.3080116684957537
Здоровье,3,catboost_diff,catboost_diff,catboost_diff_ds,95.43631687063241,95.43631687063241,5.598854887517214,-1.1209482324312028
Маркетплейсы,3,catboost_diff,catboost_diff,catboost_diff_ds,0.0,0.0,0.0,0.0
Общественное питание,3,catboost_diff,catboost_diff,catboost_diff_ds,50.51323050172463,50.51323050172463,3.613500490569299,-0.2855564933901856
Продовольствие,3,catboost_diff,catboost_diff,catboost_diff_ds,-34.80554610783169,-34.80554610783169,-3.0152010205224142,0.46688744984601777
Транспорт,3,catboost_diff,catboost_diff,catboost_diff_ds,-19.925754630974733,-19.925754630974733,-1.448502102209905,0.2369620716902469
Все категории,6,catboost_diff,catboost_diff,catboost_diff_ds,-20.772781620201343,-20.772781620201343,-1.6798681854051098,0.1725888477544269
Здоровье,6,catboost_diff,catboost_diff,catboost_diff_ds,154.47123549244895,154.47123549244895,9.801275502056534,-1.7524291649236425
Маркетплейсы,6,catboost_diff,catboost_diff,catboost_diff_ds,0.0,0.0,0.0,0.0
Общественное питание,6,catboost_diff,catboost_diff,catboost_diff_ds,102.69509689994361,102.69509689994361,8.949814682981964,-0.5418678949574377
Продовольствие,6,catboost_diff,catboost_diff,catboost_diff_ds,-26.4781917508382,-26.4781917508382,-3.070162723569357,0.7494468389593236
Транспорт,6,catboost_diff,catboost_diff,catboost_diff_ds,-10.281308925496035,-10.281308925496035,-0.7494396282485001,0.1391291861438178
Все категории,12,catboost_diff,catboost_diff,catboost_diff_ds,-16.489318954662192,-16.489318954662192,-1.842596697001568,-0.03445750478018711
Здоровье,12,catboost_diff,catboost_diff,catboost_diff_ds,145.25276135266577,145.25276135266577,11.680466727157608,-2.379412953418709
Маркетплейсы,12,catboost_diff,catboost_diff,catboost_diff_ds,0.0,0.0,0.0,0.0
Общественное питание,12,catboost_diff,catboost_diff,catboost_diff_ds,174.66779879929314,174.66779879929314,16.732421611961367,-0.5603236207321063
Продовольствие,12,catboost_diff,catboost_diff,catboost_diff_ds,-22.84118898746178,-22.84118898746178,-2.6882452587130334,0.6405783687826818
Транспорт,12,catboost_diff,catboost_diff,catboost_diff_ds,-9.351541318744284,-9.351541318744284,-0.8321651087907416,0.1048733334748293
Все категории,1,catboost_diff,catboost_diff_ds,catboost_diff_ds_g1,-41.23741987272725,-1.7887167664589088,-0.0566583006846586,0.009041389080540196
Здоровье,1,catboost_diff,catboost_diff_ds,catboost_diff_ds_g1,36.19182712593136,-1.3836474481549121,-0.1125664608930137,-0.014490531534886497
Маркетплейсы,1,catboost_diff,catboost_diff_ds,catboost_diff_ds_g1,-2.2972301120975924,-2.2972301120975924,-0.23185549731592126,0.130299298209025
Общественное питание,1,catboost_diff,catboost_diff_ds,catboost_diff_ds_g1,11.876804641191496,-2.3078627207602453,-0.14751642885116834,-0.05977672220936178
Продовольствие,1,catboost_diff,catboost_diff_ds,catboost_diff_ds_g1,-43.341021533190485,3.098003948755901,0.09377355089102934,-1.5232970892342657e-05
Транспорт,1,catboost_diff,catboost_diff_ds,catboost_diff_ds_g1,-15.386742511200113,-1.7999477034439493,-0.08227301182681046,-0.011969091946566424
Все категории,3,catboost_diff,catboost_diff_ds,catboost_diff_ds_g1,-37.24282178691222,-0.35992219916373136,-0.014663807524394556,-0.00404665708348817
Здоровье,3,catboost_diff,catboost_diff_ds,catboost_diff_ds_g1,87.55892685570126,-4.030668476087551,-0.46213396568689724,-0.024286314693627853
Маркетплейсы,3,catboost_diff,catboost_diff_ds,catboost_diff_ds_g1,-0.5690832317507222,-0.5690832317507222,-0.06751713818568206,0.017871992886522192
Общественное питание,3,catboost_diff,catboost_diff_ds,catboost_diff_ds_g1,51.42861207361902,0.6081734933487404,0.06548248302958193,-0.18312242175626603
Продовольствие,3,catboost_diff,catboost_diff_ds,catboost_diff_ds_g1,-43.56612577452129,-13.437614925311914,-0.7589281509772574,0.053866318150397996
Транспорт,3,catboost_diff,catboost_diff_ds,catboost_diff_ds_g1,-22.93669839935324,-3.7601900017945167,-0.21888046194005994,-0.016841294850908184
Все категории,6,catboost_diff,catboost_diff_ds,catboost_diff_ds_g1,-20.459554760097333,0.3953525903212407,0.025330254114423134,-0.06895082455991047
Здоровье,6,catboost_diff,catboost_diff_ds,catboost_diff_ds_g1,154.75410958658878,0.11116152031580562,0.017948499733435597,-0.1068282925155335
Маркетплейсы,6,catboost_diff,catboost_diff_ds,catboost_diff_ds_g1,5.773832819290692,5.773832819290692,0.7579354768055264,-0.02865116119458261
Общественное питание,6,catboost_diff,catboost_diff_ds,catboost_diff_ds_g1,107.89784402343794,2.566784891724616,0.4534162195012996,-0.4017759178794338
Продовольствие,6,catboost_diff,catboost_diff_ds,catboost_diff_ds_g1,-23.6323179968136,3.8707885752484072,0.3299808233813444,-0.055592426188095095
Транспорт,6,catboost_diff,catboost_diff_ds,catboost_diff_ds_g1,-14.406175825281641,-4.597555816279408,-0.3006755986374321,0.0060066632796075825
Все категории,12,catboost_diff,catboost_diff_ds,catboost_diff_ds_g1,-14.458627395982814,2.431654889243351,0.22691935118361428,-0.1631534306474796
Здоровье,12,catboost_diff,catboost_diff_ds,catboost_diff_ds_g1,147.7213639010952,1.0065544358457412,0.19851209478557053,-0.18459453144450944
Маркетплейсы,12,catboost_diff,catboost_diff_ds,catboost_diff_ds_g1,0.40506925383310133,0.40506925383310133,0.08195973702281734,0.1475092812164409
Общественное питание,12,catboost_diff,catboost_diff_ds,catboost_diff_ds_g1,170.89633121788222,-1.3731014694470467,-0.3612903242716463,-0.43455302723298384
Продовольствие,12,catboost_diff,catboost_diff_ds,catboost_diff_ds_g1,-18.51755031464567,5.603557929519587,0.5088614769120134,-0.14079976883729262
Транспорт,12,catboost_diff,catboost_diff_ds,catboost_diff_ds_g1,-18.567460616824793,-10.166658575504462,-0.8200965192680858,0.03725750602013167
Все категории,1,catboost_diff,catboost_diff_ds,catboost_diff_ds_g12,-40.33700507915551,-0.28383232932878144,-0.00899049964795351,-0.005173124536298257
Здоровье,1,catboost_diff,catboost_diff_ds,catboost_diff_ds_g12,32.87157823339082,-3.7878360272822764,-0.30815891476026014,0.038075755529852706
Маркетплейсы,1,catboost_diff,catboost_diff_ds,catboost_diff_ds_g12,-4.585004849487905,-4.585004849487905,-0.46275667987098146,0.1975608777092872
Общественное питание,1,catboost_diff,catboost_diff_ds,catboost_diff_ds_g12,13.204982171122515,-1.1480825321736887,-0.07338436279125027,-0.008723497416837894
Продовольствие,1,catboost_diff,catboost_diff_ds,catboost_diff_ds_g12,-44.61474007825549,0.7803158586743075,0.023619398197944896,0.006209964581989302
Транспорт,1,catboost_diff,catboost_diff_ds,catboost_diff_ds_g12,-15.340639002742762,-1.7464411126810742,-0.07982730278414074,-0.006653569922179248
Все категории,3,catboost_diff,catboost_diff_ds,catboost_diff_ds_g12,-37.674583580446566,-1.045433879646196,-0.042592652596121994,-3.5468597593069084e-05
Здоровье,3,catboost_diff,catboost_diff_ds,catboost_diff_ds_g12,84.76725045168104,-5.459101250876364,-0.6259101003024305,0.014424607060442352
Маркетплейсы,3,catboost_diff,catboost_diff_ds,catboost_diff_ds_g12,-2.621610583101719,-2.621610583101719,-0.31103296342749154,0.028779750176610608
Общественное питание,3,catboost_diff,catboost_diff_ds,catboost_diff_ds_g12,47.13608419504016,-2.24375378524998,-0.24158660443449875,-0.0488124994589339
Продовольствие,3,catboost_diff,catboost_diff_ds,catboost_diff_ds_g12,-40.56716349095595,-8.837588228983373,-0.4991283446504218,0.006227345656467542
Транспорт,3,catboost_diff,catboost_diff_ds,catboost_diff_ds_g12,-24.388392934121207,-5.573125644307019,-0.32441135019606815,0.012053174891984098
Все категории,6,catboost_diff,catboost_diff_ds,catboost_diff_ds_g12,-19.425495621714074,1.7005342684488278,0.10895328930332404,-0.06124877642603588
Здоровье,6,catboost_diff,catboost_diff_ds,catboost_diff_ds_g12,154.59326909576677,0.047955755424244906,0.007743091863112284,-0.07848943902040317
Маркетплейсы,6,catboost_diff,catboost_diff_ds,catboost_diff_ds_g12,1.818936622695455,1.818936622695455,0.23877321002361107,-0.005995135768657789
Общественное питание,6,catboost_diff,catboost_diff_ds,catboost_diff_ds_g12,101.12471338174483,-0.7747516058437265,-0.1368579600521933,-0.2456318029614959
Продовольствие,6,catboost_diff,catboost_diff_ds,catboost_diff_ds_g12,-18.938051090570575,10.255651812472388,0.8742839769218946,-0.2194502255857631
Транспорт,6,catboost_diff,catboost_diff_ds,catboost_diff_ds_g12,-13.412505581936173,-3.4900159809954645,-0.2282435899145252,0.008846397725989608
Все категории,12,catboost_diff,catboost_diff_ds,catboost_diff_ds_g12,-15.82294605271568,0.7979493085258582,0.07446374901680386,-0.10594087428290583
Здоровье,12,catboost_diff,catboost_diff_ds,catboost_diff_ds_g12,146.75762108369148,0.6135954281312861,0.12101294222289027,-0.15486658273247134
Маркетплейсы,12,catboost_diff,catboost_diff_ds,catboost_diff_ds_g12,-3.3503370576427827,-3.3503370576427827,-0.6778908583748802,0.19701032578307692
Общественное питание,12,catboost_diff,catboost_diff_ds,catboost_diff_ds_g12,158.15269280897502,-6.012756523521768,-1.5820759080714382,-0.2102227736999509
Продовольствие,12,catboost_diff,catboost_diff_ds,catboost_diff_ds_g12,-12.838806368605404,12.963370595784586,1.177209192819797,-0.36800408549193375
Транспорт,12,catboost_diff,catboost_diff_ds,catboost_diff_ds_g12,-16.790063474331475,-8.205900314028536,-0.6619313745039168,0.010821780528745495
Все категории,1,catboost_diff,catboost_diff_ds,catboost_diff_ds_g123,-42.51435183463924,-3.9228832089411525,-0.12425885448762175,0.019375106684564325
Здоровье,1,catboost_diff,catboost_diff_ds,catboost_diff_ds_g123,32.02359744325558,-4.401857986763325,-0.3581125926147912,0.05922709605824056
Маркетплейсы,1,catboost_diff,catboost_diff_ds,catboost_diff_ds_g123,-6.850097597089288,-6.850097597089288,-0.6913686080779744,0.241945517207104
Общественное питание,1,catboost_diff,catboost_diff_ds,catboost_diff_ds_g123,12.900869598061737,-1.413637195904749,-0.0903583687864904,-0.0471658645094398
Продовольствие,1,catboost_diff,catboost_diff_ds,catboost_diff_ds_g123,-43.39854238441352,2.993337660958262,0.09060540468214251,-0.004907374887103022
Транспорт,1,catboost_diff,catboost_diff_ds,catboost_diff_ds_g123,-16.326756178589875,-2.890904298624919,-0.13213906331604353,-0.0016697895646612393
Все категории,3,catboost_diff,catboost_diff_ds,catboost_diff_ds_g123,-36.10524313418566,1.4462205989935972,0.05892134619851408,-0.008274971666699993
Здоровье,3,catboost_diff,catboost_diff_ds,catboost_diff_ds_g123,90.15299229988267,-2.7033484131032792,-0.30995085063246464,-0.06658113167712676
Маркетплейсы,3,catboost_diff,catboost_diff_ds,catboost_diff_ds_g123,2.7870986648027563,2.7870986648027563,0.3306667903563216,-0.0174498577955437
Общественное питание,3,catboost_diff,catboost_diff_ds,catboost_diff_ds_g123,52.13214960258485,1.0755991984649382,0.11581054917781763,-0.2172134182757473
Продовольствие,3,catboost_diff,catboost_diff_ds,catboost_diff_ds_g123,-45.42068362496953,-16.28227078133868,-0.9195883143306824,0.07777466560841628
Транспорт,3,catboost_diff,catboost_diff_ds,catboost_diff_ds_g123,-23.71296049802022,-4.729617930948948,-0.27531081063245466,0.006969416387312188
Все категории,6,catboost_diff,catboost_diff_ds,catboost_diff_ds_g123,-16.3015861826834,5.64350930015487,0.3615798357457587,-0.105100012099061
Здоровье,6,catboost_diff,catboost_diff_ds,catboost_diff_ds_g123,159.68214402047215,2.047739705408791,0.3306346967210452,-0.15940661670778566
Маркетплейсы,6,catboost_diff,catboost_diff_ds,catboost_diff_ds_g123,3.903340280205292,3.903340280205292,0.5123944819682293,-0.02146109356074799
Общественное питание,6,catboost_diff,catboost_diff_ds,catboost_diff_ds_g123,111.81415488290938,4.498904079296606,0.7947203079269514,-0.48627774795484613
Продовольствие,6,catboost_diff,catboost_diff_ds,catboost_diff_ds_g123,-27.157093999253988,-0.9234025448816796,-0.07871913594581414,0.06133339821928979
Транспорт,6,catboost_diff,catboost_diff_ds,catboost_diff_ds_g123,-15.164477230934647,-5.4427547336636355,-0.355950771056734,0.013650291565168393
Все категории,12,catboost_diff,catboost_diff_ds,catboost_diff_ds_g123,-14.357126641546024,2.5531971317041435,0.23826153914071568,-0.1734797825636039
Здоровье,12,catboost_diff,catboost_diff_ds,catboost_diff_ds_g123,147.55895750414135,0.9403344283489323,0.18545222247587034,-0.19804768708154352
Маркетплейсы,12,catboost_diff,catboost_diff_ds,catboost_diff_ds_g123,0.8775235510439128,0.8775235510439128,0.17755383504007582,0.15145227227087882
Общественное питание,12,catboost_diff,catboost_diff_ds,catboost_diff_ds_g123,180.00128712827416,1.941795999493312,0.5109251733659939,-0.4456982994345753
Продовольствие,12,catboost_diff,catboost_diff_ds,catboost_diff_ds_g123,-23.02490246183463,-0.23809785552940665,-0.02162176744457689,0.03289227683767049
Транспорт,12,catboost_diff,catboost_diff_ds,catboost_diff_ds_g123,-17.941675396048694,-9.47631565089223,-0.7644098031881423,0.021186449122377105
Все категории,1,catboost_diff,catboost_diff_ds,catboost_diff_ds_g1234,-40.29507730124482,-0.21375744727252233,-0.00677085044890946,-0.0013134248725090725
Здоровье,1,catboost_diff,catboost_diff_ds,catboost_diff_ds_g1234,33.62777888861201,-3.2402719627641074,-0.26361191043686993,0.021248777241381356
Маркетплейсы,1,catboost_diff,catboost_diff_ds,catboost_diff_ds_g1234,-4.1675820347745525,-4.1675820347745525,-0.42062691072564995,0.191739366381552
Общественное питание,1,catboost_diff,catboost_diff_ds,catboost_diff_ds_g1234,13.855116614941988,-0.5803775146834944,-0.03709718848590082,-0.02600460181940098
Продовольствие,1,catboost_diff,catboost_diff_ds,catboost_diff_ds_g1234,-43.21752166496111,3.3227272008675257,0.10057570404088167,-0.0034927864926656005
Транспорт,1,catboost_diff,catboost_diff_ds,catboost_diff_ds_g1234,-16.226005724534232,-2.7739758154203153,-0.1267944311007989,-0.00018228384884372284
Все категории,3,catboost_diff,catboost_diff_ds,catboost_diff_ds_g1234,-36.730888588018864,0.45287826795361585,0.018450986820715443,0.0016357884361268837
Здоровье,3,catboost_diff,catboost_diff_ds,catboost_diff_ds_g1234,90.20715302909448,-2.6756356880176635,-0.3067734641468771,-0.09961706261266734
Маркетплейсы,3,catboost_diff,catboost_diff_ds,catboost_diff_ds_g1234,2.0505416477726524,2.0505416477726524,0.24328023751858296,-0.01662111267241123
Общественное питание,3,catboost_diff,catboost_diff_ds,catboost_diff_ds_g1234,50.67119731958283,0.1049521143966059,0.011300270605433482,-0.07558596629935062
Продовольствие,3,catboost_diff,catboost_diff_ds,catboost_diff_ds_g1234,-42.802159000281094,-12.265787064764455,-0.6927457848049903,0.04334617780358818
Транспорт,3,catboost_diff,catboost_diff_ds,catboost_diff_ds_g1234,-23.660120398159933,-4.663629048235462,-0.2714696012456024,0.00862053377129629
Все категории,6,catboost_diff,catboost_diff_ds,catboost_diff_ds_g1234,-17.165703988437443,4.552826295721157,0.29169973798761095,-0.08233307353753799
Здоровье,6,catboost_diff,catboost_diff_ds,catboost_diff_ds_g1234,167.8240104436434,5.247262986464585,0.8472401065246444,-0.2584921011611274
Маркетплейсы,6,catboost_diff,catboost_diff_ds,catboost_diff_ds_g1234,5.734697251645371,5.734697251645371,0.7527981207282632,-0.029919054471381712
Общественное питание,6,catboost_diff,catboost_diff_ds,catboost_diff_ds_g1234,105.16886845891426,1.220439762384462,0.21558767350294872,-0.3622224942954917
Продовольствие,6,catboost_diff,catboost_diff_ds,catboost_diff_ds_g1234,-21.71562504987672,6.477760564350343,0.552222557015881,-0.1054507363257729
Транспорт,6,catboost_diff,catboost_diff_ds,catboost_diff_ds_g1234,-15.059622667825955,-5.3258843671291745,-0.34830756479128855,0.011220839494942902
Все категории,12,catboost_diff,catboost_diff_ds,catboost_diff_ds_g1234,-16.15649157180573,0.3985446875661047,0.037191750490679354,-0.12889403126339555
Здоровье,12,catboost_diff,catboost_diff_ds,catboost_diff_ds_g1234,156.84662802111364,4.727313406994127,0.9323180681647116,-0.40361883432025225
Маркетплейсы,12,catboost_diff,catboost_diff_ds,catboost_diff_ds_g1234,-0.48043714056223985,-0.48043714056223985,-0.09720930760322943,0.2056896299749763
Общественное питание,12,catboost_diff,catboost_diff_ds,catboost_diff_ds_g1234,172.1846000995391,-0.9040734700643149,-0.23787972297230553,-0.3167948728456875
Продовольствие,12,catboost_diff,catboost_diff_ds,catboost_diff_ds_g1234,-17.316106457414605,7.160663127830413,0.6502628616903738,-0.18255494985144738
Транспорт,12,catboost_diff,catboost_diff_ds,catboost_diff_ds_g1234,-18.016157156224665,-9.558481151838983,-0.7710377076102217,0.02240849309302717
Все категории,1,catboost_logdiff,catboost_logdiff,catboost_logdiff_ds,-42.68574710973071,-42.68574710973071,-2.436441246358111,0.36136966710222834
Здоровье,1,catboost_logdiff,catboost_logdiff,catboost_logdiff_ds,39.835259000776865,39.835259000776865,2.3952323216868887,-0.628066452493989
Маркетплейсы,1,catboost_logdiff,catboost_logdiff,catboost_logdiff_ds,0.0,0.0,0.0,0.0
Общественное питание,1,catboost_logdiff,catboost_logdiff,catboost_logdiff_ds,23.532870737255386,23.532870737255386,1.33007039188566,-0.07650366007712628
Продовольствие,1,catboost_logdiff,catboost_logdiff,catboost_logdiff_ds,-46.30231323548318,-46.30231323548318,-2.5984451004014715,0.3773696390136815
Транспорт,1,catboost_logdiff,catboost_logdiff,catboost_logdiff_ds,-15.716961733819534,-15.716961733819534,-0.8667088788093249,0.18804808433600378
Все категории,3,catboost_logdiff,catboost_logdiff,catboost_logdiff_ds,-37.31628014081858,-37.31628014081858,-2.605814999969695,0.34457085926228226
Здоровье,3,catboost_logdiff,catboost_logdiff,catboost_logdiff_ds,89.32793487200195,89.32793487200195,5.504113868486223,-1.046150833327014
Маркетплейсы,3,catboost_logdiff,catboost_logdiff,catboost_logdiff_ds,0.0,0.0,0.0,0.0
Общественное питание,3,catboost_logdiff,catboost_logdiff,catboost_logdiff_ds,59.9073961001215,59.9073961001215,4.405028853270655,-0.4803542524177697
Продовольствие,3,catboost_logdiff,catboost_logdiff,catboost_logdiff_ds,-27.048239767519366,-27.048239767519366,-2.17421049285341,0.2705567764186302
Транспорт,3,catboost_logdiff,catboost_logdiff,catboost_logdiff_ds,-23.56862047408903,-23.56862047408903,-1.8142662671798568,0.2727070261086106
Все категории,6,catboost_logdiff,catboost_logdiff,catboost_logdiff_ds,-24.122486110012854,-24.122486110012854,-2.130987637281753,0.2668494296566778
Здоровье,6,catboost_logdiff,catboost_logdiff,catboost_logdiff_ds,135.202701926487,135.202701926487,9.43052715642377,-1.5434361684130378
Маркетплейсы,6,catboost_logdiff,catboost_logdiff,catboost_logdiff_ds,0.0,0.0,0.0,0.0
Общественное питание,6,catboost_logdiff,catboost_logdiff,catboost_logdiff_ds,117.37410903990089,117.37410903990089,11.061463845806289,-0.7039271018401798
Продовольствие,6,catboost_logdiff,catboost_logdiff,catboost_logdiff_ds,-10.836969995585811,-10.836969995585811,-1.0623307655706231,0.13715837634951478
Транспорт,6,catboost_logdiff,catboost_logdiff,catboost_logdiff_ds,-8.973987659249715,-8.973987659249715,-0.6849624379102748,0.16197151369918492
Все категории,12,catboost_logdiff,catboost_logdiff,catboost_logdiff_ds,-23.273937119115196,-23.273937119115196,-2.8888343563347227,0.24687972125667956
Здоровье,12,catboost_logdiff,catboost_logdiff,catboost_logdiff_ds,133.48003688563708,133.48003688563708,11.526600743966949,-2.1960286202273704
Маркетплейсы,12,catboost_logdiff,catboost_logdiff,catboost_logdiff_ds,0.0,0.0,0.0,0.0
Общественное питание,12,catboost_logdiff,catboost_logdiff,catboost_logdiff_ds,220.21646512926964,220.21646512926964,20.19473278138915,-0.6928783061002592
Продовольствие,12,catboost_logdiff,catboost_logdiff,catboost_logdiff_ds,5.450774001863401,5.450774001863401,0.5234078905129387,-0.27424535314879345
Транспорт,12,catboost_logdiff,catboost_logdiff,catboost_logdiff_ds,-9.934863190932553,-9.934863190932553,-0.9083552777620021,0.11551199847415611
Все категории,1,catboost_logdiff,catboost_logdiff_ds,catboost_logdiff_ds_g1,-46.25196147505147,-6.2222120772444605,-0.2035544030818106,0.019708671562744806
Здоровье,1,catboost_logdiff,catboost_logdiff_ds,catboost_logdiff_ds_g1,31.8556682800774,-5.706422527279143,-0.47980041017630715,0.08207994341851871
Маркетплейсы,1,catboost_logdiff,catboost_logdiff_ds,catboost_logdiff_ds_g1,-8.041565853179621,-8.041565853179621,-0.8505907744491576,0.1896453982100123
Общественное питание,1,catboost_logdiff,catboost_logdiff_ds,catboost_logdiff_ds_g1,22.280994614314075,-1.0133951518085715,-0.07075564150347269,-0.004207331161579703
Продовольствие,1,catboost_logdiff,catboost_logdiff_ds,catboost_logdiff_ds_g1,-43.99490732204503,4.297030379645483,0.12948959072343058,-0.00936483117577891
Транспорт,1,catboost_logdiff,catboost_logdiff_ds,catboost_logdiff_ds_g1,-17.418538961081232,-2.018884537465093,-0.09383315400419168,-0.008825222098816865
Все категории,3,catboost_logdiff,catboost_logdiff_ds,catboost_logdiff_ds_g1,-41.9772594936118,-7.435709564244231,-0.32547858109715566,0.026284853299763822
Здоровье,3,catboost_logdiff,catboost_logdiff_ds,catboost_logdiff_ds_g1,81.60601558309277,-4.078594790636525,-0.4758010258528653,-0.0426818455072
Маркетплейсы,3,catboost_logdiff,catboost_logdiff_ds,catboost_logdiff_ds_g1,-5.821528230739781,-5.821528230739781,-0.7654000529323799,0.10354925284526992
Общественное питание,3,catboost_logdiff,catboost_logdiff_ds,catboost_logdiff_ds_g1,53.50219395474958,-4.005569661932018,-0.4709785785754974,0.12708466451240258
Продовольствие,3,catboost_logdiff,catboost_logdiff_ds,catboost_logdiff_ds_g1,-34.20389911159328,-9.808754883049387,-0.5751912051538621,0.03273397153221724
Транспорт,3,catboost_logdiff,catboost_logdiff_ds,catboost_logdiff_ds_g1,-26.142754236405274,-3.3679017417755697,-0.19815177800980965,-0.013102045687396813
Все категории,6,catboost_logdiff,catboost_logdiff_ds,catboost_logdiff_ds_g1,-28.65279870537002,-5.970560134489322,-0.40020916955656194,-0.047963135355472475
Здоровье,6,catboost_logdiff,catboost_logdiff_ds,catboost_logdiff_ds_g1,134.4017386065393,-0.3405417171602476,-0.055868013230782054,-0.09225473928414485
Маркетплейсы,6,catboost_logdiff,catboost_logdiff_ds,catboost_logdiff_ds_g1,-5.084609199377088,-5.084609199377088,-0.8110718231304244,0.0734511563648757
Общественное питание,6,catboost_logdiff,catboost_logdiff_ds,catboost_logdiff_ds_g1,101.9164735971839,-7.111074778404092,-1.456744396101378,0.18033076941119291
Продовольствие,6,catboost_logdiff,catboost_logdiff_ds,catboost_logdiff_ds_g1,-0.43745072928698114,11.663487956593643,1.0194481730810114,-0.14890812096751938
Транспорт,6,catboost_logdiff,catboost_logdiff_ds,catboost_logdiff_ds_g1,-15.04454878893462,-6.669039951964639,-0.4633510217262744,0.012386174486204382
Все категории,12,catboost_logdiff,catboost_logdiff_ds,catboost_logdiff_ds_g1,-23.311018662116656,-0.04832978730973103,-0.004602677873553063,-0.12156618098186689
Здоровье,12,catboost_logdiff,catboost_logdiff_ds,catboost_logdiff_ds_g1,134.9349896701715,0.6231593946711023,0.12564170822802012,-0.13649396642419775
Маркетплейсы,12,catboost_logdiff,catboost_logdiff_ds,catboost_logdiff_ds_g1,-1.7564118944370488,-1.7564118944370488,-0.5191158678202008,0.19140170032552595
Общественное питание,12,catboost_logdiff,catboost_logdiff_ds,catboost_logdiff_ds_g1,187.06442999784727,-10.353007650009216,-3.040174540288337,0.1444735599273801
Продовольствие,12,catboost_logdiff,catboost_logdiff_ds,catboost_logdiff_ds_g1,4.871901692550762,-0.5489502706754967,-0.05558592856539413,0.001977217822975552
Транспорт,12,catboost_logdiff,catboost_logdiff_ds,catboost_logdiff_ds_g1,-17.57031678513563,-8.47770165540277,-0.6981177734517132,0.0221572003546196
Все категории,1,catboost_logdiff,catboost_logdiff_ds,catboost_logdiff_ds_g12,-45.6985099728994,-5.25656832504956,-0.17196418482381137,0.022094661151679018
Здоровье,1,catboost_logdiff,catboost_logdiff_ds,catboost_logdiff_ds_g12,31.54534441200454,-5.928343572293359,-0.49845970291454567,0.060773522462892526
Маркетплейсы,1,catboost_logdiff,catboost_logdiff_ds,catboost_logdiff_ds_g12,-3.8985882379587555,-3.8985882379587555,-0.41237033298341075,0.14398251849392452
Общественное питание,1,catboost_logdiff,catboost_logdiff_ds,catboost_logdiff_ds_g12,20.379720860941553,-2.5524784273979306,-0.17821503115739645,0.0051244404580899905
Продовольствие,1,catboost_logdiff,catboost_logdiff_ds,catboost_logdiff_ds_g12,-44.21017234000166,3.896147155567986,0.11740910722031694,-0.00555219832114362
Транспорт,1,catboost_logdiff,catboost_logdiff_ds,catboost_logdiff_ds_g12,-17.89872590125886,-2.588615944941308,-0.12031297189702883,-0.0023146203785355812
Все категории,3,catboost_logdiff,catboost_logdiff_ds,catboost_logdiff_ds_g12,-42.269993646003975,-7.902711447747334,-0.34592035724494963,0.025679669488326784
Здоровье,3,catboost_logdiff,catboost_logdiff_ds,catboost_logdiff_ds_g12,82.80275214206081,-3.446497599180276,-0.40206178290966754,-0.1683169270455629
Маркетплейсы,3,catboost_logdiff,catboost_logdiff_ds,catboost_logdiff_ds_g12,-6.657231926296059,-6.657231926296059,-0.8752762963278862,0.12466745435787593
Общественное питание,3,catboost_logdiff,catboost_logdiff_ds,catboost_logdiff_ds_g12,49.51781960462609,-6.497245749027314,-0.7639521530769251,0.16196028402607718
Продовольствие,3,catboost_logdiff,catboost_logdiff_ds,catboost_logdiff_ds_g12,-34.79514603995787,-10.619217751224753,-0.6227172285315934,0.04346308367659524
Транспорт,3,catboost_logdiff,catboost_logdiff_ds,catboost_logdiff_ds_g12,-27.87001746659201,-5.627789291759122,-0.331113120253538,0.007504878266967274
Все категории,6,catboost_logdiff,catboost_logdiff_ds,catboost_logdiff_ds_g12,-26.69443809094544,-3.3896102403428774,-0.2272070071904677,-0.06706917117333111
Здоровье,6,catboost_logdiff,catboost_logdiff_ds,catboost_logdiff_ds_g12,136.58625913478858,0.5882403547957438,0.09650453459464003,-0.21263849296955817
Маркетплейсы,6,catboost_logdiff,catboost_logdiff_ds,catboost_logdiff_ds_g12,-6.414572392617757,-6.414572392617757,-1.0232210030458067,0.08088206342451193
Общественное питание,6,catboost_logdiff,catboost_logdiff_ds,catboost_logdiff_ds_g12,101.22038994223885,-7.431298588875135,-1.5223440777161201,0.159885213784265
Продовольствие,6,catboost_logdiff,catboost_logdiff_ds,catboost_logdiff_ds_g12,-3.091615387736457,8.686733287850256,0.7592646739378353,-0.10920213692363512
Транспорт,6,catboost_logdiff,catboost_logdiff_ds,catboost_logdiff_ds_g12,-17.158432912260324,-8.991325712888132,-0.6246986051587715,0.014452207215038093
Все категории,12,catboost_logdiff,catboost_logdiff_ds,catboost_logdiff_ds_g12,-23.67632410944288,-0.5244462901118463,-0.04994554020883868,-0.10829188223118602
Здоровье,12,catboost_logdiff,catboost_logdiff_ds,catboost_logdiff_ds_g12,140.2363315818759,2.89373549291847,0.5834363946037087,-0.3335444063374018
Маркетплейсы,12,catboost_logdiff,catboost_logdiff_ds,catboost_logdiff_ds_g12,-2.46623306686814,-2.46623306686814,-0.7289068827243774,0.2058446121273998
Общественное питание,12,catboost_logdiff,catboost_logdiff_ds,catboost_logdiff_ds_g12,186.99839432005422,-10.373629849360022,-3.0462302767033513,0.11004392867519219
Продовольствие,12,catboost_logdiff,catboost_logdiff_ds,catboost_logdiff_ds_g12,4.751976112457945,-0.6626768708147268,-0.06710172336324582,-0.0023997730102853776
Транспорт,12,catboost_logdiff,catboost_logdiff_ds,catboost_logdiff_ds_g12,-17.71011507164194,-8.632920746228868,-0.7108996818614823,0.017399988800697375
Все категории,1,catboost_logdiff,catboost_logdiff_ds,catboost_logdiff_ds_g123,-46.21183767864563,-6.152205413312773,-0.20126419430855513,0.016461292940674888
Здоровье,1,catboost_logdiff,catboost_logdiff_ds,catboost_logdiff_ds_g123,29.81487421145328,-7.165849915769751,-0.6025101913523274,0.09473872012147161
Маркетплейсы,1,catboost_logdiff,catboost_logdiff_ds,catboost_logdiff_ds_g123,-3.8844582807472716,-3.8844582807472716,-0.41087574704494223,0.11701368582938111
Общественное питание,1,catboost_logdiff,catboost_logdiff_ds,catboost_logdiff_ds_g123,18.23398868846784,-4.289451072547202,-0.2994911331420811,0.008051914015642286
Продовольствие,1,catboost_logdiff,catboost_logdiff_ds,catboost_logdiff_ds_g123,-44.75123418168786,2.88853979985646,0.08704519247606823,-0.003515217575456031
Транспорт,1,catboost_logdiff,catboost_logdiff_ds,catboost_logdiff_ds_g123,-16.562439647633585,-1.0031412383875948,-0.04662371946627797,-0.009895413017030397
Все категории,3,catboost_logdiff,catboost_logdiff_ds,catboost_logdiff_ds_g123,-45.03949060923658,-12.320919188854996,-0.5393157520144265,0.044540056889564195
Здоровье,3,catboost_logdiff,catboost_logdiff_ds,catboost_logdiff_ds_g123,84.78151417011036,-2.401347009338728,-0.2801365247401204,-0.11063973919580272
Маркетплейсы,3,catboost_logdiff,catboost_logdiff_ds,catboost_logdiff_ds_g123,1.980177157277918,1.980177157277918,0.26034876769865,0.013927111791656815
Общественное питание,3,catboost_logdiff,catboost_logdiff_ds,catboost_logdiff_ds_g123,51.27696219073081,-5.397144922544406,-0.6346012823454092,0.1641998522166614
Продовольствие,3,catboost_logdiff,catboost_logdiff_ds,catboost_logdiff_ds_g123,-39.30878550780449,-16.806374104221145,-0.9855357474554749,0.09545626431709664
Транспорт,3,catboost_logdiff,catboost_logdiff_ds,catboost_logdiff_ds_g123,-26.2685113861714,-3.532437761596452,-0.20783231722202888,-0.009791202858695891
Все категории,6,catboost_logdiff,catboost_logdiff_ds,catboost_logdiff_ds_g123,-32.58146786677335,-11.148206264407868,-0.7472689782238566,-0.018736290908301312
Здоровье,6,catboost_logdiff,catboost_logdiff_ds,catboost_logdiff_ds_g123,146.91708775593563,4.980549004539059,0.8170904287512535,-0.24341925985009505
Маркетплейсы,6,catboost_logdiff,catboost_logdiff_ds,catboost_logdiff_ds_g123,0.29687220784946344,0.29687220784946344,0.04735559281266255,0.0205449881943105
Общественное питание,6,catboost_logdiff,catboost_logdiff_ds,catboost_logdiff_ds_g123,97.19022270180979,-9.285322169801812,-1.9021514269451032,0.19744515245154934
Продовольствие,6,catboost_logdiff,catboost_logdiff_ds,catboost_logdiff_ds_g123,-11.984700962954575,-1.287227416241843,-0.11251022358930562,0.09967362418215611
Транспорт,6,catboost_logdiff,catboost_logdiff_ds,catboost_logdiff_ds_g123,-15.067082509139917,-6.693795205573839,-0.4650709652467091,-0.0015178050119084019
Все категории,12,catboost_logdiff,catboost_logdiff_ds,catboost_logdiff_ds_g123,-24.99328782313235,-2.2408952570476592,-0.21341122298872683,-0.09182453096472787
Здоровье,12,catboost_logdiff,catboost_logdiff_ds,catboost_logdiff_ds_g123,143.63942982720883,4.351289762108457,0.8773092139531364,-0.3500194126273559
Маркетплейсы,12,catboost_logdiff,catboost_logdiff_ds,catboost_logdiff_ds_g123,3.9848060398894436,3.9848060398894436,1.177728329012151,0.10228399729737303
Общественное питание,12,catboost_logdiff,catboost_logdiff_ds,catboost_logdiff_ds_g123,190.72665808608903,-9.209335013824393,-2.7043335413733587,0.1434018776962222
Продовольствие,12,catboost_logdiff,catboost_logdiff_ds,catboost_logdiff_ds_g123,-2.8197974710604368,-7.843063790861981,-0.7941775546921743,0.22428217100483505
Транспорт,12,catboost_logdiff,catboost_logdiff_ds,catboost_logdiff_ds_g123,-16.61557924936259,-7.417649375909729,-0.6108250888087632,0.018154053861197283
Все категории,1,catboost_logdiff,catboost_logdiff_ds,catboost_logdiff_ds_g1234,-45.12384487907656,-4.253911804475063,-0.13916312516722495,0.006461964866557368
Здоровье,1,catboost_logdiff,catboost_logdiff_ds,catboost_logdiff_ds_g1234,33.42439602828507,-4.584582614071742,-0.3854752444641729,0.017585372707468405
Маркетплейсы,1,catboost_logdiff,catboost_logdiff_ds,catboost_logdiff_ds_g1234,-5.069946542930303,-5.069946542930303,-0.5362699050287301,0.17594545438649892
Общественное питание,1,catboost_logdiff,catboost_logdiff_ds,catboost_logdiff_ds_g1234,21.465331812821088,-1.673675121524354,-0.11685664440027743,-0.014963427725496609
Продовольствие,1,catboost_logdiff,catboost_logdiff_ds,catboost_logdiff_ds_g1234,-44.2843336884167,3.7580381365700744,0.11324723756494581,-0.004652011884400342
Транспорт,1,catboost_logdiff,catboost_logdiff_ds,catboost_logdiff_ds_g1234,-17.526302584463295,-2.146743743301638,-0.0997757586105843,-0.0008913016070885016
Все категории,3,catboost_logdiff,catboost_logdiff_ds,catboost_logdiff_ds_g1234,-43.577905608108956,-9.9892372076148,-0.4372525210252536,0.03822429188224563
Здоровье,3,catboost_logdiff,catboost_logdiff_ds,catboost_logdiff_ds_g1234,93.7002797147425,2.309402912832992,0.2694105032341412,-0.25279337905008115
Маркетплейсы,3,catboost_logdiff,catboost_logdiff_ds,catboost_logdiff_ds_g1234,-4.608493796541402,-4.608493796541402,-0.6059133024874281,0.1061655801915232
Общественное питание,3,catboost_logdiff,catboost_logdiff_ds,catboost_logdiff_ds_g1234,60.49013117834243,0.36442034104293697,0.0428488801129987,0.045912964170081894
Продовольствие,3,catboost_logdiff,catboost_logdiff_ds,catboost_logdiff_ds_g1234,-37.17279053362671,-13.878418743896937,-0.8138387081857958,0.07601797348741102
Транспорт,3,catboost_logdiff,catboost_logdiff_ds,catboost_logdiff_ds_g1234,-28.956666636676843,-7.049521016117755,-0.4147612461890935,0.019796380846682282
Все категории,6,catboost_logdiff,catboost_logdiff_ds,catboost_logdiff_ds_g1234,-29.92171532252481,-7.642882476249968,-0.5123056430115032,-0.0336038482370179
Здоровье,6,catboost_logdiff,catboost_logdiff_ds,catboost_logdiff_ds_g1234,149.01821075173132,5.873873349279113,0.9636459131350747,-0.2958694791578589
Маркетплейсы,6,catboost_logdiff,catboost_logdiff_ds,catboost_logdiff_ds_g1234,-5.0484891540374495,-5.0484891540374495,-0.8053101313510886,0.07180748565626949
Общественное питание,6,catboost_logdiff,catboost_logdiff_ds,catboost_logdiff_ds_g1234,131.10885017931116,6.318480705946983,1.294376960880264,0.021514521181500712
Продовольствие,6,catboost_logdiff,catboost_logdiff_ds,catboost_logdiff_ds_g1234,-10.176146561134713,0.7411406211951022,0.06477946006248914,0.035568961694895596
Транспорт,6,catboost_logdiff,catboost_logdiff_ds,catboost_logdiff_ds_g1234,-18.47652557992432,-10.439365271876833,-0.7253053812450077,0.014642398904737897
Все категории,12,catboost_logdiff,catboost_logdiff_ds,catboost_logdiff_ds_g1234,-25.37099141567547,-2.7331707347161616,-0.26029298214556107,-0.09110524483352456
Здоровье,12,catboost_logdiff,catboost_logdiff_ds,catboost_logdiff_ds_g1234,139.57912045202497,2.612250558010376,0.5266832615133019,-0.36129525525406203
Маркетплейсы,12,catboost_logdiff,catboost_logdiff_ds,catboost_logdiff_ds_g1234,-2.157321282963487,-2.157321282963487,-0.6376065395136301,0.22878649336374557
Общественное питание,12,catboost_logdiff,catboost_logdiff_ds,catboost_logdiff_ds_g1234,190.93061216528335,-9.145642449136327,-2.685630134584102,0.1118915411137531
Продовольствие,12,catboost_logdiff,catboost_logdiff_ds,catboost_logdiff_ds_g1234,1.4408469054119522,-3.8026530714517115,-0.38505127564394037,0.09179953802381036
Транспорт,12,catboost_logdiff,catboost_logdiff_ds,catboost_logdiff_ds_g1234,-16.742705501786848,-7.558798611816364,-0.6224483794482412,0.0019858896127286085
Все категории,1,catboost_diff,catboost_diff_ds,catboost_diff_ds_m1,-40.49860118411913,-0.5539117029649598,-0.017545369064476457,0.020324565191583766
Здоровье,1,catboost_diff,catboost_diff_ds,catboost_diff_ds_m1,42.830902740905465,3.4236999182861494,0.27853466826039686,-0.0664194719507274
Маркетплейсы,1,catboost_diff,catboost_diff_ds,catboost_diff_ds_m1,-0.5003781324679157,-0.5003781324679157,-0.050502307164791205,0.06004600392531301
Общественное питание,1,catboost_diff,catboost_diff_ds,catboost_diff_ds_m1,15.712186099504732,1.041237328579503,0.06655491720407802,-0.048192981714595295
Продовольствие,1,catboost_diff,catboost_diff_ds,catboost_diff_ds_m1,-45.456716846911306,-0.7517647853579335,-0.022755185120456822,0.010973966790694623
Транспорт,1,catboost_diff,catboost_diff_ds,catboost_diff_ds_m1,-14.547916147236062,-0.8264265880335908,-0.03777476663415413,0.004111896512850877
Все категории,3,catboost_diff,catboost_diff_ds,catboost_diff_ds_m1,-39.800577390564584,-4.420891391852788,-0.18011420414469148,0.04483315060206916
Здоровье,3,catboost_diff,catboost_diff_ds,catboost_diff_ds_m1,74.23282397561431,-10.849310524539613,-1.2439214307550426,0.3351592697802972
Маркетплейсы,3,catboost_diff,catboost_diff_ds,catboost_diff_ds_m1,-0.8055210397929113,-0.8055210397929113,-0.09556857823390352,0.02233933556531359
Общественное питание,3,catboost_diff,catboost_diff_ds,catboost_diff_ds_m1,46.75826011162884,-2.494777620265587,-0.268614523599334,0.10792417878996119
Продовольствие,3,catboost_diff,catboost_diff_ds,catboost_diff_ds_m1,-44.32915268530362,-14.608001154858952,-0.8250290968710292,0.0968145058726183
Транспорт,3,catboost_diff,catboost_diff_ds,catboost_diff_ds_m1,-22.281163872635812,-2.9415316133247105,-0.17122640026927627,0.024838990713443587
Все категории,6,catboost_diff,catboost_diff_ds,catboost_diff_ds_m1,-27.73817764365163,-8.791670546932052,-0.5632826355408422,0.14722793923234662
Здоровье,6,catboost_diff,catboost_diff_ds,catboost_diff_ds_m1,127.3916557205566,-10.641509135399286,-1.7182125913481716,0.4396237267603842
Маркетплейсы,6,catboost_diff,catboost_diff_ds,catboost_diff_ds_m1,9.15081206622379,9.15081206622379,1.2012341409329448,-0.05612371689092588
Общественное питание,6,catboost_diff,catboost_diff_ds,catboost_diff_ds_m1,83.41150373668384,-9.513596262655888,-1.6805533121152099,0.2879361016414035
Продовольствие,6,catboost_diff,catboost_diff_ds,catboost_diff_ds_m1,-28.082300363037227,-2.181813329131921,-0.1859973865312785,0.15906187212611908
Транспорт,6,catboost_diff,catboost_diff_ds,catboost_diff_ds_m1,-11.361145319652577,-1.203580191846343,-0.07871295295864655,0.030197912442664288
Все категории,12,catboost_diff,catboost_diff_ds,catboost_diff_ds_m1,-25.859672663095733,-11.22054519390926,-1.0470888967803162,0.3042071941198665
Здоровье,12,catboost_diff,catboost_diff_ds,catboost_diff_ds_m1,130.31379642411252,-6.091252488314092,-1.201313359974474,0.4764772384365932
Маркетплейсы,12,catboost_diff,catboost_diff_ds,catboost_diff_ds_m1,2.6989349551620467,2.6989349551620467,0.5460893342892597,-0.013188304771916792
Общественное питание,12,catboost_diff,catboost_diff_ds,catboost_diff_ds_m1,139.50293842129736,-12.802687658225153,-3.368641923784079,0.3397901643928021
Продовольствие,12,catboost_diff,catboost_diff_ds,catboost_diff_ds_m1,-37.530658669569014,-19.037967912336295,-1.7288459566448262,0.5043632967573115
Транспорт,12,catboost_diff,catboost_diff_ds,catboost_diff_ds_m1,-11.235332311763457,-2.07812799072854,-0.16763280866894892,0.032127699580761004
Все категории,1,catboost_logdiff,catboost_logdiff_ds,catboost_logdiff_ds_m1,-46.53941613033834,-6.723753388159237,-0.21996190268110682,0.047121307406970736
Здоровье,1,catboost_logdiff,catboost_logdiff_ds,catboost_logdiff_ds_m1,34.73295085517532,-3.648799438754713,-0.30679387286807547,0.05023047978444822
Маркетплейсы,1,catboost_logdiff,catboost_logdiff_ds,catboost_logdiff_ds_m1,-1.0282459981010739,-1.0282459981010739,-0.1087619719613695,0.0943334229924688
Общественное питание,1,catboost_logdiff,catboost_logdiff_ds,catboost_logdiff_ds_m1,23.118438531668527,-0.3354833439176752,-0.023423576844889382,-0.009131322410349307
Продовольствие,1,catboost_logdiff,catboost_logdiff_ds,catboost_logdiff_ds_m1,-47.5663475493546,-2.35398280640029,-0.07093649409942282,0.011234812128270488
Транспорт,1,catboost_logdiff,catboost_logdiff_ds,catboost_logdiff_ds_m1,-16.053419555952274,-0.39919992094987755,-0.01855390289331904,-0.002917013296135862
Все категории,3,catboost_logdiff,catboost_logdiff_ds,catboost_logdiff_ds_m1,-42.77586999205082,-8.709741322782339,-0.38124596220032636,0.07175350458936858
Здоровье,3,catboost_logdiff,catboost_logdiff_ds,catboost_logdiff_ds_m1,77.98612587189051,-5.990562886443174,-0.6988475475301925,0.21972805957217695
Маркетплейсы,3,catboost_logdiff,catboost_logdiff_ds,catboost_logdiff_ds_m1,-2.072542322597959,-2.072542322597959,-0.2724927099115835,0.0892194221821514
Общественное питание,3,catboost_logdiff,catboost_logdiff_ds,catboost_logdiff_ds_m1,51.78992527408228,-5.076357331812654,-0.596882781293397,0.20647566147934387
Продовольствие,3,catboost_logdiff,catboost_logdiff_ds,catboost_logdiff_ds_m1,-35.48418370912301,-11.56372912006539,-0.6781039355094398,0.1061488342237914
Транспорт,3,catboost_logdiff,catboost_logdiff_ds,catboost_logdiff_ds_m1,-23.864193821093583,-0.38671727350459983,-0.022752657650766395,-0.0017124720010849859
Все категории,6,catboost_logdiff,catboost_logdiff_ds,catboost_logdiff_ds_m1,-15.367949307825423,11.53772224915064,0.7733783993286583,-0.03667383967753768
Здоровье,6,catboost_logdiff,catboost_logdiff_ds,catboost_logdiff_ds_m1,111.56568008895493,-10.049638734558375,-1.6487065210947467,0.3478871180037941
Маркетплейсы,6,catboost_logdiff,catboost_logdiff_ds,catboost_logdiff_ds_m1,-0.9769084011369,-0.9769084011369,-0.1558316179026331,0.053612960578632185
Общественное питание,6,catboost_logdiff,catboost_logdiff_ds,catboost_logdiff_ds_m1,84.61158318069914,-15.071954062932068,-3.087576112425751,0.37959463572874724
Продовольствие,6,catboost_logdiff,catboost_logdiff_ds,catboost_logdiff_ds_m1,-12.60564527780077,-1.9836419669984173,-0.17338039759883017,0.2246254325764872
Транспорт,6,catboost_logdiff,catboost_logdiff_ds,catboost_logdiff_ds_m1,-2.3044746537783323,7.32704073699777,0.5090675473788115,-0.04521629723287229
Все категории,12,catboost_logdiff,catboost_logdiff_ds,catboost_logdiff_ds_m1,-29.94047470923068,-8.688752348032114,-0.8274716361721719,0.18635388134461262
Здоровье,12,catboost_logdiff,catboost_logdiff_ds,catboost_logdiff_ds_m1,116.67102647971261,-7.199335168067423,-1.4515335504160731,0.42693669950692215
Маркетплейсы,12,catboost_logdiff,catboost_logdiff_ds,catboost_logdiff_ds_m1,-1.1734985117562324,-1.1734985117562324,-0.3468330522273675,0.16510571703606725
Общественное питание,12,catboost_logdiff,catboost_logdiff_ds,catboost_logdiff_ds_m1,163.17137967771154,-17.814538496179246,-5.231263050696423,0.38339625859430737
Продовольствие,12,catboost_logdiff,catboost_logdiff_ds,catboost_logdiff_ds_m1,-23.52547268124985,-27.47845803635469,-2.7824298248663517,0.7847429597147773
Транспорт,12,catboost_logdiff,catboost_logdiff_ds,catboost_logdiff_ds_m1,-2.943359201000917,7.762719557905284,0.6392407652422207,-0.030270859663200395
Все категории,1,catboost_diff,catboost_diff_ds_g123,catboost_diff_ds_g123_m1,-44.76257280429893,-3.9109256682512306,-0.11902042329088802,0.02295217983136777
Здоровье,1,catboost_diff,catboost_diff_ds_g123,catboost_diff_ds_g123_m1,28.44080669677853,-2.7137502809048475,-0.21105852497103061,0.050750968448169315
Маркетплейсы,1,catboost_diff,catboost_diff_ds_g123,catboost_diff_ds_g123_m1,-9.924535868762552,-3.3005276359550972,-0.31029778457632773,0.048883200870304
Общественное питание,1,catboost_diff,catboost_diff_ds_g123,catboost_diff_ds_g123_m1,11.607853356959552,-1.1452668572929925,-0.07216954303308754,-0.004512231443902698
Продовольствие,1,catboost_diff,catboost_diff_ds_g123,catboost_diff_ds_g123_m1,-45.903377688228595,-4.425390103602778,-0.1379618747451814,0.022276409212982462
Транспорт,1,catboost_diff,catboost_diff_ds_g123,catboost_diff_ds_g123_m1,-17.242416043132835,-1.094328154048052,-0.04857412560682661,-0.011193613632057176
Все категории,3,catboost_diff,catboost_diff_ds_g123,catboost_diff_ds_g123_m1,-43.34858987039949,-11.336371075682482,-0.46854147779155353,0.07488047695236166
Здоровье,3,catboost_diff,catboost_diff_ds_g123,catboost_diff_ds_g123_m1,63.10648602357867,-14.223550178821288,-1.5867069143145809,0.4925285523245423
Маркетплейсы,3,catboost_diff,catboost_diff_ds_g123,catboost_diff_ds_g123_m1,-0.6599686699905183,-3.353599215826153,-0.4089667531805432,0.04738984878263669
Общественное питание,3,catboost_diff,catboost_diff_ds_g123,catboost_diff_ds_g123_m1,43.58317325370458,-5.619440973661904,-0.6115572083533536,0.25061381743459177
Продовольствие,3,catboost_diff,catboost_diff_ds_g123,catboost_diff_ds_g123_m1,-49.7534707578466,-7.938514845267052,-0.3753489212403913,0.055263206359522976
Транспорт,3,catboost_diff,catboost_diff_ds_g123,catboost_diff_ds_g123_m1,-25.12094950103342,-1.8456464062636235,-0.10235371600845866,-0.014537376663688983
Все категории,6,catboost_diff,catboost_diff_ds_g123,catboost_diff_ds_g123_m1,-29.759075196176,-16.078547250447826,-1.088289862308093,0.25101553251852227
Здоровье,6,catboost_diff,catboost_diff_ds_g123,catboost_diff_ds_g123_m1,117.08453799527389,-16.403748584977805,-2.7028389528317085,0.7076409889683593
Маркетплейсы,6,catboost_diff,catboost_diff_ds_g123,catboost_diff_ds_g123_m1,2.969527692991547,-0.8987320183311165,-0.12258229683619426,0.018809620817015482
Общественное питание,6,catboost_diff,catboost_diff_ds_g123,catboost_diff_ds_g123_m1,92.63299357344272,-9.055656039640015,-1.6716264389074702,0.5474931169073596
Продовольствие,6,catboost_diff,catboost_diff_ds_g123,catboost_diff_ds_g123_m1,-32.1333298523509,-6.831462562800484,-0.5769976274676631,0.15311693731385329
Транспорт,6,catboost_diff,catboost_diff_ds_g123,catboost_diff_ds_g123_m1,-13.643712157609178,1.792604116397345,0.11085374629489042,-0.021366158201710395
Все категории,12,catboost_diff,catboost_diff_ds_g123,catboost_diff_ds_g123_m1,-30.0059809105958,-18.27222004048401,-1.7486790853698224,0.4929725565790018
Здоровье,12,catboost_diff,catboost_diff_ds_g123,catboost_diff_ds_g123_m1,111.53664725588092,-14.55100256174645,-2.896725627601519,0.894379521547469
Маркетплейсы,12,catboost_diff,catboost_diff_ds_g123,catboost_diff_ds_g123_m1,-4.8907410378374205,-5.718087028536745,-1.1671225211714678,0.0745885253582753
Общественное питание,12,catboost_diff,catboost_diff_ds_g123,catboost_diff_ds_g123_m1,141.8413909679597,-13.628471694429257,-3.6555534312122475,0.5787225540984182
Продовольствие,12,catboost_diff,catboost_diff_ds_g123,catboost_diff_ds_g123_m1,-32.48824550362486,-12.294031894013735,-1.1137680738788216,0.2811453908133601
Транспорт,12,catboost_diff,catboost_diff_ds_g123,catboost_diff_ds_g123_m1,-17.220638137943943,0.8786887394847342,0.06416290404772518,-0.018103529888560288
Все категории,1,catboost_logdiff,catboost_logdiff_ds_g123,catboost_logdiff_ds_g123_m1,-47.7206053368093,-2.8050180430958416,-0.0861182948039132,0.03994253824183791
Здоровье,1,catboost_logdiff,catboost_logdiff_ds_g123,catboost_logdiff_ds_g123_m1,27.45241537148775,-1.8198676032434968,-0.14205098483305978,0.05326121561795641
Маркетплейсы,1,catboost_logdiff,catboost_logdiff_ds_g123,catboost_logdiff_ds_g123_m1,-7.91868808237004,-4.197271044267204,-0.4267177206428485,0.1198685936429196
Общественное питание,1,catboost_logdiff,catboost_logdiff_ds_g123,catboost_logdiff_ds_g123_m1,22.13734686977158,3.3013841659259358,0.22061656666721952,-0.029663453129696205
Продовольствие,1,catboost_logdiff,catboost_logdiff_ds_g123,catboost_logdiff_ds_g123_m1,-46.40823534320435,-2.999164120635034,-0.09298944801320452,0.016599395466058042
Транспорт,1,catboost_logdiff,catboost_logdiff_ds_g123,catboost_logdiff_ds_g123_m1,-19.450805377888013,-3.4617092326963084,-0.15927838128366645,0.017361909945568632
Все категории,3,catboost_logdiff,catboost_logdiff_ds_g123,catboost_logdiff_ds_g123_m1,-46.966833899239525,-3.506778433037694,-0.1345873714161283,0.0333406007161865
Здоровье,3,catboost_logdiff,catboost_logdiff_ds_g123,catboost_logdiff_ds_g123_m1,64.4125274447082,-11.023281639877903,-1.2550746021717032,0.40581238226085686
Маркетплейсы,3,catboost_logdiff,catboost_logdiff_ds_g123,catboost_logdiff_ds_g123_m1,-1.408874510995095,-3.3232455196133714,-0.4455840843628618,0.030886011410799802
Общественное питание,3,catboost_logdiff,catboost_logdiff_ds_g123,catboost_logdiff_ds_g123_m1,53.20788045631024,1.2764126391862085,0.14198164545441294,0.02959429213896539
Продовольствие,3,catboost_logdiff,catboost_logdiff_ds_g123,catboost_logdiff_ds_g123_m1,-41.50035156093666,-3.6110103768214996,-0.17616399253541193,0.037754938481741496
Транспорт,3,catboost_logdiff,catboost_logdiff_ds_g123,catboost_logdiff_ds_g123_m1,-27.383461653545993,-1.51217653181287,-0.08582668900391432,0.014238286037830894
Все категории,6,catboost_logdiff,catboost_logdiff_ds_g123,catboost_logdiff_ds_g123_m1,-37.090238729124714,-6.687732170498051,-0.39830616642033245,0.1157947721568009
Здоровье,6,catboost_logdiff,catboost_logdiff_ds_g123,catboost_logdiff_ds_g123_m1,107.10024227480179,-16.125593349169375,-2.7772658182314096,0.6500914880907276
Маркетплейсы,6,catboost_logdiff,catboost_logdiff_ds_g123,catboost_logdiff_ds_g123_m1,9.043566932697766,8.720805078270178,1.3952296742327928,-0.09609840215747609
Общественное питание,6,catboost_logdiff,catboost_logdiff_ds_g123,catboost_logdiff_ds_g123_m1,92.02401556393933,-2.6199103926581535,-0.48686898620950814,0.17303577003013118
Продовольствие,6,catboost_logdiff,catboost_logdiff_ds_g123,catboost_logdiff_ds_g123_m1,-11.015980784847468,1.1006270372374338,0.09496208339152012,0.0766501156817665
Транспорт,6,catboost_logdiff,catboost_logdiff_ds_g123,catboost_logdiff_ds_g123_m1,-7.753891446576788,8.61054968864119,0.558197912602842,-0.032328839832521605
Все категории,12,catboost_logdiff,catboost_logdiff_ds_g123,catboost_logdiff_ds_g123_m1,-32.338751925088985,-9.79307569786001,-0.9117421325130071,0.23637419812387406
Здоровье,12,catboost_logdiff,catboost_logdiff_ds_g123,catboost_logdiff_ds_g123_m1,106.0034717903132,-15.447400309378235,-3.2500340277825472,0.9220498803246748
Маркетплейсы,12,catboost_logdiff,catboost_logdiff_ds_g123,catboost_logdiff_ds_g123_m1,15.107672819128304,10.696626942759346,3.2874160434923034,-0.2705098472158287
Общественное питание,12,catboost_logdiff,catboost_logdiff_ds_g123,catboost_logdiff_ds_g123_m1,155.63346908662518,-12.07085350565691,-3.21818613278959,0.212231003240476
Продовольствие,12,catboost_logdiff,catboost_logdiff_ds_g123,catboost_logdiff_ds_g123_m1,-18.273630643623516,-15.90224425387573,-1.483946723607497,0.4082488649248702
Транспорт,12,catboost_logdiff,catboost_logdiff_ds_g123,catboost_logdiff_ds_g123_m1,-13.953010269155985,3.1931252339919336,0.2434415591936343,-0.0421884765514938
Все категории,1,catboost_diff,catboost_diff,catboost_diff_m1,-12.710019793277738,-12.710019793277738,-0.6728662156640555,0.07533015664577863
Здоровье,1,catboost_diff,catboost_diff,catboost_diff_m1,-3.867593529232971,-3.867593529232971,-0.2278359645396737,0.024078713455652823
Маркетплейсы,1,catboost_diff,catboost_diff,catboost_diff_m1,-0.5003781324679157,-0.5003781324679157,-0.050502307164791205,0.06004600392531301
Общественное питание,1,catboost_diff,catboost_diff,catboost_diff_m1,-0.5273236468628983,-0.5273236468628983,-0.02943250472414327,0.012211778189882283
Продовольствие,1,catboost_diff,catboost_diff,catboost_diff_m1,-5.067369902766683,-5.067369902766683,-0.27910172407271805,0.003341538014854095
Транспорт,1,catboost_diff,catboost_diff,catboost_diff_m1,-0.915829675526314,-0.915829675526314,-0.048583133777166054,0.003563260015656794
Все категории,3,catboost_diff,catboost_diff,catboost_diff_m1,1.7151765254387108,1.7151765254387108,0.11094751820792847,-0.05129211976621412
Здоровье,3,catboost_diff,catboost_diff,catboost_diff_m1,3.9719491908272175,3.9719491908272175,0.23301786855603446,-0.005279070612081105
Маркетплейсы,3,catboost_diff,catboost_diff,catboost_diff_m1,-0.8055210397929113,-0.8055210397929113,-0.09556857823390352,0.02233933556531359
Общественное питание,3,catboost_diff,catboost_diff,catboost_diff_m1,-3.797452444506233,-3.797452444506233,-0.27165350809761346,0.022441434725153003
Продовольствие,3,catboost_diff,catboost_diff,catboost_diff_m1,2.3301845009531252,2.3301845009531252,0.20186365309459653,-0.04261252646016139
Транспорт,3,catboost_diff,catboost_diff,catboost_diff_m1,-7.735273701329348,-7.735273701329348,-0.5623154768817127,0.07340564742745591
Все категории,6,catboost_diff,catboost_diff,catboost_diff_m1,9.50257325821655,9.50257325821655,0.7684609017617277,-0.1391245781543325
Здоровье,6,catboost_diff,catboost_diff,catboost_diff_m1,6.459944335041379,6.459944335041379,0.4098866300501953,-0.018357883578401513
Маркетплейсы,6,catboost_diff,catboost_diff,catboost_diff_m1,9.15081206622379,9.15081206622379,1.2012341409329448,-0.05612371689092588
Общественное питание,6,catboost_diff,catboost_diff,catboost_diff_m1,14.527837582929592,14.527837582929592,1.2660921313347728,-0.12901342317701162
Продовольствие,6,catboost_diff,catboost_diff,catboost_diff_m1,-1.6270287882019452,-1.6270287882019452,-0.18865499512645734,0.03614807490330274
Транспорт,6,catboost_diff,catboost_diff,catboost_diff_m1,-7.733618019025945,-7.733618019025945,-0.5637297600135183,0.07520904299644537
Все категории,12,catboost_diff,catboost_diff,catboost_diff_m1,15.814238300711626,15.814238300711626,1.7671599014250425,-0.30656212933113824
Здоровье,12,catboost_diff,catboost_diff,catboost_diff_m1,5.354203013353986,5.354203013353986,0.4305569791963233,0.045830321048217604
Маркетплейсы,12,catboost_diff,catboost_diff,catboost_diff_m1,2.6989349551620467,2.6989349551620467,0.5460893342892597,-0.013188304771916792
Общественное питание,12,catboost_diff,catboost_diff,catboost_diff_m1,20.281280553304892,20.281280553304892,1.9428591840120202,-0.1243579748797706
Продовольствие,12,catboost_diff,catboost_diff,catboost_diff_m1,17.642052147957223,17.642052147957223,2.0763438832692884,-0.5368212942955044
Транспорт,12,catboost_diff,catboost_diff,catboost_diff_m1,-6.979474638935789,-6.979474638935789,-0.6210821376119551,0.0788320685078732
Все категории,1,catboost_diff,catboost_diff_g1,catboost_diff_g1_m1,-4.801010567801123,-2.6429882116176473,-0.13681787002168555,-0.028309495604921686
Здоровье,1,catboost_diff,catboost_diff_g1,catboost_diff_g1_m1,-2.6055706091959396,-3.457629339662216,-0.20548307114893305,0.026830866685777
Маркетплейсы,1,catboost_diff,catboost_diff_g1,catboost_diff_g1_m1,-5.447882915801716,-3.2247323257252325,-0.3179899866477047,0.0732440561784883
Общественное питание,1,catboost_diff,catboost_diff_g1,catboost_diff_g1_m1,-2.72187222009318,-0.6663982275508351,-0.03642527416860197,0.03697956284371501
Продовольствие,1,catboost_diff,catboost_diff_g1,catboost_diff_g1_m1,-14.666673547412923,-12.07177106561893,-0.6452696700965204,0.03195647426738729
Транспорт,1,catboost_diff,catboost_diff_g1,catboost_diff_g1_m1,-3.7387016601285405,-0.09939398410289124,-0.0050805941576053115,-0.026743752374174506
Все категории,3,catboost_diff,catboost_diff_g1,catboost_diff_g1_m1,23.31632260471359,14.874056333412122,1.0328489164151842,-0.1942344961442818
Здоровье,3,catboost_diff,catboost_diff_g1,catboost_diff_g1_m1,8.653808617710412,4.349400025351047,0.26568674702369766,0.017665517899642325
Маркетплейсы,3,catboost_diff,catboost_diff_g1,catboost_diff_g1_m1,-3.6555278171440997,-3.1041095523509865,-0.3661817708692059,0.02824224508082429
Общественное питание,3,catboost_diff,catboost_diff_g1,catboost_diff_g1_m1,-8.388361795002508,-5.800981382413795,-0.40357914563865904,0.1233767104947226
Продовольствие,3,catboost_diff,catboost_diff_g1,catboost_diff_g1_m1,-5.3639621653402525,-0.8777565275698396,-0.07259844409009908,-0.030296906558722303
Транспорт,3,catboost_diff,catboost_diff_g1,catboost_diff_g1_m1,-10.267643899842561,-6.587480866814033,-0.460010458419152,0.047890132092162085
Все категории,6,catboost_diff,catboost_diff_g1,catboost_diff_g1_m1,16.41612682285256,14.57658921275704,1.1977156410474148,-0.24528289776236362
Здоровье,6,catboost_diff,catboost_diff_g1,catboost_diff_g1_m1,7.217687610780277,1.6982481745223987,0.11360281621243473,0.08189666815971364
Маркетплейсы,6,catboost_diff,catboost_diff_g1,catboost_diff_g1_m1,-2.4958100293929752,-7.818231247053264,-1.0855623797397147,0.050971903489663906
Общественное питание,6,catboost_diff,catboost_diff_g1,catboost_diff_g1_m1,3.14233308827776,5.475459607436095,0.4666276160863596,-0.04852207710790479
Продовольствие,6,catboost_diff,catboost_diff_g1,catboost_diff_g1_m1,-3.4192414695280893,-0.7976865937899591,-0.0900480218018096,-0.008567625736006779
Транспорт,6,catboost_diff,catboost_diff_g1,catboost_diff_g1_m1,-4.011758004489563,-6.635488828853386,-0.4972758601657725,0.04303706752405678
Все категории,12,catboost_diff,catboost_diff_g1,catboost_diff_g1_m1,24.07390287337623,19.412153508496168,2.2538925064755357,-0.4864717637160938
Здоровье,12,catboost_diff,catboost_diff_g1,catboost_diff_g1_m1,3.8236922422089092,1.948841007604818,0.15959761068426737,0.1598114982359112
Маркетплейсы,12,catboost_diff,catboost_diff_g1,catboost_diff_g1_m1,-12.877817989985896,-13.229299419373586,-2.687594615254774,0.1450999433954143
Общественное питание,12,catboost_diff,catboost_diff_g1,catboost_diff_g1_m1,-0.615140374566725,2.3940035430020545,0.2225955333069436,0.0019284227821235733
Продовольствие,12,catboost_diff,catboost_diff_g1,catboost_diff_g1_m1,15.625637686861648,-1.7528250292365155,-0.24278553988389184,0.04097316712899035
Транспорт,12,catboost_diff,catboost_diff_g1,catboost_diff_g1_m1,-4.286341390938131,-5.899869061740692,-0.53401366242149,0.010101568593119614
Все категории,1,catboost_diff,catboost_diff_g123,catboost_diff_g123_m1,-4.676289086031026,-12.428198399288782,-0.7161884786569122,0.12641547834711842
Здоровье,1,catboost_diff,catboost_diff_g123,catboost_diff_g123_m1,-1.8413523688408873,0.2693726115525763,0.015534424200509989,-0.0156281462787643
Маркетплейсы,1,catboost_diff,catboost_diff_g123,catboost_diff_g123_m1,-9.924535868762552,-3.3005276359550972,-0.31029778457632773,0.048883200870304
Общественное питание,1,catboost_diff,catboost_diff_g123,catboost_diff_g123_m1,-3.3834550708232713,-3.4637592166640196,-0.19349011810548689,0.05685962362874741
Продовольствие,1,catboost_diff,catboost_diff_g123,catboost_diff_g123_m1,-18.68572525297307,-12.326744584759176,-0.6296917001540807,0.007369877026675187
Транспорт,1,catboost_diff,catboost_diff_g123,catboost_diff_g123_m1,-4.943464910675344,-0.07476144293696585,-0.003772726077314381,-0.015271974227110602
Все категории,3,catboost_diff,catboost_diff_g123,catboost_diff_g123_m1,24.033256063208963,-6.720749759960009,-0.5780688814117685,0.061667280862784085
Здоровье,3,catboost_diff,catboost_diff_g123,catboost_diff_g123_m1,4.088422525076241,3.050812797378888,0.18078071750250402,-0.003096878133908687
Маркетплейсы,3,catboost_diff,catboost_diff_g123,catboost_diff_g123_m1,-0.6599686699905183,-3.353599215826153,-0.4089667531805432,0.04738984878263669
Общественное питание,3,catboost_diff,catboost_diff_g123,catboost_diff_g123_m1,-6.458014609639595,-6.630254550181791,-0.47517500150751335,0.13367204888249248
Продовольствие,3,catboost_diff,catboost_diff_g123,catboost_diff_g123_m1,1.9062989319077683,2.755872137936888,0.23676704969236084,-0.09710499733208558
Транспорт,3,catboost_diff,catboost_diff_g123,catboost_diff_g123_m1,-11.263173465224163,-5.491672552622906,-0.37483730056634457,0.024024788190956492
Все категории,6,catboost_diff,catboost_diff_g123,catboost_diff_g123_m1,14.858446788500368,0.4242120981838182,0.03923630536016809,-0.0197575122047511
Здоровье,6,catboost_diff,catboost_diff_g123,catboost_diff_g123_m1,1.4068946667908255,-4.874824666493693,-0.3297357152337028,0.11239386706728133
Маркетплейсы,6,catboost_diff,catboost_diff_g123,catboost_diff_g123_m1,2.969527692991547,-0.8987320183311165,-0.12258229683619426,0.018809620817015482
Общественное питание,6,catboost_diff,catboost_diff_g123,catboost_diff_g123_m1,11.126536101722962,10.550728735610626,0.924278729218976,-0.17156140638020032
Продовольствие,6,catboost_diff,catboost_diff_g123,catboost_diff_g123_m1,11.48654425956428,6.42265981689194,0.7801468082732192,-0.2903835810726372
Транспорт,6,catboost_diff,catboost_diff_g123,catboost_diff_g123_m1,-6.485763334846817,-7.986658102750798,-0.5916709775843412,0.05301409293853471
Все категории,12,catboost_diff,catboost_diff_g123,catboost_diff_g123_m1,23.094558513627984,0.7753289803545949,0.10582742220135799,-0.02770104505432669
Здоровье,12,catboost_diff,catboost_diff_g123,catboost_diff_g123_m1,-3.4540293633311236,-6.428276014888135,-0.5333592573096979,0.2281161714957618
Маркетплейсы,12,catboost_diff,catboost_diff_g123,catboost_diff_g123_m1,-4.8907410378374205,-5.718087028536745,-1.1671225211714678,0.0745885253582753
Общественное питание,12,catboost_diff,catboost_diff_g123,catboost_diff_g123_m1,11.430897539097229,15.306337702091245,1.4169994865485265,-0.14866235070351358
Продовольствие,12,catboost_diff,catboost_diff_g123,catboost_diff_g123_m1,51.14695466885459,7.3866589518782,1.2236220649422407,-0.49056826775524787
Транспорт,12,catboost_diff,catboost_diff_g123,catboost_diff_g123_m1,-8.848332368615008,-10.604811289485639,-0.9622318396395357,0.06807249243201088
Все категории,1,catboost_diff,catboost_diff_g1234,catboost_diff_g1234_m1,3.181484292778358,-0.24340644762369523,-0.013328299241085695,-0.0327066637607048
Здоровье,1,catboost_diff,catboost_diff_g1234,catboost_diff_g1234_m1,-6.367410104889181,-5.878157932906481,-0.3444762805220565,0.056233140885729394
Маркетплейсы,1,catboost_diff,catboost_diff_g1234,catboost_diff_g1234_m1,-8.240629797559752,-4.250177392229815,-0.4110857287038492,0.06862652846961591
Общественное питание,1,catboost_diff,catboost_diff_g1234,catboost_diff_g1234_m1,-2.565917564202458,-1.1267520888967986,-0.06197413108056615,0.0537091398133335
Продовольствие,1,catboost_diff,catboost_diff_g1234,catboost_diff_g1234_m1,-17.241626994329696,-8.136342765244697,-0.40371730026383634,0.013620407899478548
Транспорт,1,catboost_diff,catboost_diff_g1234,catboost_diff_g1234_m1,-3.5997688808498407,0.7101172205272954,0.03605834845005251,-0.007940119398962692
Все категории,3,catboost_diff,catboost_diff_g1234,catboost_diff_g1234_m1,26.147165931951612,2.244762827215463,0.1791495228503397,-0.10407270163016547
Здоровье,3,catboost_diff,catboost_diff_g1234,catboost_diff_g1234_m1,4.290314327253331,3.2270047094248966,0.19126512597339929,0.004335599075320329
Маркетплейсы,3,catboost_diff,catboost_diff_g1234,catboost_diff_g1234_m1,-0.06877653512031845,-2.076733889573845,-0.25144001901726654,0.0315021321713852
Общественное питание,3,catboost_diff,catboost_diff_g1234,catboost_diff_g1234_m1,-7.326071006509094,-5.198961621631815,-0.36356667373463303,0.1259308400775897
Продовольствие,3,catboost_diff,catboost_diff_g1234,catboost_diff_g1234_m1,5.557277719851594,2.6842502405606705,0.23904252345595367,-0.0521348120431606
Транспорт,3,catboost_diff,catboost_diff_g1234,catboost_diff_g1234_m1,-10.528787044332255,-9.430179224926071,-0.6772111739368052,0.10902144495873131
Все категории,6,catboost_diff,catboost_diff_g1234,catboost_diff_g1234_m1,13.188027472823816,8.30065174811645,0.7015557113431345,-0.1629378696265138
Здоровье,6,catboost_diff,catboost_diff_g1234,catboost_diff_g1234_m1,5.074134374378914,-0.43693360250837143,-0.029258225268223192,0.0879910362568897
Маркетплейсы,6,catboost_diff,catboost_diff_g1234,catboost_diff_g1234_m1,8.26925080446983,2.3970878233020354,0.3327127950658486,-0.011604751770755872
Общественное питание,6,catboost_diff,catboost_diff_g1234,catboost_diff_g1234_m1,9.226267295216273,15.012879786801792,1.2425359282919253,-0.07007040640492562
Продовольствие,6,catboost_diff,catboost_diff_g1234,catboost_diff_g1234_m1,18.015481672151367,1.2442060241737662,0.168164443947747,-0.1183623603330397
Транспорт,6,catboost_diff,catboost_diff_g1234,catboost_diff_g1234_m1,-4.7757307696621565,-11.533844088607603,-0.9049671471831271,0.1038348666740059
Все категории,12,catboost_diff,catboost_diff_g1234,catboost_diff_g1234_m1,19.69364454067093,8.948477080376783,1.0985671966042485,-0.24657181062714573
Здоровье,12,catboost_diff,catboost_diff_g1234,catboost_diff_g1234_m1,2.7874017351745106,1.8430543482332862,0.14958306011943456,0.1784633140633991
Маркетплейсы,12,catboost_diff,catboost_diff_g1234,catboost_diff_g1234_m1,0.04704784223328318,0.5300314507415305,0.10672873851644127,-0.006452469169615102
Общественное питание,12,catboost_diff,catboost_diff_g1234,catboost_diff_g1234_m1,8.599598516922825,14.15038182082169,1.2896295081607718,-0.07097780076340421
Продовольствие,12,catboost_diff,catboost_diff_g1234,catboost_diff_g1234_m1,64.04796816345362,2.930686641035374,0.5497250808869936,-0.18849305722858567
Транспорт,12,catboost_diff,catboost_diff_g1234,catboost_diff_g1234_m1,-7.87804617395369,-14.17327433847204,-1.3537457154843278,0.1086942444455348
Все категории,1,catboost_diff,catboost_diff_ds_m1,catboost_diff_dsp,-49.212696131517454,-14.645193425389746,-0.4613226561058785,0.04563352370234641
Здоровье,1,catboost_diff,catboost_diff_ds_m1,catboost_diff_dsp,14.210588126475887,-20.0379008080252,-1.6859933538312264,0.3826960635704142
Маркетплейсы,1,catboost_diff,catboost_diff_ds_m1,catboost_diff_dsp,-12.301207128025526,-11.860174716310523,-1.1910374416112948,0.2521635623146167
Общественное питание,1,catboost_diff,catboost_diff_ds_m1,catboost_diff_dsp,16.9100332354307,1.0351953206517939,0.06685769109100992,0.0008684083559021005
Продовольствие,1,catboost_diff,catboost_diff_ds_m1,catboost_diff_dsp,-56.828257451195995,-20.848654402353738,-0.6263242370141429,0.04821047378145871
Транспорт,1,catboost_diff,catboost_diff_ds_m1,catboost_diff_dsp,-14.428639007551602,0.13958365238930792,0.0063274399036235,-0.018280822768258487
Все категории,3,catboost_diff,catboost_diff_ds_m1,catboost_diff_dsp,-46.9602310064934,-11.89322638919571,-0.46312772366830046,0.04854883820346345
Здоровье,3,catboost_diff,catboost_diff_ds_m1,catboost_diff_dsp,55.59768504427376,-10.695538593777664,-1.0932467021619132,0.2548145902512527
Маркетплейсы,3,catboost_diff,catboost_diff_ds_m1,catboost_diff_dsp,16.58132575998024,17.528038840496407,2.0628092210380853,-0.18290870479284038
Общественное питание,3,catboost_diff,catboost_diff_ds_m1,catboost_diff_dsp,63.8323178338341,11.634137464711136,1.2214050723421952,-0.1890315957243912
Продовольствие,3,catboost_diff,catboost_diff_ds_m1,catboost_diff_dsp,-58.81248087863315,-26.01600099861625,-1.254689290430698,0.11341109095028834
Транспорт,3,catboost_diff,catboost_diff_ds_m1,catboost_diff_dsp,-19.983293774177735,2.956645020638704,0.16704359407536096,-0.04676105056282409
Все категории,6,catboost_diff,catboost_diff_ds_m1,catboost_diff_dsp,-39.36491455450653,-16.089736643395703,-0.9402392897456879,0.11638142708871713
Здоровье,6,catboost_diff,catboost_diff_ds_m1,catboost_diff_dsp,83.28877623056307,-19.395117798074292,-2.79834929096916,0.509601607118521
Маркетплейсы,6,catboost_diff,catboost_diff_ds_m1,catboost_diff_dsp,49.948558889321504,37.37741025540422,5.355551616881506,-0.268708110496485
Общественное питание,6,catboost_diff,catboost_diff_ds_m1,catboost_diff_dsp,104.0608587533379,11.258484116841139,1.7995786196318324,-0.545989897333149
Продовольствие,6,catboost_diff,catboost_diff_ds_m1,catboost_diff_dsp,-51.573990967985495,-32.66468577767816,-2.7238760670525615,0.45546298855241396
Транспорт,6,catboost_diff,catboost_diff_ds_m1,catboost_diff_dsp,-8.52929465912251,3.1948186500630804,0.20642324062648676,-0.0718200953842032
Все категории,12,catboost_diff,catboost_diff_ds_m1,catboost_diff_dsp,-38.10617365989491,-16.518002329756808,-1.3684835831347923,0.2581062835891355
Здоровье,12,catboost_diff,catboost_diff_ds_m1,catboost_diff_dsp,104.9953130996784,-10.993038071332572,-2.0359798966928153,0.6360310437132963
Маркетплейсы,12,catboost_diff,catboost_diff_ds_m1,catboost_diff_dsp,36.04853418490115,32.47316950686918,6.747795239507116,-0.1867401570220912
Общественное питание,12,catboost_diff,catboost_diff_ds_m1,catboost_diff_dsp,152.37292321740807,5.373622921265286,1.232889022638382,-0.7871076083652742
Продовольствие,12,catboost_diff,catboost_diff_ds_m1,catboost_diff_dsp,-45.59428565254924,-12.908135112755147,-0.9490314631574659,0.16972868102695549
Транспорт,12,catboost_diff,catboost_diff_ds_m1,catboost_diff_dsp,3.438869712113979,16.531579969878152,1.3058124332018695,-0.1084106348693421
Все категории,1,catboost_logdiff,catboost_logdiff_ds_m1,catboost_logdiff_dsp,-52.811672129861535,-11.732486900657712,-0.35801137990323983,0.042284989350559465
Здоровье,1,catboost_logdiff,catboost_logdiff_ds_m1,catboost_logdiff_dsp,11.522533666013569,-17.2269790291394,-1.3956063760055608,0.29954928936570496
Маркетплейсы,1,catboost_logdiff,catboost_logdiff_ds_m1,catboost_logdiff_dsp,-16.19665791713394,-15.32600091005949,-1.6044277292428735,0.1695088832544904
Общественное питание,1,catboost_logdiff,catboost_logdiff_ds_m1,catboost_logdiff_dsp,16.72789517986253,-5.19056562771646,-0.36119148382702804,-0.026056507016993802
Продовольствие,1,catboost_logdiff,catboost_logdiff_ds_m1,catboost_logdiff_dsp,-57.31632732614421,-18.594889581585118,-0.5471602909160365,0.044068431527914065
Транспорт,1,catboost_logdiff,catboost_logdiff_ds_m1,catboost_logdiff_dsp,-17.05704230661864,-1.1955492949892177,-0.05534458654982011,-0.019485069684014533
Все категории,3,catboost_logdiff,catboost_logdiff_ds_m1,catboost_logdiff_dsp,-51.659677553104174,-15.52458300339259,-0.6203608428299572,0.05635477459965954
Здоровье,3,catboost_logdiff,catboost_logdiff_ds_m1,catboost_logdiff_dsp,44.10593118431261,-19.035300937986555,-2.087593872108636,0.34006475300223776
Маркетплейсы,3,catboost_logdiff,catboost_logdiff_ds_m1,catboost_logdiff_dsp,10.450765670999097,12.788352001184421,1.646533388015472,-0.195406432662708
Общественное питание,3,catboost_logdiff,catboost_logdiff_ds_m1,catboost_logdiff_dsp,61.884743567774514,6.650519311781955,0.7422783954408718,-0.0496592891938612
Продовольствие,3,catboost_logdiff,catboost_logdiff_ds_m1,catboost_logdiff_dsp,-57.84175611494202,-34.65440521595096,-1.7971619941728894,0.1487424925581594
Транспорт,3,catboost_logdiff,catboost_logdiff_ds_m1,catboost_logdiff_dsp,-23.389082626638714,0.624031212513132,0.03657312969194226,-0.03132538745799701
Все категории,6,catboost_logdiff,catboost_logdiff_ds_m1,catboost_logdiff_dsp,-45.907988412702124,-36.08566595645608,-2.6979161881486036,0.3074336671426011
Здоровье,6,catboost_logdiff,catboost_logdiff_ds_m1,catboost_logdiff_dsp,65.64567262884049,-21.704847138159124,-3.202967627165105,0.5223874880925244
Маркетплейсы,6,catboost_logdiff,catboost_logdiff_ds_m1,catboost_logdiff_dsp,37.64863524727211,39.006602424491945,6.161356532603682,-0.342659002504892
Общественное питание,6,catboost_logdiff,catboost_logdiff_ds_m1,catboost_logdiff_dsp,95.97230016266249,6.153848413099516,1.0706463391829075,-0.3361903784448666
Продовольствие,6,catboost_logdiff,catboost_logdiff_ds_m1,catboost_logdiff_dsp,-49.820186298277946,-42.582316831300126,-3.648081693383512,0.5730828539049699
Транспорт,6,catboost_logdiff,catboost_logdiff_ds_m1,catboost_logdiff_dsp,-13.015930327191128,-10.96412106435032,-0.8175791042086313,0.02466067371203501
Все категории,12,catboost_logdiff,catboost_logdiff_ds_m1,catboost_logdiff_dsp,-43.22431584899966,-18.96079238995243,-1.648832188222232,0.32393453843550435
Здоровье,12,catboost_logdiff,catboost_logdiff_ds_m1,catboost_logdiff_dsp,86.37508785300348,-13.982459546590931,-2.61619038218425,0.7054235374206007
Маркетплейсы,12,catboost_logdiff,catboost_logdiff_ds_m1,catboost_logdiff_dsp,27.2325259427342,28.743326968697325,8.395535285725778,-0.4018926105918428
Общественное питание,12,catboost_logdiff,catboost_logdiff_ds_m1,catboost_logdiff_dsp,180.99836575006964,6.773907593671313,1.6348060977978491,-0.46219429188238903
Продовольствие,12,catboost_logdiff,catboost_logdiff_ds_m1,catboost_logdiff_dsp,-34.31394999897193,-14.107282118600217,-1.0359582240586747,0.174676003190881
Транспорт,12,catboost_logdiff,catboost_logdiff_ds_m1,catboost_logdiff_dsp,-6.013302333640302,-3.163042845256858,-0.2806882181837498,-0.0004458513775823236
Все категории,1,catboost_diff,catboost_diff_ds_g123_m1,catboost_diff_dsp_g123,-49.01255064694831,-7.69401845526243,-0.22499308058922507,0.0219185200679628
Здоровье,1,catboost_diff,catboost_diff_ds_g123_m1,catboost_diff_dsp_g123,13.517297028835795,-11.618978463109453,-0.8791286348509288,0.1944141374844657
Маркетплейсы,1,catboost_diff,catboost_diff_ds_g123_m1,catboost_diff_dsp_g123,-12.036293555801924,-2.344431646738554,-0.2131360833905127,0.005507636368085794
Общественное питание,1,catboost_diff,catboost_diff_ds_g123_m1,catboost_diff_dsp_g123,12.191291827410144,0.5227575416082653,0.03256454672561038,-0.03868156917810059
Продовольствие,1,catboost_diff,catboost_diff_ds_g123_m1,catboost_diff_dsp_g123,-57.13177637572742,-20.756191805815416,-0.6184402347548641,0.04239492318020466
Транспорт,1,catboost_diff,catboost_diff_ds_g123_m1,catboost_diff_dsp_g123,-16.134974698347914,1.3381750551854088,0.05874779169296129,0.005561092716105498
Все категории,3,catboost_diff,catboost_diff_ds_g123_m1,catboost_diff_dsp_g123,-47.051316730222034,-6.535983572786408,-0.2395137466063888,0.023530791903011106
Здоровье,3,catboost_diff,catboost_diff_ds_g123_m1,catboost_diff_dsp_g123,49.676213790562954,-8.234051606675063,-0.787898651143836,0.1556810668516142
Маркетплейсы,3,catboost_diff,catboost_diff_ds_g123_m1,catboost_diff_dsp_g123,15.425703455418294,16.192537801776897,1.9084353344231193,-0.1781795106474916
Общественное питание,3,catboost_diff,catboost_diff_ds_g123_m1,catboost_diff_dsp_g123,57.15505743571696,9.452280427060566,0.9708745543007211,-0.28170272648191697
Продовольствие,3,catboost_diff,catboost_diff_ds_g123_m1,catboost_diff_dsp_g123,-60.170690379886985,-20.73221728775856,-0.9024427066327405,0.08573441289997796
Транспорт,3,catboost_diff,catboost_diff_ds_g123_m1,catboost_diff_dsp_g123,-20.76038238728326,5.82348077959447,0.31699128831365453,0.009308948778673498
Все категории,6,catboost_diff,catboost_diff_ds_g123_m1,catboost_diff_dsp_g123,-41.08972779715889,-16.13112673648346,-0.9162953316641236,0.11785789589522988
Здоровье,6,catboost_diff,catboost_diff_ds_g123_m1,catboost_diff_dsp_g123,73.89004241117793,-19.897545897550906,-2.740711887507267,0.4308296336013371
Маркетплейсы,6,catboost_diff,catboost_diff_ds_g123_m1,catboost_diff_dsp_g123,46.922462324424544,42.68538043845429,5.769735548209013,-0.2858458753235928
Общественное питание,6,catboost_diff,catboost_diff_ds_g123_m1,catboost_diff_dsp_g123,103.26558035828133,5.519608343097704,0.9266234143363548,-0.6466666121805462
Продовольствие,6,catboost_diff,catboost_diff_ds_g123_m1,catboost_diff_dsp_g123,-53.55337193028886,-31.561946433112208,-2.483667137990661,0.43547049925819864
Транспорт,6,catboost_diff,catboost_diff_ds_g123_m1,catboost_diff_dsp_g123,-15.399432639300281,-2.0331124988784643,-0.1279804463266201,-0.0027198808664856133
Все категории,12,catboost_diff,catboost_diff_ds_g123_m1,catboost_diff_dsp_g123,-42.66308208627593,-18.08311815830015,-1.4143660441069228,0.3003841637511937
Здоровье,12,catboost_diff,catboost_diff_ds_g123_m1,catboost_diff_dsp_g123,87.786392389271,-11.227489503452759,-1.909871173171048,0.5221872685724223
Маркетплейсы,12,catboost_diff,catboost_diff_ds_g123_m1,catboost_diff_dsp_g123,21.030181246710367,27.253836868669048,5.2447129811182975,-0.2487728397567917
Общественное питание,12,catboost_diff,catboost_diff_ds_g123_m1,catboost_diff_dsp_g123,174.88181024566356,13.66202003117043,3.1651296311679076,-0.8516449062540465
Продовольствие,12,catboost_diff,catboost_diff_ds_g123_m1,catboost_diff_dsp_g123,-49.20509448002861,-24.761390221759562,-1.9674540596861059,0.4178154253212822
Транспорт,12,catboost_diff,catboost_diff_ds_g123_m1,catboost_diff_dsp_g123,-13.49390144829944,4.502011861186794,0.3316309191252014,-0.03784567213683082
Все категории,1,catboost_logdiff,catboost_logdiff_ds_g123_m1,catboost_logdiff_dsp_g123,-53.711650294420465,-11.459667802598695,-0.34196025680389486,0.033502465780783974
Здоровье,1,catboost_logdiff,catboost_logdiff_ds_g123_m1,catboost_logdiff_dsp_g123,10.587874936047248,-13.232028899793812,-1.0140386520538183,0.19757150848276778
Маркетплейсы,1,catboost_logdiff,catboost_logdiff_ds_g123_m1,catboost_logdiff_dsp_g123,-15.305069086831013,-8.021585325661263,-0.7812890740025242,0.03421846492616269
Общественное питание,1,catboost_logdiff,catboost_logdiff_ds_g123_m1,catboost_logdiff_dsp_g123,12.810713522353968,-7.63618466132402,-0.527138359356,-0.012710973771399292
Продовольствие,1,catboost_logdiff,catboost_logdiff_ds_g123_m1,catboost_logdiff_dsp_g123,-58.31066188148739,-22.209432017226494,-0.6679537103038058,0.046120124433345344
Транспорт,1,catboost_logdiff,catboost_logdiff_ds_g123_m1,catboost_logdiff_dsp_g123,-18.234121188895724,1.5104858524038978,0.06709381922318247,-0.01776687648774372
Все категории,3,catboost_logdiff,catboost_logdiff_ds_g123_m1,catboost_logdiff_dsp_g123,-52.61510969036498,-10.650459337830231,-0.3944219982521968,0.0493335838662764
Здоровье,3,catboost_logdiff,catboost_logdiff_ds_g123_m1,catboost_logdiff_dsp_g123,46.07076127940151,-11.155941977398898,-1.1301634776137455,0.2397827156375241
Маркетплейсы,3,catboost_logdiff,catboost_logdiff_ds_g123_m1,catboost_logdiff_dsp_g123,11.458050158332167,13.050793979182451,1.6917112539242218,-0.1404668136705758
Общественное питание,3,catboost_logdiff,catboost_logdiff_ds_g123_m1,catboost_logdiff_dsp_g123,52.112174917180496,-0.7151757049743912,-0.08056792364148357,-0.09371387646834561
Продовольствие,3,catboost_logdiff,catboost_logdiff_ds_g123_m1,catboost_logdiff_dsp_g123,-59.179156782199094,-30.220361477347534,-1.4210700638397062,0.12944913582979345
Транспорт,3,catboost_logdiff,catboost_logdiff_ds_g123_m1,catboost_logdiff_dsp_g123,-22.65286817298845,6.514484975843726,0.36415182572743454,-0.01886354864733969
Все категории,6,catboost_logdiff,catboost_logdiff_ds_g123_m1,catboost_logdiff_dsp_g123,-48.918842723767256,-18.802493851011814,-1.0449424144728567,0.18035608425856886
Здоровье,6,catboost_logdiff,catboost_logdiff_ds_g123_m1,catboost_logdiff_dsp_g123,60.73678889281202,-22.386962406576995,-3.2338984351228053,0.4780210919636254
Маркетплейсы,6,catboost_logdiff,catboost_logdiff_ds_g123_m1,catboost_logdiff_dsp_g123,39.80427889894729,28.209561399651562,4.906797308692333,-0.2214165343250672
Общественное питание,6,catboost_logdiff,catboost_logdiff_ds_g123_m1,catboost_logdiff_dsp_g123,85.11552029135692,-3.5977246139205166,-0.6510641172204004,-0.4013888866119739
Продовольствие,6,catboost_logdiff,catboost_logdiff_ds_g123_m1,catboost_logdiff_dsp_g123,-51.20100587694405,-45.15982245636049,-3.9392734766222013,0.6382191465217146
Транспорт,6,catboost_logdiff,catboost_logdiff_ds_g123_m1,catboost_logdiff_dsp_g123,-13.268609734437998,-5.9782665896062515,-0.42092490276029615,0.018311885754371926
Все категории,12,catboost_logdiff,catboost_logdiff_ds_g123_m1,catboost_logdiff_dsp_g123,-46.41183505250108,-20.7993253565632,-1.7467953887626635,0.4209109716379617
Здоровье,12,catboost_logdiff,catboost_logdiff_ds_g123_m1,catboost_logdiff_dsp_g123,78.58613768012054,-13.309161186419338,-2.3676099522125877,0.5912131008998928
Маркетплейсы,12,catboost_logdiff,catboost_logdiff_ds_g123_m1,catboost_logdiff_dsp_g123,25.975118258503606,9.441112979889365,3.2119250547766143,-0.07525778367000246
Общественное питание,12,catboost_logdiff,catboost_logdiff_ds_g123_m1,catboost_logdiff_dsp_g123,205.6018935967058,19.546902324103765,4.582304869419012,-0.6026724238294563
Продовольствие,12,catboost_logdiff,catboost_logdiff_ds_g123_m1,catboost_logdiff_dsp_g123,-38.500967666835805,-24.75007415906223,-1.9423200812204833,0.3854760038285904
Транспорт,12,catboost_logdiff,catboost_logdiff_ds_g123_m1,catboost_logdiff_dsp_g123,-12.159508222996418,2.084328634586363,0.16398183024733548,-0.015101032821168703
Все категории,1,catboost_logdiff,catboost_logdiff_dsp_g123,catboost_logdiff_dsp_g123m,-53.85682884990523,-0.31363951492801023,-0.00828658380420233,0.002500523267061072
Здоровье,1,catboost_logdiff,catboost_logdiff_dsp_g123,catboost_logdiff_dsp_g123m,12.272701556397614,1.5235183977671207,0.10130601077359636,-0.061417847332283504
Маркетплейсы,1,catboost_logdiff,catboost_logdiff_dsp_g123,catboost_logdiff_dsp_g123m,-14.735574027070031,0.6724074907680677,0.06023792539552986,-0.005924569492800097
Общественное питание,1,catboost_logdiff,catboost_logdiff_dsp_g123,catboost_logdiff_dsp_g123m,17.57335742431605,4.2218010623772395,0.2691831231225894,-0.0342334140927541
Продовольствие,1,catboost_logdiff,catboost_logdiff_dsp_g123,catboost_logdiff_dsp_g123m,-57.76623962578196,1.3059028525657546,0.0305524982238512,-0.0012921455216000632
Транспорт,1,catboost_logdiff,catboost_logdiff_dsp_g123,catboost_logdiff_dsp_g123m,-18.592290280916536,-0.4380422460183553,-0.01975116676027433,0.011687777263612698
Все категории,3,catboost_logdiff,catboost_logdiff_dsp_g123,catboost_logdiff_dsp_g123m,-54.583140309307375,-4.153287273817352,-0.13742858848436157,0.016006814487556253
Здоровье,3,catboost_logdiff,catboost_logdiff_dsp_g123,catboost_logdiff_dsp_g123m,54.85535479746393,6.013930126138933,0.5412797584659739,-0.152806260894971
Маркетплейсы,3,catboost_logdiff,catboost_logdiff_dsp_g123,catboost_logdiff_dsp_g123m,13.112893058190366,1.4847226355632515,0.21757462867878097,-0.0322239330630084
Общественное питание,3,catboost_logdiff,catboost_logdiff_dsp_g123,catboost_logdiff_dsp_g123m,66.21629951547214,9.272186533373027,1.0370852323770574,-0.17902170021763839
Продовольствие,3,catboost_logdiff,catboost_logdiff_dsp_g123,catboost_logdiff_dsp_g123m,-57.45076105169162,4.234100999054724,0.1389331122975701,-0.010371912526818461
Транспорт,3,catboost_logdiff,catboost_logdiff_dsp_g123,catboost_logdiff_dsp_g123m,-22.8633939180402,-0.27218300159156383,-0.016205859737960182,0.01513933576159876
Все категории,6,catboost_logdiff,catboost_logdiff_dsp_g123,catboost_logdiff_dsp_g123m,-50.83847675418656,-3.7580081047076774,-0.16958104435309096,0.07002996206381429
Здоровье,6,catboost_logdiff,catboost_logdiff_dsp_g123,catboost_logdiff_dsp_g123m,84.02346473517206,14.487458660063734,1.6242695285307143,-0.3738215201504618
Маркетплейсы,6,catboost_logdiff,catboost_logdiff_dsp_g123,catboost_logdiff_dsp_g123m,43.42459663979188,2.589561470762569,0.5774952597611573,-0.0411080516293054
Общественное питание,6,catboost_logdiff,catboost_logdiff_dsp_g123,catboost_logdiff_dsp_g123m,110.01715394455398,13.45194266477705,2.346757071124731,-0.5625311867680602
Продовольствие,6,catboost_logdiff,catboost_logdiff_dsp_g123,catboost_logdiff_dsp_g123m,-43.94234910324805,14.874603266190123,0.71155446684413,-0.057746236762634906
Транспорт,6,catboost_logdiff,catboost_logdiff_dsp_g123,catboost_logdiff_dsp_g123m,-6.900509878552519,7.342324199332051,0.48606142194183466,-0.06912951239580453
Все категории,12,catboost_logdiff,catboost_logdiff_dsp_g123,catboost_logdiff_dsp_g123m,-53.67538909248681,-13.554399646082171,-0.9015751977163715,0.3236254753832209
Здоровье,12,catboost_logdiff,catboost_logdiff_dsp_g123,catboost_logdiff_dsp_g123m,125.16351983481032,26.081185673054954,4.022166162991601,-0.9533030974398412
Маркетплейсы,12,catboost_logdiff,catboost_logdiff_dsp_g123,catboost_logdiff_dsp_g123m,31.791118183847455,4.616784652195616,1.7189463690433584,-0.0978682251476769
Общественное питание,12,catboost_logdiff,catboost_logdiff_dsp_g123,catboost_logdiff_dsp_g123m,246.4766212988696,13.37515524563635,3.748376412148346,-1.0232843589982072
Продовольствие,12,catboost_logdiff,catboost_logdiff_dsp_g123,catboost_logdiff_dsp_g123m,-40.97798407051532,-4.027732323104772,-0.23785428090994376,0.09209380641167358
Транспорт,12,catboost_logdiff,catboost_logdiff_dsp_g123,catboost_logdiff_dsp_g123m,2.3027068415479635,16.464178162001765,1.3222959520970416,-0.1420290547015538
Все категории,1,catboost_diff,catboost_diff_dsp_g123,catboost_diff_dsp_g123m,-49.26939557516926,-0.5037414726170697,-0.013597325391730308,0.003165057978825825
Здоровье,1,catboost_diff,catboost_diff_dsp_g123,catboost_diff_dsp_g123m,11.958801953449871,-1.3729141868045192,-0.09180934502217308,0.0178490636130553
Маркетплейсы,1,catboost_diff,catboost_diff_dsp_g123,catboost_diff_dsp_g123m,-12.955103325621376,-1.0445328044496716,-0.09273389504967611,-0.0004960861877643941
Общественное питание,1,catboost_diff,catboost_diff_dsp_g123,catboost_diff_dsp_g123m,12.151575092105539,-0.03540090737677026,-0.0022167847135925456,0.03280561738302501
Продовольствие,1,catboost_diff,catboost_diff_dsp_g123,catboost_diff_dsp_g123m,-57.39538695795717,-0.6149323670143869,-0.01451920214941671,0.0010771400096943884
Транспорт,1,catboost_diff,catboost_diff_dsp_g123,catboost_diff_dsp_g123m,-16.352476772914535,-0.25934777195175673,-0.011538097823057036,0.004659381548288599
Все категории,3,catboost_diff,catboost_diff_dsp_g123,catboost_diff_dsp_g123m,-50.65426717655082,-6.804608205215324,-0.23305963224052872,0.022519160740828048
Здоровье,3,catboost_diff,catboost_diff_dsp_g123,catboost_diff_dsp_g123m,55.84888556051204,4.124016511124684,0.36212518086868783,-0.017751631168192502
Маркетплейсы,3,catboost_diff,catboost_diff_dsp_g123,catboost_diff_dsp_g123m,17.62678375243678,1.9069238749483963,0.26114043479086924,-0.043286475416179596
Общественное питание,3,catboost_diff,catboost_diff_dsp_g123,catboost_diff_dsp_g123m,58.72862646905976,1.0012843741834088,0.11256639928690859,0.03912191401125881
Продовольствие,3,catboost_diff,catboost_diff_dsp_g123,catboost_diff_dsp_g123m,-61.079694819475726,-2.2822500521819444,-0.07874696479164411,0.003301126116213582
Транспорт,3,catboost_diff,catboost_diff_dsp_g123,catboost_diff_dsp_g123m,-19.656241519518126,1.3934202372879012,0.08026548543398615,-0.0027180745818397023
Все категории,6,catboost_diff,catboost_diff_dsp_g123,catboost_diff_dsp_g123m,-45.33851518432079,-7.2123030980613905,-0.3435939821994154,0.08480793002248643
Здоровье,6,catboost_diff,catboost_diff_dsp_g123,catboost_diff_dsp_g123m,84.1845116927364,5.920102806816452,0.6531891148170743,-0.08519118754543412
Маркетплейсы,6,catboost_diff,catboost_diff_dsp_g123,catboost_diff_dsp_g123m,52.54176608395424,3.8246730082167613,0.7376503282298792,-0.0553968455795657
Общественное питание,6,catboost_diff,catboost_diff_dsp_g123,catboost_diff_dsp_g123m,101.0709571747065,-1.0796826396808235,-0.1912600638675812,0.08526765929979829
Продовольствие,6,catboost_diff,catboost_diff_dsp_g123,catboost_diff_dsp_g123m,-54.43249168743844,-1.8927525929979705,-0.1019344800185813,0.026912545074441296
Транспорт,6,catboost_diff,catboost_diff_dsp_g123,catboost_diff_dsp_g123m,-8.579396369184122,8.0614545302498,0.49713567445115636,-0.06394042435538588
Все категории,12,catboost_diff,catboost_diff_dsp_g123,catboost_diff_dsp_g123m,-51.100146232971596,-14.714889557529197,-0.9427985820297495,0.32229010419668674
Здоровье,12,catboost_diff,catboost_diff_dsp_g123,catboost_diff_dsp_g123m,109.35294926051715,11.484621753923374,1.7342696111802347,-0.27248241065289935
Маркетплейсы,12,catboost_diff,catboost_diff_dsp_g123,catboost_diff_dsp_g123m,32.25938113522426,9.278016254163957,2.2720615330099356,-0.11268020251841099
Общественное питание,12,catboost_diff,catboost_diff_dsp_g123,catboost_diff_dsp_g123m,164.42593326348378,-3.8037718730225545,-1.0016279084713808,0.1316969206953439
Продовольствие,12,catboost_diff,catboost_diff_dsp_g123,catboost_diff_dsp_g123m,-54.40311850466855,-10.233357009781619,-0.6117704050601436,0.1298163171379671
Транспорт,12,catboost_diff,catboost_diff_dsp_g123,catboost_diff_dsp_g123m,-1.7849973304929878,13.535351049046106,1.0419396265174345,-0.1212990775036857
Все категории,1,catboost_diff,catboost_diff_ds_g123_m1,catboost_diff_ds_g123m_m1,-44.55324935419382,0.3789522081893981,0.011081546686218857,0.002010991450254629
Здоровье,1,catboost_diff,catboost_diff_ds_g123_m1,catboost_diff_ds_g123m_m1,28.71529713782206,0.21370968316287708,0.016169950104472086,-0.008857375675650286
Маркетплейсы,1,catboost_diff,catboost_diff_ds_g123_m1,catboost_diff_ds_g123m_m1,-2.3055118165760335,8.458489918060064,0.7689750371018214,-0.1512925580504455
Общественное питание,1,catboost_diff,catboost_diff_ds_g123_m1,catboost_diff_ds_g123m_m1,13.793003731993569,1.9578822719985123,0.12196390038408023,0.0006114469766131947
Продовольствие,1,catboost_diff,catboost_diff_ds_g123_m1,catboost_diff_ds_g123m_m1,-45.58751022570902,0.583894980908739,0.0173974181990455,-0.0017471352028050058
Транспорт,1,catboost_diff,catboost_diff_ds_g123_m1,catboost_diff_ds_g123m_m1,-15.973824990269936,1.5329000584696661,0.06729649680147975,-0.013547007986654425
Все категории,3,catboost_diff,catboost_diff_ds_g123_m1,catboost_diff_ds_g123m_m1,-46.962388223421705,-6.379008650896756,-0.2337613374630152,0.020064214227661914
Здоровье,3,catboost_diff,catboost_diff_ds_g123_m1,catboost_diff_ds_g123m_m1,65.13758879718168,1.2452618060261544,0.11915641826844414,-0.03568418040016111
Маркетплейсы,3,catboost_diff,catboost_diff_ds_g123_m1,catboost_diff_ds_g123m_m1,17.29293764801909,18.072177024355597,2.129967619988829,-0.21659145288895998
Общественное питание,3,catboost_diff,catboost_diff_ds_g123_m1,catboost_diff_ds_g123m_m1,45.550881816346724,1.3704311710434958,0.14076145567767817,0.029143995996928403
Продовольствие,3,catboost_diff,catboost_diff_ds_g123_m1,catboost_diff_ds_g123m_m1,-47.636283136624556,4.213599731473328,0.18341175444765412,-0.0244837009025608
Транспорт,3,catboost_diff,catboost_diff_ds_g123_m1,catboost_diff_ds_g123m_m1,-24.233182076312264,1.1856018723600092,0.06453622484054122,-0.006919096559424631
Все категории,6,catboost_diff,catboost_diff_ds_g123_m1,catboost_diff_ds_g123m_m1,-34.527126829291554,-6.788139032098817,-0.3855862152351506,0.06506978954211506
Здоровье,6,catboost_diff,catboost_diff_ds_g123_m1,catboost_diff_ds_g123m_m1,120.8857166959386,1.7510131010562535,0.24118664914533383,-0.04342137770381882
Маркетплейсы,6,catboost_diff,catboost_diff_ds_g123_m1,catboost_diff_ds_g123m_m1,41.65462434177272,37.56946109738659,5.078222402941677,-0.308931705699486
Общественное питание,6,catboost_diff,catboost_diff_ds_g123_m1,catboost_diff_ds_g123m_m1,91.02328672534728,-0.8356340304091048,-0.14028496412460711,0.1062280778578673
Продовольствие,6,catboost_diff,catboost_diff_ds_g123_m1,catboost_diff_ds_g123m_m1,-28.251588580784215,5.71965776886012,0.45009030324465105,-0.06406105618385549
Транспорт,6,catboost_diff,catboost_diff_ds_g123_m1,catboost_diff_ds_g123m_m1,-8.585280594613698,5.857629698288602,0.36872630688985275,-0.02323278788608213
Все категории,12,catboost_diff,catboost_diff_ds_g123_m1,catboost_diff_ds_g123m_m1,-36.94427799206114,-9.912699930265422,-0.7753190607977762,0.2596435901098116
Здоровье,12,catboost_diff,catboost_diff_ds_g123_m1,catboost_diff_ds_g123m_m1,112.06303737476158,0.24884109950173983,0.04232953791605709,0.02193856631150881
Маркетплейсы,12,catboost_diff,catboost_diff_ds_g123_m1,catboost_diff_ds_g123m_m1,38.48611118851532,45.60739164586425,8.776660701121006,-0.4572848706042139
Общественное питание,12,catboost_diff,catboost_diff_ds_g123_m1,catboost_diff_ds_g123m_m1,144.06401663232432,0.9190427062417461,0.21291795028830052,0.1047143495784979
Продовольствие,12,catboost_diff,catboost_diff_ds_g123_m1,catboost_diff_ds_g123m_m1,-35.59723111891998,-4.605102679507544,-0.3659054633413348,0.09643531655153749
Транспорт,12,catboost_diff,catboost_diff_ds_g123_m1,catboost_diff_ds_g123m_m1,-9.252276021994966,9.626025058308008,0.7090802148103119,-0.055669639338980614
Все категории,1,catboost_diff,catboost_diff,catboost_diff_mac,-2.9786064111983257,-2.9786064111983257,-0.1576869002922976,0.004758706518137978
Здоровье,1,catboost_diff,catboost_diff,catboost_diff_mac,0.43479424065895333,0.43479424065895333,0.02561328238039362,-0.017449847433581578
Маркетплейсы,1,catboost_diff,catboost_diff,catboost_diff_mac,-0.08488136189422901,-0.08488136189422901,-0.00856693035286149,0.040156244280795714
Общественное питание,1,catboost_diff,catboost_diff,catboost_diff_mac,-0.8910990748512648,-0.8910990748512648,-0.049736585655259624,0.030291694942122804
Продовольствие,1,catboost_diff,catboost_diff,catboost_diff_mac,1.389369144460506,1.389369144460506,0.07652398207216837,0.045906226266664685
Транспорт,1,catboost_diff,catboost_diff,catboost_diff_mac,4.651989164502002,4.651989164502002,0.24677974294625393,-0.08684334002739111
Все категории,3,catboost_diff,catboost_diff,catboost_diff_mac,18.818008245705276,18.818008245705276,1.2172573968404459,-0.1794574646740214
Здоровье,3,catboost_diff,catboost_diff,catboost_diff_mac,2.01265683870937,2.01265683870937,0.1180742713864138,-0.02082459491036237
Маркетплейсы,3,catboost_diff,catboost_diff,catboost_diff_mac,8.9623112961708,8.9623112961708,1.0633059919637713,-0.10765691825232332
Общественное питание,3,catboost_diff,catboost_diff,catboost_diff_mac,-1.9532619567524723,-1.9532619567524723,-0.1397280072731517,0.04602775838656581
Продовольствие,3,catboost_diff,catboost_diff,catboost_diff_mac,-6.910150311376928,-6.910150311376928,-0.5986256387495317,0.12372060649724587
Транспорт,3,catboost_diff,catboost_diff,catboost_diff_mac,3.6273760014957634,3.6273760014957634,0.26369198361524493,-0.0828266590214646
Все категории,6,catboost_diff,catboost_diff,catboost_diff_mac,30.038999592819525,30.038999592819525,2.429215338609305,-0.3513751238370428
Здоровье,6,catboost_diff,catboost_diff,catboost_diff_mac,7.355105018607833,7.355105018607833,0.46668501358272696,-0.023100885150348693
Маркетплейсы,6,catboost_diff,catboost_diff,catboost_diff_mac,34.43695266708928,34.43695266708928,4.520565273773576,-0.25317090754545757
Общественное питание,6,catboost_diff,catboost_diff,catboost_diff_mac,0.1481586170096083,0.1481586170096083,0.012911932564948714,0.0113584701872681
Продовольствие,6,catboost_diff,catboost_diff,catboost_diff_mac,-5.131042279570708,-5.131042279570708,-0.5949475284428214,0.20468359413345527
Транспорт,6,catboost_diff,catboost_diff,catboost_diff_mac,5.8350845462531,5.8350845462531,0.4253391883107467,-0.078869992649928
Все категории,12,catboost_diff,catboost_diff,catboost_diff_mac,41.32007214469917,41.32007214469917,4.6173058246388266,-0.8950299275229194
Здоровье,12,catboost_diff,catboost_diff,catboost_diff_mac,20.65007524545599,20.65007524545599,1.660570956253446,-0.012470581793176505
Маркетплейсы,12,catboost_diff,catboost_diff,catboost_diff_mac,51.986183510770935,51.986183510770935,10.518630799656172,-0.36186964286690326
Общественное питание,12,catboost_diff,catboost_diff,catboost_diff_mac,-4.828963948284937,-4.828963948284937,-0.46259391420230145,0.09748111907667262
Продовольствие,12,catboost_diff,catboost_diff,catboost_diff_mac,17.465512498248103,17.465512498248103,2.055566423892463,-0.6431762027983325
Транспорт,12,catboost_diff,catboost_diff,catboost_diff_mac,11.378211901745594,11.378211901745594,1.0125123359163695,-0.1003634068674141
Все категории,1,catboost_diff,catboost_diff_g1234,catboost_diff_g1234m,-4.896891228683231,-8.05363741087718,-0.4409960805858395,0.035348157485630194
Здоровье,1,catboost_diff,catboost_diff_g1234,catboost_diff_g1234m,-0.3751665771403512,0.14539646816418283,0.00852063437660533,0.007235238906177888
Маркетплейсы,1,catboost_diff,catboost_diff_g1234,catboost_diff_g1234m,-1.3931743342067149,2.8950617749982976,0.2800162133452595,-0.086446639207355
Общественное питание,1,catboost_diff,catboost_diff_g1234,catboost_diff_g1234m,-1.0453801934518947,0.41624461880434005,0.022894475920270274,0.04959331272602269
Продовольствие,1,catboost_diff,catboost_diff_g1234,catboost_diff_g1234m,-7.182273089741065,3.0297665422801545,0.1503340264994666,-0.04673189879790107
Транспорт,1,catboost_diff,catboost_diff_g1234,catboost_diff_g1234m,-2.3814373469648764,1.9829182311323912,0.10068866724995207,-0.014129571982137101
Все категории,3,catboost_diff,catboost_diff_g1234,catboost_diff_g1234m,18.58197116871352,-3.8869765471453377,-0.31021094313796826,-0.04580551039561229
Здоровье,3,catboost_diff,catboost_diff_g1234,catboost_diff_g1234m,4.780584253565268,3.712276005410131,0.22002723942393665,-0.007278446687175699
Маркетплейсы,3,catboost_diff,catboost_diff_g1234,catboost_diff_g1234m,12.884688812025558,10.616452386550733,1.2853842292321893,-0.1498340416729464
Общественное питание,3,catboost_diff,catboost_diff_g1234,catboost_diff_g1234m,0.5214227325461174,2.8286526514441634,0.19780946859796522,0.0870336575114325
Продовольствие,3,catboost_diff,catboost_diff_g1234,catboost_diff_g1234m,11.248581651468136,8.220649906533616,0.7320796207492553,-0.1569234147372256
Транспорт,3,catboost_diff,catboost_diff_g1234,catboost_diff_g1234m,-2.8467663844286117,-1.6538318236381189,-0.1187669252159731,0.028162412371886908
Все категории,6,catboost_diff,catboost_diff_g1234,catboost_diff_g1234m,16.583056598161463,11.54908601441893,0.9761073588043541,-0.2196919990367357
Здоровье,6,catboost_diff,catboost_diff_g1234,catboost_diff_g1234m,3.645264374213908,-1.7908603281184154,-0.11992072617717398,0.07945813858985001
Маркетплейсы,6,catboost_diff,catboost_diff_g1234,catboost_diff_g1234m,32.16245176133348,24.994401267155308,3.469191669055043,-0.22339413972190608
Общественное питание,6,catboost_diff,catboost_diff_g1234,catboost_diff_g1234m,2.743817353329936,8.187001228899371,0.677594393370196,0.06338285578473368
Продовольствие,6,catboost_diff,catboost_diff_g1234,catboost_diff_g1234m,29.79650960052802,11.351022535507571,1.5341819247255515,-0.5136160803733119
Транспорт,6,catboost_diff,catboost_diff_g1234,catboost_diff_g1234m,4.630684452077127,-2.7950067911451493,-0.21930150110477697,-0.0004959863463019076
Все категории,12,catboost_diff,catboost_diff_g1234,catboost_diff_g1234m,30.929123555241667,19.175321894096854,2.354074266265547,-0.5017236842573274
Здоровье,12,catboost_diff,catboost_diff_g1234,catboost_diff_g1234m,4.279044074977145,3.320992396244682,0.26953312892798387,0.1795870561651574
Маркетплейсы,12,catboost_diff,catboost_diff_g1234,catboost_diff_g1234m,38.900713416699205,39.5712656142629,7.968189915147011,-0.41879344683786723
Общественное питание,12,catboost_diff,catboost_diff_g1234,catboost_diff_g1234m,-10.331872169848245,-5.748721277500191,-0.5239237136871431,0.1474541941037597
Продовольствие,12,catboost_diff,catboost_diff_g1234,catboost_diff_g1234m,76.47097147148403,10.725408361485766,2.011824088084964,-0.8005161595411039
Транспорт,12,catboost_diff,catboost_diff_g1234,catboost_diff_g1234m,10.443323196228516,2.8960894490940303,0.2766170039288909,-0.026147589784872208
Все категории,1,chronos2,chronos2,chronos2_nat,-6.230149372820815,-6.230149372820815,-0.43623019646604266,0.047060899387078
Здоровье,1,chronos2,chronos2,chronos2_nat,-0.6165760748197302,-0.6165760748197302,-0.042739899681189186,-0.0036570738034172046
Маркетплейсы,1,chronos2,chronos2,chronos2_nat,-2.2498663065867897,-2.2498663065867897,-0.27056529933931905,-0.03788679545249879
Общественное питание,1,chronos2,chronos2,chronos2_nat,-3.05092559029263,-3.05092559029263,-0.2328054234508894,0.015689624086148
Продовольствие,1,chronos2,chronos2,chronos2_nat,-2.953415753462607,-2.953415753462607,-0.21772054607657054,0.0263453176231217
Транспорт,1,chronos2,chronos2,chronos2_nat,-3.818372587151664,-3.818372587151664,-0.25203937313257985,0.026192414277119797
Все категории,3,chronos2,chronos2,chronos2_nat,-7.399485464971867,-7.399485464971867,-0.5451698932930711,0.06976518671901794
Здоровье,3,chronos2,chronos2,chronos2_nat,0.6811040124707901,0.6811040124707901,0.058100674877106684,-0.033583544742681604
Маркетплейсы,3,chronos2,chronos2,chronos2_nat,0.12675539041442363,0.12675539041442363,0.022100365284043022,-0.012679623380331906
Общественное питание,3,chronos2,chronos2,chronos2_nat,-5.179272219543229,-5.179272219543229,-0.4464712963766537,0.0419571825274035
Продовольствие,3,chronos2,chronos2,chronos2_nat,-2.7601241831521017,-2.7601241831521017,-0.2102038636180561,0.029741039095573296
Транспорт,3,chronos2,chronos2,chronos2_nat,-4.750827007194802,-4.750827007194802,-0.3831568935174472,0.0436314510902375
Все категории,6,chronos2,chronos2,chronos2_nat,-6.9506720273496025,-6.9506720273496025,-0.5249374693750601,0.0937639041951242
Здоровье,6,chronos2,chronos2,chronos2_nat,0.8287889271050508,0.8287889271050508,0.0836489042613291,-0.023342777574025503
Маркетплейсы,6,chronos2,chronos2,chronos2_nat,3.487834730351058,3.487834730351058,0.946535593761805,0.038702175910974246
Общественное питание,6,chronos2,chronos2,chronos2_nat,-2.1003030331470662,-2.1003030331470662,-0.24016893057752675,0.032296817765762695
Продовольствие,6,chronos2,chronos2,chronos2_nat,-2.0117803604645657,-2.0117803604645657,-0.1521361171111293,0.0573455566447335
Транспорт,6,chronos2,chronos2,chronos2_nat,-3.8106198569083927,-3.8106198569083927,-0.34058239167068827,0.0291104430554777
Все категории,12,chronos2,chronos2,chronos2_nat,-1.716303732724378,-1.716303732724378,-0.18205883612846208,0.04191730310262087
Здоровье,12,chronos2,chronos2,chronos2_nat,3.2623250599888687,3.2623250599888687,0.3196831293824225,-0.1054111731926582
Маркетплейсы,12,chronos2,chronos2,chronos2_nat,5.338579527039267,5.338579527039267,1.561482218482709,0.031497038927804644
Общественное питание,12,chronos2,chronos2,chronos2_nat,0.1075255076478765,0.1075255076478765,0.023656542780248202,0.02879894378820408
Продовольствие,12,chronos2,chronos2,chronos2_nat,-1.9511106969050451,-1.9511106969050451,-0.19542708594303448,0.05638561775932971
Транспорт,12,chronos2,chronos2,chronos2_nat,-1.238296447737186,-1.238296447737186,-0.17328833094208917,0.04125898558648755
Все категории,1,chronos2,chronos2,chronos2_cl,-2.1560367655596324,-2.1560367655596324,-0.15096401154218864,0.0327224041063838
Здоровье,1,chronos2,chronos2,chronos2_cl,-3.210311895868434,-3.210311895868434,-0.22253281302693573,0.05672115501026609
Маркетплейсы,1,chronos2,chronos2,chronos2_cl,-1.8035528113538701,-1.8035528113538701,-0.21689235704788423,0.0216164523841183
Общественное питание,1,chronos2,chronos2,chronos2_cl,-3.905607598314542,-3.905607598314542,-0.29802320766250645,0.074974502095427
Продовольствие,1,chronos2,chronos2,chronos2_cl,0.007905863865098617,0.007905863865098617,0.0005828061951307362,0.002844075346536079
Транспорт,1,chronos2,chronos2,chronos2_cl,-3.5606203056760433,-3.5606203056760433,-0.23502591465940803,0.052414832057223096
Все категории,3,chronos2,chronos2,chronos2_cl,-2.021099413710181,-2.021099413710181,-0.1489079959576971,0.03482513533292331
Здоровье,3,chronos2,chronos2,chronos2_cl,-3.1269338501668353,-3.1269338501668353,-0.2667389468632084,0.060320517032754095
Маркетплейсы,3,chronos2,chronos2,chronos2_cl,-0.9334156023515949,-0.9334156023515949,-0.16274515589709537,0.0388510496742151
Общественное питание,3,chronos2,chronos2,chronos2_cl,-2.5732005707575722,-2.5732005707575722,-0.22181884750684233,0.1008909898276413
Продовольствие,3,chronos2,chronos2,chronos2_cl,0.7041589605138343,0.7041589605138343,0.05362691106609674,-0.005641607822140127
Транспорт,3,chronos2,chronos2,chronos2_cl,-1.4008056560043003,-1.4008056560043003,-0.11297577090545285,0.053631865246846204
Все категории,6,chronos2,chronos2,chronos2_cl,-4.36667087766266,-4.36667087766266,-0.3297852568923574,0.07465367326173789
Здоровье,6,chronos2,chronos2,chronos2_cl,-2.9133661561305924,-2.9133661561305924,-0.29404336701697353,0.0786040932497626
Маркетплейсы,6,chronos2,chronos2,chronos2_cl,-0.3619177075976032,-0.3619177075976032,-0.09821795432931779,0.09705103268089066
Общественное питание,6,chronos2,chronos2,chronos2_cl,-3.68365882270697,-3.68365882270697,-0.421225121375171,0.08895449002566
Продовольствие,6,chronos2,chronos2,chronos2_cl,0.24368215452952313,0.24368215452952313,0.018427884836707875,0.0109540579497314
Транспорт,6,chronos2,chronos2,chronos2_cl,-4.3427231352631495,-4.3427231352631495,-0.3881402730556065,0.09963473559337879
Все категории,12,chronos2,chronos2,chronos2_cl,0.24068379321444677,0.24068379321444677,0.025530802288734833,0.015725370360137214
Здоровье,12,chronos2,chronos2,chronos2_cl,-1.8113834725235534,-1.8113834725235534,-0.1775018510907973,0.052326059487944596
Маркетплейсы,12,chronos2,chronos2,chronos2_cl,-3.0916551207682996,-3.0916551207682996,-0.9042788390263112,0.2709020657808092
Общественное питание,12,chronos2,chronos2,chronos2_cl,-2.9255004665855955,-2.9255004665855955,-0.6436354354917988,0.14006849377438657
Продовольствие,12,chronos2,chronos2,chronos2_cl,0.4012474427717905,0.4012474427717905,0.04018973326699715,-0.007558556805302374
Транспорт,12,chronos2,chronos2,chronos2_cl,-2.701509442578398,-2.701509442578398,-0.3780516880139366,0.12258901714815362
Все категории,1,chronos2,chronos2_nat,chronos2_nat_cl,-7.8674278960919946,-1.7460607138864437,-0.11464096430689974,0.027486086688396083
Здоровье,1,chronos2,chronos2_nat,chronos2_nat_cl,-2.9475161201866773,-2.3454012281985515,-0.1615764019565198,0.035217880651673694
Маркетплейсы,1,chronos2,chronos2_nat,chronos2_nat_cl,-3.075489694027933,-0.8446263511318164,-0.09928813917101031,0.011578347565212699
Общественное питание,1,chronos2,chronos2_nat,chronos2_nat_cl,-6.699170399256616,-3.7630527482361287,-0.2783847565164361,0.0415394021930609
Продовольствие,1,chronos2,chronos2_nat,chronos2_nat_cl,-3.6254302190743326,-0.6924658614511747,-0.04953970881099412,0.014642459106255612
Транспорт,1,chronos2,chronos2_nat,chronos2_nat_cl,-5.9840453328767085,-2.251649097627706,-0.14294959142528985,0.024272437034389402
Все категории,3,chronos2,chronos2_nat,chronos2_nat_cl,-9.206309945983737,-1.9512035004172645,-0.13312091957954753,0.03195764248968008
Здоровье,3,chronos2,chronos2_nat,chronos2_nat_cl,-1.7159289617301399,-2.380817133177271,-0.20447572023329563,0.037381860778504694
Маркетплейсы,3,chronos2,chronos2_nat,chronos2_nat_cl,-0.48666612535016585,-0.6126449552597002,-0.10695276569433076,0.023691302764752314
Общественное питание,3,chronos2,chronos2_nat,chronos2_nat_cl,-8.377289541921296,-3.372698562051313,-0.27568022672557113,0.0539563205765603
Продовольствие,3,chronos2,chronos2_nat,chronos2_nat_cl,-3.280210479838941,-0.5348487874114682,-0.03960841676823712,0.011659785350234098
Транспорт,3,chronos2,chronos2_nat,chronos2_nat_cl,-6.523803029696406,-1.861408311267465,-0.1429915221147482,0.0293335667971907
Все категории,6,chronos2,chronos2_nat,chronos2_nat_cl,-10.291764503164814,-3.590668034483002,-0.2523302239411329,0.05575545916915847
Здоровье,6,chronos2,chronos2_nat,chronos2_nat_cl,-2.0808811742875966,-2.885753297598581,-0.29367032761115475,0.06269317359262151
Маркетплейсы,6,chronos2,chronos2_nat,chronos2_nat_cl,2.993592984469995,-0.47758439160395794,-0.134128317585823,0.07714892528534589
Общественное питание,6,chronos2,chronos2_nat,chronos2_nat_cl,-4.926376585599568,-2.8867030644735836,-0.3231605402240252,0.03328012790262859
Продовольствие,6,chronos2,chronos2_nat,chronos2_nat_cl,-2.482357350438813,-0.4802383303884161,-0.03558626849304236,0.019690712924097506
Транспорт,6,chronos2,chronos2_nat,chronos2_nat_cl,-8.715144236205441,-5.098821067358017,-0.43835247435659674,0.08163251712787731
Все категории,12,chronos2,chronos2_nat,chronos2_nat_cl,-2.715624135040151,-1.0167712858480504,-0.10600402824751853,0.046693411119433925
Здоровье,12,chronos2,chronos2_nat,chronos2_nat_cl,1.4821993847129455,-1.723886881533787,-0.17443882387616583,0.043318543139811996
Маркетплейсы,12,chronos2,chronos2_nat,chronos2_nat_cl,2.0925783766450934,-3.081493186037265,-0.9494235408207778,0.2547436340872513
Общественное питание,12,chronos2,chronos2_nat,chronos2_nat_cl,-0.5549861415913737,-0.6618000453808448,-0.1457582997326199,0.02922960415827719
Продовольствие,12,chronos2,chronos2_nat,chronos2_nat_cl,-2.24591387382147,-0.30066957311990494,-0.029528066184516533,0.022068555576512328
Транспорт,12,chronos2,chronos2_nat,chronos2_nat_cl,-2.337220964371345,-1.1127030793394832,-0.15378449616556367,0.04578175216609437
Все категории,1,catboost_diff,catboost_diff_ds_g123,catboost_diff_ds_g123n,-39.670113210143235,4.947736896545707,0.15057349326256508,-0.025243660010447977
Здоровье,1,catboost_diff,catboost_diff_ds_g123,catboost_diff_ds_g123n,32.92614441688508,0.6836254965839839,0.05316811570941393,-0.03669695523071459
Маркетплейсы,1,catboost_diff,catboost_diff_ds_g123,catboost_diff_ds_g123n,-6.399871110938626,0.483335435181953,0.04544058747164037,-0.005571046589130407
Общественное питание,1,catboost_diff,catboost_diff_ds_g123,catboost_diff_ds_g123n,14.842638672707743,1.7198885017971177,0.10837960293022242,0.02224559451221761
Продовольствие,1,catboost_diff,catboost_diff_ds_g123,catboost_diff_ds_g123n,-43.393055371192936,0.009694119995717898,0.0003022149318598899,0.0035722042284873634
Транспорт,1,catboost_diff,catboost_diff_ds_g123,catboost_diff_ds_g123n,-16.599243952830435,-0.3256569983376645,-0.014454991296240394,-0.0038276808006134644
Все категории,3,catboost_diff,catboost_diff_ds_g123,catboost_diff_ds_g123n,-36.263901560221655,-0.2483121210856032,-0.01026294282273188,0.011236856376229731
Здоровье,3,catboost_diff,catboost_diff_ds_g123,catboost_diff_ds_g123n,89.841838637745,-0.16363332407989262,-0.018254101364684416,-0.03167725120622
Маркетплейсы,3,catboost_diff,catboost_diff_ds_g123,catboost_diff_ds_g123n,-0.07850513872985632,-2.7879022180376856,-0.33998079225302824,0.025851033683756186
Общественное питание,3,catboost_diff,catboost_diff_ds_g123,catboost_diff_ds_g123n,52.591398795285116,0.3018751749054749,0.032852723269387596,0.10090249696707149
Продовольствие,3,catboost_diff,catboost_diff_ds_g123,catboost_diff_ds_g123n,-43.28643594308667,3.910359864564472,0.1848896658171606,-0.02285832162744883
Транспорт,3,catboost_diff,catboost_diff_ds_g123,catboost_diff_ds_g123n,-24.159241092772298,-0.5850018530873857,-0.03244235370985571,-0.011655469253710915
Все категории,6,catboost_diff,catboost_diff_ds_g123,catboost_diff_ds_g123n,-16.213460907169875,0.10528906283202577,0.007126577911995113,0.025066520502994738
Здоровье,6,catboost_diff,catboost_diff_ds_g123,catboost_diff_ds_g123n,165.9683296727428,2.4207231020763276,0.3988615565775824,-0.09030712617788472
Маркетплейсы,6,catboost_diff,catboost_diff_ds_g123,catboost_diff_ds_g123n,7.408761554250054,3.3737329951004202,0.4601593478547841,-0.01803109158828603
Общественное питание,6,catboost_diff,catboost_diff_ds_g123,catboost_diff_ds_g123n,103.98744870176802,-3.6950817500690514,-0.6820926413615709,0.13491811372104068
Продовольствие,6,catboost_diff,catboost_diff_ds_g123,catboost_diff_ds_g123n,-23.78670537615185,4.6269277382585905,0.3907986471267595,-0.0960489283315166
Транспорт,6,catboost_diff,catboost_diff_ds_g123,catboost_diff_ds_g123n,-15.95475156726972,-0.9315370619997321,-0.05760578824439033,0.0026825732347873776
Все категории,12,catboost_diff,catboost_diff_ds_g123,catboost_diff_ds_g123n,-16.994653604693365,-3.079680608225388,-0.2947300906671906,0.06613109754155944
Здоровье,12,catboost_diff,catboost_diff_ds_g123,catboost_diff_ds_g123n,154.23718833363282,2.697632473823841,0.5370283654075401,-0.16416570196789415
Маркетплейсы,12,catboost_diff,catboost_diff_ds_g123,catboost_diff_ds_g123n,1.9647236190946327,1.0777426227167153,0.2199787587564792,0.019310469388655896
Общественное питание,12,catboost_diff,catboost_diff_ds_g123,catboost_diff_ds_g123n,171.4211294278803,-3.0643279494865894,-0.8219420930876709,0.13983820357343402
Продовольствие,12,catboost_diff,catboost_diff_ds_g123,catboost_diff_ds_g123n,-19.440241457883534,4.6569099859519625,0.42188906861437303,-0.1362165626769778
Транспорт,12,catboost_diff,catboost_diff_ds_g123,catboost_diff_ds_g123n,-18.248556164199147,-0.3739788371644015,-0.02730838255527157,-0.0007009006880359103
Все категории,1,catboost_logdiff,catboost_logdiff_ds_g123,catboost_logdiff_ds_g123n,-45.39679166023719,1.5152888353741956,0.046521658197183235,-0.0017194890253702244
Здоровье,1,catboost_logdiff,catboost_logdiff_ds_g123,catboost_logdiff_ds_g123n,33.42744394419657,2.7828627148371643,0.21721821334325409,-0.06886356433211832
Маркетплейсы,1,catboost_logdiff,catboost_logdiff_ds_g123,catboost_logdiff_ds_g123n,-3.1385875605762448,0.7760146869375983,0.07889393248684229,0.0224920262630163
Общественное питание,1,catboost_logdiff,catboost_logdiff_ds_g123,catboost_logdiff_ds_g123n,20.26418796355167,1.7171029224372747,0.11474621925925277,-0.01956180654304579
Продовольствие,1,catboost_logdiff,catboost_logdiff_ds_g123,catboost_logdiff_ds_g123n,-44.034187570981366,1.2978509113932724,0.04024002522020709,-0.004174911650076885
Транспорт,1,catboost_logdiff,catboost_logdiff_ds_g123,catboost_logdiff_ds_g123n,-18.417411261373463,-2.223185344713008,-0.10229205840134803,0.012207411312443128
Все категории,3,catboost_logdiff,catboost_logdiff_ds_g123,catboost_logdiff_ds_g123n,-42.56540970553808,4.501561086539496,0.17276633966910415,-0.01898699102702628
Здоровье,3,catboost_logdiff,catboost_logdiff_ds_g123,catboost_logdiff_ds_g123n,93.30625932915706,4.6134188245685825,0.5252686981116632,-0.1379208966770431
Маркетплейсы,3,catboost_logdiff,catboost_logdiff_ds_g123,catboost_logdiff_ds_g123n,-1.8578714198449142,-3.7635241319532553,-0.5046170812287798,0.05655736412541379
Общественное питание,3,catboost_logdiff,catboost_logdiff_ds_g123,catboost_logdiff_ds_g123n,52.981987960986324,1.127088847874802,0.12537162691887715,-0.06725000096178241
Продовольствие,3,catboost_logdiff,catboost_logdiff_ds_g123,catboost_logdiff_ds_g123n,-33.98948078288765,8.76453827695418,0.42758006609683274,-0.05949472861848104
Транспорт,3,catboost_logdiff,catboost_logdiff_ds_g123,catboost_logdiff_ds_g123n,-28.973168833254583,-3.668252869881583,-0.20819923575562882,0.025293119315906665
Все категории,6,catboost_logdiff,catboost_logdiff_ds_g123,catboost_logdiff_ds_g123n,-28.372907630262965,6.242438248572046,0.37178546994940564,-0.05439607366791738
Здоровье,6,catboost_logdiff,catboost_logdiff_ds_g123,catboost_logdiff_ds_g123n,150.66735285507025,1.5188357894620585,0.26158483785632214,-0.07263407057350957
Маркетплейсы,6,catboost_logdiff,catboost_logdiff_ds_g123,catboost_logdiff_ds_g123n,-3.5404329857901096,-3.8259470202494095,-0.6121080297959551,0.021088073697656917
Общественное питание,6,catboost_logdiff,catboost_logdiff_ds_g123,catboost_logdiff_ds_g123n,101.47629423661448,2.173572034190596,0.40392404858778974,-0.02223209396231071
Продовольствие,6,catboost_logdiff,catboost_logdiff_ds_g123,catboost_logdiff_ds_g123n,-3.6501036260236375,9.469487041591407,0.8170271924044474,-0.2105179895609983
Транспорт,6,catboost_logdiff,catboost_logdiff_ds_g123,catboost_logdiff_ds_g123n,-16.622686564272172,-1.8315679021619125,-0.11873543696354893,0.0056094198566173925
Все категории,12,catboost_logdiff,catboost_logdiff_ds_g123,catboost_logdiff_ds_g123n,-22.563153339354468,3.239889355565362,0.30163594373061464,-0.07947346992086146
Здоровье,12,catboost_logdiff,catboost_logdiff_ds_g123,catboost_logdiff_ds_g123n,140.11907854937385,-1.4449021163494002,-0.30399814537722847,-0.018214884065123726
Маркетплейсы,12,catboost_logdiff,catboost_logdiff_ds_g123,catboost_logdiff_ds_g123n,-0.040523167931161286,-3.871074401270169,-1.1897051435361412,0.030874496408459073
Общественное питание,12,catboost_logdiff,catboost_logdiff_ds_g123,catboost_logdiff_ds_g123n,181.09994280736302,-3.3112599106324136,-0.8828083881115205,0.038622486744735396
Продовольствие,12,catboost_logdiff,catboost_logdiff_ds_g123,catboost_logdiff_ds_g123n,5.727902553863462,8.795721559006275,0.8207886874879335,-0.24527150868485625
Транспорт,12,catboost_logdiff,catboost_logdiff_ds_g123,catboost_logdiff_ds_g123n,-16.65397811190774,-0.04605040389977777,-0.0035108494986388905,-0.023582163756054597
