model,category,horizon,half,MAE,n
auto_arima,Все категории,1,H1,2432.395480715161,12096
auto_arima,Все категории,1,H2,2039.0012482792674,12096
auto_arima,Все категории,3,H1,3024.1267657955614,12096
auto_arima,Все категории,3,H2,2103.1611677170918,12096
auto_arima,Все категории,6,H1,4242.5847348637435,12096
auto_arima,Все категории,6,H2,2147.4143557612847,12096
auto_arima,Все категории,12,H1,4242.5847348637435,12096
auto_arima,Все категории,12,H2,5253.320808539595,12096
auto_arima,Общественное питание,1,H1,96.667239467213,12096
auto_arima,Общественное питание,1,H2,103.99759745822324,12096
auto_arima,Общественное питание,3,H1,106.8729848458515,12096
auto_arima,Общественное питание,3,H2,119.28059041423508,12096
auto_arima,Общественное питание,6,H1,154.10395138392298,12096
auto_arima,Общественное питание,6,H2,178.19206318366207,12096
auto_arima,Общественное питание,12,H1,154.10395138392298,12096
auto_arima,Общественное питание,12,H2,284.48732638088467,12096
auto_arima,Здоровье,1,H1,112.66735511156892,12096
auto_arima,Здоровье,1,H2,94.9675980029931,12096
auto_arima,Здоровье,3,H1,134.31563559027236,12096
auto_arima,Здоровье,3,H2,122.89633968737617,12096
auto_arima,Здоровье,6,H1,130.5465579164807,12096
auto_arima,Здоровье,6,H2,158.6952662539808,12096
auto_arima,Здоровье,12,H1,130.5465579164807,12096
auto_arima,Здоровье,12,H2,170.14181274718956,12096
auto_arima,Продовольствие,1,H1,975.6830936808512,12096
auto_arima,Продовольствие,1,H2,984.7262965157544,12096
auto_arima,Продовольствие,3,H1,1198.901673656486,12096
auto_arima,Продовольствие,3,H2,996.5063279178813,12096
auto_arima,Продовольствие,6,H1,1379.8656840314466,12096
auto_arima,Продовольствие,6,H2,1002.4790336745795,12096
auto_arima,Продовольствие,12,H1,1379.8656840314466,12096
auto_arima,Продовольствие,12,H2,1382.9703783763425,12096
auto_arima,Транспорт,1,H1,115.32379042628611,12096
auto_arima,Транспорт,1,H2,133.45069361756882,12096
auto_arima,Транспорт,3,H1,151.23451869703771,12096
auto_arima,Транспорт,3,H2,139.77961621530596,12096
auto_arima,Транспорт,6,H1,150.244151436732,12096
auto_arima,Транспорт,6,H2,160.81438818161473,12096
auto_arima,Транспорт,12,H1,150.244151436732,12096
auto_arima,Транспорт,12,H2,241.30027003151545,12096
auto_arima,Маркетплейсы,1,H1,605.6037812624973,12096
auto_arima,Маркетплейсы,1,H2,510.9878465611947,12096
auto_arima,Маркетплейсы,3,H1,1005.9086823987761,12096
auto_arima,Маркетплейсы,3,H2,809.9921390395992,12096
auto_arima,Маркетплейсы,6,H1,2147.3401235080387,12096
auto_arima,Маркетплейсы,6,H2,1010.1543750573777,12096
auto_arima,Маркетплейсы,12,H1,2147.3401235080387,12096
auto_arima,Маркетплейсы,12,H2,3513.7482179102067,12096
auto_ets,Все категории,1,H1,2224.521655213475,12096
auto_ets,Все категории,1,H2,1915.1619628432497,12096
auto_ets,Все категории,3,H1,2730.819669654748,12096
auto_ets,Все категории,3,H2,1891.1001531365118,12096
auto_ets,Все категории,6,H1,3002.071628762319,12096
auto_ets,Все категории,6,H2,2009.782290797049,12096
auto_ets,Все категории,12,H1,3002.071628762319,12096
auto_ets,Все категории,12,H2,2867.12683851895,12096
auto_ets,Общественное питание,1,H1,96.442066221561,12096
auto_ets,Общественное питание,1,H2,102.20881043014074,12096
auto_ets,Общественное питание,3,H1,107.00295936638511,12096
auto_ets,Общественное питание,3,H2,109.37657006030527,12096
auto_ets,Общественное питание,6,H1,160.91955183519656,12096
auto_ets,Общественное питание,6,H2,141.04013333720994,12096
auto_ets,Общественное питание,12,H1,160.91955183519656,12096
auto_ets,Общественное питание,12,H2,295.645810763433,12096
auto_ets,Здоровье,1,H1,115.00036140596976,12096
auto_ets,Здоровье,1,H2,95.76424202400719,12096
auto_ets,Здоровье,3,H1,131.37812291751968,12096
auto_ets,Здоровье,3,H2,125.02956030048767,12096
auto_ets,Здоровье,6,H1,121.59052990439746,12096
auto_ets,Здоровье,6,H2,169.83944289710757,12096
auto_ets,Здоровье,12,H1,121.59052990439746,12096
auto_ets,Здоровье,12,H2,144.83799944760128,12096
auto_ets,Продовольствие,1,H1,963.1711889544746,12096
auto_ets,Продовольствие,1,H2,1042.5298396250914,12096
auto_ets,Продовольствие,3,H1,1267.1230053582753,12096
auto_ets,Продовольствие,3,H2,978.4247881561511,12096
auto_ets,Продовольствие,6,H1,1296.7968648894846,12096
auto_ets,Продовольствие,6,H2,1031.6368885479333,12096
auto_ets,Продовольствие,12,H1,1296.7968648894846,12096
auto_ets,Продовольствие,12,H2,1273.27776992932,12096
auto_ets,Транспорт,1,H1,113.42658010134221,12096
auto_ets,Транспорт,1,H2,129.02628513188296,12096
auto_ets,Транспорт,3,H1,150.03361424620635,12096
auto_ets,Транспорт,3,H2,134.6580666918614,12096
auto_ets,Транспорт,6,H1,143.280774347456,12096
auto_ets,Транспорт,6,H2,150.77142476104135,12096
auto_ets,Транспорт,12,H1,143.280774347456,12096
auto_ets,Транспорт,12,H2,241.14980710074812,12096
auto_ets,Маркетплейсы,1,H1,537.6129617550322,12096
auto_ets,Маркетплейсы,1,H2,516.2149772580532,12096
auto_ets,Маркетплейсы,3,H1,623.2710890995689,12096
auto_ets,Маркетплейсы,3,H2,741.3939691233147,12096
auto_ets,Маркетплейсы,6,H1,839.0092620513902,12096
auto_ets,Маркетплейсы,6,H2,913.1693241179545,12096
auto_ets,Маркетплейсы,12,H1,839.0092620513902,12096
auto_ets,Маркетплейсы,12,H2,880.1388317220598,12096
auto_theta,Все категории,1,H1,1847.464549536305,12096
auto_theta,Все категории,1,H2,1842.4377875752068,12096
auto_theta,Все категории,3,H1,2162.5170130974393,12096
auto_theta,Все категории,3,H2,1792.835551981828,12096
auto_theta,Все категории,6,H1,2768.836808479751,12096
auto_theta,Все категории,6,H2,1851.3220867749242,12096
auto_theta,Все категории,12,H1,2768.836808479751,12096
auto_theta,Все категории,12,H2,3316.7364283229235,12096
auto_theta,Общественное питание,1,H1,91.6983049284753,12096
auto_theta,Общественное питание,1,H2,104.80486717835632,12096
auto_theta,Общественное питание,3,H1,99.59797399088254,12096
auto_theta,Общественное питание,3,H2,122.59633644234754,12096
auto_theta,Общественное питание,6,H1,149.3791437210512,12096
auto_theta,Общественное питание,6,H2,178.01922304720296,12096
auto_theta,Общественное питание,12,H1,149.3791437210512,12096
auto_theta,Общественное питание,12,H2,258.28790512139966,12096
auto_theta,Здоровье,1,H1,119.28744368943792,12096
auto_theta,Здоровье,1,H2,96.22604220927721,12096
auto_theta,Здоровье,3,H1,135.717376619726,12096
auto_theta,Здоровье,3,H2,124.0294418719133,12096
auto_theta,Здоровье,6,H1,135.4101677646546,12096
auto_theta,Здоровье,6,H2,151.4942796782302,12096
auto_theta,Здоровье,12,H1,135.4101677646546,12096
auto_theta,Здоровье,12,H2,161.5789197408127,12096
auto_theta,Продовольствие,1,H1,754.3223484173984,12096
auto_theta,Продовольствие,1,H2,1002.6150448029687,12096
auto_theta,Продовольствие,3,H1,827.7318713054574,12096
auto_theta,Продовольствие,3,H2,961.0540277587137,12096
auto_theta,Продовольствие,6,H1,773.6201907792414,12096
auto_theta,Продовольствие,6,H2,1019.9846291738329,12096
auto_theta,Продовольствие,12,H1,773.6201907792414,12096
auto_theta,Продовольствие,12,H2,1283.2036901464212,12096
auto_theta,Транспорт,1,H1,118.6520649569484,12096
auto_theta,Транспорт,1,H2,128.44736018599286,12096
auto_theta,Транспорт,3,H1,161.2486954799454,12096
auto_theta,Транспорт,3,H2,131.4293396053547,12096
auto_theta,Транспорт,6,H1,161.3846884370759,12096
auto_theta,Транспорт,6,H2,154.8886030047284,12096
auto_theta,Транспорт,12,H1,161.3846884370759,12096
auto_theta,Транспорт,12,H2,230.48687627125156,12096
auto_theta,Маркетплейсы,1,H1,566.988440987144,12096
auto_theta,Маркетплейсы,1,H2,508.25184815912695,12096
auto_theta,Маркетплейсы,3,H1,892.9493316985005,12096
auto_theta,Маркетплейсы,3,H2,607.6901217374452,12096
auto_theta,Маркетплейсы,6,H1,1451.0093323476137,12096
auto_theta,Маркетплейсы,6,H2,571.3357663219384,12096
auto_theta,Маркетплейсы,12,H1,1451.0093323476137,12096
auto_theta,Маркетплейсы,12,H2,1566.2636779293725,12096
catboost_diff,Все категории,1,H1,2056.7017907262834,12096
catboost_diff,Все категории,1,H2,1188.1581087967975,12096
catboost_diff,Все категории,3,H1,2769.5201462702926,12096
catboost_diff,Все категории,3,H2,1195.28841018779,12096
catboost_diff,Все категории,6,H1,3587.990400112535,12096
catboost_diff,Все категории,6,H2,1368.7252298458386,12096
catboost_diff,Все категории,12,H1,3587.990400112535,12096
catboost_diff,Все категории,12,H2,3261.2281430903354,12096
catboost_diff,Общественное питание,1,H1,69.22649953160997,12096
catboost_diff,Общественное питание,1,H2,70.86899974545136,12096
catboost_diff,Общественное питание,3,H1,84.29175867511918,12096
catboost_diff,Общественное питание,3,H2,95.26310840103633,12096
catboost_diff,Общественное питание,6,H1,101.32701548174623,12096
catboost_diff,Общественное питание,6,H2,117.4181893913492,12096
catboost_diff,Общественное питание,12,H1,101.32701548174623,12096
catboost_diff,Общественное питание,12,H2,139.12042570088548,12096
catboost_diff,Здоровье,1,H1,92.05760546979099,12096
catboost_diff,Здоровье,1,H2,81.57561488808317,12096
catboost_diff,Здоровье,3,H1,89.32327728576588,12096
catboost_diff,Здоровье,3,H2,83.5934098365971,12096
catboost_diff,Здоровье,6,H1,99.15851686776023,12096
catboost_diff,Здоровье,6,H2,87.86074650381109,12096
catboost_diff,Здоровье,12,H1,99.15851686776023,12096
catboost_diff,Здоровье,12,H2,137.86266787688336,12096
catboost_diff,Продовольствие,1,H1,901.7489659753563,12096
catboost_diff,Продовольствие,1,H2,483.72628055334724,12096
catboost_diff,Продовольствие,3,H1,1364.3203762383341,12096
catboost_diff,Продовольствие,3,H2,814.827379987941,12096
catboost_diff,Продовольствие,6,H1,1761.7867451085174,12096
catboost_diff,Продовольствие,6,H2,1154.914390788432,12096
catboost_diff,Продовольствие,12,H1,1761.7867451085174,12096
catboost_diff,Продовольствие,12,H2,1198.7403534591322,12096
catboost_diff,Транспорт,1,H1,110.0367062372989,12096
catboost_diff,Транспорт,1,H2,79.74090497545926,12096
catboost_diff,Транспорт,3,H1,166.56031176258207,12096
catboost_diff,Транспорт,3,H2,93.50265613250082,12096
catboost_diff,Транспорт,6,H1,152.13177494981178,12096
catboost_diff,Транспорт,6,H2,108.64109556847754,12096
catboost_diff,Транспорт,12,H1,152.13177494981178,12096
catboost_diff,Транспорт,12,H2,166.215010058058,12096
catboost_diff,Маркетплейсы,1,H1,649.37010192468,12096
catboost_diff,Маркетплейсы,1,H2,304.47920515473174,12096
catboost_diff,Маркетплейсы,3,H1,792.1375594573963,12096
catboost_diff,Маркетплейсы,3,H2,329.1192874256684,12096
catboost_diff,Маркетплейсы,6,H1,872.966787739885,12096
catboost_diff,Маркетплейсы,6,H2,367.64214037267664,12096
catboost_diff,Маркетплейсы,12,H1,872.966787739885,12096
catboost_diff,Маркетплейсы,12,H2,1039.2544957439225,12096
catboost_diff_dir,Все категории,1,H1,1950.5724228634301,12096
catboost_diff_dir,Все категории,1,H2,1175.8392884749599,12096
catboost_diff_dir,Все категории,3,H1,2460.308510672457,12096
catboost_diff_dir,Все категории,3,H2,954.1988789682115,12096
catboost_diff_dir,Все категории,6,H1,3732.0709766494824,12096
catboost_diff_dir,Все категории,6,H2,1208.8652432525946,12096
catboost_diff_dir,Все категории,12,H1,3732.0709766494824,12096
catboost_diff_dir,Все категории,12,H2,5440.729895425656,12096
catboost_diff_dir,Общественное питание,1,H1,69.81149854788262,12096
catboost_diff_dir,Общественное питание,1,H2,69.22967593163536,12096
catboost_diff_dir,Общественное питание,3,H1,99.16059439135371,12096
catboost_diff_dir,Общественное питание,3,H2,91.19289397661336,12096
catboost_diff_dir,Общественное питание,6,H1,132.90167002704507,12096
catboost_diff_dir,Общественное питание,6,H2,115.06956166506349,12096
catboost_diff_dir,Общественное питание,12,H1,132.90167002704507,12096
catboost_diff_dir,Общественное питание,12,H2,255.85347339312494,12096
catboost_diff_dir,Здоровье,1,H1,91.01578117606302,12096
catboost_diff_dir,Здоровье,1,H2,83.76682206311628,12096
catboost_diff_dir,Здоровье,3,H1,97.06214599704775,12096
catboost_diff_dir,Здоровье,3,H2,85.64632905138788,12096
catboost_diff_dir,Здоровье,6,H1,115.86692215278161,12096
catboost_diff_dir,Здоровье,6,H2,104.05922712191375,12096
catboost_diff_dir,Здоровье,12,H1,115.86692215278161,12096
catboost_diff_dir,Здоровье,12,H2,192.8600934377419,12096
catboost_diff_dir,Продовольствие,1,H1,871.9747804549254,12096
catboost_diff_dir,Продовольствие,1,H2,508.788623192356,12096
catboost_diff_dir,Продовольствие,3,H1,1571.3045889282218,12096
catboost_diff_dir,Продовольствие,3,H2,661.8619018386695,12096
catboost_diff_dir,Продовольствие,6,H1,2029.8512760756357,12096
catboost_diff_dir,Продовольствие,6,H2,853.0098168979176,12096
catboost_diff_dir,Продовольствие,12,H1,2029.8512760756357,12096
catboost_diff_dir,Продовольствие,12,H2,1844.5680104083538,12096
catboost_diff_dir,Транспорт,1,H1,99.99458103184992,12096
catboost_diff_dir,Транспорт,1,H2,80.66329211334111,12096
catboost_diff_dir,Транспорт,3,H1,150.3365427231179,12096
catboost_diff_dir,Транспорт,3,H2,100.1201682446967,12096
catboost_diff_dir,Транспорт,6,H1,153.73390040065445,12096
catboost_diff_dir,Транспорт,6,H2,132.10869913273598,12096
catboost_diff_dir,Транспорт,12,H1,153.73390040065445,12096
catboost_diff_dir,Транспорт,12,H2,232.1547807746433,12096
catboost_diff_dir,Маркетплейсы,1,H1,532.3073973202885,12096
catboost_diff_dir,Маркетплейсы,1,H2,324.6578459707717,12096
catboost_diff_dir,Маркетплейсы,3,H1,651.8907270674624,12096
catboost_diff_dir,Маркетплейсы,3,H2,358.65323406619206,12096
catboost_diff_dir,Маркетплейсы,6,H1,925.3544286305055,12096
catboost_diff_dir,Маркетплейсы,6,H2,407.44899375665295,12096
catboost_diff_dir,Маркетплейсы,12,H1,925.3544286305055,12096
catboost_diff_dir,Маркетплейсы,12,H2,1437.9530829280918,12096
catboost_diff_ds,Все категории,1,H1,1230.3880427049132,12096
catboost_diff_ds,Все категории,1,H2,711.1031339665211,12096
catboost_diff_ds,Все категории,3,H1,1628.1166155210465,12096
catboost_diff_ds,Все категории,3,H2,869.0732969132337,12096
catboost_diff_ds,Все категории,6,H1,2657.950126587949,12096
catboost_diff_ds,Все категории,6,H2,1269.1177900247844,12096
catboost_diff_ds,Все категории,12,H1,2657.950126587949,12096
catboost_diff_ds,Все категории,12,H2,3061.8789251243325,12096
catboost_diff_ds,Общественное питание,1,H1,92.95661101237512,12096
catboost_diff_ds,Общественное питание,1,H2,67.48042353554943,12096
catboost_diff_ds,Общественное питание,3,H1,180.0785748923104,12096
catboost_diff_ds,Общественное питание,3,H2,90.17525606708878,12096
catboost_diff_ds,Общественное питание,6,H1,316.43723636253515,12096
catboost_diff_ds,Общественное питание,6,H2,126.94856861896577,12096
catboost_diff_ds,Общественное питание,12,H1,316.43723636253515,12096
catboost_diff_ds,Общественное питание,12,H2,343.9944576030244,12096
catboost_diff_ds,Здоровье,1,H1,139.98931606259373,12096
catboost_diff_ds,Здоровье,1,H2,99.80281696997102,12096
catboost_diff_ds,Здоровье,3,H1,212.9803731126018,12096
catboost_diff_ds,Здоровье,3,H2,124.96163145405956,12096
catboost_diff_ds,Здоровье,6,H1,332.066575792994,12096
catboost_diff_ds,Здоровье,6,H2,143.84365431752033,12096
catboost_diff_ds,Здоровье,12,H1,332.066575792994,12096
catboost_diff_ds,Здоровье,12,H2,249.2344247840478,12096
catboost_diff_ds,Продовольствие,1,H1,371.7499787602604,12096
catboost_diff_ds,Продовольствие,1,H2,389.65770279277007,12096
catboost_diff_ds,Продовольствие,3,H1,671.711670141372,12096
catboost_diff_ds,Продовольствие,3,H2,748.971809033787,12096
catboost_diff_ds,Продовольствие,6,H1,1332.1652803127774,12096
catboost_diff_ds,Продовольствие,6,H2,812.2461360225016,12096
catboost_diff_ds,Продовольствие,12,H1,1332.1652803127774,12096
catboost_diff_ds,Продовольствие,12,H2,952.1422286460166,12096
catboost_diff_ds,Транспорт,1,H1,82.89498134220491,12096
catboost_diff_ds,Транспорт,1,H2,80.62531735032051,12096
catboost_diff_ds,Транспорт,3,H1,115.38721674178888,12096
catboost_diff_ds,Транспорт,3,H2,92.85624228448916,12096
catboost_diff_ds,Транспорт,6,H1,118.9042702802678,12096
catboost_diff_ds,Транспорт,6,H2,115.05773582615244,12096
catboost_diff_ds,Транспорт,12,H1,118.9042702802678,12096
catboost_diff_ds,Транспорт,12,H2,169.67218359069696,12096
catboost_diff_ds,Маркетплейсы,1,H1,649.37010192468,12096
catboost_diff_ds,Маркетплейсы,1,H2,304.47920515473174,12096
catboost_diff_ds,Маркетплейсы,3,H1,792.1375594573963,12096
catboost_diff_ds,Маркетплейсы,3,H2,329.1192874256684,12096
catboost_diff_ds,Маркетплейсы,6,H1,872.966787739885,12096
catboost_diff_ds,Маркетплейсы,6,H2,367.64214037267664,12096
catboost_diff_ds,Маркетплейсы,12,H1,872.966787739885,12096
catboost_diff_ds,Маркетплейсы,12,H2,1039.2544957439225,12096
catboost_diff_ds_g1,Все категории,1,H1,1194.1477276324345,12096
catboost_diff_ds_g1,Все категории,1,H2,712.6156708425581,12096
catboost_diff_ds_g1,Все категории,3,H1,1612.8125475184336,12096
catboost_diff_ds_g1,Все категории,3,H2,875.3894240657185,12096
catboost_diff_ds_g1,Все категории,6,H1,2744.527224207741,12096
catboost_diff_ds_g1,Все категории,6,H2,1198.0664571369966,12096
catboost_diff_ds_g1,Все категории,12,H1,2744.527224207741,12096
catboost_diff_ds_g1,Все категории,12,H2,3114.3883302968634,12096
catboost_diff_ds_g1,Общественное питание,1,H1,89.75738518437404,12096
catboost_diff_ds_g1,Общественное питание,1,H2,66.97698285292572,12096
catboost_diff_ds_g1,Общественное питание,3,H1,181.37392057640153,12096
catboost_diff_ds_g1,Общественное питание,3,H2,90.52352254765223,12096
catboost_diff_ds_g1,Общественное питание,6,H1,317.54166379705725,12096
catboost_diff_ds_g1,Общественное питание,6,H2,137.22490103876046,12096
catboost_diff_ds_g1,Общественное питание,12,H1,317.54166379705725,12096
catboost_diff_ds_g1,Общественное питание,12,H2,333.8216328739672,12096
catboost_diff_ds_g1,Здоровье,1,H1,135.78825523758277,12096
catboost_diff_ds_g1,Здоровье,1,H2,100.68600006540065,12096
catboost_diff_ds_g1,Здоровье,3,H1,210.40873268710718,12096
catboost_diff_ds_g1,Здоровье,3,H2,113.91195003402734,12096
catboost_diff_ds_g1,Здоровье,6,H1,331.1590659911859,12096
catboost_diff_ds_g1,Здоровье,6,H2,145.2801931664579,12096
catboost_diff_ds_g1,Здоровье,12,H1,331.1590659911859,12096
catboost_diff_ds_g1,Здоровье,12,H2,255.99304559277982,12096
catboost_diff_ds_g1,Продовольствие,1,H1,418.8651875571639,12096
catboost_diff_ds_g1,Продовольствие,1,H2,366.1309340365103,12096
catboost_diff_ds_g1,Продовольствие,3,H1,686.6361651797808,12096
catboost_diff_ds_g1,Продовольствие,3,H2,543.1413387562965,12096
catboost_diff_ds_g1,Продовольствие,6,H1,1351.0045416685975,12096
catboost_diff_ds_g1,Продовольствие,6,H2,876.4125067765104,12096
catboost_diff_ds_g1,Продовольствие,12,H1,1351.0045416685975,12096
catboost_diff_ds_g1,Продовольствие,12,H2,1061.3054618430688,12096
catboost_diff_ds_g1,Транспорт,1,H1,79.47419294505303,12096
catboost_diff_ds_g1,Транспорт,1,H2,81.1028258864916,12096
catboost_diff_ds_g1,Транспорт,3,H1,108.97023969519127,12096
catboost_diff_ds_g1,Транспорт,3,H2,91.44286960538966,12096
catboost_diff_ds_g1,Транспорт,6,H1,107.56965706002731,12096
catboost_diff_ds_g1,Транспорт,6,H2,115.63581522676326,12096
catboost_diff_ds_g1,Транспорт,12,H1,107.56965706002731,12096
catboost_diff_ds_g1,Транспорт,12,H2,151.66821401657833,12096
catboost_diff_ds_g1,Маркетплейсы,1,H1,610.0492743941704,12096
catboost_diff_ds_g1,Маркетплейсы,1,H2,321.8879191789787,12096
catboost_diff_ds_g1,Маркетплейсы,3,H1,787.4583304280072,12096
catboost_diff_ds_g1,Маркетплейсы,3,H2,327.41763175458897,12096
catboost_diff_ds_g1,Маркетплейсы,6,H1,937.2627973009282,12096
catboost_diff_ds_g1,Маркетплейсы,6,H2,374.9768162620469,12096
catboost_diff_ds_g1,Маркетплейсы,12,H1,937.2627973009282,12096
catboost_diff_ds_g1,Маркетплейсы,12,H2,982.7043066675255,12096
catboost_diff_ds_g12,Все категории,1,H1,1225.9758669236178,12096
catboost_diff_ds_g12,Все категории,1,H2,710.0047301173573,12096
catboost_diff_ds_g12,Все категории,3,H1,1580.2469292621824,12096
catboost_diff_ds_g12,Все категории,3,H2,890.836513788403,12096
catboost_diff_ds_g12,Все категории,6,H1,2708.8126941481814,12096
catboost_diff_ds_g12,Все категории,6,H2,1285.0363581318109,12096
catboost_diff_ds_g12,Все категории,12,H1,2708.8126941481814,12096
catboost_diff_ds_g12,Все категории,12,H2,3056.6576939311,12096
catboost_diff_ds_g12,Общественное питание,1,H1,90.55855355526538,12096
catboost_diff_ds_g12,Общественное питание,1,H2,68.036531423877,12096
catboost_diff_ds_g12,Общественное питание,3,H1,172.01559215211714,12096
catboost_diff_ds_g12,Общественное питание,3,H2,92.1744082453474,12096
catboost_diff_ds_g12,Общественное питание,6,H1,304.9849181481048,12096
catboost_diff_ds_g12,Общественное питание,6,H2,134.9657481892189,12096
catboost_diff_ds_g12,Общественное питание,12,H1,304.9849181481048,12096
catboost_diff_ds_g12,Общественное питание,12,H2,315.7366260551353,12096
catboost_diff_ds_g12,Здоровье,1,H1,132.76364764391104,12096
catboost_diff_ds_g12,Здоровье,1,H2,97.9455525830575,12096
catboost_diff_ds_g12,Здоровье,3,H1,209.16160503541875,12096
catboost_diff_ds_g12,Здоровье,3,H2,110.33180333270735,12096
catboost_diff_ds_g12,Здоровье,6,H1,325.1121833407663,12096
catboost_diff_ds_g12,Здоровье,6,H2,151.02627311573883,12096
catboost_diff_ds_g12,Здоровье,12,H1,325.1121833407663,12096
catboost_diff_ds_g12,Здоровье,12,H2,259.7556535994975,12096
catboost_diff_ds_g12,Продовольствие,1,H1,398.749764508786,12096
catboost_diff_ds_g12,Продовольствие,1,H2,368.5993019325672,12096
catboost_diff_ds_g12,Продовольствие,3,H1,729.5923116965589,12096
catboost_diff_ds_g12,Продовольствие,3,H2,565.5370115519049,12096
catboost_diff_ds_g12,Продовольствие,6,H1,1444.707411143336,12096
catboost_diff_ds_g12,Продовольствие,6,H2,919.6273734781973,12096
catboost_diff_ds_g12,Продовольствие,12,H1,1444.707411143336,12096
catboost_diff_ds_g12,Продовольствие,12,H2,1135.7233457491216,12096
catboost_diff_ds_g12,Транспорт,1,H1,79.06058342506299,12096
catboost_diff_ds_g12,Транспорт,1,H2,81.60392954351731,12096
catboost_diff_ds_g12,Транспорт,3,H1,105.28139421950137,12096
catboost_diff_ds_g12,Транспорт,3,H2,91.35639518919125,12096
catboost_diff_ds_g12,Транспорт,6,H1,108.86912510237039,12096
catboost_diff_ds_g12,Транспорт,6,H2,116.92756960147817,12096
catboost_diff_ds_g12,Транспорт,12,H1,108.86912510237039,12096
catboost_diff_ds_g12,Транспорт,12,H2,156.02703263418448,12096
catboost_diff_ds_g12,Маркетплейсы,1,H1,584.6756852328889,12096
catboost_diff_ds_g12,Маркетплейсы,1,H2,325.43958486012497,12096
catboost_diff_ds_g12,Маркетплейсы,3,H1,780.1776750675127,12096
catboost_diff_ds_g12,Маркетплейсы,3,H2,311.684183653913,12096
catboost_diff_ds_g12,Маркетплейсы,6,H1,915.3537331309808,12096
catboost_diff_ds_g12,Маркетплейсы,6,H2,347.82108511944966,12096
catboost_diff_ds_g12,Маркетплейсы,12,H1,915.3537331309808,12096
catboost_diff_ds_g12,Маркетплейсы,12,H2,932.8016920681373,12096
catboost_diff_ds_g123,Все категории,1,H1,1144.5247692926703,12096
catboost_diff_ds_g123,Все категории,1,H2,720.8039760060465,12096
catboost_diff_ds_g123,Все категории,3,H1,1562.4924082371779,12096
catboost_diff_ds_g123,Все категории,3,H2,970.8123791067172,12096
catboost_diff_ds_g123,Все категории,6,H1,2758.91414210706,12096
catboost_diff_ds_g123,Все категории,6,H2,1389.7782176031117,12096
catboost_diff_ds_g123,Все категории,12,H1,2758.91414210706,12096
catboost_diff_ds_g123,Все категории,12,H2,3106.9534208919204,12096
catboost_diff_ds_g123,Общественное питание,1,H1,90.45972042572834,12096
catboost_diff_ds_g123,Общественное питание,1,H2,67.70931652582023,12096
catboost_diff_ds_g123,Общественное питание,3,H1,182.21429369468157,12096
catboost_diff_ds_g123,Общественное питание,3,H2,90.94638530433767,12096
catboost_diff_ds_g123,Общественное питание,6,H1,333.46565527155616,12096
catboost_diff_ds_g123,Общественное питание,6,H2,129.86765177727966,12096
catboost_diff_ds_g123,Общественное питание,12,H1,333.46565527155616,12096
catboost_diff_ds_g123,Общественное питание,12,H2,339.79027490681244,12096
catboost_diff_ds_g123,Здоровье,1,H1,131.8270715896947,12096
catboost_diff_ds_g123,Здоровье,1,H2,97.40975228334592,12096
catboost_diff_ds_g123,Здоровье,3,H1,215.5755264895841,12096
catboost_diff_ds_g123,Здоровье,3,H2,113.23072825941499,12096
catboost_diff_ds_g123,Здоровье,6,H1,331.93537473488976,12096
catboost_diff_ds_g123,Здоровье,6,H2,153.7202581196999,12096
catboost_diff_ds_g123,Здоровье,12,H1,331.93537473488976,12096
catboost_diff_ds_g123,Здоровье,12,H2,254.83179928291477,12096
catboost_diff_ds_g123,Продовольствие,1,H1,403.7624749630403,12096
catboost_diff_ds_g123,Продовольствие,1,H2,380.4367094753461,12096
catboost_diff_ds_g123,Продовольствие,3,H1,642.0702159833365,12096
catboost_diff_ds_g123,Продовольствие,3,H2,547.2937321667798,12096
catboost_diff_ds_g123,Продовольствие,6,H1,1273.1117233401442,12096
catboost_diff_ds_g123,Продовольствие,6,H2,851.4981434039621,12096
catboost_diff_ds_g123,Продовольствие,12,H1,1273.1117233401442,12096
catboost_diff_ds_g123,Продовольствие,12,H2,1005.7568984261219,12096
catboost_diff_ds_g123,Транспорт,1,H1,78.62634793597485,12096
catboost_diff_ds_g123,Транспорт,1,H2,80.16673541252409,12096
catboost_diff_ds_g123,Транспорт,3,H1,108.09329610949975,12096
catboost_diff_ds_g123,Транспорт,3,H2,90.30104293864318,12096
catboost_diff_ds_g123,Транспорт,6,H1,107.34328086062933,12096
catboost_diff_ds_g123,Транспорт,6,H2,113.88474708345932,12096
catboost_diff_ds_g123,Транспорт,12,H1,107.34328086062933,12096
catboost_diff_ds_g123,Транспорт,12,H2,153.8867573473714,12096
catboost_diff_ds_g123,Маркетплейсы,1,H1,570.7193989905757,12096
catboost_diff_ds_g123,Маркетплейсы,1,H2,317.7902996247365,12096
catboost_diff_ds_g123,Маркетплейсы,3,H1,831.9260688306995,12096
catboost_diff_ds_g123,Маркетплейсы,3,H2,320.5813126608526,12096
catboost_diff_ds_g123,Маркетплейсы,6,H1,941.5718490920743,12096
catboost_diff_ds_g123,Маркетплейсы,6,H2,347.4622670313278,12096
catboost_diff_ds_g123,Маркетплейсы,12,H1,941.5718490920743,12096
catboost_diff_ds_g123,Маркетплейсы,12,H2,987.4296265023787,12096
catboost_diff_ds_g1234,Все категории,1,H1,1180.460090097465,12096
catboost_diff_ds_g1234,Все категории,1,H2,756.8810045956956,12096
catboost_diff_ds_g1234,Все категории,3,H1,1536.7162197152659,12096
catboost_diff_ds_g1234,Все категории,3,H2,971.7829231419595,12096
catboost_diff_ds_g1234,Все категории,6,H1,2691.8098768434234,12096
catboost_diff_ds_g1234,Все категории,6,H2,1414.050620527683,12096
catboost_diff_ds_g1234,Все категории,12,H1,2691.8098768434234,12096
catboost_diff_ds_g1234,Все категории,12,H2,3050.81524969232,12096
catboost_diff_ds_g1234,Общественное питание,1,H1,92.56446593551638,12096
catboost_diff_ds_g1234,Общественное питание,1,H2,66.94142813866705,12096
catboost_diff_ds_g1234,Общественное питание,3,H1,181.09200651089517,12096
catboost_diff_ds_g1234,Общественное питание,3,H2,89.44546155833365,12096
catboost_diff_ds_g1234,Общественное питание,6,H1,324.0589444120025,12096
catboost_diff_ds_g1234,Общественное питание,6,H2,124.73811723426114,12096
catboost_diff_ds_g1234,Общественное питание,12,H1,324.0589444120025,12096
catboost_diff_ds_g1234,Общественное питание,12,H2,330.401961820518,12096
catboost_diff_ds_g1234,Здоровье,1,H1,134.2779899018168,12096
catboost_diff_ds_g1234,Здоровье,1,H2,97.74422587517974,12096
catboost_diff_ds_g1234,Здоровье,3,H1,216.11101603161268,12096
catboost_diff_ds_g1234,Здоровье,3,H2,112.78889165606076,12096
catboost_diff_ds_g1234,Здоровье,6,H1,336.69429415739415,12096
catboost_diff_ds_g1234,Здоровье,6,H2,164.18819730650773,12096
catboost_diff_ds_g1234,Здоровье,12,H1,336.69429415739415,12096
catboost_diff_ds_g1234,Здоровье,12,H2,272.08662655491713,12096
catboost_diff_ds_g1234,Продовольствие,1,H1,399.986306820403,12096
catboost_diff_ds_g1234,Продовольствие,1,H2,386.72087487708484,12096
catboost_diff_ds_g1234,Продовольствие,3,H1,678.4205403450708,12096
catboost_diff_ds_g1234,Продовольствие,3,H2,568.004928410176,12096
catboost_diff_ds_g1234,Продовольствие,6,H1,1358.9509237811455,12096
catboost_diff_ds_g1234,Продовольствие,6,H2,924.3703296189267,12096
catboost_diff_ds_g1234,Продовольствие,12,H1,1358.9509237811455,12096
catboost_diff_ds_g1234,Продовольствие,12,H2,1088.928150697922,12096
catboost_diff_ds_g1234,Транспорт,1,H1,79.43360618919257,12096
catboost_diff_ds_g1234,Транспорт,1,H2,79.55067896429917,12096
catboost_diff_ds_g1234,Транспорт,3,H1,107.8191563561996,12096
catboost_diff_ds_g1234,Транспорт,3,H2,90.71260022387864,12096
catboost_diff_ds_g1234,Транспорт,6,H1,107.64784118410779,12096
catboost_diff_ds_g1234,Транспорт,6,H2,113.8536190140688,12096
catboost_diff_ds_g1234,Транспорт,12,H1,107.64784118410779,12096
catboost_diff_ds_g1234,Транспорт,12,H2,153.3450867349555,12096
catboost_diff_ds_g1234,Маркетплейсы,1,H1,594.129776385722,12096
catboost_diff_ds_g1234,Маркетплейсы,1,H2,319.96707833302656,12096
catboost_diff_ds_g1234,Маркетплейсы,3,H1,834.7421084687522,12096
catboost_diff_ds_g1234,Маркетплейсы,3,H2,309.5065770381518,12096
catboost_diff_ds_g1234,Маркетплейсы,6,H1,965.841604132762,12096
catboost_diff_ds_g1234,Маркетплейсы,6,H2,345.91249008393817,12096
catboost_diff_ds_g1234,Маркетплейсы,12,H1,965.841604132762,12096
catboost_diff_ds_g1234,Маркетплейсы,12,H2,937.1926580954541,12096
catboost_diff_ds_g123_m1,Все категории,1,H1,1064.1113198174555,12096
catboost_diff_ds_g123_m1,Все категории,1,H2,728.2658047841047,12096
catboost_diff_ds_g123_m1,Все категории,3,H1,1265.331437822822,12096
catboost_diff_ds_g123_m1,Все категории,3,H2,980.7885183497399,12096
catboost_diff_ds_g123_m1,Все категории,6,H1,2081.4038147234805,12096
catboost_diff_ds_g123_m1,Все категории,6,H2,1400.239083654972,12096
catboost_diff_ds_g123_m1,Все категории,12,H1,2081.4038147234805,12096
catboost_diff_ds_g123_m1,Все категории,12,H2,2712.639519880949,12096
catboost_diff_ds_g123_m1,Общественное питание,1,H1,88.80192365868501,12096
catboost_diff_ds_g123_m1,Общественное питание,1,H2,67.55565573415792,12096
catboost_diff_ds_g123_m1,Общественное питание,3,H1,165.45298052534702,12096
catboost_diff_ds_g123_m1,Общественное питание,3,H2,92.35759535406825,12096
catboost_diff_ds_g123_m1,Общественное питание,6,H1,286.2360521010186,12096
catboost_diff_ds_g123_m1,Общественное питание,6,H2,135.13938434438558,12096
catboost_diff_ds_g123_m1,Общественное питание,12,H1,286.2360521010186,12096
catboost_diff_ds_g123_m1,Общественное питание,12,H2,295.26538420192475,12096
catboost_diff_ds_g123_m1,Здоровье,1,H1,131.29857466270406,12096
catboost_diff_ds_g123_m1,Здоровье,1,H2,91.71733425854457,12096
catboost_diff_ds_g123_m1,Здоровье,3,H1,182.12158215562522,12096
catboost_diff_ds_g123_m1,Здоровье,3,H2,99.91674995804699,12096
catboost_diff_ds_g123_m1,Здоровье,6,H1,273.5943956953652,12096
catboost_diff_ds_g123_m1,Здоровье,6,H2,132.3955081569748,12096
catboost_diff_ds_g123_m1,Здоровье,12,H1,273.5943956953652,12096
catboost_diff_ds_g123_m1,Здоровье,12,H2,227.79227179962132,12096
catboost_diff_ds_g123_m1,Продовольствие,1,H1,385.1708574524308,12096
catboost_diff_ds_g123_m1,Продовольствие,1,H2,364.3244538852856,12096
catboost_diff_ds_g123_m1,Продовольствие,3,H1,550.1781816857698,12096
catboost_diff_ds_g123_m1,Продовольствие,3,H2,544.7679328761949,12096
catboost_diff_ds_g123_m1,Продовольствие,6,H1,1108.4846374392273,12096
catboost_diff_ds_g123_m1,Продовольствие,6,H2,870.98330165269,12096
catboost_diff_ds_g123_m1,Продовольствие,12,H1,1108.4846374392273,12096
catboost_diff_ds_g123_m1,Продовольствие,12,H2,890.2191491444237,12096
catboost_diff_ds_g123_m1,Транспорт,1,H1,78.15254439375548,12096
catboost_diff_ds_g123_m1,Транспорт,1,H2,78.90282153697984,12096
catboost_diff_ds_g123_m1,Транспорт,3,H1,103.23444394324662,12096
catboost_diff_ds_g123_m1,Транспорт,3,H2,91.49823711602379,12096
catboost_diff_ds_g123_m1,Транспорт,6,H1,109.93424282168426,12096
catboost_diff_ds_g123_m1,Транспорт,6,H2,115.25952785795474,12096
catboost_diff_ds_g123_m1,Транспорт,12,H1,109.93424282168426,12096
catboost_diff_ds_g123_m1,Транспорт,12,H2,153.59119431620184,12096
catboost_diff_ds_g123_m1,Маркетплейсы,1,H1,538.0818098133666,12096
catboost_diff_ds_g123_m1,Маркетплейсы,1,H2,321.10238065100583,12096
catboost_diff_ds_g123_m1,Маркетплейсы,3,H1,780.7817300826648,12096
catboost_diff_ds_g123_m1,Маркетплейсы,3,H2,333.07517290084803,12096
catboost_diff_ds_g123_m1,Маркетплейсы,6,H1,917.8999623246935,12096
catboost_diff_ds_g123_m1,Маркетплейсы,6,H2,359.54919146989624,12096
catboost_diff_ds_g123_m1,Маркетплейсы,12,H1,917.8999623246935,12096
catboost_diff_ds_g123_m1,Маркетплейсы,12,H2,900.7995301135102,12096
catboost_diff_ds_g123_m1_dir,Все категории,1,H1,1130.3949086855134,12096
catboost_diff_ds_g123_m1_dir,Все категории,1,H2,737.7287900414085,12096
catboost_diff_ds_g123_m1_dir,Все категории,3,H1,2009.1903495475133,12096
catboost_diff_ds_g123_m1_dir,Все категории,3,H2,1068.9358600470334,12096
catboost_diff_ds_g123_m1_dir,Все категории,6,H1,2800.1434882417107,12096
catboost_diff_ds_g123_m1_dir,Все категории,6,H2,1363.2064296564577,12096
catboost_diff_ds_g123_m1_dir,Все категории,12,H1,2800.1434882417107,12096
catboost_diff_ds_g123_m1_dir,Все категории,12,H2,4185.734103664079,12096
catboost_diff_ds_g123_m1_dir,Общественное питание,1,H1,91.11991825573955,12096
catboost_diff_ds_g123_m1_dir,Общественное питание,1,H2,69.08562201011956,12096
catboost_diff_ds_g123_m1_dir,Общественное питание,3,H1,189.61820186621608,12096
catboost_diff_ds_g123_m1_dir,Общественное питание,3,H2,110.28797234344584,12096
catboost_diff_ds_g123_m1_dir,Общественное питание,6,H1,350.31179814420415,12096
catboost_diff_ds_g123_m1_dir,Общественное питание,6,H2,179.21074058326136,12096
catboost_diff_ds_g123_m1_dir,Общественное питание,12,H1,350.31179814420415,12096
catboost_diff_ds_g123_m1_dir,Общественное питание,12,H2,617.0167191709147,12096
catboost_diff_ds_g123_m1_dir,Здоровье,1,H1,132.10216116956676,12096
catboost_diff_ds_g123_m1_dir,Здоровье,1,H2,95.61299580742735,12096
catboost_diff_ds_g123_m1_dir,Здоровье,3,H1,180.26927321856869,12096
catboost_diff_ds_g123_m1_dir,Здоровье,3,H2,91.06581202891687,12096
catboost_diff_ds_g123_m1_dir,Здоровье,6,H1,290.9433965878147,12096
catboost_diff_ds_g123_m1_dir,Здоровье,6,H2,121.54824426701451,12096
catboost_diff_ds_g123_m1_dir,Здоровье,12,H1,290.9433965878147,12096
catboost_diff_ds_g123_m1_dir,Здоровье,12,H2,362.0912833599606,12096
catboost_diff_ds_g123_m1_dir,Продовольствие,1,H1,384.74049754253394,12096
catboost_diff_ds_g123_m1_dir,Продовольствие,1,H2,370.5359815684045,12096
catboost_diff_ds_g123_m1_dir,Продовольствие,3,H1,617.2658858128543,12096
catboost_diff_ds_g123_m1_dir,Продовольствие,3,H2,515.1894293622696,12096
catboost_diff_ds_g123_m1_dir,Продовольствие,6,H1,1148.8906282931678,12096
catboost_diff_ds_g123_m1_dir,Продовольствие,6,H2,783.4878801103464,12096
catboost_diff_ds_g123_m1_dir,Продовольствие,12,H1,1148.8906282931678,12096
catboost_diff_ds_g123_m1_dir,Продовольствие,12,H2,1411.165270651312,12096
catboost_diff_ds_g123_m1_dir,Транспорт,1,H1,78.50037096913812,12096
catboost_diff_ds_g123_m1_dir,Транспорт,1,H2,82.67659546806573,12096
catboost_diff_ds_g123_m1_dir,Транспорт,3,H1,103.39817862489852,12096
catboost_diff_ds_g123_m1_dir,Транспорт,3,H2,96.17334958161584,12096
catboost_diff_ds_g123_m1_dir,Транспорт,6,H1,107.82142927552634,12096
catboost_diff_ds_g123_m1_dir,Транспорт,6,H2,117.5579145840229,12096
catboost_diff_ds_g123_m1_dir,Транспорт,12,H1,107.82142927552634,12096
catboost_diff_ds_g123_m1_dir,Транспорт,12,H2,195.9092180106139,12096
catboost_diff_ds_g123_m1_dir,Маркетплейсы,1,H1,461.98683917007077,12096
catboost_diff_ds_g123_m1_dir,Маркетплейсы,1,H2,335.98191008854394,12096
catboost_diff_ds_g123_m1_dir,Маркетплейсы,3,H1,837.2259094278943,12096
catboost_diff_ds_g123_m1_dir,Маркетплейсы,3,H2,308.04119538849363,12096
catboost_diff_ds_g123_m1_dir,Маркетплейсы,6,H1,1026.921942542912,12096
catboost_diff_ds_g123_m1_dir,Маркетплейсы,6,H2,354.26564602909974,12096
catboost_diff_ds_g123_m1_dir,Маркетплейсы,12,H1,1026.921942542912,12096
catboost_diff_ds_g123_m1_dir,Маркетплейсы,12,H2,1504.80341073082,12096
catboost_diff_ds_g123m_m1,Все категории,1,H1,1061.9298975010286,12096
catboost_diff_ds_g123m_m1,Все категории,1,H2,737.2394797932911,12096
catboost_diff_ds_g123m_m1,Все категории,3,H1,1223.621340239674,12096
catboost_diff_ds_g123m_m1,Все категории,3,H2,879.218429619122,12096
catboost_diff_ds_g123m_m1,Все категории,6,H1,1997.5291273288672,12096
catboost_diff_ds_g123m_m1,Все категории,6,H2,1247.7750105064606,12096
catboost_diff_ds_g123m_m1,Все категории,12,H1,1997.5291273288672,12096
catboost_diff_ds_g123m_m1,Все категории,12,H2,2321.295076989334,12096
catboost_diff_ds_g123m_m1,Общественное питание,1,H1,91.97423564096547,12096
catboost_diff_ds_g123m_m1,Общественное питание,1,H2,67.44464107973597,12096
catboost_diff_ds_g123m_m1,Общественное питание,3,H1,166.48716903065244,12096
catboost_diff_ds_g123m_m1,Общественное питание,3,H2,94.85652334286111,12096
catboost_diff_ds_g123m_m1,Общественное питание,6,H1,286.22115846960526,12096
catboost_diff_ds_g123m_m1,Общественное питание,6,H2,131.63312143307618,12096
catboost_diff_ds_g123m_m1,Общественное питание,12,H1,286.22115846960526,12096
catboost_diff_ds_g123m_m1,Общественное питание,12,H2,300.6245243703711,12096
catboost_diff_ds_g123m_m1,Здоровье,1,H1,127.72356597394,12096
catboost_diff_ds_g123m_m1,Здоровье,1,H2,95.76894953966706,12096
catboost_diff_ds_g123m_m1,Здоровье,3,H1,181.66046094055653,12096
catboost_diff_ds_g123m_m1,Здоровье,3,H2,103.88998680128047,12096
catboost_diff_ds_g123m_m1,Здоровье,6,H1,275.87855400003684,12096
catboost_diff_ds_g123m_m1,Здоровье,6,H2,137.22028625772327,12096
catboost_diff_ds_g123m_m1,Здоровье,12,H1,275.87855400003684,12096
catboost_diff_ds_g123m_m1,Здоровье,12,H2,226.75576959109932,12096
catboost_diff_ds_g123m_m1,Продовольствие,1,H1,385.36417555224125,12096
catboost_diff_ds_g123m_m1,Продовольствие,1,H2,368.5074012905222,12096
catboost_diff_ds_g123m_m1,Продовольствие,3,H1,554.0657699655301,12096
catboost_diff_ds_g123m_m1,Продовольствие,3,H2,587.0169911393954,12096
catboost_diff_ds_g123m_m1,Продовольствие,6,H1,1078.6480063064948,12096
catboost_diff_ds_g123m_m1,Продовольствие,6,H2,1014.0387245457887,12096
catboost_diff_ds_g123m_m1,Продовольствие,12,H1,1078.6480063064948,12096
catboost_diff_ds_g123m_m1,Продовольствие,12,H2,828.0134186457731,12096
catboost_diff_ds_g123m_m1,Транспорт,1,H1,79.12574493998505,12096
catboost_diff_ds_g123m_m1,Транспорт,1,H2,80.33712278693221,12096
catboost_diff_ds_g123m_m1,Транспорт,3,H1,105.46646270176815,12096
catboost_diff_ds_g123m_m1,Транспорт,3,H2,91.57497267023781,12096
catboost_diff_ds_g123m_m1,Транспорт,6,H1,118.60365789222308,12096
catboost_diff_ds_g123m_m1,Транспорт,6,H2,119.78112997744239,12096
catboost_diff_ds_g123m_m1,Транспорт,12,H1,118.60365789222308,12096
catboost_diff_ds_g123m_m1,Транспорт,12,H2,170.28880385957171,12096
catboost_diff_ds_g123m_m1,Маркетплейсы,1,H1,590.869467633172,12096
catboost_diff_ds_g123m_m1,Маркетплейсы,1,H2,340.98873095919527,12096
catboost_diff_ds_g123m_m1,Маркетплейсы,3,H1,928.454391211352,12096
catboost_diff_ds_g123m_m1,Маркетплейсы,3,H2,386.70070307734596,12096
catboost_diff_ds_g123m_m1,Маркетплейсы,6,H1,1272.0422262970644,12096
catboost_diff_ds_g123m_m1,Маркетплейсы,6,H2,485.33769037127826,12096
catboost_diff_ds_g123m_m1,Маркетплейсы,12,H1,1272.0422262970644,12096
catboost_diff_ds_g123m_m1,Маркетплейсы,12,H2,1376.1186665187765,12096
catboost_diff_ds_g123n,Все категории,1,H1,1198.6308151548453,12096
catboost_diff_ds_g123n,Все категории,1,H2,758.9894887168892,12096
catboost_diff_ds_g123n,Все категории,3,H1,1527.8110049998643,12096
catboost_diff_ds_g123n,Все категории,3,H2,999.2032794930144,12096
catboost_diff_ds_g123n,Все категории,6,H1,2658.517520086095,12096
catboost_diff_ds_g123n,Все категории,6,H2,1494.542958929399,12096
catboost_diff_ds_g123n,Все категории,12,H1,2658.517520086095,12096
catboost_diff_ds_g123n,Все категории,12,H2,3026.7000570710215,12096
catboost_diff_ds_g123n,Общественное питание,1,H1,93.05381355441503,12096
catboost_diff_ds_g123n,Общественное питание,1,H2,67.83555447706644,12096
catboost_diff_ds_g123n,Общественное питание,3,H1,183.09795742479767,12096
catboost_diff_ds_g123n,Общественное питание,3,H2,90.88732585172282,12096
catboost_diff_ds_g123n,Общественное питание,6,H1,323.5756168887523,12096
catboost_diff_ds_g123n,Общественное питание,6,H2,122.63714568933062,12096
catboost_diff_ds_g123n,Общественное питание,12,H1,323.5756168887523,12096
catboost_diff_ds_g123n,Общественное питание,12,H2,329.04954364958473,12096
catboost_diff_ds_g123n,Здоровье,1,H1,134.8456781567596,12096
catboost_diff_ds_g123n,Здоровье,1,H2,95.95826709183648,12096
catboost_diff_ds_g123n,Здоровье,3,H1,215.18125482871514,12096
catboost_diff_ds_g123n,Здоровье,3,H2,113.08696331585557,12096
catboost_diff_ds_g123n,Здоровье,6,H1,333.99416239999687,12096
catboost_diff_ds_g123n,Здоровье,6,H2,163.41784855563887,12096
catboost_diff_ds_g123n,Здоровье,12,H1,333.99416239999687,12096
catboost_diff_ds_g123n,Здоровье,12,H2,268.6018334498504,12096
catboost_diff_ds_g123n,Продовольствие,1,H1,394.2295587420083,12096
catboost_diff_ds_g123n,Продовольствие,1,H2,390.04564690632304,12096
catboost_diff_ds_g123n,Продовольствие,3,H1,663.830821202879,12096
catboost_diff_ds_g123n,Продовольствие,3,H2,572.0415374192988,12096
catboost_diff_ds_g123n,Продовольствие,6,H1,1325.055460848763,12096
catboost_diff_ds_g123n,Продовольствие,6,H2,897.8585691495048,12096
catboost_diff_ds_g123n,Продовольствие,12,H1,1325.055460848763,12096
catboost_diff_ds_g123n,Продовольствие,12,H2,1059.938021331262,12096
catboost_diff_ds_g123n,Транспорт,1,H1,78.84672328593936,12096
catboost_diff_ds_g123n,Транспорт,1,H2,79.429239273759,12096
catboost_diff_ds_g123n,Транспорт,3,H1,107.08598454055988,12096
catboost_diff_ds_g123n,Транспорт,3,H2,90.14774394773094,12096
catboost_diff_ds_g123n,Транспорт,6,H1,106.77555941015639,12096
catboost_diff_ds_g123n,Транспорт,6,H2,112.39164746210197,12096
catboost_diff_ds_g123n,Транспорт,12,H1,106.77555941015639,12096
catboost_diff_ds_g123n,Транспорт,12,H2,153.47753373862994,12096
catboost_diff_ds_g123n,Маркетплейсы,1,H1,577.2888292642662,12096
catboost_diff_ds_g123n,Маркетплейсы,1,H2,315.5153515694819,12096
catboost_diff_ds_g123n,Маркетплейсы,3,H1,814.7732614347833,12096
catboost_diff_ds_g123n,Маркетплейсы,3,H2,305.60334120511783,12096
catboost_diff_ds_g123n,Маркетплейсы,6,H1,975.7019768452664,12096
catboost_diff_ds_g123n,Маркетплейсы,6,H2,356.8207085718924,12096
catboost_diff_ds_g123n,Маркетплейсы,12,H1,975.7019768452664,12096
catboost_diff_ds_g123n,Маркетплейсы,12,H2,974.089169844502,12096
catboost_diff_ds_m1,Все категории,1,H1,1197.3967201667037,12096
catboost_diff_ds_m1,Все категории,1,H2,733.3403096651158,12096
catboost_diff_ds_m1,Все категории,3,H1,1417.9934788558069,12096
catboost_diff_ds_m1,Все категории,3,H2,968.7983797014498,12096
catboost_diff_ds_m1,Все категории,6,H1,2240.0284462709387,12096
catboost_diff_ds_m1,Все категории,6,H2,1341.784596958935,12096
catboost_diff_ds_m1,Все категории,12,H1,2240.0284462709387,12096
catboost_diff_ds_m1,Все категории,12,H2,2838.004601679614,12096
catboost_diff_ds_m1,Общественное питание,1,H1,93.29741560369435,12096
catboost_diff_ds_m1,Общественное питание,1,H2,68.81014923680918,12096
catboost_diff_ds_m1,Общественное питание,3,H1,173.13458135726546,12096
catboost_diff_ds_m1,Общественное питание,3,H2,90.37701750944828,12096
catboost_diff_ds_m1,Общественное питание,6,H1,275.68785269932107,12096
catboost_diff_ds_m1,Общественное питание,6,H2,125.51601691031314,12096
catboost_diff_ds_m1,Общественное питание,12,H1,275.68785269932107,12096
catboost_diff_ds_m1,Общественное питание,12,H2,300.19083429190255,12096
catboost_diff_ds_m1,Здоровье,1,H1,151.9415468323028,12096
catboost_diff_ds_m1,Здоровье,1,H2,96.06034926295443,12096
catboost_diff_ds_m1,Здоровье,3,H1,194.75588785621807,12096
catboost_diff_ds_m1,Здоровье,3,H2,106.52173924215236,12096
catboost_diff_ds_m1,Здоровье,6,H1,298.48594011541,12096
catboost_diff_ds_m1,Здоровье,6,H2,126.78025938159435,12096
catboost_diff_ds_m1,Здоровье,12,H1,298.48594011541,12096
catboost_diff_ds_m1,Здоровье,12,H2,247.40654879938788,12096
catboost_diff_ds_m1,Продовольствие,1,H1,363.03180137340075,12096
catboost_diff_ds_m1,Продовольствие,1,H2,392.6518853567037,12096
catboost_diff_ds_m1,Продовольствие,3,H1,588.309693283803,12096
catboost_diff_ds_m1,Продовольствие,3,H2,624.8403268465585,12096
catboost_diff_ds_m1,Продовольствие,6,H1,1011.075139140835,12096
catboost_diff_ds_m1,Продовольствие,6,H2,1086.5492230814145,12096
catboost_diff_ds_m1,Продовольствие,12,H1,1011.075139140835,12096
catboost_diff_ds_m1,Продовольствие,12,H2,838.3466392432952,12096
catboost_diff_ds_m1,Транспорт,1,H1,81.63700629001086,12096
catboost_diff_ds_m1,Транспорт,1,H2,80.53191717728764,12096
catboost_diff_ds_m1,Транспорт,3,H1,110.10761048926378,12096
catboost_diff_ds_m1,Транспорт,3,H2,92.01030135707545,12096
catboost_diff_ds_m1,Транспорт,6,H1,114.31579186364723,12096
catboost_diff_ds_m1,Транспорт,6,H2,116.8302938808298,12096
catboost_diff_ds_m1,Транспорт,12,H1,114.31579186364723,12096
catboost_diff_ds_m1,Транспорт,12,H2,168.2636739447732,12096
catboost_diff_ds_m1,Маркетплейсы,1,H1,615.4636396819387,12096
catboost_diff_ds_m1,Маркетплейсы,1,H2,333.61281404815094,12096
catboost_diff_ds_m1,Маркетплейсы,3,H1,762.8429165948811,12096
catboost_diff_ds_m1,Маркетплейсы,3,H2,349.3819704764218,12096
catboost_diff_ds_m1,Маркетплейсы,6,H1,900.3623626303244,12096
catboost_diff_ds_m1,Маркетплейсы,6,H2,453.77235697061116,12096
catboost_diff_ds_m1,Маркетплейсы,12,H1,900.3623626303244,12096
catboost_diff_ds_m1,Маркетплейсы,12,H2,1063.4685294934766,12096
catboost_diff_dsp,Все категории,1,H1,946.7605814368968,12096
catboost_diff_dsp,Все категории,1,H2,701.2162758404277,12096
catboost_diff_dsp,Все категории,3,H1,1179.820925564702,12096
catboost_diff_dsp,Все категории,3,H2,923.1043738154485,12096
catboost_diff_dsp,Все категории,6,H1,1699.5559700726135,12096
catboost_diff_dsp,Все категории,6,H2,1305.9527874427768,12096
catboost_diff_dsp,Все категории,12,H1,1699.5559700726135,12096
catboost_diff_dsp,Все категории,12,H2,2539.687460711647,12096
catboost_diff_dsp,Общественное питание,1,H1,94.36602586990992,12096
catboost_diff_dsp,Общественное питание,1,H2,69.41966889624508,12096
catboost_diff_dsp,Общественное питание,3,H1,190.46889877611392,12096
catboost_diff_dsp,Общественное питание,3,H2,103.70000173821151,12096
catboost_diff_dsp,Общественное питание,6,H1,317.19459372726567,12096
catboost_diff_dsp,Общественное питание,6,H2,129.1787498185212,12096
catboost_diff_dsp,Общественное питание,12,H1,317.19459372726567,12096
catboost_diff_dsp,Общественное питание,12,H2,289.6296423867998,12096
catboost_diff_dsp,Здоровье,1,H1,116.09776168652839,12096
catboost_diff_dsp,Здоровье,1,H2,82.20976046713955,12096
catboost_diff_dsp,Здоровье,3,H1,188.52197189135822,12096
catboost_diff_dsp,Здоровье,3,H2,80.53239032628841,12096
catboost_diff_dsp,Здоровье,6,H1,256.06826388439896,12096
catboost_diff_dsp,Здоровье,6,H2,86.71705526476777,12096
catboost_diff_dsp,Здоровье,12,H1,256.06826388439896,12096
catboost_diff_dsp,Здоровье,12,H2,229.8140558954504,12096
catboost_diff_dsp,Продовольствие,1,H1,287.33187310242107,12096
catboost_diff_dsp,Продовольствие,1,H2,310.80193340635844,12096
catboost_diff_dsp,Продовольствие,3,H1,435.6378997080558,12096
catboost_diff_dsp,Продовольствие,3,H2,461.89899907047766,12096
catboost_diff_dsp,Продовольствие,6,H1,823.0152733980069,12096
catboost_diff_dsp,Продовольствие,6,H2,589.4266821083191,12096
catboost_diff_dsp,Продовольствие,12,H1,823.0152733980069,12096
catboost_diff_dsp,Продовольствие,12,H2,787.6806430275806,12096
catboost_diff_dsp,Транспорт,1,H1,85.51287174690158,12096
catboost_diff_dsp,Транспорт,1,H2,76.88241302681297,12096
catboost_diff_dsp,Транспорт,3,H1,115.1224817722475,12096
catboost_diff_dsp,Транспорт,3,H2,92.97133925051543,12096
catboost_diff_dsp,Транспорт,6,H1,134.34845983907326,12096
catboost_diff_dsp,Транспорт,6,H2,104.18232416165914,12096
catboost_diff_dsp,Транспорт,12,H1,134.34845983907326,12096
catboost_diff_dsp,Транспорт,12,H2,194.94585633792073,12096
catboost_diff_dsp,Маркетплейсы,1,H1,480.51149542603866,12096
catboost_diff_dsp,Маркетплейсы,1,H2,356.0028327002982,12096
catboost_diff_dsp,Маркетплейсы,3,H1,886.52649091204,12096
catboost_diff_dsp,Маркетплейсы,3,H2,420.649606358788,12096
catboost_diff_dsp,Маркетплейсы,6,H1,1290.7370632403097,12096
catboost_diff_dsp,Маркетплейсы,6,H2,569.5381459167351,12096
catboost_diff_dsp,Маркетплейсы,12,H1,1290.7370632403097,12096
catboost_diff_dsp,Маркетплейсы,12,H2,1310.8119633111148,12096
catboost_diff_dsp_g123,Все категории,1,H1,952.9803602546247,12096
catboost_diff_dsp_g123,Все категории,1,H2,701.4909375921901,12096
catboost_diff_dsp_g123,Все категории,3,H1,1213.596581926645,12096
catboost_diff_dsp_g123,Все категории,3,H2,885.7173428854009,12096
catboost_diff_dsp_g123,Все категории,6,H1,1693.2586514239276,12096
catboost_diff_dsp_g123,Все категории,6,H2,1226.7560185053212,12096
catboost_diff_dsp_g123,Все категории,12,H1,1693.2586514239276,12096
catboost_diff_dsp_g123,Все категории,12,H2,2233.8721624238697,12096
catboost_diff_dsp_g123,Общественное питание,1,H1,92.19040848025496,12096
catboost_diff_dsp_g123,Общественное питание,1,H2,64.98454195074024,12096
catboost_diff_dsp_g123,Общественное питание,3,H1,189.68291992216672,12096
catboost_diff_dsp_g123,Общественное питание,3,H2,92.49663455999074,12096
catboost_diff_dsp_g123,Общественное питание,6,H1,329.64023708754894,12096
catboost_diff_dsp_g123,Общественное питание,6,H2,114.99347310366012,12096
catboost_diff_dsp_g123,Общественное питание,12,H1,329.64023708754894,12096
catboost_diff_dsp_g123,Общественное питание,12,H2,331.3060419246461,12096
catboost_diff_dsp_g123,Здоровье,1,H1,112.35477578760772,12096
catboost_diff_dsp_g123,Здоровье,1,H2,84.74896270677321,12096
catboost_diff_dsp_g123,Здоровье,3,H1,180.6843374952542,12096
catboost_diff_dsp_g123,Здоровье,3,H2,78.13081280157262,12096
catboost_diff_dsp_g123,Здоровье,6,H1,240.11542047978693,12096
catboost_diff_dsp_g123,Здоровье,6,H2,85.09245591411091,12096
catboost_diff_dsp_g123,Здоровье,12,H1,240.11542047978693,12096
catboost_diff_dsp_g123,Здоровье,12,H2,204.97811155048842,12096
catboost_diff_dsp_g123,Продовольствие,1,H1,284.76164895066466,12096
catboost_diff_dsp_g123,Продовольствие,1,H2,309.1669779902019,12096
catboost_diff_dsp_g123,Продовольствие,3,H1,436.5781657003497,12096
catboost_diff_dsp_g123,Продовольствие,3,H2,431.36134120675905,12096
catboost_diff_dsp_g123,Продовольствие,6,H1,805.177043202453,12096
catboost_diff_dsp_g123,Продовольствие,6,H2,549.5322852926429,12096
catboost_diff_dsp_g123,Продовольствие,12,H1,805.177043202453,12096
catboost_diff_dsp_g123,Продовольствие,12,H2,698.6198994081354,12096
catboost_diff_dsp_g123,Транспорт,1,H1,83.05559066952765,12096
catboost_diff_dsp_g123,Транспорт,1,H2,76.10145099092291,12096
catboost_diff_dsp_g123,Транспорт,3,H1,114.23553352156206,12096
catboost_diff_dsp_g123,Транспорт,3,H2,91.83736779078396,12096
catboost_diff_dsp_g123,Транспорт,6,H1,113.52185734482782,12096
catboost_diff_dsp_g123,Транспорт,6,H2,107.0934706364278,12096
catboost_diff_dsp_g123,Транспорт,12,H1,113.52185734482782,12096
catboost_diff_dsp_g123,Транспорт,12,H2,161.8675262302503,12096
catboost_diff_dsp_g123,Маркетплейсы,1,H1,485.27064991920275,12096
catboost_diff_dsp_g123,Маркетплейсы,1,H2,353.77055448014846,12096
catboost_diff_dsp_g123,Маркетплейсы,3,H1,868.1809880639994,12096
catboost_diff_dsp_g123,Маркетплейсы,3,H2,426.0376149928201,12096
catboost_diff_dsp_g123,Маркетплейсы,6,H1,1215.9343924107072,12096
catboost_diff_dsp_g123,Маркетплейсы,6,H2,606.7987925889186,12096
catboost_diff_dsp_g123,Маркетплейсы,12,H1,1215.9343924107072,12096
catboost_diff_dsp_g123,Маркетплейсы,12,H2,1098.430492827917,12096
catboost_diff_dsp_g123_dir,Все категории,1,H1,961.6901993305642,12096
catboost_diff_dsp_g123_dir,Все категории,1,H2,689.700943630027,12096
catboost_diff_dsp_g123_dir,Все категории,3,H1,1233.9641969776283,12096
catboost_diff_dsp_g123_dir,Все категории,3,H2,832.6348392938137,12096
catboost_diff_dsp_g123_dir,Все категории,6,H1,1724.0050512603102,12096
catboost_diff_dsp_g123_dir,Все категории,6,H2,1050.4399332541927,12096
catboost_diff_dsp_g123_dir,Все категории,12,H1,1724.0050512603102,12096
catboost_diff_dsp_g123_dir,Все категории,12,H2,2422.399222348446,12096
catboost_diff_dsp_g123_dir,Общественное питание,1,H1,87.17200451543957,12096
catboost_diff_dsp_g123_dir,Общественное питание,1,H2,64.74756088285525,12096
catboost_diff_dsp_g123_dir,Общественное питание,3,H1,174.13567464971956,12096
catboost_diff_dsp_g123_dir,Общественное питание,3,H2,88.94866234536785,12096
catboost_diff_dsp_g123_dir,Общественное питание,6,H1,296.75821526922914,12096
catboost_diff_dsp_g123_dir,Общественное питание,6,H2,111.24692977343865,12096
catboost_diff_dsp_g123_dir,Общественное питание,12,H1,296.75821526922914,12096
catboost_diff_dsp_g123_dir,Общественное питание,12,H2,394.3694852505094,12096
catboost_diff_dsp_g123_dir,Здоровье,1,H1,107.25344765586483,12096
catboost_diff_dsp_g123_dir,Здоровье,1,H2,84.1095764836178,12096
catboost_diff_dsp_g123_dir,Здоровье,3,H1,165.08358354503324,12096
catboost_diff_dsp_g123_dir,Здоровье,3,H2,81.47273659069556,12096
catboost_diff_dsp_g123_dir,Здоровье,6,H1,217.46564763482345,12096
catboost_diff_dsp_g123_dir,Здоровье,6,H2,92.4499027460974,12096
catboost_diff_dsp_g123_dir,Здоровье,12,H1,217.46564763482345,12096
catboost_diff_dsp_g123_dir,Здоровье,12,H2,299.90159470301705,12096
catboost_diff_dsp_g123_dir,Продовольствие,1,H1,292.56764197740387,12096
catboost_diff_dsp_g123_dir,Продовольствие,1,H2,309.8084633965623,12096
catboost_diff_dsp_g123_dir,Продовольствие,3,H1,501.0731253814488,12096
catboost_diff_dsp_g123_dir,Продовольствие,3,H2,416.26877046382543,12096
catboost_diff_dsp_g123_dir,Продовольствие,6,H1,904.395881851387,12096
catboost_diff_dsp_g123_dir,Продовольствие,6,H2,463.5876258339349,12096
catboost_diff_dsp_g123_dir,Продовольствие,12,H1,904.395881851387,12096
catboost_diff_dsp_g123_dir,Продовольствие,12,H2,827.7504258180643,12096
catboost_diff_dsp_g123_dir,Транспорт,1,H1,83.57881581153876,12096
catboost_diff_dsp_g123_dir,Транспорт,1,H2,76.5528476467672,12096
catboost_diff_dsp_g123_dir,Транспорт,3,H1,118.83726024323448,12096
catboost_diff_dsp_g123_dir,Транспорт,3,H2,92.73771321708143,12096
catboost_diff_dsp_g123_dir,Транспорт,6,H1,132.68871345735238,12096
catboost_diff_dsp_g123_dir,Транспорт,6,H2,104.90211336405493,12096
catboost_diff_dsp_g123_dir,Транспорт,12,H1,132.68871345735238,12096
catboost_diff_dsp_g123_dir,Транспорт,12,H2,201.0680578489468,12096
catboost_diff_dsp_g123_dir,Маркетплейсы,1,H1,481.7276847944426,12096
catboost_diff_dsp_g123_dir,Маркетплейсы,1,H2,345.98736824237426,12096
catboost_diff_dsp_g123_dir,Маркетплейсы,3,H1,789.2564998457245,12096
catboost_diff_dsp_g123_dir,Маркетплейсы,3,H2,367.974676927817,12096
catboost_diff_dsp_g123_dir,Маркетплейсы,6,H1,999.3087341827289,12096
catboost_diff_dsp_g123_dir,Маркетплейсы,6,H2,445.981614313804,12096
catboost_diff_dsp_g123_dir,Маркетплейсы,12,H1,999.3087341827289,12096
catboost_diff_dsp_g123_dir,Маркетплейсы,12,H2,1293.4708913934319,12096
catboost_diff_dsp_g123m,Все категории,1,H1,937.7968939514286,12096
catboost_diff_dsp_g123m,Все категории,1,H2,708.3401458155855,12096
catboost_diff_dsp_g123m,Все категории,3,H1,1072.7046923738178,12096
catboost_diff_dsp_g123m,Все категории,3,H2,883.7591448572397,12096
catboost_diff_dsp_g123m,Все категории,6,H1,1502.297835582821,12096
catboost_diff_dsp_g123m,Все категории,6,H2,1207.1165258432736,12096
catboost_diff_dsp_g123m,Все категории,12,H1,1502.297835582821,12096
catboost_diff_dsp_g123m,Все категории,12,H2,1846.9600162275751,12096
catboost_diff_dsp_g123m,Общественное питание,1,H1,91.15400918994882,12096
catboost_diff_dsp_g123m,Общественное питание,1,H2,65.96529988242482,12096
catboost_diff_dsp_g123m,Общественное питание,3,H1,189.28808187050373,12096
catboost_diff_dsp_g123m,Общественное питание,3,H2,95.7168923978238,12096
catboost_diff_dsp_g123m,Общественное питание,6,H1,325.00180230824867,12096
catboost_diff_dsp_g123m,Общественное питание,6,H2,114.83127490385709,12096
catboost_diff_dsp_g123m,Общественное питание,12,H1,325.00180230824867,12096
catboost_diff_dsp_g123m,Общественное питание,12,H2,310.80358804709124,12096
catboost_diff_dsp_g123m,Здоровье,1,H1,112.04418283621004,12096
catboost_diff_dsp_g123m,Здоровье,1,H2,82.3534904696595,12096
catboost_diff_dsp_g123m,Здоровье,3,H1,190.01458834466342,12096
catboost_diff_dsp_g123m,Здоровье,3,H2,79.47414148369674,12096
catboost_diff_dsp_g123m,Здоровье,6,H1,257.07316529243576,12096
catboost_diff_dsp_g123m,Здоровье,6,H2,87.38735171984537,12096
catboost_diff_dsp_g123m,Здоровье,12,H1,257.07316529243576,12096
catboost_diff_dsp_g123m,Здоровье,12,H2,239.13767534269454,12096
catboost_diff_dsp_g123m,Продовольствие,1,H1,280.97936938413045,12096
catboost_diff_dsp_g123m,Продовольствие,1,H2,309.2969981927125,12096
catboost_diff_dsp_g123m,Продовольствие,3,H1,415.5371383582919,12096
catboost_diff_dsp_g123m,Продовольствие,3,H2,432.5938186995217,12096
catboost_diff_dsp_g123m,Продовольствие,6,H1,737.0734114572854,12096
catboost_diff_dsp_g123m,Продовольствие,6,H2,591.9946210951342,12096
catboost_diff_dsp_g123m,Продовольствие,12,H1,737.0734114572854,12096
catboost_diff_dsp_g123m,Продовольствие,12,H2,612.8346213137805,12096
catboost_diff_dsp_g123m,Транспорт,1,H1,82.85917643406799,12096
catboost_diff_dsp_g123m,Транспорт,1,H2,75.88509498493185,12096
catboost_diff_dsp_g123m,Транспорт,3,H1,114.52577751059027,12096
catboost_diff_dsp_g123m,Транспорт,3,H2,94.41858531220828,12096
catboost_diff_dsp_g123m,Транспорт,6,H1,129.24195812042558,12096
catboost_diff_dsp_g123m,Транспорт,6,H2,109.15817421280045,12096
catboost_diff_dsp_g123m,Транспорт,12,H1,129.24195812042558,12096
catboost_diff_dsp_g123m,Транспорт,12,H2,183.42234527334344,12096
catboost_diff_dsp_g123m,Маркетплейсы,1,H1,481.54404116607196,12096
catboost_diff_dsp_g123m,Маркетплейсы,1,H2,348.7331026104785,12096
catboost_diff_dsp_g123m,Маркетплейсы,3,H1,893.920675806892,12096
catboost_diff_dsp_g123m,Маркетплейсы,3,H2,424.9776907856419,12096
catboost_diff_dsp_g123m,Маркетплейсы,6,H1,1298.037076675164,12096
catboost_diff_dsp_g123m,Маркетплейсы,6,H2,594.4096924629521,12096
catboost_diff_dsp_g123m,Маркетплейсы,12,H1,1298.037076675164,12096
catboost_diff_dsp_g123m,Маркетплейсы,12,H2,1231.054958796563,12096
catboost_diff_g1,Все категории,1,H1,2002.4139907720253,12096
catboost_diff_g1,Все категории,1,H2,1170.5201164817236,12096
catboost_diff_g1,Все категории,3,H1,3042.3075859624573,12096
catboost_diff_g1,Все категории,3,H2,1213.8806833457052,12096
catboost_diff_g1,Все категории,6,H1,3722.060766468346,12096
catboost_diff_g1,Все категории,6,H2,1314.235385885623,12096
catboost_diff_g1,Все категории,12,H1,3722.060766468346,12096
catboost_diff_g1,Все категории,12,H2,3394.5454693233605,12096
catboost_diff_g1,Общественное питание,1,H1,68.39908170437475,12096
catboost_diff_g1,Общественное питание,1,H2,68.79747250175392,12096
catboost_diff_g1,Общественное питание,3,H1,84.58582212229237,12096
catboost_diff_g1,Общественное питание,3,H2,90.03718098250025,12096
catboost_diff_g1,Общественное питание,6,H1,99.89552957793819,12096
catboost_diff_g1,Общественное питание,6,H2,114.01101196695157,12096
catboost_diff_g1,Общественное питание,12,H1,99.89552957793819,12096
catboost_diff_g1,Общественное питание,12,H2,133.48566817154332,12096
catboost_diff_g1,Здоровье,1,H1,95.74853046690608,12096
catboost_diff_g1,Здоровье,1,H2,79.41713311038528,12096
catboost_diff_g1,Здоровье,3,H1,98.43834600844801,12096
catboost_diff_g1,Здоровье,3,H2,81.61114756638128,12096
catboost_diff_g1,Здоровье,6,H1,111.19631347031182,12096
catboost_diff_g1,Здоровье,6,H2,85.97299197299249,12096
catboost_diff_g1,Здоровье,12,H1,111.19631347031182,12096
catboost_diff_g1,Здоровье,12,H2,130.18371887332177,12096
catboost_diff_g1,Продовольствие,1,H1,863.5003171019073,12096
catboost_diff_g1,Продовольствие,1,H2,481.08734191079526,12096
catboost_diff_g1,Продовольствие,3,H1,1429.692950749574,12096
catboost_diff_g1,Продовольствие,3,H2,650.8280532257174,12096
catboost_diff_g1,Продовольствие,6,H1,2051.4441129144184,12096
catboost_diff_g1,Продовольствие,6,H2,788.1792631870323,12096
catboost_diff_g1,Продовольствие,12,H1,2051.4441129144184,12096
catboost_diff_g1,Продовольствие,12,H2,1432.75615811612,12096
catboost_diff_g1,Транспорт,1,H1,104.20568550945985,12096
catboost_diff_g1,Транспорт,1,H2,78.65846296499926,12096
catboost_diff_g1,Транспорт,3,H1,158.48673565701347,12096
catboost_diff_g1,Транспорт,3,H2,91.33055928557592,12096
catboost_diff_g1,Транспорт,6,H1,153.0833406870729,12096
catboost_diff_g1,Транспорт,6,H2,115.01777275729427,12096
catboost_diff_g1,Транспорт,12,H1,153.0833406870729,12096
catboost_diff_g1,Транспорт,12,H2,170.7221120335788,12096
catboost_diff_g1,Маркетплейсы,1,H1,610.0492743941704,12096
catboost_diff_g1,Маркетплейсы,1,H2,321.8879191789787,12096
catboost_diff_g1,Маркетплейсы,3,H1,787.4583304280072,12096
catboost_diff_g1,Маркетплейсы,3,H2,327.41763175458897,12096
catboost_diff_g1,Маркетплейсы,6,H1,937.2627973009282,12096
catboost_diff_g1,Маркетплейсы,6,H2,374.9768162620469,12096
catboost_diff_g1,Маркетплейсы,12,H1,937.2627973009282,12096
catboost_diff_g1,Маркетплейсы,12,H2,982.7043066675255,12096
catboost_diff_g12,Все категории,1,H1,2045.9879951271212,12096
catboost_diff_g12,Все категории,1,H2,1233.4857519268583,12096
catboost_diff_g12,Все категории,3,H1,2895.089547913503,12096
catboost_diff_g12,Все категории,3,H2,1397.18675023599,12096
catboost_diff_g12,Все категории,6,H1,3221.7244349276075,12096
catboost_diff_g12,Все категории,6,H2,1304.3546676739766,12096
catboost_diff_g12,Все категории,12,H1,3221.7244349276075,12096
catboost_diff_g12,Все категории,12,H2,3045.4216594243576,12096
catboost_diff_g12,Общественное питание,1,H1,68.6098312697785,12096
catboost_diff_g12,Общественное питание,1,H2,70.5104734999704,12096
catboost_diff_g12,Общественное питание,3,H1,83.6632493305942,12096
catboost_diff_g12,Общественное питание,3,H2,95.64152030108268,12096
catboost_diff_g12,Общественное питание,6,H1,109.9573288713771,12096
catboost_diff_g12,Общественное питание,6,H2,123.24796334246993,12096
catboost_diff_g12,Общественное питание,12,H1,109.9573288713771,12096
catboost_diff_g12,Общественное питание,12,H2,146.1555586399682,12096
catboost_diff_g12,Здоровье,1,H1,90.97223033794153,12096
catboost_diff_g12,Здоровье,1,H2,80.30369041467648,12096
catboost_diff_g12,Здоровье,3,H1,95.73592272676888,12096
catboost_diff_g12,Здоровье,3,H2,80.27743101506435,12096
catboost_diff_g12,Здоровье,6,H1,105.8430802348254,12096
catboost_diff_g12,Здоровье,6,H2,85.97428936933282,12096
catboost_diff_g12,Здоровье,12,H1,105.8430802348254,12096
catboost_diff_g12,Здоровье,12,H2,131.82975365318762,12096
catboost_diff_g12,Продовольствие,1,H1,807.9238826775813,12096
catboost_diff_g12,Продовольствие,1,H2,452.9910901686105,12096
catboost_diff_g12,Продовольствие,3,H1,1403.9249647999975,12096
catboost_diff_g12,Продовольствие,3,H2,619.3078133925712,12096
catboost_diff_g12,Продовольствие,6,H1,1910.7945054162603,12096
catboost_diff_g12,Продовольствие,6,H2,774.9146596651027,12096
catboost_diff_g12,Продовольствие,12,H1,1910.7945054162603,12096
catboost_diff_g12,Продовольствие,12,H2,1186.952303295971,12096
catboost_diff_g12,Транспорт,1,H1,104.73730556483794,12096
catboost_diff_g12,Транспорт,1,H2,78.2526383025796,12096
catboost_diff_g12,Транспорт,3,H1,163.93675419975528,12096
catboost_diff_g12,Транспорт,3,H2,90.12734135085523,12096
catboost_diff_g12,Транспорт,6,H1,161.16568953659436,12096
catboost_diff_g12,Транспорт,6,H2,113.81532853134374,12096
catboost_diff_g12,Транспорт,12,H1,161.16568953659436,12096
catboost_diff_g12,Транспорт,12,H2,172.55283169441333,12096
catboost_diff_g12,Маркетплейсы,1,H1,584.6756852328889,12096
catboost_diff_g12,Маркетплейсы,1,H2,325.43958486012497,12096
catboost_diff_g12,Маркетплейсы,3,H1,780.1776750675127,12096
catboost_diff_g12,Маркетплейсы,3,H2,311.684183653913,12096
catboost_diff_g12,Маркетплейсы,6,H1,915.3537331309808,12096
catboost_diff_g12,Маркетплейсы,6,H2,347.82108511944966,12096
catboost_diff_g12,Маркетплейсы,12,H1,915.3537331309808,12096
catboost_diff_g12,Маркетплейсы,12,H2,932.8016920681373,12096
catboost_diff_g123,Все категории,1,H1,2364.5771988872716,12096
catboost_diff_g123,Все категории,1,H2,1167.5196789272925,12096
catboost_diff_g123,Все категории,3,H1,3926.463543955463,12096
catboost_diff_g123,Все категории,3,H2,1345.5354661060092,12096
catboost_diff_g123,Все категории,6,H1,4282.334602455306,12096
catboost_diff_g123,Все категории,6,H2,1386.8227305659625,12096
catboost_diff_g123,Все категории,12,H1,4282.334602455306,12096
catboost_diff_g123,Все категории,12,H2,4083.815538352152,12096
catboost_diff_g123,Общественное питание,1,H1,69.9940622783676,12096
catboost_diff_g123,Общественное питание,1,H2,70.21797612756691,12096
catboost_diff_g123,Общественное питание,3,H1,86.44609850937717,12096
catboost_diff_g123,Общественное питание,3,H2,93.43999491296,12096
catboost_diff_g123,Общественное питание,6,H1,101.38300552008214,12096
catboost_diff_g123,Общественное питание,6,H2,118.501541460553,12096
catboost_diff_g123,Общественное питание,12,H1,101.38300552008214,12096
catboost_diff_g123,Общественное питание,12,H2,130.98300935746786,12096
catboost_diff_g123,Здоровье,1,H1,91.48181454372008,12096
catboost_diff_g123,Здоровье,1,H2,78.49633182605471,12096
catboost_diff_g123,Здоровье,3,H1,95.82771391088514,12096
catboost_diff_g123,Здоровье,3,H2,78.83005638946445,12096
catboost_diff_g123,Здоровье,6,H1,114.32912254982784,12096
catboost_diff_g123,Здоровье,6,H2,85.04021027810978,12096
catboost_diff_g123,Здоровье,12,H1,114.32912254982784,12096
catboost_diff_g123,Здоровье,12,H2,130.2259563569774,12096
catboost_diff_g123,Продовольствие,1,H1,865.5627364872311,12096
catboost_diff_g123,Продовольствие,1,H2,419.42336694717625,12096
catboost_diff_g123,Продовольствие,3,H1,1532.686553865699,12096
catboost_diff_g123,Продовольствие,3,H2,628.4442705089045,12096
catboost_diff_g123,Продовольствие,6,H1,2277.339864101933,12096
catboost_diff_g123,Продовольствие,6,H2,778.1459773399246,12096
catboost_diff_g123,Продовольствие,12,H1,2277.339864101933,12096
catboost_diff_g123,Продовольствие,12,H2,1889.6084284568396,12096
catboost_diff_g123,Транспорт,1,H1,102.08751165718438,12096
catboost_diff_g123,Транспорт,1,H2,78.44347750940254,12096
catboost_diff_g123,Транспорт,3,H1,154.12108078191883,12096
catboost_diff_g123,Транспорт,3,H2,90.06017915069904,12096
catboost_diff_g123,Транспорт,6,H1,152.91157515216375,12096
catboost_diff_g123,Транспорт,6,H2,112.11494629219746,12096
catboost_diff_g123,Транспорт,12,H1,152.91157515216375,12096
catboost_diff_g123,Транспорт,12,H2,171.6902379557529,12096
catboost_diff_g123,Маркетплейсы,1,H1,570.7193989905757,12096
catboost_diff_g123,Маркетплейсы,1,H2,317.7902996247365,12096
catboost_diff_g123,Маркетплейсы,3,H1,831.9260688306995,12096
catboost_diff_g123,Маркетплейсы,3,H2,320.5813126608526,12096
catboost_diff_g123,Маркетплейсы,6,H1,941.5718490920743,12096
catboost_diff_g123,Маркетплейсы,6,H2,347.4622670313278,12096
catboost_diff_g123,Маркетплейсы,12,H1,941.5718490920743,12096
catboost_diff_g123,Маркетплейсы,12,H2,987.4296265023787,12096
catboost_diff_g1234,Все категории,1,H1,2217.8055678007045,12096
catboost_diff_g1234,Все категории,1,H2,1138.4584026517184,12096
catboost_diff_g1234,Все категории,3,H1,3309.209224228469,12096
catboost_diff_g1234,Все категории,3,H2,1582.4776361063455,12096
catboost_diff_g1234,Все категории,6,H1,3691.1262245870307,12096
catboost_diff_g1234,Все категории,6,H2,1489.2753320311276,12096
catboost_diff_g1234,Все категории,12,H1,3691.1262245870307,12096
catboost_diff_g1234,Все категории,12,H2,3833.6042871270765,12096
catboost_diff_g1234,Общественное питание,1,H1,68.81336458585153,12096
catboost_diff_g1234,Общественное питание,1,H2,69.24295210072252,12096
catboost_diff_g1234,Общественное питание,3,H1,86.83113635323541,12096
catboost_diff_g1234,Общественное питание,3,H2,88.69494739531858,12096
catboost_diff_g1234,Общественное питание,6,H1,99.7772342294337,12096
catboost_diff_g1234,Общественное питание,6,H2,107.96230121481624,12096
catboost_diff_g1234,Общественное питание,12,H1,99.7772342294337,12096
catboost_diff_g1234,Общественное питание,12,H2,128.97798463477636,12096
catboost_diff_g1234,Здоровье,1,H1,92.25014840302107,12096
catboost_diff_g1234,Здоровье,1,H2,80.48051386288664,12096
catboost_diff_g1234,Здоровье,3,H1,93.4799460175582,12096
catboost_diff_g1234,Здоровье,3,H2,81.21790270120877,12096
catboost_diff_g1234,Здоровье,6,H1,112.19267856755626,12096
catboost_diff_g1234,Здоровье,6,H2,85.17857486138514,12096
catboost_diff_g1234,Здоровье,12,H1,112.19267856755626,12096
catboost_diff_g1234,Здоровье,12,H2,127.02630295268249,12096
catboost_diff_g1234,Продовольствие,1,H1,843.5171198001253,12096
catboost_diff_g1234,Продовольствие,1,H2,404.6334622013672,12096
catboost_diff_g1234,Продовольствие,3,H1,1618.987908368885,12096
catboost_diff_g1234,Продовольствие,3,H2,621.1307501175323,12096
catboost_diff_g1234,Продовольствие,6,H1,2621.0338011449753,12096
catboost_diff_g1234,Продовольствие,6,H2,778.8238594939174,12096
catboost_diff_g1234,Продовольствие,12,H1,2621.0338011449753,12096
catboost_diff_g1234,Продовольствие,12,H2,2097.369146137474,12096
catboost_diff_g1234,Транспорт,1,H1,103.8522600604949,12096
catboost_diff_g1234,Транспорт,1,H2,77.80382462154347,12096
catboost_diff_g1234,Транспорт,3,H1,166.65728537404706,12096
catboost_diff_g1234,Транспорт,3,H2,90.2511305121823,12096
catboost_diff_g1234,Транспорт,6,H1,167.71585792851158,12096
catboost_diff_g1234,Транспорт,6,H2,112.97799357186582,12096
catboost_diff_g1234,Транспорт,12,H1,167.71585792851158,12096
catboost_diff_g1234,Транспорт,12,H2,173.98106226881862,12096
catboost_diff_g1234,Маркетплейсы,1,H1,594.129776385722,12096
catboost_diff_g1234,Маркетплейсы,1,H2,319.96707833302656,12096
catboost_diff_g1234,Маркетплейсы,3,H1,834.7421084687522,12096
catboost_diff_g1234,Маркетплейсы,3,H2,309.5065770381518,12096
catboost_diff_g1234,Маркетплейсы,6,H1,965.841604132762,12096
catboost_diff_g1234,Маркетплейсы,6,H2,345.91249008393817,12096
catboost_diff_g1234,Маркетплейсы,12,H1,965.841604132762,12096
catboost_diff_g1234,Маркетплейсы,12,H2,937.1926580954541,12096
catboost_diff_g1234_dir,Все категории,1,H1,2125.4222761811798,12096
catboost_diff_g1234_dir,Все категории,1,H2,1094.939666043903,12096
catboost_diff_g1234_dir,Все категории,3,H1,3027.3627187503357,12096
catboost_diff_g1234_dir,Все категории,3,H2,903.3906154823462,12096
catboost_diff_g1234_dir,Все категории,6,H1,3684.942803959769,12096
catboost_diff_g1234_dir,Все категории,6,H2,1049.2580701139889,12096
catboost_diff_g1234_dir,Все категории,12,H1,3684.942803959769,12096
catboost_diff_g1234_dir,Все категории,12,H2,3509.8032240966327,12096
catboost_diff_g1234_dir,Общественное питание,1,H1,66.17705624713487,12096
catboost_diff_g1234_dir,Общественное питание,1,H2,69.18154815316754,12096
catboost_diff_g1234_dir,Общественное питание,3,H1,88.7946731820482,12096
catboost_diff_g1234_dir,Общественное питание,3,H2,97.17361397049594,12096
catboost_diff_g1234_dir,Общественное питание,6,H1,133.21372054798476,12096
catboost_diff_g1234_dir,Общественное питание,6,H2,136.38142197793766,12096
catboost_diff_g1234_dir,Общественное питание,12,H1,133.21372054798476,12096
catboost_diff_g1234_dir,Общественное питание,12,H2,245.8031046903734,12096
catboost_diff_g1234_dir,Здоровье,1,H1,88.15492997837158,12096
catboost_diff_g1234_dir,Здоровье,1,H2,81.93170970169963,12096
catboost_diff_g1234_dir,Здоровье,3,H1,95.55826036962867,12096
catboost_diff_g1234_dir,Здоровье,3,H2,87.28038822009054,12096
catboost_diff_g1234_dir,Здоровье,6,H1,168.38282662586394,12096
catboost_diff_g1234_dir,Здоровье,6,H2,110.29702000076067,12096
catboost_diff_g1234_dir,Здоровье,12,H1,168.38282662586394,12096
catboost_diff_g1234_dir,Здоровье,12,H2,215.52327785076577,12096
catboost_diff_g1234_dir,Продовольствие,1,H1,903.7403324377005,12096
catboost_diff_g1234_dir,Продовольствие,1,H2,465.4099366417217,12096
catboost_diff_g1234_dir,Продовольствие,3,H1,1619.5540450982749,12096
catboost_diff_g1234_dir,Продовольствие,3,H2,577.3400066405482,12096
catboost_diff_g1234_dir,Продовольствие,6,H1,2254.656166716887,12096
catboost_diff_g1234_dir,Продовольствие,6,H2,726.6406792160883,12096
catboost_diff_g1234_dir,Продовольствие,12,H1,2254.656166716887,12096
catboost_diff_g1234_dir,Продовольствие,12,H2,2741.1230625535763,12096
catboost_diff_g1234_dir,Транспорт,1,H1,98.58377232153964,12096
catboost_diff_g1234_dir,Транспорт,1,H2,81.00615991182696,12096
catboost_diff_g1234_dir,Транспорт,3,H1,152.14458459741806,12096
catboost_diff_g1234_dir,Транспорт,3,H2,99.87859749312277,12096
catboost_diff_g1234_dir,Транспорт,6,H1,164.0322125281242,12096
catboost_diff_g1234_dir,Транспорт,6,H2,127.67519209188865,12096
catboost_diff_g1234_dir,Транспорт,12,H1,164.0322125281242,12096
catboost_diff_g1234_dir,Транспорт,12,H2,208.29093561134948,12096
catboost_diff_g1234_dir,Маркетплейсы,1,H1,520.3134937076524,12096
catboost_diff_g1234_dir,Маркетплейсы,1,H2,316.5467869674362,12096
catboost_diff_g1234_dir,Маркетплейсы,3,H1,801.1098927633958,12096
catboost_diff_g1234_dir,Маркетплейсы,3,H2,312.52322925224706,12096
catboost_diff_g1234_dir,Маркетплейсы,6,H1,931.2603693688156,12096
catboost_diff_g1234_dir,Маркетплейсы,6,H2,369.21802897965773,12096
catboost_diff_g1234_dir,Маркетплейсы,12,H1,931.2603693688156,12096
catboost_diff_g1234_dir,Маркетплейсы,12,H2,1496.4550900780632,12096
catboost_diff_g1234_m1,Все категории,1,H1,2137.6021069610943,12096
catboost_diff_g1234_m1,Все категории,1,H2,1210.4925005879766,12096
catboost_diff_g1234_m1,Все категории,3,H1,3735.3251683798203,12096
catboost_diff_g1234_m1,Все категории,3,H2,1266.168460219572,12096
catboost_diff_g1234_m1,Все категории,6,H1,4359.795603971316,12096
catboost_diff_g1234_m1,Все категории,6,H2,1250.61304501572,12096
catboost_diff_g1234_m1,Все категории,12,H1,4359.795603971316,12096
catboost_diff_g1234_m1,Все категории,12,H2,3838.283692943646,12096
catboost_diff_g1234_m1,Общественное питание,1,H1,65.17961022237033,12096
catboost_diff_g1234_m1,Общественное питание,1,H2,71.3211540320838,12096
catboost_diff_g1234_m1,Общественное питание,3,H1,75.69489128594843,12096
catboost_diff_g1234_m1,Общественное питание,3,H2,90.7056587325649,12096
catboost_diff_g1234_m1,Общественное питание,6,H1,114.13413645915273,12096
catboost_diff_g1234_m1,Общественное питание,6,H2,124.79308571100295,12096
catboost_diff_g1234_m1,Общественное питание,12,H1,114.13413645915273,12096
catboost_diff_g1234_m1,Общественное питание,12,H2,146.99081930939937,12096
catboost_diff_g1234_m1,Здоровье,1,H1,84.47422049903581,12096
catboost_diff_g1234_m1,Здоровье,1,H2,78.10306064032653,12096
catboost_diff_g1234_m1,Здоровье,3,H1,98.30803879736209,12096
catboost_diff_g1234_m1,Здоровье,3,H2,82.02731772682338,12096
catboost_diff_g1234_m1,Здоровье,6,H1,110.16424675235513,12096
catboost_diff_g1234_m1,Здоровье,6,H2,86.34462534866327,12096
catboost_diff_g1234_m1,Здоровье,12,H1,110.16424675235513,12096
catboost_diff_g1234_m1,Здоровье,12,H2,133.46367060859188,12096
catboost_diff_g1234_m1,Продовольствие,1,H1,796.0555259910535,12096
catboost_diff_g1234_m1,Продовольствие,1,H2,350.54124643240124,12096
catboost_diff_g1234_m1,Продовольствие,3,H1,1761.1385262113104,12096
catboost_diff_g1234_m1,Продовольствие,3,H2,539.1105227543726,12096
catboost_diff_g1234_m1,Продовольствие,6,H1,2770.6042370027258,12096
catboost_diff_g1234_m1,Продовольствие,6,H2,671.5546574631691,12096
catboost_diff_g1234_m1,Продовольствие,12,H1,2770.6042370027258,12096
catboost_diff_g1234_m1,Продовольствие,12,H2,2086.0803151259497,12096
catboost_diff_g1234_m1,Транспорт,1,H1,103.72301265293486,12096
catboost_diff_g1234_m1,Транспорт,1,H2,79.22304316856628,12096
catboost_diff_g1234_m1,Транспорт,3,H1,140.27745037467272,12096
catboost_diff_g1234_m1,Транспорт,3,H2,92.40404144956675,12096
catboost_diff_g1234_m1,Транспорт,6,H1,135.86787610105907,12096
catboost_diff_g1234_m1,Транспорт,6,H2,112.45118420095704,12096
catboost_diff_g1234_m1,Транспорт,12,H1,135.86787610105907,12096
catboost_diff_g1234_m1,Транспорт,12,H2,157.39940219059366,12096
catboost_diff_g1234_m1,Маркетплейсы,1,H1,545.1372873447563,12096
catboost_diff_g1234_m1,Маркетплейсы,1,H2,330.1088295116521,12096
catboost_diff_g1234_m1,Маркетплейсы,3,H1,774.8434713359401,12096
catboost_diff_g1234_m1,Маркетплейсы,3,H2,345.6422139380389,12096
catboost_diff_g1234_m1,Маркетплейсы,6,H1,966.8845324636482,12096
catboost_diff_g1234_m1,Маркетплейсы,6,H2,376.31345941718587,12096
catboost_diff_g1234_m1,Маркетплейсы,12,H1,966.8845324636482,12096
catboost_diff_g1234_m1,Маркетплейсы,12,H2,946.2364098727643,12096
catboost_diff_g1234m,Все категории,1,H1,1958.7081738550382,12096
catboost_diff_g1234m,Все категории,1,H2,1127.2544658652369,12096
catboost_diff_g1234m,Все категории,3,H1,3255.871461282098,12096
catboost_diff_g1234m,Все категории,3,H2,1445.6766780317116,12096
catboost_diff_g1234m,Все категории,6,H1,4492.53749058474,12096
catboost_diff_g1234m,Все категории,6,H2,1286.1530976995457,12096
catboost_diff_g1234m,Все категории,12,H1,4492.53749058474,12096
catboost_diff_g1234m,Все категории,12,H2,4475.0843184138685,12096
catboost_diff_g1234m,Общественное питание,1,H1,66.42397914142805,12096
catboost_diff_g1234m,Общественное питание,1,H2,72.20698953427336,12096
catboost_diff_g1234m,Общественное питание,3,H1,82.0340027738771,12096
catboost_diff_g1234m,Общественное питание,3,H2,98.45710419660641,12096
catboost_diff_g1234m,Общественное питание,6,H1,94.71057076918902,12096
catboost_diff_g1234m,Общественное питание,6,H2,130.03660299479156,12096
catboost_diff_g1234m,Общественное питание,12,H1,94.71057076918902,12096
catboost_diff_g1234m,Общественное питание,12,H2,120.89414815478206,12096
catboost_diff_g1234m,Здоровье,1,H1,92.4985328016248,12096
catboost_diff_g1234m,Здоровье,1,H2,80.48327374665408,12096
catboost_diff_g1234m,Здоровье,3,H1,98.38265180836932,12096
catboost_diff_g1234m,Здоровье,3,H2,82.8004632303521,12096
catboost_diff_g1234m,Здоровье,6,H1,106.78908576622784,12096
catboost_diff_g1234m,Здоровье,6,H2,87.04752418594462,12096
catboost_diff_g1234m,Здоровье,12,H1,106.78908576622784,12096
catboost_diff_g1234m,Здоровье,12,H2,140.37433994067203,12096
catboost_diff_g1234m,Продовольствие,1,H1,814.4196967095764,12096
catboost_diff_g1234m,Продовольствие,1,H2,471.5469340226725,12096
catboost_diff_g1234m,Продовольствие,3,H1,1788.3440409611014,12096
catboost_diff_g1234m,Продовольствие,3,H2,635.9269299304216,12096
catboost_diff_g1234m,Продовольствие,6,H1,2974.0073452708607,12096
catboost_diff_g1234m,Продовольствие,6,H2,811.7689246023333,12096
catboost_diff_g1234m,Продовольствие,12,H1,2974.0073452708607,12096
catboost_diff_g1234m,Продовольствие,12,H2,2250.463586248011,12096
catboost_diff_g1234m,Транспорт,1,H1,106.80926612037453,12096
catboost_diff_g1234m,Транспорт,1,H2,78.44891018278521,12096
catboost_diff_g1234m,Транспорт,3,H1,163.43819745023995,12096
catboost_diff_g1234m,Транспорт,3,H2,89.22138529645838,12096
catboost_diff_g1234m,Транспорт,6,H1,162.84261865283835,12096
catboost_diff_g1234m,Транспорт,6,H2,110.00582063577656,12096
catboost_diff_g1234m,Транспорт,12,H1,162.84261865283835,12096
catboost_diff_g1234m,Транспорт,12,H2,188.75014999820596,12096
catboost_diff_g1234m,Маркетплейсы,1,H1,620.6041342418143,12096
catboost_diff_g1234m,Маркетплейсы,1,H2,319.9563891043587,12096
catboost_diff_g1234m,Маркетплейсы,3,H1,951.0793052841935,12096
catboost_diff_g1234m,Маркетплейсы,3,H2,314.6479971032835,12096
catboost_diff_g1234m,Маркетплейсы,6,H1,1292.0127102252318,12096
catboost_diff_g1234m,Маркетплейсы,6,H2,347.60646593832877,12096
catboost_diff_g1234m,Маркетплейсы,12,H1,1292.0127102252318,12096
catboost_diff_g1234m,Маркетплейсы,12,H2,1364.0762946397394,12096
catboost_diff_g123_m1,Все категории,1,H1,1961.8207068827119,12096
catboost_diff_g123_m1,Все категории,1,H2,1131.3001633019737,12096
catboost_diff_g123_m1,Все категории,3,H1,3707.9820560330613,12096
catboost_diff_g123_m1,Все категории,3,H2,1209.699093214611,12096
catboost_diff_g123_m1,Все категории,6,H1,4457.921191865932,12096
catboost_diff_g123_m1,Все категории,6,H2,1235.2853924270878,12096
catboost_diff_g123_m1,Все категории,12,H1,4457.921191865932,12096
catboost_diff_g123_m1,Все категории,12,H2,3973.094135523185,12096
catboost_diff_g123_m1,Общественное питание,1,H1,65.422164270978,12096
catboost_diff_g123_m1,Общественное питание,1,H2,69.93326673179843,12096
catboost_diff_g123_m1,Общественное питание,3,H1,76.34911463989702,12096
catboost_diff_g123_m1,Общественное питание,3,H2,91.61007288816137,12096
catboost_diff_g123_m1,Общественное питание,6,H1,118.39440392005962,12096
catboost_diff_g123_m1,Общественное питание,6,H2,124.68956514402863,12096
catboost_diff_g123_m1,Общественное питание,12,H1,118.39440392005962,12096
catboost_diff_g123_m1,Общественное питание,12,H2,149.53833789953973,12096
catboost_diff_g123_m1,Здоровье,1,H1,86.21910862083068,12096
catboost_diff_g123_m1,Здоровье,1,H2,84.21691232088901,12096
catboost_diff_g123_m1,Здоровье,3,H1,98.74368176352675,12096
catboost_diff_g123_m1,Здоровье,3,H2,81.24257014476254,12096
catboost_diff_g123_m1,Здоровье,6,H1,102.7538937299923,12096
catboost_diff_g123_m1,Здоровье,6,H2,86.8965336838251,12096
catboost_diff_g123_m1,Здоровье,12,H1,102.7538937299923,12096
catboost_diff_g123_m1,Здоровье,12,H2,126.080509696256,12096
catboost_diff_g123_m1,Продовольствие,1,H1,782.7704011087351,12096
catboost_diff_g123_m1,Продовольствие,1,H2,343.81874740566354,12096
catboost_diff_g123_m1,Продовольствие,3,H1,1678.1956776244851,12096
catboost_diff_g123_m1,Продовольствие,3,H2,542.4931490034232,12096
catboost_diff_g123_m1,Продовольствие,6,H1,2543.9156918310628,12096
catboost_diff_g123_m1,Продовольствие,6,H2,707.8136109599037,12096
catboost_diff_g123_m1,Продовольствие,12,H1,2543.9156918310628,12096
catboost_diff_g123_m1,Продовольствие,12,H2,1930.8308598001393,12096
catboost_diff_g123_m1,Транспорт,1,H1,101.76766462456911,12096
catboost_diff_g123_m1,Транспорт,1,H2,78.62835696956851,12096
catboost_diff_g123_m1,Транспорт,3,H1,140.80459964145996,12096
catboost_diff_g123_m1,Транспорт,3,H2,89.96702506078954,12096
catboost_diff_g123_m1,Транспорт,6,H1,134.35232810065034,12096
catboost_diff_g123_m1,Транспорт,6,H2,109.50743119433622,12096
catboost_diff_g123_m1,Транспорт,12,H1,134.35232810065034,12096
catboost_diff_g123_m1,Транспорт,12,H2,155.82607528492284,12096
catboost_diff_g123_m1,Маркетплейсы,1,H1,538.0818098133666,12096
catboost_diff_g123_m1,Маркетплейсы,1,H2,321.10238065100583,12096
catboost_diff_g123_m1,Маркетплейсы,3,H1,780.7817300826648,12096
catboost_diff_g123_m1,Маркетплейсы,3,H2,333.07517290084803,12096
catboost_diff_g123_m1,Маркетплейсы,6,H1,917.8999623246935,12096
catboost_diff_g123_m1,Маркетплейсы,6,H2,359.54919146989624,12096
catboost_diff_g123_m1,Маркетплейсы,12,H1,917.8999623246935,12096
catboost_diff_g123_m1,Маркетплейсы,12,H2,900.7995301135102,12096
catboost_diff_g1_m1,Все категории,1,H1,1989.4686823991394,12096
catboost_diff_g1_m1,Все категории,1,H2,1099.6051504374966,12096
catboost_diff_g1_m1,Все категории,3,H1,3770.4896295366957,12096
catboost_diff_g1_m1,Все категории,3,H2,1118.7664806044397,12096
catboost_diff_g1_m1,Все категории,6,H1,4533.097625195663,12096
catboost_diff_g1_m1,Все категории,6,H2,1237.318728824833,12096
catboost_diff_g1_m1,Все категории,12,H1,4533.097625195663,12096
catboost_diff_g1_m1,Все категории,12,H2,3964.995137683142,12096
catboost_diff_g1_m1,Общественное питание,1,H1,66.31043884411503,12096
catboost_diff_g1_m1,Общественное питание,1,H2,69.97183995652314,12096
catboost_diff_g1_m1,Общественное питание,3,H1,75.0294868197815,12096
catboost_diff_g1_m1,Общественное питание,3,H2,89.46366838549022,12096
catboost_diff_g1_m1,Общественное питание,6,H1,104.9270467168722,12096
catboost_diff_g1_m1,Общественное питание,6,H2,120.69186110797146,12096
catboost_diff_g1_m1,Общественное питание,12,H1,104.9270467168722,12096
catboost_diff_g1_m1,Общественное питание,12,H2,134.0413051754325,12096
catboost_diff_g1_m1,Здоровье,1,H1,86.25838939308484,12096
catboost_diff_g1_m1,Здоровье,1,H2,82.85069480734411,12096
catboost_diff_g1_m1,Здоровье,3,H1,107.3211773787189,12096
catboost_diff_g1_m1,Здоровье,3,H2,80.5593889152984,12096
catboost_diff_g1_m1,Здоровье,6,H1,112.6722803038618,12096
catboost_diff_g1_m1,Здоровье,6,H2,87.84544926985195,12096
catboost_diff_g1_m1,Здоровье,12,H1,112.6722803038618,12096
catboost_diff_g1_m1,Здоровье,12,H2,133.41186509425435,12096
catboost_diff_g1_m1,Продовольствие,1,H1,799.3907866971749,12096
catboost_diff_g1_m1,Продовольствие,1,H2,382.88132834294925,12096
catboost_diff_g1_m1,Продовольствие,3,H1,1493.4716300380278,12096
catboost_diff_g1_m1,Продовольствие,3,H2,568.7874650174083,12096
catboost_diff_g1_m1,Продовольствие,6,H1,2069.6116930079324,12096
catboost_diff_g1_m1,Продовольствие,6,H2,747.3603881082315,12096
catboost_diff_g1_m1,Продовольствие,12,H1,2069.6116930079324,12096
catboost_diff_g1_m1,Продовольствие,12,H2,1353.5166436032564,12096
catboost_diff_g1_m1,Транспорт,1,H1,104.45332886452809,12096
catboost_diff_g1_m1,Транспорт,1,H2,78.22906364726643,12096
catboost_diff_g1_m1,Транспорт,3,H1,143.5252065323026,12096
catboost_diff_g1_m1,Транспорт,3,H2,89.83542190395133,12096
catboost_diff_g1_m1,Транспорт,6,H1,141.54359555830848,12096
catboost_diff_g1_m1,Транспорт,6,H2,108.7676984534261,12096
catboost_diff_g1_m1,Транспорт,12,H1,141.54359555830848,12096
catboost_diff_g1_m1,Транспорт,12,H2,163.15775943704813,12096
catboost_diff_g1_m1,Маркетплейсы,1,H1,579.064265187926,12096
catboost_diff_g1_m1,Маркетплейсы,1,H2,322.8204484486133,12096
catboost_diff_g1_m1,Маркетплейсы,3,H1,741.9705307791804,12096
catboost_diff_g1_m1,Маркетплейсы,3,H2,338.29846016444105,12096
catboost_diff_g1_m1,Маркетплейсы,6,H1,854.0786325306964,12096
catboost_diff_g1_m1,Маркетплейсы,6,H2,355.5670535284872,12096
catboost_diff_g1_m1,Маркетплейсы,12,H1,854.0786325306964,12096
catboost_diff_g1_m1,Маркетплейсы,12,H2,811.8902745002945,12096
catboost_diff_m1,Все категории,1,H1,1795.903589233023,12096
catboost_diff_m1,Все категории,1,H2,1036.533974796542,12096
catboost_diff_m1,Все категории,3,H1,2949.0172370229675,12096
catboost_diff_m1,Все категории,3,H2,1083.7947850740686,12096
catboost_diff_m1,Все категории,6,H1,4211.459086125224,12096
catboost_diff_m1,Все категории,6,H2,1216.2720777714148,12096
catboost_diff_m1,Все категории,12,H1,4211.459086125224,12096
catboost_diff_m1,Все категории,12,H2,3720.9111992362787,12096
catboost_diff_m1,Общественное питание,1,H1,67.35310218448437,12096
catboost_diff_m1,Общественное питание,1,H2,72.0036403966984,12096
catboost_diff_m1,Общественное питание,3,H1,79.72862568786192,12096
catboost_diff_m1,Общественное питание,3,H2,93.00773069928017,12096
catboost_diff_m1,Общественное питание,6,H1,122.47010837305885,12096
catboost_diff_m1,Общественное питание,6,H2,128.05404458444656,12096
catboost_diff_m1,Общественное питание,12,H1,122.47010837305885,12096
catboost_diff_m1,Общественное питание,12,H2,166.7431529390651,12096
catboost_diff_m1,Здоровье,1,H1,84.98078679534444,12096
catboost_diff_m1,Здоровье,1,H2,81.93700636736973,12096
catboost_diff_m1,Здоровье,3,H1,99.53949070394599,12096
catboost_diff_m1,Здоровье,3,H2,80.24535937337896,12096
catboost_diff_m1,Здоровье,6,H1,111.18636356572998,12096
catboost_diff_m1,Здоровье,6,H2,87.91424011544925,12096
catboost_diff_m1,Здоровье,12,H1,111.18636356572998,12096
catboost_diff_m1,Здоровье,12,H2,138.5254165947986,12096
catboost_diff_m1,Продовольствие,1,H1,778.4047945574696,12096
catboost_diff_m1,Продовольствие,1,H2,536.8632963183561,12096
catboost_diff_m1,Продовольствие,3,H1,1531.3585719635062,12096
catboost_diff_m1,Продовольствие,3,H2,698.5673475312213,12096
catboost_diff_m1,Продовольствие,6,H1,2106.3985896247073,12096
catboost_diff_m1,Продовольствие,6,H2,762.8469791253859,12096
catboost_diff_m1,Продовольствие,12,H1,2106.3985896247073,12096
catboost_diff_m1,Продовольствие,12,H2,1376.4262435266533,12096
catboost_diff_m1,Транспорт,1,H1,108.34433012998397,12096
catboost_diff_m1,Транспорт,1,H2,79.69524140178281,12096
catboost_diff_m1,Транспорт,3,H1,149.91332930880833,12096
catboost_diff_m1,Транспорт,3,H2,90.03305622378963,12096
catboost_diff_m1,Транспорт,6,H1,135.78868237348593,12096
catboost_diff_m1,Транспорт,6,H2,104.81701044166972,12096
catboost_diff_m1,Транспорт,12,H1,135.78868237348593,12096
catboost_diff_m1,Транспорт,12,H2,160.33916951089216,12096
catboost_diff_m1,Маркетплейсы,1,H1,615.4636396819387,12096
catboost_diff_m1,Маркетплейсы,1,H2,333.61281404815094,12096
catboost_diff_m1,Маркетплейсы,3,H1,762.8429165948811,12096
catboost_diff_m1,Маркетплейсы,3,H2,349.3819704764218,12096
catboost_diff_m1,Маркетплейсы,6,H1,900.3623626303244,12096
catboost_diff_m1,Маркетплейсы,6,H2,453.77235697061116,12096
catboost_diff_m1,Маркетплейсы,12,H1,900.3623626303244,12096
catboost_diff_m1,Маркетплейсы,12,H2,1063.4685294934766,12096
catboost_diff_mac,Все категории,1,H1,1910.3070429888214,12096
catboost_diff_mac,Все категории,1,H2,1237.9012515326613,12096
catboost_diff_mac,Все категории,3,H1,3050.160596205306,12096
catboost_diff_mac,Все категории,3,H2,1660.7459613334875,12096
catboost_diff_mac,Все категории,6,H1,4456.930607273607,12096
catboost_diff_mac,Все категории,6,H2,1988.7328105851852,12096
catboost_diff_mac,Все категории,12,H1,4456.930607273607,12096
catboost_diff_mac,Все категории,12,H2,5222.389979328803,12096
catboost_diff_mac,Общественное питание,1,H1,68.78616995024476,12096
catboost_diff_mac,Общественное питание,1,H2,70.06093962885042,12096
catboost_diff_mac,Общественное питание,3,H1,82.53594749726726,12096
catboost_diff_mac,Общественное питание,3,H2,93.51174266879221,12096
catboost_diff_mac,Общественное питание,6,H1,101.12270369848495,12096
catboost_diff_mac,Общественное питание,6,H2,117.94659104492536,12096
catboost_diff_mac,Общественное питание,12,H1,101.12270369848495,12096
catboost_diff_mac,Общественное питание,12,H2,127.71361723486379,12096
catboost_diff_mac,Здоровье,1,H1,91.42288302922636,12096
catboost_diff_mac,Здоровье,1,H2,82.9652845706345,12096
catboost_diff_mac,Здоровье,3,H1,91.11902133685062,12096
catboost_diff_mac,Здоровье,3,H2,85.27788531415027,12096
catboost_diff_mac,Здоровье,6,H1,110.27045685302231,12096
catboost_diff_mac,Здоровье,6,H2,90.50426974455483,12096
catboost_diff_mac,Здоровье,12,H1,110.27045685302231,12096
catboost_diff_mac,Здоровье,12,H2,175.69578088906144,12096
catboost_diff_mac,Продовольствие,1,H1,864.6670012167161,12096
catboost_diff_mac,Продовольствие,1,H2,540.0576108913955,12096
catboost_diff_mac,Продовольствие,3,H1,1121.9693655948133,12096
catboost_diff_mac,Продовольствие,3,H2,906.5960051692282,12096
catboost_diff_mac,Продовольствие,6,H1,1551.5851464119798,12096
catboost_diff_mac,Продовольствие,6,H2,1215.4588210333775,12096
catboost_diff_mac,Продовольствие,12,H1,1551.5851464119798,12096
catboost_diff_mac,Продовольствие,12,H2,1926.013182570025,12096
catboost_diff_mac,Транспорт,1,H1,116.59487112396165,12096
catboost_diff_mac,Транспорт,1,H2,82.01117399906477,12096
catboost_diff_mac,Транспорт,3,H1,177.25328011078815,12096
catboost_diff_mac,Транспорт,3,H2,92.24314947049871,12096
catboost_diff_mac,Транспорт,6,H1,167.21992822659573,12096
catboost_diff_mac,Транспорт,6,H2,108.76925976012694,12096
catboost_diff_mac,Транспорт,12,H1,167.21992822659573,12096
catboost_diff_mac,Транспорт,12,H2,187.34902856186392,12096
catboost_diff_mac,Маркетплейсы,1,H1,646.4237619882878,12096
catboost_diff_mac,Маркетплейсы,1,H2,306.61590480885627,12096
catboost_diff_mac,Маркетплейсы,3,H1,901.8657689723476,12096
catboost_diff_mac,Маркетплейсы,3,H2,319.88160695800633,12096
catboost_diff_mac,Маркетплейсы,6,H1,1277.9121847720644,12096
catboost_diff_mac,Маркетплейсы,6,H2,389.924652698304,12096
catboost_diff_mac,Маркетплейсы,12,H1,1277.9121847720644,12096
catboost_diff_mac,Маркетплейсы,12,H2,1628.3999642756546,12096
catboost_logdiff,Все категории,1,H1,2197.3130382292265,12096
catboost_logdiff,Все категории,1,H2,1301.2242743887784,12096
catboost_logdiff,Все категории,3,H1,2848.6055085685207,12096
catboost_logdiff,Все категории,3,H2,1431.5415325238735,12096
catboost_logdiff,Все категории,6,H1,3700.1644171480043,12096
catboost_logdiff,Все категории,6,H2,1714.5096462364593,12096
catboost_logdiff,Все категории,12,H1,3700.1644171480043,12096
catboost_logdiff,Все категории,12,H2,3907.7608519085893,12096
catboost_logdiff,Общественное питание,1,H1,73.53735069393211,12096
catboost_logdiff,Общественное питание,1,H2,68.32721226274853,12096
catboost_logdiff,Общественное питание,3,H1,89.1516340741671,12096
catboost_logdiff,Общественное питание,3,H2,95.41046548847991,12096
catboost_logdiff,Общественное питание,6,H1,96.59973397822353,12096
catboost_logdiff,Общественное питание,6,H2,139.94566408407852,12096
catboost_logdiff,Общественное питание,12,H1,96.59973397822353,12096
catboost_logdiff,Общественное питание,12,H2,133.57758730348445,12096
catboost_logdiff,Здоровье,1,H1,96.3510894911994,12096
catboost_logdiff,Здоровье,1,H2,80.87651347999878,12096
catboost_logdiff,Здоровье,3,H1,99.29177174694355,12096
catboost_logdiff,Здоровье,3,H2,82.32313056105095,12096
catboost_logdiff,Здоровье,6,H1,114.59486975514262,12096
catboost_logdiff,Здоровье,6,H2,90.99511986654463,12096
catboost_logdiff,Здоровье,12,H1,114.59486975514262,12096
catboost_logdiff,Здоровье,12,H2,139.93355971850812,12096
catboost_logdiff,Продовольствие,1,H1,918.862065757544,12096
catboost_logdiff,Продовольствие,1,H2,492.79665758985584,12096
catboost_logdiff,Продовольствие,3,H1,1241.9901629153906,12096
catboost_logdiff,Продовольствие,3,H2,780.0111772439498,12096
catboost_logdiff,Продовольствие,6,H1,1364.0275793076567,12096
catboost_logdiff,Продовольствие,6,H2,1101.8456594921533,12096
catboost_logdiff,Продовольствие,12,H1,1364.0275793076567,12096
catboost_logdiff,Продовольствие,12,H2,1051.438532962257,12096
catboost_logdiff,Транспорт,1,H1,115.90608427157454,12096
catboost_logdiff,Транспорт,1,H2,81.37198665435572,12096
catboost_logdiff,Транспорт,3,H1,179.4679284514639,12096
catboost_logdiff,Транспорт,3,H2,95.91754368543913,12096
catboost_logdiff,Транспорт,6,H1,156.05085233185025,12096
catboost_logdiff,Транспорт,6,H2,117.00749098500515,12096
catboost_logdiff,Транспорт,12,H1,156.05085233185025,12096
catboost_logdiff,Транспорт,12,H2,171.0397116339912,12096
catboost_logdiff,Маркетплейсы,1,H1,673.6464582815141,12096
catboost_logdiff,Маркетплейсы,1,H2,326.0011164116154,12096
catboost_logdiff,Маркетплейсы,3,H1,936.4213513005656,12096
catboost_logdiff,Маркетплейсы,3,H2,306.14146005239706,12096
catboost_logdiff,Маркетплейсы,6,H1,1152.4957671908896,12096
catboost_logdiff,Маркетплейсы,6,H2,355.0434082276422,12096
catboost_logdiff,Маркетплейсы,12,H1,1152.4957671908896,12096
catboost_logdiff,Маркетплейсы,12,H2,1640.722065826154,12096
catboost_logdiff_ds,Все категории,1,H1,1328.0397733632735,12096
catboost_logdiff_ds,Все категории,1,H2,677.1207494510411,12096
catboost_logdiff_ds,Все категории,3,H1,1790.406726157154,12096
catboost_logdiff_ds,Все категории,3,H2,892.548654642245,12096
catboost_logdiff_ds,Все категории,6,H1,2673.9645066993453,12096
catboost_logdiff_ds,Все категории,6,H2,1434.555557842733,12096
catboost_logdiff_ds,Все категории,12,H1,2673.9645066993453,12096
catboost_logdiff_ds,Все категории,12,H2,3163.2970191677423,12096
catboost_logdiff_ds,Общественное питание,1,H1,105.0556026552783,12096
catboost_logdiff_ds,Общественное питание,1,H2,70.19376452397033,12096
catboost_logdiff_ds,Общественное питание,3,H1,206.00953156394533,12096
catboost_logdiff_ds,Общественное питание,3,H2,89.11891603439709,12096
catboost_logdiff_ds,Общественное питание,6,H1,351.8758911922095,12096
catboost_logdiff_ds,Общественное питание,6,H2,162.31256032060642,12096
catboost_logdiff_ds,Общественное питание,12,H1,351.8758911922095,12096
catboost_logdiff_ds,Общественное питание,12,H2,385.18979054531826,12096
catboost_logdiff_ds,Здоровье,1,H1,151.3822290272254,12096
catboost_logdiff_ds,Здоровье,1,H2,96.44444860841813,12096
catboost_logdiff_ds,Здоровье,3,H1,219.49389731719037,12096
catboost_logdiff_ds,Здоровье,3,H2,124.3538466423394,12096
catboost_logdiff_ds,Здоровье,6,H1,326.83698349326914,12096
catboost_logdiff_ds,Здоровье,6,H2,156.71622698732358,12096
catboost_logdiff_ds,Здоровье,12,H1,326.83698349326914,12096
catboost_logdiff_ds,Здоровье,12,H2,267.43608752624345,12096
catboost_logdiff_ds,Продовольствие,1,H1,378.7997886215055,12096
catboost_logdiff_ds,Продовольствие,1,H2,379.2282908255581,12096
catboost_logdiff_ds,Продовольствие,3,H1,742.9023089013928,12096
catboost_logdiff_ds,Продовольствие,3,H2,732.1832606691946,12096
catboost_logdiff_ds,Продовольствие,6,H1,1445.3661448992539,12096
catboost_logdiff_ds,Продовольствие,6,H2,753.281150882641,12096
catboost_logdiff_ds,Продовольствие,12,H1,1445.3661448992539,12096
catboost_logdiff_ds,Продовольствие,12,H2,1101.7615662420887,12096
catboost_logdiff_ds,Транспорт,1,H1,80.72961609154393,12096
catboost_logdiff_ds,Транспорт,1,H2,85.54233591774054,12096
catboost_logdiff_ds,Транспорт,3,H1,113.35189540364208,12096
catboost_logdiff_ds,Транспорт,3,H2,97.1290199645361,12096
catboost_logdiff_ds,Транспорт,6,H1,122.60553772647195,12096
catboost_logdiff_ds,Транспорт,6,H2,125.94858355857714,12096
catboost_logdiff_ds,Транспорт,12,H1,122.60553772647195,12096
catboost_logdiff_ds,Транспорт,12,H2,171.98902619891342,12096
catboost_logdiff_ds,Маркетплейсы,1,H1,673.6464582815141,12096
catboost_logdiff_ds,Маркетплейсы,1,H2,326.0011164116154,12096
catboost_logdiff_ds,Маркетплейсы,3,H1,936.4213513005656,12096
catboost_logdiff_ds,Маркетплейсы,3,H2,306.14146005239706,12096
catboost_logdiff_ds,Маркетплейсы,6,H1,1152.4957671908896,12096
catboost_logdiff_ds,Маркетплейсы,6,H2,355.0434082276422,12096
catboost_logdiff_ds,Маркетплейсы,12,H1,1152.4957671908896,12096
catboost_logdiff_ds,Маркетплейсы,12,H2,1640.722065826154,12096
catboost_logdiff_ds_g1,Все категории,1,H1,1173.3748044669646,12096
catboost_logdiff_ds_g1,Все категории,1,H2,707.0203781286593,12096
catboost_logdiff_ds_g1,Все категории,3,H1,1648.3289910489334,12096
catboost_logdiff_ds_g1,Все категории,3,H2,835.1296198959594,12096
catboost_logdiff_ds_g1,Все категории,6,H1,2720.9009819864864,12096
catboost_logdiff_ds_g1,Все категории,6,H2,1142.3174214645474,12096
catboost_logdiff_ds_g1,Все категории,12,H1,2720.9009819864864,12096
catboost_logdiff_ds_g1,Все категории,12,H2,3113.5394078004365,12096
catboost_logdiff_ds_g1,Общественное питание,1,H1,100.01824096433903,12096
catboost_logdiff_ds_g1,Общественное питание,1,H2,73.45515762433983,12096
catboost_logdiff_ds_g1,Общественное питание,3,H1,189.60940093698954,12096
catboost_logdiff_ds_g1,Общественное питание,3,H2,93.69747110062275,12096
catboost_logdiff_ds_g1,Общественное питание,6,H1,320.4476689515305,12096
catboost_logdiff_ds_g1,Общественное питание,6,H2,157.176457272291,12096
catboost_logdiff_ds_g1,Общественное питание,12,H1,320.4476689515305,12096
catboost_logdiff_ds_g1,Общественное питание,12,H2,340.30954637011837,12096
catboost_logdiff_ds_g1,Здоровье,1,H1,140.044627310699,12096
catboost_logdiff_ds_g1,Здоровье,1,H2,93.64001296373674,12096
catboost_logdiff_ds_g1,Здоровье,3,H1,213.99163422657384,12096
catboost_logdiff_ds_g1,Здоровье,3,H2,115.83195356010123,12096
catboost_logdiff_ds_g1,Здоровье,6,H1,331.1338092681787,12096
catboost_logdiff_ds_g1,Здоровье,6,H2,150.77270080605993,12096
catboost_logdiff_ds_g1,Здоровье,12,H1,331.1338092681787,12096
catboost_logdiff_ds_g1,Здоровье,12,H2,266.8425302233922,12096
catboost_logdiff_ds_g1,Продовольствие,1,H1,421.9667898431369,12096
catboost_logdiff_ds_g1,Продовольствие,1,H2,368.6339864640102,12096
catboost_logdiff_ds_g1,Продовольствие,3,H1,714.765830848532,12096
catboost_logdiff_ds_g1,Продовольствие,3,H2,615.6322108876435,12096
catboost_logdiff_ds_g1,Продовольствие,6,H1,1428.658607951838,12096
catboost_logdiff_ds_g1,Продовольствие,6,H2,1026.4276503815497,12096
catboost_logdiff_ds_g1,Продовольствие,12,H1,1428.658607951838,12096
catboost_logdiff_ds_g1,Продовольствие,12,H2,1104.4866387247432,12096
catboost_logdiff_ds_g1,Транспорт,1,H1,78.79317654694674,12096
catboost_logdiff_ds_g1,Транспорт,1,H2,84.12193673308091,12096
catboost_logdiff_ds_g1,Транспорт,3,H1,108.27281286338723,12096
catboost_logdiff_ds_g1,Транспорт,3,H2,95.11931209000088,12096
catboost_logdiff_ds_g1,Транспорт,6,H1,108.55427005990191,12096
catboost_logdiff_ds_g1,Транспорт,6,H2,123.42367757439256,12096
catboost_logdiff_ds_g1,Транспорт,12,H1,108.55427005990191,12096
catboost_logdiff_ds_g1,Транспорт,12,H2,161.0654456428545,12096
catboost_logdiff_ds_g1,Маркетплейсы,1,H1,585.6492542308335,12096
catboost_logdiff_ds_g1,Маркетплейсы,1,H2,333.6110024436351,12096
catboost_logdiff_ds_g1,Маркетплейсы,3,H1,857.0715560474899,12096
catboost_logdiff_ds_g1,Маркетплейсы,3,H2,313.15511045788605,12096
catboost_logdiff_ds_g1,Маркетплейсы,6,H1,1087.3763227968097,12096
catboost_logdiff_ds_g1,Маркетплейсы,6,H2,343.5103770241782,12096
catboost_logdiff_ds_g1,Маркетплейсы,12,H1,1087.3763227968097,12096
catboost_logdiff_ds_g1,Маркетплейсы,12,H2,1656.7810999635858,12096
catboost_logdiff_ds_g12,Все категории,1,H1,1198.4638079028468,12096
catboost_logdiff_ds_g12,Все категории,1,H2,701.2940820028124,12096
catboost_logdiff_ds_g12,Все категории,3,H1,1613.9268996220048,12096
catboost_logdiff_ds_g12,Все категории,3,H2,857.002259161007,12096
catboost_logdiff_ds_g12,Все категории,6,H1,2736.356491180928,12096
catboost_logdiff_ds_g12,Все категории,6,H2,1232.9007565268898,12096
catboost_logdiff_ds_g12,Все категории,12,H1,2736.356491180928,12096
catboost_logdiff_ds_g12,Все категории,12,H2,3070.2917331696253,12096
catboost_logdiff_ds_g12,Общественное питание,1,H1,100.338477758612,12096
catboost_logdiff_ds_g12,Общественное питание,1,H2,70.43768712923485,12096
catboost_logdiff_ds_g12,Общественное питание,3,H1,181.20146091765793,12096
catboost_logdiff_ds_g12,Общественное питание,3,H2,94.7517661649309,12096
catboost_logdiff_ds_g12,Общественное питание,6,H1,319.7466117956417,12096
catboost_logdiff_ds_g12,Общественное питание,6,H2,156.23096057574347,12096
catboost_logdiff_ds_g12,Общественное питание,12,H1,319.7466117956417,12096
catboost_logdiff_ds_g12,Общественное питание,12,H2,340.85860437177274,12096
catboost_logdiff_ds_g12,Здоровье,1,H1,139.8891394329445,12096
catboost_logdiff_ds_g12,Здоровье,1,H2,93.24552128865817,12096
catboost_logdiff_ds_g12,Здоровье,3,H1,224.375456505688,12096
catboost_logdiff_ds_g12,Здоровье,3,H2,107.62158321344108,12096
catboost_logdiff_ds_g12,Здоровье,6,H1,341.11461968390483,12096
catboost_logdiff_ds_g12,Здоровье,6,H2,145.28304591764504,12096
catboost_logdiff_ds_g12,Здоровье,12,H1,341.11461968390483,12096
catboost_logdiff_ds_g12,Здоровье,12,H2,270.3551421165558,12096
catboost_logdiff_ds_g12,Продовольствие,1,H1,415.0075868014545,12096
catboost_logdiff_ds_g12,Продовольствие,1,H2,372.5543821013926,12096
catboost_logdiff_ds_g12,Продовольствие,3,H1,726.0403612275887,12096
catboost_logdiff_ds_g12,Продовольствие,3,H2,592.4026596934042,12096
catboost_logdiff_ds_g12,Продовольствие,6,H1,1427.6990685901471,12096
catboost_logdiff_ds_g12,Продовольствие,6,H2,961.9388537168529,12096
catboost_logdiff_ds_g12,Продовольствие,12,H1,1427.6990685901471,12096
catboost_logdiff_ds_g12,Продовольствие,12,H2,1102.5494163393491,12096
catboost_logdiff_ds_g12,Транспорт,1,H1,78.0505456572463,12096
catboost_logdiff_ds_g12,Транспорт,1,H2,83.91726409036066,12096
catboost_logdiff_ds_g12,Транспорт,3,H1,105.44833506203022,12096
catboost_logdiff_ds_g12,Транспорт,3,H2,93.18715788986108,12096
catboost_logdiff_ds_g12,Транспорт,6,H1,107.27876607198147,12096
catboost_logdiff_ds_g12,Транспорт,6,H2,118.92704459552185,12096
catboost_logdiff_ds_g12,Транспорт,12,H1,107.27876607198147,12096
catboost_logdiff_ds_g12,Транспорт,12,H2,161.88368262702684,12096
catboost_logdiff_ds_g12,Маркетплейсы,1,H1,607.9685442648046,12096
catboost_logdiff_ds_g12,Маркетплейсы,1,H2,352.70688766029895,12096
catboost_logdiff_ds_g12,Маркетплейсы,3,H1,837.6906804393786,12096
catboost_logdiff_ds_g12,Маркетплейсы,3,H2,322.1518427319125,12096
catboost_logdiff_ds_g12,Маркетплейсы,6,H1,1077.900929588236,12096
catboost_logdiff_ds_g12,Маркетплейсы,6,H2,332.9360540760015,12096
catboost_logdiff_ds_g12,Маркетплейсы,12,H1,1077.900929588236,12096
catboost_logdiff_ds_g12,Маркетплейсы,12,H2,1646.4296416012835,12096
catboost_logdiff_ds_g123,Все категории,1,H1,1183.9678876379912,12096
catboost_logdiff_ds_g123,Все категории,1,H2,697.8310409461302,12096
catboost_logdiff_ds_g123,Все категории,3,H1,1562.5196945463167,12096
catboost_logdiff_ds_g123,Все категории,3,H2,789.8709219117516,12096
catboost_logdiff_ds_g123,Все категории,6,H1,2664.665815276512,12096
catboost_logdiff_ds_g123,Все категории,6,H2,985.8279580558324,12096
catboost_logdiff_ds_g123,Все категории,12,H1,2664.665815276512,12096
catboost_logdiff_ds_g123,Все категории,12,H2,3041.7887939159527,12096
catboost_logdiff_ds_g123,Общественное питание,1,H1,98.53702892538409,12096
catboost_logdiff_ds_g123,Общественное питание,1,H2,69.19510239376203,12096
catboost_logdiff_ds_g123,Общественное питание,3,H1,187.23560532354577,12096
catboost_logdiff_ds_g123,Общественное питание,3,H2,91.96433225025864,12096
catboost_logdiff_ds_g123,Общественное питание,6,H1,323.01018395330885,12096
catboost_logdiff_ds_g123,Общественное питание,6,H2,143.43421327662702,12096
catboost_logdiff_ds_g123,Общественное питание,12,H1,323.01018395330885,12096
catboost_logdiff_ds_g123,Общественное питание,12,H2,346.1766498810812,12096
catboost_logdiff_ds_g123,Здоровье,1,H1,137.47559401546837,12096
catboost_logdiff_ds_g123,Здоровье,1,H2,92.59219584956637,12096
catboost_logdiff_ds_g123,Здоровье,3,H1,219.8604663636531,12096
catboost_logdiff_ds_g123,Здоровье,3,H2,115.73030007962575,12096
catboost_logdiff_ds_g123,Здоровье,6,H1,342.17064820192564,12096
catboost_logdiff_ds_g123,Здоровье,6,H2,165.4661668896748,12096
catboost_logdiff_ds_g123,Здоровье,12,H1,342.17064820192564,12096
catboost_logdiff_ds_g123,Здоровье,12,H2,277.9609661158264,12096
catboost_logdiff_ds_g123,Продовольствие,1,H1,402.4923531076955,12096
catboost_logdiff_ds_g123,Продовольствие,1,H2,377.43166910828415,12096
catboost_logdiff_ds_g123,Продовольствие,3,H1,666.3617896379045,12096
catboost_logdiff_ds_g123,Продовольствие,3,H2,560.8153807532688,12096
catboost_logdiff_ds_g123,Продовольствие,6,H1,1313.5214506014363,12096
catboost_logdiff_ds_g123,Продовольствие,6,H2,856.8242544026946,12096
catboost_logdiff_ds_g123,Продовольствие,12,H1,1313.5214506014363,12096
catboost_logdiff_ds_g123,Продовольствие,12,H2,1033.8334093203684,12096
catboost_logdiff_ds_g123,Транспорт,1,H1,78.64966824819953,12096
catboost_logdiff_ds_g123,Транспорт,1,H2,85.95434124260775,12096
catboost_logdiff_ds_g123,Транспорт,3,H1,109.21481673709786,12096
catboost_logdiff_ds_g123,Транспорт,3,H2,93.83099129566098,12096
catboost_logdiff_ds_g123,Транспорт,6,H1,108.23170224408007,12096
catboost_logdiff_ds_g123,Транспорт,6,H2,123.68471518713416,12096
catboost_logdiff_ds_g123,Транспорт,12,H1,108.23170224408007,12096
catboost_logdiff_ds_g123,Транспорт,12,H2,164.51086984882994,12096
catboost_logdiff_ds_g123,Маркетплейсы,1,H1,627.339683765826,12096
catboost_logdiff_ds_g123,Маркетплейсы,1,H2,333.47699793384714,12096
catboost_logdiff_ds_g123,Маркетплейсы,3,H1,939.3201447598711,12096
catboost_logdiff_ds_g123,Маркетплейсы,3,H2,327.84761154833325,12096
catboost_logdiff_ds_g123,Маркетплейсы,6,H1,1171.3664022570265,12096
catboost_logdiff_ds_g123,Маркетплейсы,6,H2,340.6482379957662,12096
catboost_logdiff_ds_g123,Маркетплейсы,12,H1,1171.3664022570265,12096
catboost_logdiff_ds_g123,Маркетплейсы,12,H2,1733.1557436773496,12096
catboost_logdiff_ds_g1234,Все категории,1,H1,1234.8351473737594,12096
catboost_logdiff_ds_g1234,Все категории,1,H2,685.0276152618835,12096
catboost_logdiff_ds_g1234,Все категории,3,H1,1569.3946762369676,12096
catboost_logdiff_ds_g1234,Все категории,3,H2,845.5539273999144,12096
catboost_logdiff_ds_g1234,Все категории,6,H1,2647.488905630652,12096
catboost_logdiff_ds_g1234,Все категории,6,H2,1147.0217988653253,12096
catboost_logdiff_ds_g1234,Все категории,12,H1,2647.488905630652,12096
catboost_logdiff_ds_g1234,Все категории,12,H2,3030.2302965025897,12096
catboost_logdiff_ds_g1234,Общественное питание,1,H1,102.31322738062825,12096
catboost_logdiff_ds_g1234,Общественное питание,1,H2,70.00303473951239,12096
catboost_logdiff_ds_g1234,Общественное питание,3,H1,193.5194455904502,12096
catboost_logdiff_ds_g1234,Общественное питание,3,H2,102.68451010314479,12096
catboost_logdiff_ds_g1234,Общественное питание,6,H1,324.8630768219177,12096
catboost_logdiff_ds_g1234,Общественное питание,6,H2,221.8142727919432,12096
catboost_logdiff_ds_g1234,Общественное питание,12,H1,324.8630768219177,12096
catboost_logdiff_ds_g1234,Общественное питание,12,H2,344.79321304860656,12096
catboost_logdiff_ds_g1234,Здоровье,1,H1,140.8729137308223,12096
catboost_logdiff_ds_g1234,Здоровье,1,H2,95.59194512890583,12096
catboost_logdiff_ds_g1234,Здоровье,3,H1,227.02366741510846,12096
catboost_logdiff_ds_g1234,Здоровье,3,H2,124.7649063591332,12096
catboost_logdiff_ds_g1234,Здоровье,6,H1,340.20453169680826,12096
catboost_logdiff_ds_g1234,Здоровье,6,H2,171.7519819437874,12096
catboost_logdiff_ds_g1234,Здоровье,12,H1,340.20453169680826,12096
catboost_logdiff_ds_g1234,Здоровье,12,H2,269.59244093651694,12096
catboost_logdiff_ds_g1234,Продовольствие,1,H1,409.3909576358426,12096
catboost_logdiff_ds_g1234,Продовольствие,1,H2,377.12410612275136,12096
catboost_logdiff_ds_g1234,Продовольствие,3,H1,697.9171370964127,12096
catboost_logdiff_ds_g1234,Продовольствие,3,H2,572.4498802983715,12096
catboost_logdiff_ds_g1234,Продовольствие,6,H1,1371.516002138033,12096
catboost_logdiff_ds_g1234,Продовольствие,6,H2,843.4263618697096,12096
catboost_logdiff_ds_g1234,Продовольствие,12,H1,1371.516002138033,12096
catboost_logdiff_ds_g1234,Продовольствие,12,H2,1078.7532788617964,12096
catboost_logdiff_ds_g1234,Транспорт,1,H1,77.79146305045569,12096
catboost_logdiff_ds_g1234,Транспорт,1,H2,84.91105623220395,12096
catboost_logdiff_ds_g1234,Транспорт,3,H1,103.80031014419804,12096
catboost_logdiff_ds_g1234,Транспорт,3,H2,91.84270886018338,12096
catboost_logdiff_ds_g1234,Транспорт,6,H1,107.5335370811736,12096
catboost_logdiff_ds_g1234,Транспорт,6,H2,115.07311158462542,12096
catboost_logdiff_ds_g1234,Транспорт,12,H1,107.5335370811736,12096
catboost_logdiff_ds_g1234,Транспорт,12,H2,164.7932170357333,12096
catboost_logdiff_ds_g1234,Маркетплейсы,1,H1,617.1379396545134,12096
catboost_logdiff_ds_g1234,Маркетплейсы,1,H2,331.82803738397524,12096
catboost_logdiff_ds_g1234,Маркетплейсы,3,H1,858.8153169020912,12096
catboost_logdiff_ds_g1234,Маркетплейсы,3,H2,326.4840643715395,12096
catboost_logdiff_ds_g1234,Маркетплейсы,6,H1,1088.2288172323224,12096
catboost_logdiff_ds_g1234,Маркетплейсы,6,H2,343.2024064223397,12096
catboost_logdiff_ds_g1234,Маркетплейсы,12,H1,1088.2288172323224,12096
catboost_logdiff_ds_g1234,Маркетплейсы,12,H2,1644.7303329935128,12096
catboost_logdiff_ds_g123_m1,Все категории,1,H1,1093.0092554099047,12096
catboost_logdiff_ds_g123_m1,Все категории,1,H2,736.0048736926484,12096
catboost_logdiff_ds_g123_m1,Все категории,3,H1,1396.785255286245,12096
catboost_logdiff_ds_g123_m1,Все категории,3,H2,873.1122343730688,12096
catboost_logdiff_ds_g123_m1,Все категории,6,H1,2278.171747484138,12096
catboost_logdiff_ds_g123_m1,Все категории,6,H2,1128.1867793870313,12096
catboost_logdiff_ds_g123_m1,Все категории,12,H1,2278.171747484138,12096
catboost_logdiff_ds_g123_m1,Все категории,12,H2,2869.445442166086,12096
catboost_logdiff_ds_g123_m1,Общественное питание,1,H1,102.41334072557014,12096
catboost_logdiff_ds_g123_m1,Общественное питание,1,H2,70.8562726181164,12096
catboost_logdiff_ds_g123_m1,Общественное питание,3,H1,180.22408848553263,12096
catboost_logdiff_ds_g123_m1,Общественное питание,3,H2,102.53959238006372,12096
catboost_logdiff_ds_g123_m1,Общественное питание,6,H1,286.2030562862045,12096
catboost_logdiff_ds_g123_m1,Общественное питание,6,H2,168.02091570473254,12096
catboost_logdiff_ds_g123_m1,Общественное питание,12,H1,286.2030562862045,12096
catboost_logdiff_ds_g123_m1,Общественное питание,12,H2,302.20721515689246,12096
catboost_logdiff_ds_g123_m1,Здоровье,1,H1,134.78353264330346,12096
catboost_logdiff_ds_g123_m1,Здоровье,1,H2,91.09732804847921,12096
catboost_logdiff_ds_g123_m1,Здоровье,3,H1,192.3752810684647,12096
catboost_logdiff_ds_g123_m1,Здоровье,3,H2,106.22237003234677,12096
catboost_logdiff_ds_g123_m1,Здоровье,6,H1,285.19524686058475,12096
catboost_logdiff_ds_g123_m1,Здоровье,6,H2,140.58211973866935,12096
catboost_logdiff_ds_g123_m1,Здоровье,12,H1,285.19524686058475,12096
catboost_logdiff_ds_g123_m1,Здоровье,12,H2,239.14215454849455,12096
catboost_logdiff_ds_g123_m1,Продовольствие,1,H1,391.71373090885953,12096
catboost_logdiff_ds_g123_m1,Продовольствие,1,H2,364.81908986460485,12096
catboost_logdiff_ds_g123_m1,Продовольствие,3,H1,553.9290054454071,12096
catboost_logdiff_ds_g123_m1,Продовольствие,3,H2,628.9346699809566,12096
catboost_logdiff_ds_g123_m1,Продовольствие,6,H1,1071.2990659244388,12096
catboost_logdiff_ds_g123_m1,Продовольствие,6,H2,1122.9340507104887,12096
catboost_logdiff_ds_g123_m1,Продовольствие,12,H1,1071.2990659244388,12096
catboost_logdiff_ds_g123_m1,Продовольствие,12,H2,902.7736906673788,12096
catboost_logdiff_ds_g123_m1,Транспорт,1,H1,76.8498268432653,12096
catboost_logdiff_ds_g123_m1,Транспорт,1,H2,82.05607045361039,12096
catboost_logdiff_ds_g123_m1,Транспорт,3,H1,102.71680128899422,12096
catboost_logdiff_ds_g123_m1,Транспорт,3,H2,97.25859568586337,12096
catboost_logdiff_ds_g123_m1,Транспорт,6,H1,116.41032639730105,12096
catboost_logdiff_ds_g123_m1,Транспорт,6,H2,135.4753693929444,12096
catboost_logdiff_ds_g123_m1,Транспорт,12,H1,116.41032639730105,12096
catboost_logdiff_ds_g123_m1,Транспорт,12,H2,165.04125758894637,12096
catboost_logdiff_ds_g123_m1,Маркетплейсы,1,H1,557.1479639859195,12096
catboost_logdiff_ds_g123_m1,Маркетплейсы,1,H2,363.3406373442841,12096
catboost_logdiff_ds_g123_m1,Маркетплейсы,3,H1,930.4964340719739,12096
catboost_logdiff_ds_g123_m1,Маркетплейсы,3,H2,294.5602265487327,12096
catboost_logdiff_ds_g123_m1,Маркетплейсы,6,H1,1302.641807445024,12096
catboost_logdiff_ds_g123_m1,Маркетплейсы,6,H2,341.2326823391232,12096
catboost_logdiff_ds_g123_m1,Маркетплейсы,12,H1,1302.641807445024,12096
catboost_logdiff_ds_g123_m1,Маркетплейсы,12,H2,1912.5662369097795,12096
catboost_logdiff_ds_g123n,Все категории,1,H1,1216.144443175247,12096
catboost_logdiff_ds_g123n,Все категории,1,H2,694.1691744779009,12096
catboost_logdiff_ds_g123n,Все категории,3,H1,1619.919231976963,12096
catboost_logdiff_ds_g123n,Все категории,3,H2,838.3656850749884,12096
catboost_logdiff_ds_g123n,Все категории,6,H1,2772.539534457694,12096
catboost_logdiff_ds_g123n,Все категории,6,H2,1105.834058442889,12096
catboost_logdiff_ds_g123n,Все категории,12,H1,2772.539534457694,12096
catboost_logdiff_ds_g123n,Все категории,12,H2,3118.7978901981655,12096
catboost_logdiff_ds_g123n,Общественное питание,1,H1,97.18823338690208,12096
catboost_logdiff_ds_g123n,Общественное питание,1,H2,73.42403126099144,12096
catboost_logdiff_ds_g123n,Общественное питание,3,H1,182.79696636339867,12096
catboost_logdiff_ds_g123n,Общественное питание,3,H2,99.5498025700735,12096
catboost_logdiff_ds_g123n,Общественное питание,6,H1,313.7481367986887,12096
catboost_logdiff_ds_g123n,Общественное питание,6,H2,162.834765404486,12096
catboost_logdiff_ds_g123n,Общественное питание,12,H1,313.7481367986887,12096
catboost_logdiff_ds_g123n,Общественное питание,12,H2,333.2801816797128,12096
catboost_logdiff_ds_g123n,Здоровье,1,H1,140.15387293260156,12096
catboost_logdiff_ds_g123n,Здоровье,1,H2,96.31638767543713,12096
catboost_logdiff_ds_g123n,Здоровье,3,H1,225.56114405807756,12096
catboost_logdiff_ds_g123n,Здоровье,3,H2,125.51182997780951,12096
catboost_logdiff_ds_g123n,Здоровье,6,H1,342.47314948475776,12096
catboost_logdiff_ds_g123n,Здоровье,6,H2,172.87383523493932,12096
catboost_logdiff_ds_g123n,Здоровье,12,H1,342.47314948475776,12096
catboost_logdiff_ds_g123n,Здоровье,12,H2,268.69817001356535,12096
catboost_logdiff_ds_g123n,Продовольствие,1,H1,412.30947027591174,12096
catboost_logdiff_ds_g123n,Продовольствие,1,H2,377.7368029705731,12096
catboost_logdiff_ds_g123n,Продовольствие,3,H1,729.7782311954281,12096
catboost_logdiff_ds_g123n,Продовольствие,3,H2,604.9553520207228,12096
catboost_logdiff_ds_g123n,Продовольствие,6,H1,1432.9041514276876,12096
catboost_logdiff_ds_g123n,Продовольствие,6,H2,942.9621588695439,12096
catboost_logdiff_ds_g123n,Продовольствие,12,H1,1432.9041514276876,12096
catboost_logdiff_ds_g123n,Продовольствие,12,H2,1120.917505974641,12096
catboost_logdiff_ds_g123n,Транспорт,1,H1,77.54805470366968,12096
catboost_logdiff_ds_g123n,Транспорт,1,H2,83.396502571328,12096
catboost_logdiff_ds_g123n,Транспорт,3,H1,102.44596260986592,12096
catboost_logdiff_ds_g123n,Транспорт,3,H2,93.15161174255698,12096
catboost_logdiff_ds_g123n,Транспорт,6,H1,109.08117174784347,12096
catboost_logdiff_ds_g123n,Транспорт,6,H2,118.58753902185681,12096
catboost_logdiff_ds_g123n,Транспорт,12,H1,109.08117174784347,12096
catboost_logdiff_ds_g123n,Транспорт,12,H2,163.53580128901115,12096
catboost_logdiff_ds_g123n,Маркетплейсы,1,H1,626.5045409782444,12096
catboost_logdiff_ds_g123n,Маркетплейсы,1,H2,341.76821928596456,12096
catboost_logdiff_ds_g123n,Маркетплейсы,3,H1,889.2320654805235,12096
catboost_logdiff_ds_g123n,Маркетплейсы,3,H2,330.2455265266911,12096
catboost_logdiff_ds_g123n,Маркетплейсы,6,H1,1114.9963679875582,12096
catboost_logdiff_ds_g123n,Маркетплейсы,6,H2,339.16939319074794,12096
catboost_logdiff_ds_g123n,Маркетплейсы,12,H1,1114.9963679875582,12096
catboost_logdiff_ds_g123n,Маркетплейсы,12,H2,1677.0895646763286,12096
catboost_logdiff_ds_m1,Все категории,1,H1,1158.8270367893604,12096
catboost_logdiff_ds_m1,Все категории,1,H2,711.5114374341952,12096
catboost_logdiff_ds_m1,Все категории,3,H1,1346.000105163609,12096
catboost_logdiff_ds_m1,Все категории,3,H2,1103.2768021624927,12096
catboost_logdiff_ds_m1,Все категории,6,H1,2382.7687945751854,12096
catboost_logdiff_ds_m1,Все категории,6,H2,2199.7809035643822,12096
catboost_logdiff_ds_m1,Все категории,12,H1,2382.7687945751854,12096
catboost_logdiff_ds_m1,Все категории,12,H2,2947.3075334023515,12096
catboost_logdiff_ds_m1,Общественное питание,1,H1,104.20342456317168,12096
catboost_logdiff_ds_m1,Общественное питание,1,H2,70.4580101788694,12096
catboost_logdiff_ds_m1,Общественное питание,3,H1,187.60622347694553,12096
catboost_logdiff_ds_m1,Общественное питание,3,H2,92.5404495334736,12096
catboost_logdiff_ds_m1,Общественное питание,6,H1,290.4135224790416,12096
catboost_logdiff_ds_m1,Общественное питание,6,H2,146.27668182486107,12096
catboost_logdiff_ds_m1,Общественное питание,12,H1,290.4135224790416,12096
catboost_logdiff_ds_m1,Общественное питание,12,H2,315.34730964322824,12096
catboost_logdiff_ds_m1,Здоровье,1,H1,146.71903378293908,12096
catboost_logdiff_ds_m1,Здоровье,1,H2,92.06494543005059,12096
catboost_logdiff_ds_m1,Здоровье,3,H1,203.37807351537472,12096
catboost_logdiff_ds_m1,Здоровье,3,H2,119.8712551086433,12096
catboost_logdiff_ds_m1,Здоровье,6,H1,296.27905850400805,12096
catboost_logdiff_ds_m1,Здоровье,6,H2,138.6788012339264,12096
catboost_logdiff_ds_m1,Здоровье,12,H1,296.27905850400805,12096
catboost_logdiff_ds_m1,Здоровье,12,H2,255.21030231924246,12096
catboost_logdiff_ds_m1,Продовольствие,1,H1,362.7098588089799,12096
catboost_logdiff_ds_m1,Продовольствие,1,H2,377.4743699802137,12096
catboost_logdiff_ds_m1,Продовольствие,3,H1,590.5001576416925,12096
catboost_logdiff_ds_m1,Продовольствие,3,H2,714.0105123745786,12096
catboost_logdiff_ds_m1,Продовольствие,6,H1,1012.4178330679777,12096
catboost_logdiff_ds_m1,Продовольствие,6,H2,1142.6161722485117,12096
catboost_logdiff_ds_m1,Продовольствие,12,H1,1012.4178330679777,12096
catboost_logdiff_ds_m1,Продовольствие,12,H2,834.7984588350298,12096
catboost_logdiff_ds_m1,Транспорт,1,H1,81.7534619878435,12096
catboost_logdiff_ds_m1,Транспорт,1,H2,83.85473252045807,12096
catboost_logdiff_ds_m1,Транспорт,3,H1,111.25709701530177,12096
catboost_logdiff_ds_m1,Транспорт,3,H2,98.4098522957171,12096
catboost_logdiff_ds_m1,Транспорт,6,H1,133.0573554671171,12096
catboost_logdiff_ds_m1,Транспорт,6,H2,133.70842753797433,12096
catboost_logdiff_ds_m1,Транспорт,12,H1,133.0573554671171,12096
catboost_logdiff_ds_m1,Транспорт,12,H2,184.40575828862998,12096
catboost_logdiff_ds_m1,Маркетплейсы,1,H1,652.0358032120832,12096
catboost_logdiff_ds_m1,Маркетплейсы,1,H2,337.3329352991497,12096
catboost_logdiff_ds_m1,Маркетплейсы,3,H1,864.8193041172794,12096
catboost_logdiff_ds_m1,Маркетплейсы,3,H2,351.9908670855299,12096
catboost_logdiff_ds_m1,Маркетплейсы,6,H1,1128.5755483281794,12096
catboost_logdiff_ds_m1,Маркетплейсы,6,H2,364.2363502352593,12096
catboost_logdiff_ds_m1,Маркетплейсы,12,H1,1128.5755483281794,12096
catboost_logdiff_ds_m1,Маркетплейсы,12,H2,1631.8639149882993,12096
catboost_logdiff_dsp,Все категории,1,H1,933.0778555399387,12096
catboost_logdiff_dsp,Все категории,1,H2,717.8234021973769,12096
catboost_logdiff_dsp,Все категории,3,H1,1163.358994582597,12096
catboost_logdiff_dsp,Все категории,3,H2,905.6778862827371,12096
catboost_logdiff_dsp,Все категории,6,H1,1739.8157305033021,12096
catboost_logdiff_dsp,Все категории,6,H2,1189.0903912770348,12096
catboost_logdiff_dsp,Все категории,12,H1,1739.8157305033021,12096
catboost_logdiff_dsp,Все категории,12,H2,2579.635890700414,12096
catboost_logdiff_dsp,Общественное питание,1,H1,99.51375822113253,12096
catboost_logdiff_dsp,Общественное питание,1,H2,66.08176012431171,12096
catboost_logdiff_dsp,Общественное питание,3,H1,200.0254742627385,12096
catboost_logdiff_dsp,Общественное питание,3,H2,98.75240733755322,12096
catboost_logdiff_dsp,Общественное питание,6,H1,332.24353036019414,12096
catboost_logdiff_dsp,Общественное питание,6,H2,131.31992715142516,12096
catboost_logdiff_dsp,Общественное питание,12,H1,332.24353036019414,12096
catboost_logdiff_dsp,Общественное питание,12,H2,314.5509807686927,12096
catboost_logdiff_dsp,Здоровье,1,H1,115.25049145838031,12096
catboost_logdiff_dsp,Здоровье,1,H2,82.39822173064304,12096
catboost_logdiff_dsp,Здоровье,3,H1,180.80549873576388,12096
catboost_logdiff_dsp,Здоровье,3,H2,80.91234740465124,12096
catboost_logdiff_dsp,Здоровье,6,H1,252.97179140954108,12096
catboost_logdiff_dsp,Здоровье,6,H2,87.5791297568661,12096
catboost_logdiff_dsp,Здоровье,12,H1,252.97179140954108,12096
catboost_logdiff_dsp,Здоровье,12,H2,221.40579263284548,12096
catboost_logdiff_dsp,Продовольствие,1,H1,290.9837748273676,12096
catboost_logdiff_dsp,Продовольствие,1,H2,311.56401391816786,12096
catboost_logdiff_dsp,Продовольствие,3,H1,437.71357037439253,12096
catboost_logdiff_dsp,Продовольствие,3,H2,414.726685969123,12096
catboost_logdiff_dsp,Продовольствие,6,H1,816.8885633505932,12096
catboost_logdiff_dsp,Продовольствие,6,H2,420.4820339997714,12096
catboost_logdiff_dsp,Продовольствие,12,H1,816.8885633505932,12096
catboost_logdiff_dsp,Продовольствие,12,H2,769.735714912911,12096
catboost_logdiff_dsp,Транспорт,1,H1,86.60870122800483,12096
catboost_logdiff_dsp,Транспорт,1,H2,77.0195656784084,12096
catboost_logdiff_dsp,Транспорт,3,H1,118.7613279646279,12096
catboost_logdiff_dsp,Транспорт,3,H2,92.21400855241583,12096
catboost_logdiff_dsp,Транспорт,6,H1,132.61703547857948,12096
catboost_logdiff_dsp,Транспорт,6,H2,104.90022411957159,12096
catboost_logdiff_dsp,Транспорт,12,H1,132.61703547857948,12096
catboost_logdiff_dsp,Транспорт,12,H2,174.8045839711868,12096
catboost_logdiff_dsp,Маркетплейсы,1,H1,493.7417457635947,12096
catboost_logdiff_dsp,Маркетплейсы,1,H2,343.99633087956283,12096
catboost_logdiff_dsp,Маркетплейсы,3,H1,958.1859659120861,12096
catboost_logdiff_dsp,Маркетплейсы,3,H2,414.2341731703531,12096
catboost_logdiff_dsp,Маркетплейсы,6,H1,1520.9312284448947,12096
catboost_logdiff_dsp,Маркетплейсы,6,H2,554.1758723366944,12096
catboost_logdiff_dsp,Маркетплейсы,12,H1,1520.9312284448947,12096
catboost_logdiff_dsp,Маркетплейсы,12,H2,2032.9503755855937,12096
catboost_logdiff_dsp_g123,Все категории,1,H1,933.6902176638546,12096
catboost_logdiff_dsp_g123,Все категории,1,H2,685.7249681809521,12096
catboost_logdiff_dsp_g123,Все категории,3,H1,1207.6332622933776,12096
catboost_logdiff_dsp_g123,Все категории,3,H2,820.5097182193414,12096
catboost_logdiff_dsp_g123,Все категории,6,H1,1731.3218916209717,12096
catboost_logdiff_dsp_g123,Все категории,6,H2,1034.5562826918294,12096
catboost_logdiff_dsp_g123,Все категории,12,H1,1731.3218916209717,12096
catboost_logdiff_dsp_g123,Все категории,12,H2,2345.625650643528,12096
catboost_logdiff_dsp_g123,Общественное питание,1,H1,97.55693653412436,12096
catboost_logdiff_dsp_g123,Общественное питание,1,H2,62.48148917267612,12096
catboost_logdiff_dsp_g123,Общественное питание,3,H1,201.02679745456373,12096
catboost_logdiff_dsp_g123,Общественное питание,3,H2,79.71462626299066,12096
catboost_logdiff_dsp_g123,Общественное питание,6,H1,338.37781902130416,12096
catboost_logdiff_dsp_g123,Общественное питание,6,H2,99.50442532698754,12096
catboost_logdiff_dsp_g123,Общественное питание,12,H1,338.37781902130416,12096
catboost_logdiff_dsp_g123,Общественное питание,12,H2,365.04843344576886,12096
catboost_logdiff_dsp_g123,Здоровье,1,H1,112.67919090793255,12096
catboost_logdiff_dsp_g123,Здоровье,1,H2,83.31304901801045,12096
catboost_logdiff_dsp_g123,Здоровье,3,H1,186.1225854889646,12096
catboost_logdiff_dsp_g123,Здоровье,3,H2,79.16368490916425,12096
catboost_logdiff_dsp_g123,Здоровье,6,H1,243.72054914171937,12096
catboost_logdiff_dsp_g123,Здоровье,6,H2,86.73819846124617,12096
catboost_logdiff_dsp_g123,Здоровье,12,H1,243.72054914171937,12096
catboost_logdiff_dsp_g123,Здоровье,12,H2,210.83194235314298,12096
catboost_logdiff_dsp_g123,Продовольствие,1,H1,288.89526764324864,12096
catboost_logdiff_dsp_g123,Продовольствие,1,H2,299.6159106125274,12096
catboost_logdiff_dsp_g123,Продовольствие,3,H1,433.0898524009386,12096
catboost_logdiff_dsp_g123,Продовольствие,3,H2,392.3081445273391,12096
catboost_logdiff_dsp_g123,Продовольствие,6,H1,790.7862895767787,12096
catboost_logdiff_dsp_g123,Продовольствие,6,H2,412.5350473071501,12096
catboost_logdiff_dsp_g123,Продовольствие,12,H1,790.7862895767787,12096
catboost_logdiff_dsp_g123,Продовольствие,12,H2,694.7019958047196,12096
catboost_logdiff_dsp_g123,Транспорт,1,H1,84.07931412171162,12096
catboost_logdiff_dsp_g123,Транспорт,1,H2,77.22683427246888,12096
catboost_logdiff_dsp_g123,Транспорт,3,H1,116.53165266239424,12096
catboost_logdiff_dsp_g123,Транспорт,3,H2,96.47111150377428,12096
catboost_logdiff_dsp_g123,Транспорт,6,H1,121.10554516029211,12096
catboost_logdiff_dsp_g123,Транспорт,6,H2,115.72175223452788,12096
catboost_logdiff_dsp_g123,Транспорт,12,H1,121.10554516029211,12096
catboost_logdiff_dsp_g123,Транспорт,12,H2,166.21241478347756,12096
catboost_logdiff_dsp_g123,Маркетплейсы,1,H1,496.28964693964497,12096
catboost_logdiff_dsp_g123,Маркетплейсы,1,H2,350.36117582187035,12096
catboost_logdiff_dsp_g123,Маркетплейсы,3,H1,956.775535094528,12096
catboost_logdiff_dsp_g123,Маркетплейсы,3,H2,428.16074643203945,12096
catboost_logdiff_dsp_g123,Маркетплейсы,6,H1,1509.0979670715437,12096
catboost_logdiff_dsp_g123,Маркетплейсы,6,H2,598.5063062414707,12096
catboost_logdiff_dsp_g123,Маркетплейсы,12,H1,1509.0979670715437,12096
catboost_logdiff_dsp_g123,Маркетплейсы,12,H2,2009.6615012892883,12096
catboost_logdiff_dsp_g123_d4,Все категории,1,H1,928.1649492165892,12096
catboost_logdiff_dsp_g123_d4,Все категории,1,H2,696.3262440730472,12096
catboost_logdiff_dsp_g123_d4,Все категории,3,H1,1130.9041671415223,12096
catboost_logdiff_dsp_g123_d4,Все категории,3,H2,843.7343702388404,12096
catboost_logdiff_dsp_g123_d4,Все категории,6,H1,1698.3665199745785,12096
catboost_logdiff_dsp_g123_d4,Все категории,6,H2,1110.4728231928457,12096
catboost_logdiff_dsp_g123_d4,Все категории,12,H1,1698.3665199745785,12096
catboost_logdiff_dsp_g123_d4,Все категории,12,H2,2277.1892795954122,12096
catboost_logdiff_dsp_g123_d4,Общественное питание,1,H1,93.67560627105684,12096
catboost_logdiff_dsp_g123_d4,Общественное питание,1,H2,66.05385402260129,12096
catboost_logdiff_dsp_g123_d4,Общественное питание,3,H1,188.84572526103605,12096
catboost_logdiff_dsp_g123_d4,Общественное питание,3,H2,97.24304418335507,12096
catboost_logdiff_dsp_g123_d4,Общественное питание,6,H1,339.80557949623034,12096
catboost_logdiff_dsp_g123_d4,Общественное питание,6,H2,142.3488001868261,12096
catboost_logdiff_dsp_g123_d4,Общественное питание,12,H1,339.80557949623034,12096
catboost_logdiff_dsp_g123_d4,Общественное питание,12,H2,368.787897697664,12096
catboost_logdiff_dsp_g123_d4,Здоровье,1,H1,116.33397030196609,12096
catboost_logdiff_dsp_g123_d4,Здоровье,1,H2,83.54193764897583,12096
catboost_logdiff_dsp_g123_d4,Здоровье,3,H1,181.7679632709821,12096
catboost_logdiff_dsp_g123_d4,Здоровье,3,H2,78.44603039247437,12096
catboost_logdiff_dsp_g123_d4,Здоровье,6,H1,248.11996816228955,12096
catboost_logdiff_dsp_g123_d4,Здоровье,6,H2,86.05292497643477,12096
catboost_logdiff_dsp_g123_d4,Здоровье,12,H1,248.11996816228955,12096
catboost_logdiff_dsp_g123_d4,Здоровье,12,H2,214.75236785548245,12096
catboost_logdiff_dsp_g123_d4,Продовольствие,1,H1,284.39289055679023,12096
catboost_logdiff_dsp_g123_d4,Продовольствие,1,H2,306.3954199733267,12096
catboost_logdiff_dsp_g123_d4,Продовольствие,3,H1,435.8693338111819,12096
catboost_logdiff_dsp_g123_d4,Продовольствие,3,H2,453.2026017512661,12096
catboost_logdiff_dsp_g123_d4,Продовольствие,6,H1,785.6722392849308,12096
catboost_logdiff_dsp_g123_d4,Продовольствие,6,H2,489.8339743661713,12096
catboost_logdiff_dsp_g123_d4,Продовольствие,12,H1,785.6722392849308,12096
catboost_logdiff_dsp_g123_d4,Продовольствие,12,H2,680.0846021929123,12096
catboost_logdiff_dsp_g123_d4,Транспорт,1,H1,83.16409892435246,12096
catboost_logdiff_dsp_g123_d4,Транспорт,1,H2,77.54052747021431,12096
catboost_logdiff_dsp_g123_d4,Транспорт,3,H1,111.95931751481628,12096
catboost_logdiff_dsp_g123_d4,Транспорт,3,H2,95.69194054737504,12096
catboost_logdiff_dsp_g123_d4,Транспорт,6,H1,114.7865827203599,12096
catboost_logdiff_dsp_g123_d4,Транспорт,6,H2,116.99527595550741,12096
catboost_logdiff_dsp_g123_d4,Транспорт,12,H1,114.7865827203599,12096
catboost_logdiff_dsp_g123_d4,Транспорт,12,H2,173.29237649083547,12096
catboost_logdiff_dsp_g123_d4,Маркетплейсы,1,H1,504.20816126718813,12096
catboost_logdiff_dsp_g123_d4,Маркетплейсы,1,H2,350.3735680665011,12096
catboost_logdiff_dsp_g123_d4,Маркетплейсы,3,H1,979.4853298653111,12096
catboost_logdiff_dsp_g123_d4,Маркетплейсы,3,H2,437.7340007412832,12096
catboost_logdiff_dsp_g123_d4,Маркетплейсы,6,H1,1566.3102311167115,12096
catboost_logdiff_dsp_g123_d4,Маркетплейсы,6,H2,615.3903965621895,12096
catboost_logdiff_dsp_g123_d4,Маркетплейсы,12,H1,1566.3102311167115,12096
catboost_logdiff_dsp_g123_d4,Маркетплейсы,12,H2,2145.747281577418,12096
catboost_logdiff_dsp_g123_dir,Все категории,1,H1,932.2065770035199,12096
catboost_logdiff_dsp_g123_dir,Все категории,1,H2,695.2896048951753,12096
catboost_logdiff_dsp_g123_dir,Все категории,3,H1,1209.262476918587,12096
catboost_logdiff_dsp_g123_dir,Все категории,3,H2,882.7158923740286,12096
catboost_logdiff_dsp_g123_dir,Все категории,6,H1,1677.4553766822012,12096
catboost_logdiff_dsp_g123_dir,Все категории,6,H2,1053.8186828252894,12096
catboost_logdiff_dsp_g123_dir,Все категории,12,H1,1677.4553766822012,12096
catboost_logdiff_dsp_g123_dir,Все категории,12,H2,2168.1628383445936,12096
catboost_logdiff_dsp_g123_dir,Общественное питание,1,H1,93.64686406834919,12096
catboost_logdiff_dsp_g123_dir,Общественное питание,1,H2,61.70132693658742,12096
catboost_logdiff_dsp_g123_dir,Общественное питание,3,H1,181.1288482694009,12096
catboost_logdiff_dsp_g123_dir,Общественное питание,3,H2,80.46421844256103,12096
catboost_logdiff_dsp_g123_dir,Общественное питание,6,H1,301.82896170183164,12096
catboost_logdiff_dsp_g123_dir,Общественное питание,6,H2,96.5085182376877,12096
catboost_logdiff_dsp_g123_dir,Общественное питание,12,H1,301.82896170183164,12096
catboost_logdiff_dsp_g123_dir,Общественное питание,12,H2,462.0970373113762,12096
catboost_logdiff_dsp_g123_dir,Здоровье,1,H1,108.39499719335386,12096
catboost_logdiff_dsp_g123_dir,Здоровье,1,H2,84.997720760769,12096
catboost_logdiff_dsp_g123_dir,Здоровье,3,H1,169.46598505681067,12096
catboost_logdiff_dsp_g123_dir,Здоровье,3,H2,81.82315137567049,12096
catboost_logdiff_dsp_g123_dir,Здоровье,6,H1,235.41736467737104,12096
catboost_logdiff_dsp_g123_dir,Здоровье,6,H2,90.7996915426561,12096
catboost_logdiff_dsp_g123_dir,Здоровье,12,H1,235.41736467737104,12096
catboost_logdiff_dsp_g123_dir,Здоровье,12,H2,317.37818073094473,12096
catboost_logdiff_dsp_g123_dir,Продовольствие,1,H1,294.823579882179,12096
catboost_logdiff_dsp_g123_dir,Продовольствие,1,H2,306.52352700877634,12096
catboost_logdiff_dsp_g123_dir,Продовольствие,3,H1,481.80190381775924,12096
catboost_logdiff_dsp_g123_dir,Продовольствие,3,H2,404.4608313862552,12096
catboost_logdiff_dsp_g123_dir,Продовольствие,6,H1,863.128404142225,12096
catboost_logdiff_dsp_g123_dir,Продовольствие,6,H2,463.1895038046867,12096
catboost_logdiff_dsp_g123_dir,Продовольствие,12,H1,863.128404142225,12096
catboost_logdiff_dsp_g123_dir,Продовольствие,12,H2,781.3684052313223,12096
catboost_logdiff_dsp_g123_dir,Транспорт,1,H1,84.01898337955147,12096
catboost_logdiff_dsp_g123_dir,Транспорт,1,H2,77.71120130922097,12096
catboost_logdiff_dsp_g123_dir,Транспорт,3,H1,124.88115696301936,12096
catboost_logdiff_dsp_g123_dir,Транспорт,3,H2,92.88935140106317,12096
catboost_logdiff_dsp_g123_dir,Транспорт,6,H1,137.41195303790334,12096
catboost_logdiff_dsp_g123_dir,Транспорт,6,H2,109.99222241460173,12096
catboost_logdiff_dsp_g123_dir,Транспорт,12,H1,137.41195303790334,12096
catboost_logdiff_dsp_g123_dir,Транспорт,12,H2,210.2781784769962,12096
catboost_logdiff_dsp_g123_dir,Маркетплейсы,1,H1,492.93409056995677,12096
catboost_logdiff_dsp_g123_dir,Маркетплейсы,1,H2,352.2292214130059,12096
catboost_logdiff_dsp_g123_dir,Маркетплейсы,3,H1,929.4140209728159,12096
catboost_logdiff_dsp_g123_dir,Маркетплейсы,3,H2,384.46085995215464,12096
catboost_logdiff_dsp_g123_dir,Маркетплейсы,6,H1,1477.2799300470026,12096
catboost_logdiff_dsp_g123_dir,Маркетплейсы,6,H2,523.6545352482958,12096
catboost_logdiff_dsp_g123_dir,Маркетплейсы,12,H1,1477.2799300470026,12096
catboost_logdiff_dsp_g123_dir,Маркетплейсы,12,H2,2931.743389979855,12096
catboost_logdiff_dsp_g123_l2,Все категории,1,H1,933.1132059229187,12096
catboost_logdiff_dsp_g123_l2,Все категории,1,H2,706.2895677732752,12096
catboost_logdiff_dsp_g123_l2,Все категории,3,H1,1190.9872243986601,12096
catboost_logdiff_dsp_g123_l2,Все категории,3,H2,881.4111624270557,12096
catboost_logdiff_dsp_g123_l2,Все категории,6,H1,1759.8056157890578,12096
catboost_logdiff_dsp_g123_l2,Все категории,6,H2,1205.2621395070203,12096
catboost_logdiff_dsp_g123_l2,Все категории,12,H1,1759.8056157890578,12096
catboost_logdiff_dsp_g123_l2,Все категории,12,H2,2315.7280760397366,12096
catboost_logdiff_dsp_g123_rel,Все категории,1,H1,918.511157825596,12096
catboost_logdiff_dsp_g123_rel,Все категории,1,H2,708.7370327649331,12096
catboost_logdiff_dsp_g123_rel,Все категории,3,H1,1101.2613159645343,12096
catboost_logdiff_dsp_g123_rel,Все категории,3,H2,862.3221843446125,12096
catboost_logdiff_dsp_g123_rel,Все категории,6,H1,1709.3299710063563,12096
catboost_logdiff_dsp_g123_rel,Все категории,6,H2,1096.8350599018327,12096
catboost_logdiff_dsp_g123_rel,Все категории,12,H1,1709.3299710063563,12096
catboost_logdiff_dsp_g123_rel,Все категории,12,H2,2287.6628807925463,12096
catboost_logdiff_dsp_g123_rel,Общественное питание,1,H1,96.55850635565903,12096
catboost_logdiff_dsp_g123_rel,Общественное питание,1,H2,65.86604580190448,12096
catboost_logdiff_dsp_g123_rel,Общественное питание,3,H1,197.61076218044556,12096
catboost_logdiff_dsp_g123_rel,Общественное питание,3,H2,94.2017160447911,12096
catboost_logdiff_dsp_g123_rel,Общественное питание,6,H1,343.53827244511166,12096
catboost_logdiff_dsp_g123_rel,Общественное питание,6,H2,129.6108350178698,12096
catboost_logdiff_dsp_g123_rel,Общественное питание,12,H1,343.53827244511166,12096
catboost_logdiff_dsp_g123_rel,Общественное питание,12,H2,377.1030989448196,12096
catboost_logdiff_dsp_g123_rel,Здоровье,1,H1,114.52622142150908,12096
catboost_logdiff_dsp_g123_rel,Здоровье,1,H2,82.81067229956949,12096
catboost_logdiff_dsp_g123_rel,Здоровье,3,H1,183.65839884245796,12096
catboost_logdiff_dsp_g123_rel,Здоровье,3,H2,77.29667905219961,12096
catboost_logdiff_dsp_g123_rel,Здоровье,6,H1,250.62782242023664,12096
catboost_logdiff_dsp_g123_rel,Здоровье,6,H2,86.41226123827182,12096
catboost_logdiff_dsp_g123_rel,Здоровье,12,H1,250.62782242023664,12096
catboost_logdiff_dsp_g123_rel,Здоровье,12,H2,213.28558819001734,12096
catboost_logdiff_dsp_g123_rel,Продовольствие,1,H1,284.08530074984435,12096
catboost_logdiff_dsp_g123_rel,Продовольствие,1,H2,306.0124797611189,12096
catboost_logdiff_dsp_g123_rel,Продовольствие,3,H1,429.17365347701923,12096
catboost_logdiff_dsp_g123_rel,Продовольствие,3,H2,428.7883108321616,12096
catboost_logdiff_dsp_g123_rel,Продовольствие,6,H1,783.2440667636083,12096
catboost_logdiff_dsp_g123_rel,Продовольствие,6,H2,494.67067620669644,12096
catboost_logdiff_dsp_g123_rel,Продовольствие,12,H1,783.2440667636083,12096
catboost_logdiff_dsp_g123_rel,Продовольствие,12,H2,677.5758520931812,12096
catboost_logdiff_dsp_g123_rel,Транспорт,1,H1,83.6760571254914,12096
catboost_logdiff_dsp_g123_rel,Транспорт,1,H2,77.09481424082468,12096
catboost_logdiff_dsp_g123_rel,Транспорт,3,H1,113.1364943509616,12096
catboost_logdiff_dsp_g123_rel,Транспорт,3,H2,95.65441433818859,12096
catboost_logdiff_dsp_g123_rel,Транспорт,6,H1,124.33546732645759,12096
catboost_logdiff_dsp_g123_rel,Транспорт,6,H2,109.54620733113757,12096
catboost_logdiff_dsp_g123_rel,Транспорт,12,H1,124.33546732645759,12096
catboost_logdiff_dsp_g123_rel,Транспорт,12,H2,165.70119807154262,12096
catboost_logdiff_dsp_g123_rel,Маркетплейсы,1,H1,500.4104157314312,12096
catboost_logdiff_dsp_g123_rel,Маркетплейсы,1,H2,356.60988540029865,12096
catboost_logdiff_dsp_g123_rel,Маркетплейсы,3,H1,981.4037388247202,12096
catboost_logdiff_dsp_g123_rel,Маркетплейсы,3,H2,415.4464626581279,12096
catboost_logdiff_dsp_g123_rel,Маркетплейсы,6,H1,1581.351377947282,12096
catboost_logdiff_dsp_g123_rel,Маркетплейсы,6,H2,607.7305133237695,12096
catboost_logdiff_dsp_g123_rel,Маркетплейсы,12,H1,1581.351377947282,12096
catboost_logdiff_dsp_g123_rel,Маркетплейсы,12,H2,2225.754034571318,12096
catboost_logdiff_dsp_g123m,Все категории,1,H1,921.0481372703389,12096
catboost_logdiff_dsp_g123m,Все категории,1,H2,693.2879226409136,12096
catboost_logdiff_dsp_g123m,Все категории,3,H1,1096.23853881391,12096
catboost_logdiff_dsp_g123m,Все категории,3,H2,847.6698373943548,12096
catboost_logdiff_dsp_g123m,Все категории,6,H1,1582.0003735819228,12096
catboost_logdiff_dsp_g123m,Все категории,6,H2,1079.9358747738622,12096
catboost_logdiff_dsp_g123m,Все категории,12,H1,1582.0003735819228,12096
catboost_logdiff_dsp_g123m,Все категории,12,H2,1942.3414054429213,12096
catboost_logdiff_dsp_g123m,Общественное питание,1,H1,100.2804425372866,12096
catboost_logdiff_dsp_g123m,Общественное питание,1,H2,66.51448712621541,12096
catboost_logdiff_dsp_g123m,Общественное питание,3,H1,210.74641495096915,12096
catboost_logdiff_dsp_g123m,Общественное питание,3,H2,96.02587725012395,12096
catboost_logdiff_dsp_g123m,Общественное питание,6,H1,370.8610625116833,12096
catboost_logdiff_dsp_g123m,Общественное питание,6,H2,125.92485028557951,12096
catboost_logdiff_dsp_g123m,Общественное питание,12,H1,370.8610625116833,12096
catboost_logdiff_dsp_g123m,Общественное питание,12,H2,426.6495432614226,12096
catboost_logdiff_dsp_g123m,Здоровье,1,H1,116.31166046510516,12096
catboost_logdiff_dsp_g123m,Здоровье,1,H2,82.66655729430548,12096
catboost_logdiff_dsp_g123m,Здоровье,3,H1,201.1465612043575,12096
catboost_logdiff_dsp_g123m,Здоровье,3,H2,80.09384012975484,12096
catboost_logdiff_dsp_g123m,Здоровье,6,H1,289.9305539749548,12096
catboost_logdiff_dsp_g123m,Здоровье,6,H2,88.40326807555469,12096
catboost_logdiff_dsp_g123m,Здоровье,12,H1,289.9305539749548,12096
catboost_logdiff_dsp_g123m,Здоровье,12,H2,283.17461680817996,12096
catboost_logdiff_dsp_g123m,Продовольствие,1,H1,283.90385154566053,12096
catboost_logdiff_dsp_g123m,Продовольствие,1,H2,312.2927109746259,12096
catboost_logdiff_dsp_g123m,Продовольствие,3,H1,419.0987394198579,12096
catboost_logdiff_dsp_g123m,Продовольствие,3,H2,441.2474423425375,12096
catboost_logdiff_dsp_g123m,Продовольствие,6,H1,764.584599385496,12096
catboost_logdiff_dsp_g123m,Продовольствие,6,H2,617.7260123773323,12096
catboost_logdiff_dsp_g123m,Продовольствие,12,H1,764.584599385496,12096
catboost_logdiff_dsp_g123m,Продовольствие,12,H2,661.0721941697568,12096
catboost_logdiff_dsp_g123m,Транспорт,1,H1,82.67477440720688,12096
catboost_logdiff_dsp_g123m,Транспорт,1,H2,77.92478491158205,12096
catboost_logdiff_dsp_g123m,Транспорт,3,H1,114.38424840907213,12096
catboost_logdiff_dsp_g123m,Транспорт,3,H2,98.03875844011593,12096
catboost_logdiff_dsp_g123m,Транспорт,6,H1,137.69103852652847,12096
catboost_logdiff_dsp_g123m,Транспорт,6,H2,116.52488683553543,12096
catboost_logdiff_dsp_g123m,Транспорт,12,H1,137.69103852652847,12096
catboost_logdiff_dsp_g123m,Транспорт,12,H2,196.93146223381228,12096
catboost_logdiff_dsp_g123m,Маркетплейсы,1,H1,496.6761336439707,12096
catboost_logdiff_dsp_g123m,Маркетплейсы,1,H2,355.66763267044263,12096
catboost_logdiff_dsp_g123m,Маркетплейсы,3,H1,972.0774444854765,12096
catboost_logdiff_dsp_g123m,Маркетплейсы,3,H2,433.4212995010438,12096
catboost_logdiff_dsp_g123m,Маркетплейсы,6,H1,1565.180897735445,12096
catboost_logdiff_dsp_g123m,Маркетплейсы,6,H2,597.0010837954294,12096
catboost_logdiff_dsp_g123m,Маркетплейсы,12,H1,1565.180897735445,12096
catboost_logdiff_dsp_g123m,Маркетплейсы,12,H2,2116.0321177083515,12096
catboost_logdiff_g1,Все категории,1,H1,2407.7593667216024,12096
catboost_logdiff_g1,Все категории,1,H2,1165.1366857819091,12096
catboost_logdiff_g1,Все категории,3,H1,3736.094090577332,12096
catboost_logdiff_g1,Все категории,3,H2,1235.1956784479112,12096
catboost_logdiff_g1,Все категории,6,H1,4074.045087906968,12096
catboost_logdiff_g1,Все категории,6,H2,1223.4494215650925,12096
catboost_logdiff_g1,Все категории,12,H1,4074.045087906968,12096
catboost_logdiff_g1,Все категории,12,H2,4307.893963232668,12096
catboost_logdiff_g1,Общественное питание,1,H1,70.46491738982752,12096
catboost_logdiff_g1,Общественное питание,1,H2,68.45798159556982,12096
catboost_logdiff_g1,Общественное питание,3,H1,88.3749536151611,12096
catboost_logdiff_g1,Общественное питание,3,H2,93.50935504279838,12096
catboost_logdiff_g1,Общественное питание,6,H1,97.32837755628616,12096
catboost_logdiff_g1,Общественное питание,6,H2,123.49160123600134,12096
catboost_logdiff_g1,Общественное питание,12,H1,97.32837755628616,12096
catboost_logdiff_g1,Общественное питание,12,H2,135.21358241823074,12096
catboost_logdiff_g1,Здоровье,1,H1,92.2929509991929,12096
catboost_logdiff_g1,Здоровье,1,H2,79.85896388088494,12096
catboost_logdiff_g1,Здоровье,3,H1,103.35185749689666,12096
catboost_logdiff_g1,Здоровье,3,H2,79.87147078481058,12096
catboost_logdiff_g1,Здоровье,6,H1,130.12298034981134,12096
catboost_logdiff_g1,Здоровье,6,H2,88.31803003547824,12096
catboost_logdiff_g1,Здоровье,12,H1,130.12298034981134,12096
catboost_logdiff_g1,Здоровье,12,H2,138.0701899546899,12096
catboost_logdiff_g1,Продовольствие,1,H1,791.9977576060476,12096
catboost_logdiff_g1,Продовольствие,1,H2,417.4658647140201,12096
catboost_logdiff_g1,Продовольствие,3,H1,1206.518191692785,12096
catboost_logdiff_g1,Продовольствие,3,H2,654.709246912904,12096
catboost_logdiff_g1,Продовольствие,6,H1,1506.2470509298626,12096
catboost_logdiff_g1,Продовольствие,6,H2,818.9305678748806,12096
catboost_logdiff_g1,Продовольствие,12,H1,1506.2470509298626,12096
catboost_logdiff_g1,Продовольствие,12,H2,1203.0423094884218,12096
catboost_logdiff_g1,Транспорт,1,H1,104.92165228321107,12096
catboost_logdiff_g1,Транспорт,1,H2,81.11879054076242,12096
catboost_logdiff_g1,Транспорт,3,H1,157.46131738476086,12096
catboost_logdiff_g1,Транспорт,3,H2,96.6255702663985,12096
catboost_logdiff_g1,Транспорт,6,H1,154.47122929863156,12096
catboost_logdiff_g1,Транспорт,6,H2,118.79273741311926,12096
catboost_logdiff_g1,Транспорт,12,H1,154.47122929863156,12096
catboost_logdiff_g1,Транспорт,12,H2,187.9433005282852,12096
catboost_logdiff_g1,Маркетплейсы,1,H1,585.6492542308335,12096
catboost_logdiff_g1,Маркетплейсы,1,H2,333.6110024436351,12096
catboost_logdiff_g1,Маркетплейсы,3,H1,857.0715560474899,12096
catboost_logdiff_g1,Маркетплейсы,3,H2,313.15511045788605,12096
catboost_logdiff_g1,Маркетплейсы,6,H1,1087.3763227968097,12096
catboost_logdiff_g1,Маркетплейсы,6,H2,343.5103770241782,12096
catboost_logdiff_g1,Маркетплейсы,12,H1,1087.3763227968097,12096
catboost_logdiff_g1,Маркетплейсы,12,H2,1656.7810999635858,12096
catboost_logdiff_g12,Все категории,1,H1,2290.950143142369,12096
catboost_logdiff_g12,Все категории,1,H2,1213.0275965448586,12096
catboost_logdiff_g12,Все категории,3,H1,3755.426019122183,12096
catboost_logdiff_g12,Все категории,3,H2,1039.659457358065,12096
catboost_logdiff_g12,Все категории,6,H1,3875.96471589587,12096
catboost_logdiff_g12,Все категории,6,H2,1180.2912703969112,12096
catboost_logdiff_g12,Все категории,12,H1,3875.96471589587,12096
catboost_logdiff_g12,Все категории,12,H2,4106.099128370146,12096
catboost_logdiff_g12,Общественное питание,1,H1,71.82805741370922,12096
catboost_logdiff_g12,Общественное питание,1,H2,73.35463302306128,12096
catboost_logdiff_g12,Общественное питание,3,H1,88.74292378440234,12096
catboost_logdiff_g12,Общественное питание,3,H2,104.00222309297116,12096
catboost_logdiff_g12,Общественное питание,6,H1,100.40286700047177,12096
catboost_logdiff_g12,Общественное питание,6,H2,135.50883447172382,12096
catboost_logdiff_g12,Общественное питание,12,H1,100.40286700047177,12096
catboost_logdiff_g12,Общественное питание,12,H2,138.0881659062895,12096
catboost_logdiff_g12,Здоровье,1,H1,91.33311054256382,12096
catboost_logdiff_g12,Здоровье,1,H2,79.5149305828939,12096
catboost_logdiff_g12,Здоровье,3,H1,99.3064522791596,12096
catboost_logdiff_g12,Здоровье,3,H2,80.78206549057596,12096
catboost_logdiff_g12,Здоровье,6,H1,119.37127986907251,12096
catboost_logdiff_g12,Здоровье,6,H2,92.93536860845376,12096
catboost_logdiff_g12,Здоровье,12,H1,119.37127986907251,12096
catboost_logdiff_g12,Здоровье,12,H2,137.40164286338907,12096
catboost_logdiff_g12,Продовольствие,1,H1,765.4400349612303,12096
catboost_logdiff_g12,Продовольствие,1,H2,423.1223676397923,12096
catboost_logdiff_g12,Продовольствие,3,H1,1283.1628938155804,12096
catboost_logdiff_g12,Продовольствие,3,H2,608.941608928287,12096
catboost_logdiff_g12,Продовольствие,6,H1,1756.044249501017,12096
catboost_logdiff_g12,Продовольствие,6,H2,745.2376785232807,12096
catboost_logdiff_g12,Продовольствие,12,H1,1756.044249501017,12096
catboost_logdiff_g12,Продовольствие,12,H2,1499.8724571889331,12096
catboost_logdiff_g12,Транспорт,1,H1,102.94354141510806,12096
catboost_logdiff_g12,Транспорт,1,H2,80.87004215522997,12096
catboost_logdiff_g12,Транспорт,3,H1,158.11899153529404,12096
catboost_logdiff_g12,Транспорт,3,H2,95.59004390073368,12096
catboost_logdiff_g12,Транспорт,6,H1,155.6135079086798,12096
catboost_logdiff_g12,Транспорт,6,H2,118.74995048702782,12096
catboost_logdiff_g12,Транспорт,12,H1,155.6135079086798,12096
catboost_logdiff_g12,Транспорт,12,H2,192.5193931700287,12096
catboost_logdiff_g12,Маркетплейсы,1,H1,607.9685442648046,12096
catboost_logdiff_g12,Маркетплейсы,1,H2,352.70688766029895,12096
catboost_logdiff_g12,Маркетплейсы,3,H1,837.6906804393786,12096
catboost_logdiff_g12,Маркетплейсы,3,H2,322.1518427319125,12096
catboost_logdiff_g12,Маркетплейсы,6,H1,1077.900929588236,12096
catboost_logdiff_g12,Маркетплейсы,6,H2,332.9360540760015,12096
catboost_logdiff_g12,Маркетплейсы,12,H1,1077.900929588236,12096
catboost_logdiff_g12,Маркетплейсы,12,H2,1646.4296416012835,12096
catboost_logdiff_g123,Все категории,1,H1,2486.619482374093,12096
catboost_logdiff_g123,Все категории,1,H2,1192.430039702005,12096
catboost_logdiff_g123,Все категории,3,H1,3878.89785149507,12096
catboost_logdiff_g123,Все категории,3,H2,1187.1059504128107,12096
catboost_logdiff_g123,Все категории,6,H1,3925.412588886394,12096
catboost_logdiff_g123,Все категории,6,H2,1252.942273834091,12096
catboost_logdiff_g123,Все категории,12,H1,3925.412588886394,12096
catboost_logdiff_g123,Все категории,12,H2,4135.64423915018,12096
catboost_logdiff_g123,Общественное питание,1,H1,71.81702447569663,12096
catboost_logdiff_g123,Общественное питание,1,H2,71.6327072025897,12096
catboost_logdiff_g123,Общественное питание,3,H1,91.94423522306744,12096
catboost_logdiff_g123,Общественное питание,3,H2,106.14745801380445,12096
catboost_logdiff_g123,Общественное питание,6,H1,99.87514775539734,12096
catboost_logdiff_g123,Общественное питание,6,H2,144.68121152781694,12096
catboost_logdiff_g123,Общественное питание,12,H1,99.87514775539734,12096
catboost_logdiff_g123,Общественное питание,12,H2,138.56595741138196,12096
catboost_logdiff_g123,Здоровье,1,H1,89.99171970861289,12096
catboost_logdiff_g123,Здоровье,1,H2,81.50482276843242,12096
catboost_logdiff_g123,Здоровье,3,H1,104.6374409982463,12096
catboost_logdiff_g123,Здоровье,3,H2,81.5933227389053,12096
catboost_logdiff_g123,Здоровье,6,H1,128.2990582121452,12096
catboost_logdiff_g123,Здоровье,6,H2,88.85235230912349,12096
catboost_logdiff_g123,Здоровье,12,H1,128.2990582121452,12096
catboost_logdiff_g123,Здоровье,12,H2,140.94977879756868,12096
catboost_logdiff_g123,Продовольствие,1,H1,857.3960997928193,12096
catboost_logdiff_g123,Продовольствие,1,H2,413.1080632223606,12096
catboost_logdiff_g123,Продовольствие,3,H1,1624.7588100081246,12096
catboost_logdiff_g123,Продовольствие,3,H2,674.5316893864683,12096
catboost_logdiff_g123,Продовольствие,6,H1,2330.7243925709076,12096
catboost_logdiff_g123,Продовольствие,6,H2,849.1806209104411,12096
catboost_logdiff_g123,Продовольствие,12,H1,2330.7243925709076,12096
catboost_logdiff_g123,Продовольствие,12,H2,1932.9010923480967,12096
catboost_logdiff_g123,Транспорт,1,H1,108.3378872812004,12096
catboost_logdiff_g123,Транспорт,1,H2,81.72943225264073,12096
catboost_logdiff_g123,Транспорт,3,H1,175.7541517553729,12096
catboost_logdiff_g123,Транспорт,3,H2,92.92742056753494,12096
catboost_logdiff_g123,Транспорт,6,H1,178.380057451218,12096
catboost_logdiff_g123,Транспорт,6,H2,112.79170829487975,12096
catboost_logdiff_g123,Транспорт,12,H1,178.380057451218,12096
catboost_logdiff_g123,Транспорт,12,H2,204.49151753876916,12096
catboost_logdiff_g123,Маркетплейсы,1,H1,627.339683765826,12096
catboost_logdiff_g123,Маркетплейсы,1,H2,333.47699793384714,12096
catboost_logdiff_g123,Маркетплейсы,3,H1,939.3201447598711,12096
catboost_logdiff_g123,Маркетплейсы,3,H2,327.84761154833325,12096
catboost_logdiff_g123,Маркетплейсы,6,H1,1171.3664022570265,12096
catboost_logdiff_g123,Маркетплейсы,6,H2,340.6482379957662,12096
catboost_logdiff_g123,Маркетплейсы,12,H1,1171.3664022570265,12096
catboost_logdiff_g123,Маркетплейсы,12,H2,1733.1557436773496,12096
catboost_logdiff_g1234,Все категории,1,H1,2414.523679340975,12096
catboost_logdiff_g1234,Все категории,1,H2,1209.5317512111715,12096
catboost_logdiff_g1234,Все категории,3,H1,3913.008350516768,12096
catboost_logdiff_g1234,Все категории,3,H2,1258.5384866016077,12096
catboost_logdiff_g1234,Все категории,6,H1,3839.7145556675346,12096
catboost_logdiff_g1234,Все категории,6,H2,1319.497224599298,12096
catboost_logdiff_g1234,Все категории,12,H1,3839.7145556675346,12096
catboost_logdiff_g1234,Все категории,12,H2,3982.0056446314366,12096
catboost_logdiff_g1234,Общественное питание,1,H1,71.76599165366298,12096
catboost_logdiff_g1234,Общественное питание,1,H2,72.27021676442199,12096
catboost_logdiff_g1234,Общественное питание,3,H1,86.00485336892022,12096
catboost_logdiff_g1234,Общественное питание,3,H2,100.3097763938113,12096
catboost_logdiff_g1234,Общественное питание,6,H1,101.11229997761475,12096
catboost_logdiff_g1234,Общественное питание,6,H2,147.6751365700441,12096
catboost_logdiff_g1234,Общественное питание,12,H1,101.11229997761475,12096
catboost_logdiff_g1234,Общественное питание,12,H2,141.9075111428868,12096
catboost_logdiff_g1234,Здоровье,1,H1,92.97002520344789,12096
catboost_logdiff_g1234,Здоровье,1,H2,79.08909264406856,12096
catboost_logdiff_g1234,Здоровье,3,H1,103.55115232199327,12096
catboost_logdiff_g1234,Здоровье,3,H2,80.13868493274879,12096
catboost_logdiff_g1234,Здоровье,6,H1,121.29482406782337,12096
catboost_logdiff_g1234,Здоровье,6,H2,87.58382116414764,12096
catboost_logdiff_g1234,Здоровье,12,H1,121.29482406782337,12096
catboost_logdiff_g1234,Здоровье,12,H2,138.37106847624082,12096
catboost_logdiff_g1234,Продовольствие,1,H1,813.7715585083625,12096
catboost_logdiff_g1234,Продовольствие,1,H2,427.1742662924375,12096
catboost_logdiff_g1234,Продовольствие,3,H1,1403.8552519782925,12096
catboost_logdiff_g1234,Продовольствие,3,H2,594.6137303838774,12096
catboost_logdiff_g1234,Продовольствие,6,H1,1945.1271770322453,12096
catboost_logdiff_g1234,Продовольствие,6,H2,700.7096772075436,12096
catboost_logdiff_g1234,Продовольствие,12,H1,1945.1271770322453,12096
catboost_logdiff_g1234,Продовольствие,12,H2,1662.4984793145284,12096
catboost_logdiff_g1234,Транспорт,1,H1,105.4787011941214,12096
catboost_logdiff_g1234,Транспорт,1,H2,80.10781797545278,12096
catboost_logdiff_g1234,Транспорт,3,H1,167.42134444542177,12096
catboost_logdiff_g1234,Транспорт,3,H2,90.29431615513951,12096
catboost_logdiff_g1234,Транспорт,6,H1,169.57495869163225,12096
catboost_logdiff_g1234,Транспорт,6,H2,110.52396040651202,12096
catboost_logdiff_g1234,Транспорт,12,H1,169.57495869163225,12096
catboost_logdiff_g1234,Транспорт,12,H2,198.1064208035884,12096
catboost_logdiff_g1234,Маркетплейсы,1,H1,617.1379396545134,12096
catboost_logdiff_g1234,Маркетплейсы,1,H2,331.82803738397524,12096
catboost_logdiff_g1234,Маркетплейсы,3,H1,858.8153169020912,12096
catboost_logdiff_g1234,Маркетплейсы,3,H2,326.4840643715395,12096
catboost_logdiff_g1234,Маркетплейсы,6,H1,1088.2288172323224,12096
catboost_logdiff_g1234,Маркетплейсы,6,H2,343.2024064223397,12096
catboost_logdiff_g1234,Маркетплейсы,12,H1,1088.2288172323224,12096
catboost_logdiff_g1234,Маркетплейсы,12,H2,1644.7303329935128,12096
chronos2,Все категории,1,H1,2336.8623084820138,12096
chronos2,Все категории,1,H2,1954.8511650448754,12096
chronos2,Все категории,3,H1,2386.5931652412214,12096
chronos2,Все категории,3,H2,2129.301433341213,12096
chronos2,Все категории,6,H1,2322.414418942083,12096
chronos2,Все категории,6,H2,2306.660727041739,12096
chronos2,Все категории,12,H1,2322.414418942083,12096
chronos2,Все категории,12,H2,4179.347600220372,12096
chronos2,Общественное питание,1,H1,94.16145939864809,12096
chronos2,Общественное питание,1,H2,97.36804531995581,12096
chronos2,Общественное питание,3,H1,114.83271134372741,12096
chronos2,Общественное питание,3,H2,101.53826924291238,12096
chronos2,Общественное питание,6,H1,174.24652634064356,12096
chronos2,Общественное питание,6,H2,112.77143312225897,12096
chronos2,Общественное питание,12,H1,174.24652634064356,12096
chronos2,Общественное питание,12,H2,377.9758269616536,12096
chronos2,Здоровье,1,H1,109.21273799421925,12096
chronos2,Здоровье,1,H2,95.10129435857137,12096
chronos2,Здоровье,3,H1,121.93022372482946,12096
chronos2,Здоровье,3,H2,129.50093892011694,12096
chronos2,Здоровье,6,H1,116.36074660568642,12096
chronos2,Здоровье,6,H2,181.12604073872643,12096
chronos2,Здоровье,12,H1,116.36074660568642,12096
chronos2,Здоровье,12,H2,172.47028473949936,12096
chronos2,Продовольствие,1,H1,1000.8361611341043,12096
chronos2,Продовольствие,1,H2,853.5222868742766,12096
chronos2,Продовольствие,3,H1,1058.2341089803706,12096
chronos2,Продовольствие,3,H2,857.4810302572906,12096
chronos2,Продовольствие,6,H1,1079.7108098186513,12096
chronos2,Продовольствие,6,H2,822.5524627847016,12096
chronos2,Продовольствие,12,H1,1079.7108098186513,12096
chronos2,Продовольствие,12,H2,1439.8317893699364,12096
chronos2,Транспорт,1,H1,111.4035965071784,12096
chronos2,Транспорт,1,H2,124.73351688990518,12096
chronos2,Транспорт,3,H1,147.60008788739563,12096
chronos2,Транспорт,3,H2,140.92367633436092,12096
chronos2,Транспорт,6,H1,148.78397599477617,12096
chronos2,Транспорт,6,H2,170.9587898658066,12096
chronos2,Транспорт,12,H1,148.78397599477617,12096
chronos2,Транспорт,12,H2,351.84831043021387,12096
chronos2,Маркетплейсы,1,H1,584.6212317804811,12096
chronos2,Маркетплейсы,1,H2,551.9123066998033,12096
chronos2,Маркетплейсы,3,H1,737.1734226746534,12096
chronos2,Маркетплейсы,3,H2,910.6090769641614,12096
chronos2,Маркетплейсы,6,H1,1138.6690804844811,12096
chronos2,Маркетплейсы,6,H2,1426.0979569147503,12096
chronos2,Маркетплейсы,12,H1,1138.6690804844811,12096
chronos2,Маркетплейсы,12,H2,1625.5865176266464,12096
chronos2_cl,Все категории,1,H1,2311.2720061609984,12096
chronos2_cl,Все категории,1,H2,1887.910547004175,12096
chronos2_cl,Все категории,3,H1,2377.6565752786305,12096
chronos2_cl,Все категории,3,H2,2046.967304048084,12096
chronos2_cl,Все категории,6,H1,2273.1494858353226,12096
chronos2_cl,Все категории,6,H2,2153.7891838437035,12096
chronos2_cl,Все категории,12,H1,2273.1494858353226,12096
chronos2_cl,Все категории,12,H2,4244.26122078063,12096
chronos2_cl,Общественное питание,1,H1,93.06704176481439,12096
chronos2_cl,Общественное питание,1,H2,90.9820720644855,12096
chronos2_cl,Общественное питание,3,H1,112.40889793634415,12096
chronos2_cl,Общественное питание,3,H2,98.39442334288643,12096
chronos2_cl,Общественное питание,6,H1,173.41033572746963,12096
chronos2_cl,Общественное питание,6,H2,103.03486134892418,12096
chronos2_cl,Общественное питание,12,H1,173.41033572746963,12096
chronos2_cl,Общественное питание,12,H2,362.6567500523789,12096
chronos2_cl,Здоровье,1,H1,105.87969478728279,12096
chronos2_cl,Здоровье,1,H2,91.87521987995774,12096
chronos2_cl,Здоровье,3,H1,118.86477613701392,12096
chronos2_cl,Здоровье,3,H2,124.7043003733196,12096
chronos2_cl,Здоровье,6,H1,114.42970142667255,12096
chronos2_cl,Здоровье,6,H2,174.390206536288,12096
chronos2_cl,Здоровье,12,H1,114.42970142667255,12096
chronos2_cl,Здоровье,12,H2,169.16949235320723,12096
chronos2_cl,Продовольствие,1,H1,997.7072994090893,12096
chronos2_cl,Продовольствие,1,H2,856.7977516537621,12096
chronos2_cl,Продовольствие,3,H1,1063.7371836263667,12096
chronos2_cl,Продовольствие,3,H2,865.4676354221566,12096
chronos2_cl,Продовольствие,6,H1,1081.4472863737237,12096
chronos2_cl,Продовольствие,6,H2,825.4514623571325,12096
chronos2_cl,Продовольствие,12,H1,1081.4472863737237,12096
chronos2_cl,Продовольствие,12,H2,1448.2049130636549,12096
chronos2_cl,Транспорт,1,H1,109.96337996336518,12096
chronos2_cl,Транспорт,1,H2,117.7657874248646,12096
chronos2_cl,Транспорт,3,H1,145.6631383315596,12096
chronos2_cl,Транспорт,3,H2,138.81896868206206,12096
chronos2_cl,Транспорт,6,H1,149.03070060790532,12096
chronos2_cl,Транспорт,6,H2,156.82652218631966,12096
chronos2_cl,Транспорт,12,H1,149.03070060790532,12096
chronos2_cl,Транспорт,12,H2,338.0769573267175,12096
chronos2_cl,Маркетплейсы,1,H1,584.2097142941107,12096
chronos2_cl,Маркетплейсы,1,H2,531.8258416009328,12096
chronos2_cl,Маркетплейсы,3,H1,750.9620821211073,12096
chronos2_cl,Маркетплейсы,3,H2,881.4397585732596,12096
chronos2_cl,Маркетплейсы,6,H1,1163.2824259763042,12096
chronos2_cl,Маркетплейсы,6,H2,1392.202265355953,12096
chronos2_cl,Маркетплейсы,12,H1,1163.2824259763042,12096
chronos2_cl,Маркетплейсы,12,H2,1515.511922384696,12096
chronos2_nat,Все категории,1,H1,2244.3634867188794,12096
chronos2_nat,Все категории,1,H2,1779.969826753808,12096
chronos2_nat,Все категории,3,H1,2346.994159193897,12096
chronos2_nat,Все категории,3,H2,1834.7474749529804,12096
chronos2_nat,Все категории,6,H1,2369.8602590409537,12096
chronos2_nat,Все категории,6,H2,1937.463055645978,12096
chronos2_nat,Все категории,12,H1,2369.8602590409537,12096
chronos2_nat,Все категории,12,H2,4020.3117758937615,12096
chronos2_nat,Общественное питание,1,H1,91.16745904166862,12096
chronos2_nat,Общественное питание,1,H2,94.51862300451471,12096
chronos2_nat,Общественное питание,3,H1,109.42451244592667,12096
chronos2_nat,Общественное питание,3,H2,95.74002605203599,12096
chronos2_nat,Общественное питание,6,H1,174.98493242831458,12096
chronos2_nat,Общественное питание,6,H2,106.00478012631179,12096
chronos2_nat,Общественное питание,12,H1,174.98493242831458,12096
chronos2_nat,Общественное питание,12,H2,377.8312007627159,12096
chronos2_nat,Здоровье,1,H1,113.4233389809018,12096
chronos2_nat,Здоровье,1,H2,89.63094193090207,12096
chronos2_nat,Здоровье,3,H1,132.1220820669144,12096
chronos2_nat,Здоровье,3,H2,121.02158831540869,12096
chronos2_nat,Здоровье,6,H1,124.8831395144185,12096
chronos2_nat,Здоровье,6,H2,175.0691853831054,12096
chronos2_nat,Здоровье,12,H1,124.8831395144185,12096
chronos2_nat,Здоровье,12,H2,173.37049894736558,12096
chronos2_nat,Продовольствие,1,H1,965.0180091252403,12096
chronos2_nat,Продовольствие,1,H2,834.5735243539962,12096
chronos2_nat,Продовольствие,3,H1,1040.9325300751539,12096
chronos2_nat,Продовольствие,3,H2,821.9064923241025,12096
chronos2_nat,Продовольствие,6,H1,1066.6912197536892,12096
chronos2_nat,Продовольствие,6,H2,797.3026939270989,12096
chronos2_nat,Продовольствие,12,H1,1066.6912197536892,12096
chronos2_nat,Продовольствие,12,H2,1403.6923142690507,12096
chronos2_nat,Транспорт,1,H1,106.89296986312462,12096
chronos2_nat,Транспорт,1,H2,120.22754872791351,12096
chronos2_nat,Транспорт,3,H1,146.7409240102011,12096
chronos2_nat,Транспорт,3,H2,128.07557529873318,12096
chronos2_nat,Транспорт,6,H1,154.8844034356415,12096
chronos2_nat,Транспорт,6,H2,152.67418109802972,12096
chronos2_nat,Транспорт,12,H1,154.8844034356415,12096
chronos2_nat,Транспорт,12,H2,339.5485711703225,12096
chronos2_nat,Маркетплейсы,1,H1,608.7024771977984,12096
chronos2_nat,Маркетплейсы,1,H2,502.26057613715926,12096
chronos2_nat,Маркетплейсы,3,H1,833.8511227627911,12096
chronos2_nat,Маркетплейсы,3,H2,816.0200300166216,12096
chronos2_nat,Маркетплейсы,6,H1,1336.6788157180504,12096
chronos2_nat,Маркетплейсы,6,H2,1317.543057164187,12096
chronos2_nat,Маркетплейсы,12,H1,1336.6788157180504,12096
chronos2_nat,Маркетплейсы,12,H2,1575.1487658288743,12096
chronos2_nat_cl,Все категории,1,H1,2218.6790406565187,12096
chronos2_nat_cl,Все категории,1,H2,1735.3869698337776,12096
chronos2_nat_cl,Все категории,3,H1,2315.854537963867,12096
chronos2_nat_cl,Все категории,3,H2,1784.2928070391297,12096
chronos2_nat_cl,Все категории,6,H1,2298.4547056167844,12096
chronos2_nat_cl,Все категории,6,H2,1854.2069276678499,12096
chronos2_nat_cl,Все категории,12,H1,2298.4547056167844,12096
chronos2_nat_cl,Все категории,12,H2,4026.7438949504226,12096
chronos2_nat_cl,Общественное питание,1,H1,89.47071108363923,12096
chronos2_nat_cl,Общественное питание,1,H2,89.22790574901319,12096
chronos2_nat_cl,Общественное питание,3,H1,108.11828383629916,12096
chronos2_nat_cl,Общественное питание,3,H2,90.1266732219035,12096
chronos2_nat_cl,Общественное питание,6,H1,176.72032471970905,12096
chronos2_nat_cl,Общественное питание,6,H2,96.1580491917474,12096
chronos2_nat_cl,Общественное питание,12,H1,176.72032471970905,12096
chronos2_nat_cl,Общественное питание,12,H2,372.43727105099055,12096
chronos2_nat_cl,Здоровье,1,H1,110.93034866373375,12096
chronos2_nat_cl,Здоровье,1,H2,87.36149464965497,12096
chronos2_nat_cl,Здоровье,3,H1,131.0147922959908,12096
chronos2_nat_cl,Здоровье,3,H2,116.10199021031617,12096
chronos2_nat_cl,Здоровье,6,H1,124.39364672211742,12096
chronos2_nat_cl,Здоровье,6,H2,166.90279406845255,12096
chronos2_nat_cl,Здоровье,12,H1,124.39364672211742,12096
chronos2_nat_cl,Здоровье,12,H2,168.71843639252677,12096
chronos2_nat_cl,Продовольствие,1,H1,960.0570699701864,12096
chronos2_nat_cl,Продовольствие,1,H2,827.0729064941406,12096
chronos2_nat_cl,Продовольствие,3,H1,1036.0338889227974,12096
chronos2_nat_cl,Продовольствие,3,H2,816.841761553729,12096
chronos2_nat_cl,Продовольствие,6,H1,1062.9317109849717,12096
chronos2_nat_cl,Продовольствие,6,H2,792.1105894462141,12096
chronos2_nat_cl,Продовольствие,12,H1,1062.9317109849717,12096
chronos2_nat_cl,Продовольствие,12,H2,1400.0241314115979,12096
chronos2_nat_cl,Транспорт,1,H1,106.23053709665935,12096
chronos2_nat_cl,Транспорт,1,H2,115.77602438699631,12096
chronos2_nat_cl,Транспорт,3,H1,146.7243981462307,12096
chronos2_nat_cl,Транспорт,3,H2,122.97664400383279,12096
chronos2_nat_cl,Транспорт,6,H1,154.1807218455764,12096
chronos2_nat_cl,Транспорт,6,H2,137.69600078542396,12096
chronos2_nat_cl,Транспорт,12,H1,154.1807218455764,12096
chronos2_nat_cl,Транспорт,12,H2,334.7506818266773,12096
chronos2_nat_cl,Маркетплейсы,1,H1,607.8761661696055,12096
chronos2_nat_cl,Маркетплейсы,1,H2,493.70340046554645,12096
chronos2_nat_cl,Маркетплейсы,3,H1,840.1243903220646,12096
chronos2_nat_cl,Маркетплейсы,3,H2,799.6389100715597,12096
chronos2_nat_cl,Маркетплейсы,6,H1,1348.3216732292578,12096
chronos2_nat_cl,Маркетплейсы,6,H2,1293.2240502695558,12096
chronos2_nat_cl,Маркетплейсы,12,H1,1348.3216732292578,12096
chronos2_nat_cl,Маркетплейсы,12,H2,1473.7781398031448,12096
drift,Все категории,1,H1,2550.514191655663,12096
drift,Все категории,1,H2,1941.496480086973,12096
drift,Все категории,3,H1,3723.8919262780873,12096
drift,Все категории,3,H2,2171.990546704793,12096
drift,Все категории,6,H1,6025.419981060606,12096
drift,Все категории,6,H2,1923.585657874261,12096
drift,Все категории,12,H1,6025.419981060606,12096
drift,Все категории,12,H2,7945.045093795094,12096
drift,Общественное питание,1,H1,89.75879260764863,12096
drift,Общественное питание,1,H2,102.5979917430489,12096
drift,Общественное питание,3,H1,95.20496525630455,12096
drift,Общественное питание,3,H2,119.42522856364766,12096
drift,Общественное питание,6,H1,146.43877014189516,12096
drift,Общественное питание,6,H2,203.22248969032057,12096
drift,Общественное питание,12,H1,146.43877014189516,12096
drift,Общественное питание,12,H2,255.56934674122175,12096
drift,Здоровье,1,H1,118.6821123286711,12096
drift,Здоровье,1,H2,95.42741164976385,12096
drift,Здоровье,3,H1,161.01958573833573,12096
drift,Здоровье,3,H2,118.8359404178338,12096
drift,Здоровье,6,H1,168.391587000962,12096
drift,Здоровье,6,H2,185.97206660441955,12096
drift,Здоровье,12,H1,168.391587000962,12096
drift,Здоровье,12,H2,250.63819745069745,12096
drift,Продовольствие,1,H1,1074.0164814806556,12096
drift,Продовольствие,1,H2,913.0167556381605,12096
drift,Продовольствие,3,H1,1637.6006117724864,12096
drift,Продовольствие,3,H2,1118.9378934212573,12096
drift,Продовольствие,6,H1,2804.9445271164022,12096
drift,Продовольствие,6,H2,1273.4192927170868,12096
drift,Продовольствие,12,H1,2804.9445271164022,12096
drift,Продовольствие,12,H2,4439.768683862434,12096
drift,Транспорт,1,H1,113.28660301338873,12096
drift,Транспорт,1,H2,129.26876977319742,12096
drift,Транспорт,3,H1,164.79936267436267,12096
drift,Транспорт,3,H2,126.97171451914099,12096
drift,Транспорт,6,H1,184.43889039201537,12096
drift,Транспорт,6,H2,167.63716250389044,12096
drift,Транспорт,12,H1,184.43889039201537,12096
drift,Транспорт,12,H2,260.887273027898,12096
drift,Маркетплейсы,1,H1,574.5616177597204,12096
drift,Маркетплейсы,1,H2,449.4944607979164,12096
drift,Маркетплейсы,3,H1,969.0114398663507,12096
drift,Маркетплейсы,3,H2,653.5637731481481,12096
drift,Маркетплейсы,6,H1,1635.3254118566617,12096
drift,Маркетплейсы,6,H2,657.0103874883287,12096
drift,Маркетплейсы,12,H1,1635.3254118566617,12096
drift,Маркетплейсы,12,H2,1968.1117048460796,12096
mean_12,Все категории,1,H1,2375.0319527116403,12096
mean_12,Все категории,1,H2,2894.3014701829807,12096
mean_12,Все категории,3,H1,2662.329971340388,12096
mean_12,Все категории,3,H2,3208.648368606702,12096
mean_12,Все категории,6,H1,3024.001570767196,12096
mean_12,Все категории,6,H2,3710.2024636243386,12096
mean_12,Все категории,12,H1,3024.001570767196,12096
mean_12,Все категории,12,H2,5569.589947089947,12096
mean_12,Общественное питание,1,H1,144.21917024911818,12096
mean_12,Общественное питание,1,H2,175.94195050705468,12096
mean_12,Общественное питание,3,H1,159.82600997574954,12096
mean_12,Общественное питание,3,H2,191.81754987874777,12096
mean_12,Общественное питание,6,H1,179.18851962081126,12096
mean_12,Общественное питание,6,H2,215.3014770723104,12096
mean_12,Общественное питание,12,H1,179.18851962081126,12096
mean_12,Общественное питание,12,H2,309.3782379850088,12096
mean_12,Здоровье,1,H1,132.64105213844798,12096
mean_12,Здоровье,1,H2,115.34736689814815,12096
mean_12,Здоровье,3,H1,137.3075672398589,12096
mean_12,Здоровье,3,H2,126.40024939373899,12096
mean_12,Здоровье,6,H1,147.3989059744268,12096
mean_12,Здоровье,6,H2,143.69076554232805,12096
mean_12,Здоровье,12,H1,147.3989059744268,12096
mean_12,Здоровье,12,H2,197.3944279100529,12096
mean_12,Продовольствие,1,H1,929.7347401344798,12096
mean_12,Продовольствие,1,H2,897.8386656746031,12096
mean_12,Продовольствие,3,H1,1027.0441881613756,12096
mean_12,Продовольствие,3,H2,919.4669105489418,12096
mean_12,Продовольствие,6,H1,1156.8260719797177,12096
mean_12,Продовольствие,6,H2,989.6609071869491,12096
mean_12,Продовольствие,12,H1,1156.8260719797177,12096
mean_12,Продовольствие,12,H2,1480.784901344797,12096
mean_12,Транспорт,1,H1,125.14524774029984,12096
mean_12,Транспорт,1,H2,196.35345017636686,12096
mean_12,Транспорт,3,H1,138.3581349206349,12096
mean_12,Транспорт,3,H2,212.29989252645504,12096
mean_12,Транспорт,6,H1,153.70854001322752,12096
mean_12,Транспорт,6,H2,234.53780864197532,12096
mean_12,Транспорт,12,H1,153.70854001322752,12096
mean_12,Транспорт,12,H2,307.2226080246914,12096
mean_12,Маркетплейсы,1,H1,736.7905161485891,12096
mean_12,Маркетплейсы,1,H2,1125.8123346560847,12096
mean_12,Маркетплейсы,3,H1,864.302978946208,12096
mean_12,Маркетплейсы,3,H2,1264.897872574956,12096
mean_12,Маркетплейсы,6,H1,1049.7388255070546,12096
mean_12,Маркетплейсы,6,H2,1479.7046819885363,12096
mean_12,Маркетплейсы,12,H1,1049.7388255070546,12096
mean_12,Маркетплейсы,12,H2,2281.5570436507937,12096
mean_3,Все категории,1,H1,1795.3861055996472,12096
mean_3,Все категории,1,H2,2085.517939814815,12096
mean_3,Все категории,3,H1,2428.7868716931216,12096
mean_3,Все категории,3,H2,1980.0065861992946,12096
mean_3,Все категории,6,H1,1992.6232914462082,12096
mean_3,Все категории,6,H2,2212.4632660934744,12096
mean_3,Все категории,12,H1,1992.6232914462082,12096
mean_3,Все категории,12,H2,3448.8307705026455,12096
mean_3,Общественное питание,1,H1,111.66269841269843,12096
mean_3,Общественное питание,1,H2,143.2953869047619,12096
mean_3,Общественное питание,3,H1,141.4264770723104,12096
mean_3,Общественное питание,3,H2,175.88522376543207,12096
mean_3,Общественное питание,6,H1,168.3538635361552,12096
mean_3,Общественное питание,6,H2,131.95246362433863,12096
mean_3,Общественное питание,12,H1,168.3538635361552,12096
mean_3,Общественное питание,12,H2,310.6529155643739,12096
mean_3,Здоровье,1,H1,116.17868165784832,12096
mean_3,Здоровье,1,H2,111.15974977954146,12096
mean_3,Здоровье,3,H1,114.93818893298061,12096
mean_3,Здоровье,3,H2,139.98142636684304,12096
mean_3,Здоровье,6,H1,110.5389384920635,12096
mean_3,Здоровье,6,H2,133.69367283950618,12096
mean_3,Здоровье,12,H1,110.5389384920635,12096
mean_3,Здоровье,12,H2,143.345348324515,12096
mean_3,Продовольствие,1,H1,729.2628417107584,12096
mean_3,Продовольствие,1,H2,974.7245094797178,12096
mean_3,Продовольствие,3,H1,1021.8815035273369,12096
mean_3,Продовольствие,3,H2,866.6550925925926,12096
mean_3,Продовольствие,6,H1,864.8270778218696,12096
mean_3,Продовольствие,6,H2,917.0516975308642,12096
mean_3,Продовольствие,12,H1,864.8270778218696,12096
mean_3,Продовольствие,12,H2,1001.171130952381,12096
mean_3,Транспорт,1,H1,125.38938492063492,12096
mean_3,Транспорт,1,H2,145.2703373015873,12096
mean_3,Транспорт,3,H1,158.08749448853618,12096
mean_3,Транспорт,3,H2,166.4804894179894,12096
mean_3,Транспорт,6,H1,132.935405643739,12096
mean_3,Транспорт,6,H2,172.42884700176367,12096
mean_3,Транспорт,12,H1,132.935405643739,12096
mean_3,Транспорт,12,H2,261.7372134038801,12096
mean_3,Маркетплейсы,1,H1,399.4175485008819,12096
mean_3,Маркетплейсы,1,H2,677.6269290123456,12096
mean_3,Маркетплейсы,3,H1,471.0378637566138,12096
mean_3,Маркетплейсы,3,H2,862.4029706790122,12096
mean_3,Маркетплейсы,6,H1,446.97803681657854,12096
mean_3,Маркетплейсы,6,H2,1063.806602733686,12096
mean_3,Маркетплейсы,12,H1,446.97803681657854,12096
mean_3,Маркетплейсы,12,H2,1143.3963293650793,12096
mean_6,Все категории,1,H1,1887.956955467372,12096
mean_6,Все категории,1,H2,2283.558269951499,12096
mean_6,Все категории,3,H1,2100.3503361992944,12096
mean_6,Все категории,3,H2,2484.0924823633154,12096
mean_6,Все категории,6,H1,2324.9919532627864,12096
mean_6,Все категории,6,H2,3148.0114362874774,12096
mean_6,Все категории,12,H1,2324.9919532627864,12096
mean_6,Все категории,12,H2,4318.428984788359,12096
mean_6,Общественное питание,1,H1,146.81283068783068,12096
mean_6,Общественное питание,1,H2,161.2907848324515,12096
mean_6,Общественное питание,3,H1,158.73420965608466,12096
mean_6,Общественное питание,3,H2,183.1080109126984,12096
mean_6,Общественное питание,6,H1,147.7071483686067,12096
mean_6,Общественное питание,6,H2,182.9760802469136,12096
mean_6,Общественное питание,12,H1,147.7071483686067,12096
mean_6,Общественное питание,12,H2,253.17567791005288,12096
mean_6,Здоровье,1,H1,119.53539737654322,12096
mean_6,Здоровье,1,H2,127.64666005291005,12096
mean_6,Здоровье,3,H1,131.5683697089947,12096
mean_6,Здоровье,3,H2,136.9342895723104,12096
mean_6,Здоровье,6,H1,140.18970458553792,12096
mean_6,Здоровье,6,H2,124.78422619047619,12096
mean_6,Здоровье,12,H1,140.18970458553792,12096
mean_6,Здоровье,12,H2,181.81696428571428,12096
mean_6,Продовольствие,1,H1,796.2706266534392,12096
mean_6,Продовольствие,1,H2,993.7401758156967,12096
mean_6,Продовольствие,3,H1,902.8363646384481,12096
mean_6,Продовольствие,3,H2,894.8744075176368,12096
mean_6,Продовольствие,6,H1,957.6485063932979,12096
mean_6,Продовольствие,6,H2,887.7618220899471,12096
mean_6,Продовольствие,12,H1,957.6485063932979,12096
mean_6,Продовольствие,12,H2,1168.9679232804233,12096
mean_6,Транспорт,1,H1,141.76680996472663,12096
mean_6,Транспорт,1,H2,163.19951499118167,12096
mean_6,Транспорт,3,H1,156.9851741622575,12096
mean_6,Транспорт,3,H2,195.8091655643739,12096
mean_6,Транспорт,6,H1,136.54130842151676,12096
mean_6,Транспорт,6,H2,244.44196428571428,12096
mean_6,Транспорт,12,H1,136.54130842151676,12096
mean_6,Транспорт,12,H2,231.15054563492063,12096
mean_6,Маркетплейсы,1,H1,322.05587246472663,12096
mean_6,Маркетплейсы,1,H2,864.7857005070547,12096
mean_6,Маркетплейсы,3,H1,396.39453813932977,12096
mean_6,Маркетплейсы,3,H2,1046.604580026455,12096
mean_6,Маркетплейсы,6,H1,589.2371307319224,12096
mean_6,Маркетплейсы,6,H2,1244.0037477954143,12096
mean_6,Маркетплейсы,12,H1,589.2371307319224,12096
mean_6,Маркетплейсы,12,H2,1718.0306712962963,12096
naive,Все категории,1,H1,2459.2986111111113,12096
naive,Все категории,1,H2,2016.4659391534392,12096
naive,Все категории,3,H1,2641.289103835979,12096
naive,Все категории,3,H2,2374.646412037037,12096
naive,Все категории,6,H1,3256.6893187830688,12096
naive,Все категории,6,H2,2008.3023313492063,12096
naive,Все категории,12,H1,3256.6893187830688,12096
naive,Все категории,12,H2,2127.5941633597886,12096
naive,Общественное питание,1,H1,92.69609788359789,12096
naive,Общественное питание,1,H2,96.9006283068783,12096
naive,Общественное питание,3,H1,102.27397486772487,12096
naive,Общественное питание,3,H2,100.25694444444444,12096
naive,Общественное питание,6,H1,163.68328373015873,12096
naive,Общественное питание,6,H2,135.2335482804233,12096
naive,Общественное питание,12,H1,163.68328373015873,12096
naive,Общественное питание,12,H2,304.2514054232804,12096
naive,Здоровье,1,H1,112.63161375661376,12096
naive,Здоровье,1,H2,95.07275132275132,12096
naive,Здоровье,3,H1,137.45858134920636,12096
naive,Здоровье,3,H2,123.13277116402116,12096
naive,Здоровье,6,H1,126.00520833333333,12096
naive,Здоровье,6,H2,185.54083994708995,12096
naive,Здоровье,12,H1,126.00520833333333,12096
naive,Здоровье,12,H2,144.42675264550263,12096
naive,Продовольствие,1,H1,1041.9733796296296,12096
naive,Продовольствие,1,H2,890.7322255291006,12096
naive,Продовольствие,3,H1,1279.967757936508,12096
naive,Продовольствие,3,H2,1049.588707010582,12096
naive,Продовольствие,6,H1,1594.0905257936508,12096
naive,Продовольствие,6,H2,998.9978505291006,12096
naive,Продовольствие,12,H1,1594.0905257936508,12096
naive,Продовольствие,12,H2,1433.8733465608466,12096
naive,Транспорт,1,H1,111.91005291005291,12096
naive,Транспорт,1,H2,126.23313492063492,12096
naive,Транспорт,3,H1,151.1022652116402,12096
naive,Транспорт,3,H2,127.13988095238095,12096
naive,Транспорт,6,H1,149.8817791005291,12096
naive,Транспорт,6,H2,139.94097222222223,12096
naive,Транспорт,12,H1,149.8817791005291,12096
naive,Транспорт,12,H2,233.34060846560845,12096
naive,Маркетплейсы,1,H1,538.3934358465608,12096
naive,Маркетплейсы,1,H2,520.8260582010582,12096
naive,Маркетплейсы,3,H1,625.7526455026455,12096
naive,Маркетплейсы,3,H2,842.1510416666666,12096
naive,Маркетплейсы,6,H1,833.702132936508,12096
naive,Маркетплейсы,6,H2,1029.2529761904761,12096
naive,Маркетплейсы,12,H1,833.702132936508,12096
naive,Маркетплейсы,12,H2,866.2371031746031,12096
prophet_default,Все категории,1,H1,1754.294569141683,12096
prophet_default,Все категории,1,H2,1856.357396764906,12096
prophet_default,Все категории,3,H1,1942.3178414078584,12096
prophet_default,Все категории,3,H2,1821.2281619465327,12096
prophet_default,Все категории,6,H1,2399.0262013487018,12096
prophet_default,Все категории,6,H2,1872.9160203736028,12096
prophet_default,Все категории,12,H1,2399.0262013487018,12096
prophet_default,Все категории,12,H2,3041.24934132879,12096
prophet_default,Общественное питание,1,H1,122.1677834037705,12096
prophet_default,Общественное питание,1,H2,160.84934876254184,12096
prophet_default,Общественное питание,3,H1,134.42881589484568,12096
prophet_default,Общественное питание,3,H2,179.5301941262439,12096
prophet_default,Общественное питание,6,H1,138.67071127725325,12096
prophet_default,Общественное питание,6,H2,164.41488496989103,12096
prophet_default,Общественное питание,12,H1,138.67071127725325,12096
prophet_default,Общественное питание,12,H2,225.3031218404924,12096
prophet_default,Здоровье,1,H1,128.89852818418905,12096
prophet_default,Здоровье,1,H2,108.39657774450517,12096
prophet_default,Здоровье,3,H1,140.33271999365897,12096
prophet_default,Здоровье,3,H2,123.85601442707092,12096
prophet_default,Здоровье,6,H1,154.19268263163613,12096
prophet_default,Здоровье,6,H2,114.56843294260268,12096
prophet_default,Здоровье,12,H1,154.19268263163613,12096
prophet_default,Здоровье,12,H2,204.85466788583238,12096
prophet_default,Продовольствие,1,H1,718.7677889705733,12096
prophet_default,Продовольствие,1,H2,1024.1351691021741,12096
prophet_default,Продовольствие,3,H1,780.483804651314,12096
prophet_default,Продовольствие,3,H2,994.0231689204254,12096
prophet_default,Продовольствие,6,H1,787.8821493147699,12096
prophet_default,Продовольствие,6,H2,1047.3958568014552,12096
prophet_default,Продовольствие,12,H1,787.8821493147699,12096
prophet_default,Продовольствие,12,H2,1383.5851761317533,12096
prophet_default,Транспорт,1,H1,145.75333506349256,12096
prophet_default,Транспорт,1,H2,151.34281262864698,12096
prophet_default,Транспорт,3,H1,180.72031768413746,12096
prophet_default,Транспорт,3,H2,168.73993673944997,12096
prophet_default,Транспорт,6,H1,204.8554355153087,12096
prophet_default,Транспорт,6,H2,178.97497049310317,12096
prophet_default,Транспорт,12,H1,204.8554355153087,12096
prophet_default,Транспорт,12,H2,277.64168868006357,12096
prophet_default,Маркетплейсы,1,H1,481.30288376221165,12096
prophet_default,Маркетплейсы,1,H2,541.6165323884803,12096
prophet_default,Маркетплейсы,3,H1,610.0527788042239,12096
prophet_default,Маркетплейсы,3,H2,590.3269886578069,12096
prophet_default,Маркетплейсы,6,H1,853.9423930264973,12096
prophet_default,Маркетплейсы,6,H2,562.0591377362822,12096
prophet_default,Маркетплейсы,12,H1,853.9423930264973,12096
prophet_default,Маркетплейсы,12,H2,1060.3616424756847,12096
prophet_yearly,Все категории,1,H1,2839.482515888129,12096
prophet_yearly,Все категории,1,H2,1700.6544440377174,12096
prophet_yearly,Все категории,3,H1,5735.254691198885,12096
prophet_yearly,Все категории,3,H2,1624.2425463337515,12096
prophet_yearly,Все категории,6,H1,9360.598630457625,12096
prophet_yearly,Все категории,6,H2,1699.7318283870993,12096
prophet_yearly,Все категории,12,H1,9360.598630457625,12096
prophet_yearly,Все категории,12,H2,8919.797881839873,12096
prophet_yearly,Общественное питание,1,H1,97.4282654546465,12096
prophet_yearly,Общественное питание,1,H2,89.57588644446233,12096
prophet_yearly,Общественное питание,3,H1,122.76033597884003,12096
prophet_yearly,Общественное питание,3,H2,104.92377073718727,12096
prophet_yearly,Общественное питание,6,H1,143.2365165574093,12096
prophet_yearly,Общественное питание,6,H2,126.52094387190913,12096
prophet_yearly,Общественное питание,12,H1,143.2365165574093,12096
prophet_yearly,Общественное питание,12,H2,195.0783621389141,12096
prophet_yearly,Здоровье,1,H1,117.229277901661,12096
prophet_yearly,Здоровье,1,H2,88.56694772355091,12096
prophet_yearly,Здоровье,3,H1,196.13599783481683,12096
prophet_yearly,Здоровье,3,H2,95.78597156835258,12096
prophet_yearly,Здоровье,6,H1,263.41766630300054,12096
prophet_yearly,Здоровье,6,H2,103.10568935667116,12096
prophet_yearly,Здоровье,12,H1,263.41766630300054,12096
prophet_yearly,Здоровье,12,H2,271.5364105416551,12096
prophet_yearly,Продовольствие,1,H1,1258.0485236885183,12096
prophet_yearly,Продовольствие,1,H2,745.7361548378063,12096
prophet_yearly,Продовольствие,3,H1,2765.315056872948,12096
prophet_yearly,Продовольствие,3,H2,724.6046585706246,12096
prophet_yearly,Продовольствие,6,H1,4827.721815149109,12096
prophet_yearly,Продовольствие,6,H2,746.9563251808239,12096
prophet_yearly,Продовольствие,12,H1,4827.721815149109,12096
prophet_yearly,Продовольствие,12,H2,5109.898798284889,12096
prophet_yearly,Транспорт,1,H1,129.07610784569331,12096
prophet_yearly,Транспорт,1,H2,122.51033819036228,12096
prophet_yearly,Транспорт,3,H1,194.27383995682126,12096
prophet_yearly,Транспорт,3,H2,134.7996116278968,12096
prophet_yearly,Транспорт,6,H1,212.2657127049966,12096
prophet_yearly,Транспорт,6,H2,154.33605996815479,12096
prophet_yearly,Транспорт,12,H1,212.2657127049966,12096
prophet_yearly,Транспорт,12,H2,248.12435874220043,12096
prophet_yearly,Маркетплейсы,1,H1,563.6236287054026,12096
prophet_yearly,Маркетплейсы,1,H2,447.4273930129225,12096
prophet_yearly,Маркетплейсы,3,H1,940.9175155007944,12096
prophet_yearly,Маркетплейсы,3,H2,453.566294012052,12096
prophet_yearly,Маркетплейсы,6,H1,1540.7030717769792,12096
prophet_yearly,Маркетплейсы,6,H2,478.6417147431337,12096
prophet_yearly,Маркетплейсы,12,H1,1540.7030717769792,12096
prophet_yearly,Маркетплейсы,12,H2,1547.3365395217004,12096
ridge_diff,Все категории,1,H1,2329.944163229235,12096
ridge_diff,Все категории,1,H2,1078.4113658933768,12096
ridge_diff,Все категории,3,H1,2221.1878909780803,12096
ridge_diff,Все категории,3,H2,1014.9989973135878,12096
ridge_diff,Все категории,6,H1,2994.9380768228043,12096
ridge_diff,Все категории,6,H2,1473.1805165826975,12096
ridge_diff,Все категории,12,H1,2994.9380768228043,12096
ridge_diff,Все категории,12,H2,4194.960987620644,12096
ridge_diff,Общественное питание,1,H1,87.97203067675893,12096
ridge_diff,Общественное питание,1,H2,101.81992177737563,12096
ridge_diff,Общественное питание,3,H1,103.84131473806467,12096
ridge_diff,Общественное питание,3,H2,99.1655347506799,12096
ridge_diff,Общественное питание,6,H1,125.92180880038283,12096
ridge_diff,Общественное питание,6,H2,113.17010382925434,12096
ridge_diff,Общественное питание,12,H1,125.92180880038283,12096
ridge_diff,Общественное питание,12,H2,221.22207998884141,12096
ridge_diff,Здоровье,1,H1,104.13642045686974,12096
ridge_diff,Здоровье,1,H2,128.44813035950017,12096
ridge_diff,Здоровье,3,H1,121.29001547359029,12096
ridge_diff,Здоровье,3,H2,95.57227059492104,12096
ridge_diff,Здоровье,6,H1,141.78870099678312,12096
ridge_diff,Здоровье,6,H2,100.12672785899616,12096
ridge_diff,Здоровье,12,H1,141.78870099678312,12096
ridge_diff,Здоровье,12,H2,170.3861114279367,12096
ridge_diff,Продовольствие,1,H1,1047.9455801768204,12096
ridge_diff,Продовольствие,1,H2,449.2655106252857,12096
ridge_diff,Продовольствие,3,H1,1073.3224333015746,12096
ridge_diff,Продовольствие,3,H2,539.5032283654958,12096
ridge_diff,Продовольствие,6,H1,1332.9590519338021,12096
ridge_diff,Продовольствие,6,H2,747.35418939175,12096
ridge_diff,Продовольствие,12,H1,1332.9590519338021,12096
ridge_diff,Продовольствие,12,H2,1425.0441287423646,12096
ridge_diff,Транспорт,1,H1,103.01540930788028,12096
ridge_diff,Транспорт,1,H2,90.44598127026103,12096
ridge_diff,Транспорт,3,H1,132.53280243412618,12096
ridge_diff,Транспорт,3,H2,103.94882484360399,12096
ridge_diff,Транспорт,6,H1,144.92789547332552,12096
ridge_diff,Транспорт,6,H2,117.10539869515398,12096
ridge_diff,Транспорт,12,H1,144.92789547332552,12096
ridge_diff,Транспорт,12,H2,226.35382967970804,12096
ridge_diff,Маркетплейсы,1,H1,810.4067214374476,12096
ridge_diff,Маркетплейсы,1,H2,332.34631351978913,12096
ridge_diff,Маркетплейсы,3,H1,876.9748050252377,12096
ridge_diff,Маркетплейсы,3,H2,408.05323894730094,12096
ridge_diff,Маркетплейсы,6,H1,1415.8043401899292,12096
ridge_diff,Маркетплейсы,6,H2,374.44017157999536,12096
ridge_diff,Маркетплейсы,12,H1,1415.8043401899292,12096
ridge_diff,Маркетплейсы,12,H2,2025.399952595426,12096
ridge_logdiff,Все категории,1,H1,2095.448608588442,12096
ridge_logdiff,Все категории,1,H2,1275.7412605312993,12096
ridge_logdiff,Все категории,3,H1,2307.5785691110245,12096
ridge_logdiff,Все категории,3,H2,1110.628013107676,12096
ridge_logdiff,Все категории,6,H1,3457.0896775867695,12096
ridge_logdiff,Все категории,6,H2,1533.4092508921601,12096
ridge_logdiff,Все категории,12,H1,3457.0896775867695,12096
ridge_logdiff,Все категории,12,H2,5322.819799820672,12096
ridge_logdiff,Общественное питание,1,H1,71.75409453481369,12096
ridge_logdiff,Общественное питание,1,H2,130.27795404518335,12096
ridge_logdiff,Общественное питание,3,H1,90.98121175472787,12096
ridge_logdiff,Общественное питание,3,H2,174.38091376458922,12096
ridge_logdiff,Общественное питание,6,H1,157.89608180588274,12096
ridge_logdiff,Общественное питание,6,H2,177.46809942119333,12096
ridge_logdiff,Общественное питание,12,H1,157.89608180588274,12096
ridge_logdiff,Общественное питание,12,H2,261.8704506882885,12096
ridge_logdiff,Здоровье,1,H1,107.01302992310646,12096
ridge_logdiff,Здоровье,1,H2,136.00946022673662,12096
ridge_logdiff,Здоровье,3,H1,129.21739687490222,12096
ridge_logdiff,Здоровье,3,H2,97.7366226741113,12096
ridge_logdiff,Здоровье,6,H1,184.43063864713199,12096
ridge_logdiff,Здоровье,6,H2,109.59071153673845,12096
ridge_logdiff,Здоровье,12,H1,184.43063864713199,12096
ridge_logdiff,Здоровье,12,H2,169.90402893194022,12096
ridge_logdiff,Продовольствие,1,H1,954.1698466123702,12096
ridge_logdiff,Продовольствие,1,H2,482.38169169468665,12096
ridge_logdiff,Продовольствие,3,H1,1049.5162097029404,12096
ridge_logdiff,Продовольствие,3,H2,535.0413403300064,12096
ridge_logdiff,Продовольствие,6,H1,1424.7848186909541,12096
ridge_logdiff,Продовольствие,6,H2,668.1679024960649,12096
ridge_logdiff,Продовольствие,12,H1,1424.7848186909541,12096
ridge_logdiff,Продовольствие,12,H2,1403.808567976262,12096
ridge_logdiff,Транспорт,1,H1,100.075641746852,12096
ridge_logdiff,Транспорт,1,H2,101.07025879540885,12096
ridge_logdiff,Транспорт,3,H1,135.02112704206894,12096
ridge_logdiff,Транспорт,3,H2,131.2980208682801,12096
ridge_logdiff,Транспорт,6,H1,160.021507467185,12096
ridge_logdiff,Транспорт,6,H2,140.32108385831467,12096
ridge_logdiff,Транспорт,12,H1,160.021507467185,12096
ridge_logdiff,Транспорт,12,H2,268.4512244246069,12096
ridge_logdiff,Маркетплейсы,1,H1,614.9606401687739,12096
ridge_logdiff,Маркетплейсы,1,H2,335.7951551200914,12096
ridge_logdiff,Маркетплейсы,3,H1,838.1664215238968,12096
ridge_logdiff,Маркетплейсы,3,H2,510.1017621242897,12096
ridge_logdiff,Маркетплейсы,6,H1,2050.3738322321333,12096
ridge_logdiff,Маркетплейсы,6,H2,590.0915621449245,12096
ridge_logdiff,Маркетплейсы,12,H1,2050.3738322321333,12096
ridge_logdiff,Маркетплейсы,12,H2,2212.831342975576,12096
seasonal_naive,Все категории,1,H1,3873.8116732804233,12096
seasonal_naive,Все категории,1,H2,4284.697668650793,12096
seasonal_naive,Все категории,3,H1,3873.8116732804233,12096
seasonal_naive,Все категории,3,H2,4284.697668650793,12096
seasonal_naive,Все категории,6,H1,3873.8116732804233,12096
seasonal_naive,Все категории,6,H2,4284.697668650793,12096
seasonal_naive,Все категории,12,H1,3873.8116732804233,12096
seasonal_naive,Все категории,12,H2,4284.697668650793,12096
seasonal_naive,Общественное питание,1,H1,242.57944775132276,12096
seasonal_naive,Общественное питание,1,H2,244.82721560846562,12096
seasonal_naive,Общественное питание,3,H1,242.57944775132276,12096
seasonal_naive,Общественное питание,3,H2,244.82721560846562,12096
seasonal_naive,Общественное питание,6,H1,242.57944775132276,12096
seasonal_naive,Общественное питание,6,H2,244.82721560846562,12096
seasonal_naive,Общественное питание,12,H1,242.57944775132276,12096
seasonal_naive,Общественное питание,12,H2,244.82721560846562,12096
seasonal_naive,Здоровье,1,H1,175.1506283068783,12096
seasonal_naive,Здоровье,1,H2,180.44212962962962,12096
seasonal_naive,Здоровье,3,H1,175.1506283068783,12096
seasonal_naive,Здоровье,3,H2,180.44212962962962,12096
seasonal_naive,Здоровье,6,H1,175.1506283068783,12096
seasonal_naive,Здоровье,6,H2,180.44212962962962,12096
seasonal_naive,Здоровье,12,H1,175.1506283068783,12096
seasonal_naive,Здоровье,12,H2,180.44212962962962,12096
seasonal_naive,Продовольствие,1,H1,1327.286292989418,12096
seasonal_naive,Продовольствие,1,H2,1075.1082175925926,12096
seasonal_naive,Продовольствие,3,H1,1327.286292989418,12096
seasonal_naive,Продовольствие,3,H2,1075.1082175925926,12096
seasonal_naive,Продовольствие,6,H1,1327.286292989418,12096
seasonal_naive,Продовольствие,6,H2,1075.1082175925926,12096
seasonal_naive,Продовольствие,12,H1,1327.286292989418,12096
seasonal_naive,Продовольствие,12,H2,1075.1082175925926,12096
seasonal_naive,Транспорт,1,H1,236.60714285714286,12096
seasonal_naive,Транспорт,1,H2,228.5147982804233,12096
seasonal_naive,Транспорт,3,H1,236.60714285714286,12096
seasonal_naive,Транспорт,3,H2,228.5147982804233,12096
seasonal_naive,Транспорт,6,H1,236.60714285714286,12096
seasonal_naive,Транспорт,6,H2,228.5147982804233,12096
seasonal_naive,Транспорт,12,H1,236.60714285714286,12096
seasonal_naive,Транспорт,12,H2,228.5147982804233,12096
seasonal_naive,Маркетплейсы,1,H1,1605.685515873016,12096
seasonal_naive,Маркетплейсы,1,H2,1718.1222718253969,12096
seasonal_naive,Маркетплейсы,3,H1,1605.685515873016,12096
seasonal_naive,Маркетплейсы,3,H2,1718.1222718253969,12096
seasonal_naive,Маркетплейсы,6,H1,1605.685515873016,12096
seasonal_naive,Маркетплейсы,6,H2,1718.1222718253969,12096
seasonal_naive,Маркетплейсы,12,H1,1605.685515873016,12096
seasonal_naive,Маркетплейсы,12,H2,1718.1222718253969,12096
seasonal_naive_growth,Все категории,1,H1,1366.4421535379213,12096
seasonal_naive_growth,Все категории,1,H2,844.9275009158354,12096
seasonal_naive_growth,Все категории,3,H1,2427.088814718198,12096
seasonal_naive_growth,Все категории,3,H2,986.2850224632026,12096
seasonal_naive_growth,Все категории,6,H1,3873.8116732804233,12096
seasonal_naive_growth,Все категории,6,H2,1249.3035474374517,12096
seasonal_naive_growth,Все категории,12,H1,3873.8116732804233,12096
seasonal_naive_growth,Все категории,12,H2,4284.697668650793,12096
seasonal_naive_growth,Общественное питание,1,H1,108.47981934383752,12096
seasonal_naive_growth,Общественное питание,1,H2,82.67030526414868,12096
seasonal_naive_growth,Общественное питание,3,H1,175.4912272859365,12096
seasonal_naive_growth,Общественное питание,3,H2,98.0756603103163,12096
seasonal_naive_growth,Общественное питание,6,H1,242.57944775132276,12096
seasonal_naive_growth,Общественное питание,6,H2,124.37795684155236,12096
seasonal_naive_growth,Общественное питание,12,H1,242.57944775132276,12096
seasonal_naive_growth,Общественное питание,12,H2,244.82721560846562,12096
seasonal_naive_growth,Здоровье,1,H1,110.13639398839983,12096
seasonal_naive_growth,Здоровье,1,H2,94.8176308949104,12096
seasonal_naive_growth,Здоровье,3,H1,144.59267065378597,12096
seasonal_naive_growth,Здоровье,3,H2,97.89881266668199,12096
seasonal_naive_growth,Здоровье,6,H1,175.1506283068783,12096
seasonal_naive_growth,Здоровье,6,H2,107.41602945790484,12096
seasonal_naive_growth,Здоровье,12,H1,175.1506283068783,12096
seasonal_naive_growth,Здоровье,12,H2,180.44212962962962,12096
seasonal_naive_growth,Продовольствие,1,H1,455.8105582400995,12096
seasonal_naive_growth,Продовольствие,1,H2,416.4325936770231,12096
seasonal_naive_growth,Продовольствие,3,H1,807.9817924475235,12096
seasonal_naive_growth,Продовольствие,3,H2,498.4419512412172,12096
seasonal_naive_growth,Продовольствие,6,H1,1327.286292989418,12096
seasonal_naive_growth,Продовольствие,6,H2,694.2436008228062,12096
seasonal_naive_growth,Продовольствие,12,H1,1327.286292989418,12096
seasonal_naive_growth,Продовольствие,12,H2,1075.1082175925926,12096
seasonal_naive_growth,Транспорт,1,H1,133.98601792197346,12096
seasonal_naive_growth,Транспорт,1,H2,103.20441189127867,12096
seasonal_naive_growth,Транспорт,3,H1,204.36315352700257,12096
seasonal_naive_growth,Транспорт,3,H2,114.06647236025195,12096
seasonal_naive_growth,Транспорт,6,H1,236.60714285714286,12096
seasonal_naive_growth,Транспорт,6,H2,134.89316603461504,12096
seasonal_naive_growth,Транспорт,12,H1,236.60714285714286,12096
seasonal_naive_growth,Транспорт,12,H2,228.5147982804233,12096
seasonal_naive_growth,Маркетплейсы,1,H1,442.3431078193715,12096
seasonal_naive_growth,Маркетплейсы,1,H2,490.3302255409681,12096
seasonal_naive_growth,Маркетплейсы,3,H1,916.4499634199996,12096
seasonal_naive_growth,Маркетплейсы,3,H2,646.6760156291311,12096
seasonal_naive_growth,Маркетплейсы,6,H1,1605.685515873016,12096
seasonal_naive_growth,Маркетплейсы,6,H2,868.0387058668954,12096
seasonal_naive_growth,Маркетплейсы,12,H1,1605.685515873016,12096
seasonal_naive_growth,Маркетплейсы,12,H2,1718.1222718253969,12096
