model,category,MAE,RMSE,WAPE,MAPE,sMAPE,ME,R2,R2_growth,n,horizon
auto_arima,Все категории,2235.6983644972142,3224.8882616177902,7.295074822198664,7.486724395877069,7.4650926075659,-372.91719004611724,0.9201111653338248,0.10058461714906075,24192,1
auto_arima,Здоровье,103.81747655728103,140.02932451656415,7.0444825683020555,7.52567514944046,7.58363238498174,-26.588389913215213,0.9597709603482022,0.03309010811691582,24192,1
auto_arima,Маркетплейсы,558.295813911846,821.7482306627718,11.81483050888108,12.941306984591295,12.336273639000526,-126.28529936558192,0.7590677315291758,-0.24404747537876514,24192,1
auto_arima,Общественное питание,100.33241846271811,154.0136979359063,7.994606064116598,12.750175061007962,12.666350610371435,-20.953312768265945,0.9868377667490373,-0.15773287691447968,24192,1
auto_arima,Продовольствие,980.2046950983029,1321.2772085405481,7.793417004350442,7.8281019134785215,7.836436380620921,-143.5097306036556,0.8158274009997626,0.1462339604023818,24192,1
auto_arima,Транспорт,124.38724202192749,165.01538873178228,6.953951725517757,7.688414441091634,7.726269587891806,-25.012694547662626,0.971155671903445,-0.08370517145014711,24192,1
auto_ets,Все категории,2069.841809028362,3030.3608924150153,6.7538855450085284,6.983402195819033,6.962674569385011,-354.25217893460433,0.9294583768313497,0.20349090039596274,24192,1
auto_ets,Здоровье,105.38230171498847,142.44400305571776,7.15066299101565,7.638248197901425,7.638306634862755,-16.24308590333917,0.9583715713803205,0.022099725032985185,24192,1
auto_ets,Маркетплейсы,526.9139695065427,738.920516413719,11.150718109207453,11.918842213393729,11.658292759711236,-153.22484361234714,0.8051892741320351,-0.018104062322148673,24192,1
auto_ets,Общественное питание,99.32543832585085,154.36960847576734,7.914368692866196,12.840004880998945,12.653283198756807,-20.200125233269546,0.9867768632007888,-0.1569817545876684,24192,1
auto_ets,Продовольствие,1002.8505142897831,1305.8373589905827,7.973469510981852,8.078291268640928,8.0221539897156,-53.24016622342891,0.8201065677093773,0.1577779051155982,24192,1
auto_ets,Транспорт,121.22643261661257,159.93324225670074,6.777244567606436,7.552593644083519,7.564036611253713,-21.628464413879325,0.9729050086652069,-0.034381230644206395,24192,1
auto_theta,Все категории,1844.9511685557559,2716.2949367614565,6.020068284544236,6.203081900135271,6.150034945973335,-142.5944987348491,0.9433225122899848,0.36586994725320776,24192,1
auto_theta,Здоровье,107.75674294935756,144.76218589590974,7.311779504724608,7.8218401538904745,7.774401520210453,-6.190429696477697,0.9570055950986321,-0.012413056095865072,24192,1
auto_theta,Маркетплейсы,537.6201445731355,779.9686652349064,11.37728553217254,12.042383667095164,11.328461178271763,58.817307293511945,0.7829440349630372,-0.03285894708358916,24192,1
auto_theta,Общественное питание,98.2515860534158,153.66411821604024,7.828802870565553,12.642497261006074,12.495246093397693,-6.590460946083531,0.9868974501138861,-4.728414701759881,24192,1
auto_theta,Продовольствие,878.4686966101834,1109.1068616032012,6.984533855211511,7.13068064642025,7.06095053586227,34.63457627397163,0.8702271287184732,0.37751398843821127,24192,1
auto_theta,Транспорт,123.54971257147064,163.44477310256076,6.90712908299828,7.6545180640592,7.652635543990101,-9.177949230853567,0.9717021391672573,-0.0547867057076612,24192,1
catboost_diff,Все категории,1622.4299497615402,2428.3021351157504,5.293982437540583,5.685017837996422,5.539894550916805,48.52365301736304,0.9547037564999006,0.46432108630502356,24192,1
catboost_diff,Здоровье,86.81661017893707,119.02576885864188,5.8908973452765485,6.363835141613311,6.3024378916695944,-4.938544706069926,0.9709341071251113,0.29602684658973044,24192,1
catboost_diff,Маркетплейсы,476.92465353970584,705.0287744950178,10.09282858059935,11.566665288463279,11.454599403213042,-65.54240403707136,0.8226500383083803,-0.15107113373011494,24192,1
catboost_diff,Общественное питание,70.04774963853068,108.7059320114365,5.581487744621714,9.797954413393054,9.599010789211308,-3.1187505981022468,0.9934428159563748,0.2538428616559194,24192,1
catboost_diff,Продовольствие,692.7376232643518,1073.6529319207732,5.5078221923434825,5.7982880061196465,5.54669538429299,119.32101180827223,0.8783912125201196,0.4150056079872626,24192,1
catboost_diff,Транспорт,94.8888056063791,131.86628633964722,5.304821963674357,6.214775707136775,6.183618290105241,-7.353759287276525,0.9815804470915244,0.22351222935529647,24192,1
catboost_diff_dir,Все категории,1563.205855669195,2416.123636718944,5.100734455370254,5.478370360266805,5.323143696572191,143.18002405034954,0.9551569595169767,0.4737317762409742,24192,1
catboost_diff_dir,Здоровье,87.39130161958964,119.73323447959909,5.92989274345111,6.3856728883720235,6.360203379998652,-11.89596904846106,0.9705875564292833,0.2860920698973253,24192,1
catboost_diff_dir,Маркетплейсы,428.4826216455301,632.4541138592031,9.067683161139213,10.25746207298389,10.049580592766054,-30.292262871701144,0.8572830821370897,0.13415821879004275,24192,1
catboost_diff_dir,Общественное питание,69.52058723975898,108.17275369060233,5.539482819647635,9.692447935757153,9.573198547554856,-8.014762769121148,0.9935069812581155,0.24298805592426298,24192,1
catboost_diff_dir,Продовольствие,690.3817018236407,1120.2774463407234,5.489090718898428,5.79534745759171,5.517799851262939,151.00653568116797,0.8675998994314145,0.3896069536450292,24192,1
catboost_diff_dir,Транспорт,90.32893657259552,123.70663420922176,5.049899444128306,5.903733812299092,5.901972649648699,-12.38957186075865,0.9837894587759898,0.2982239055981978,24192,1
catboost_diff_ds,Все категории,970.7455883357171,1327.144197321844,3.1675389724681904,3.463356693277116,3.5123871651455056,-301.0167647111784,0.986470150419124,0.7937078355532894,24192,1
catboost_diff_ds,Здоровье,119.89606651628236,156.37376273394426,8.13548718953813,8.889090935155528,8.948098802167763,-8.383771334216503,0.9498316924119646,-0.32246855084241544,24192,1
catboost_diff_ds,Маркетплейсы,476.92465353970584,705.0287744950178,10.09282858059935,11.566665288463279,11.454599403213042,-65.54240403707136,0.8226500383083803,-0.15107113373011494,24192,1
catboost_diff_ds,Общественное питание,80.21851727396228,136.98083037836574,6.391906568973649,10.192927716275827,10.235135157970456,-23.2946972824834,0.9895880883383059,0.20179355485745487,24192,1
catboost_diff_ds,Продовольствие,380.7038407765152,504.63741199706794,3.02690223905902,3.186013829509619,3.1975904444377616,-23.612732353021222,0.9731344325385658,0.8492459215298255,24192,1
catboost_diff_ds,Транспорт,81.76014934626272,113.24900061177644,4.570855679273005,5.418782558023655,5.401150663203579,-8.538340382095681,0.9864143541374801,0.3896097717895479,24192,1
catboost_diff_ds_g1,Все категории,953.381699237496,1288.3542721084896,3.1108806717835322,3.4213166648809126,3.4639383827357517,-248.749397431352,0.9872494961410087,0.8027492246338296,24192,1
catboost_diff_ds_g1,Здоровье,118.2371276514917,150.60977104304126,8.022920728645117,8.903857813887814,9.005667746594579,-13.790605152775797,0.9534619722586111,-0.3369590823773019,24192,1
catboost_diff_ds_g1,Маркетплейсы,465.9685967865746,692.9941991501796,9.86097308328343,11.199044557383942,10.895121090154895,-32.077444392558114,0.8286529574406631,-0.020771835521089965,24192,1
catboost_diff_ds_g1,Общественное питание,78.36718401864988,133.4901229858647,6.244390140122481,10.404206736722312,10.492581690241215,-20.77559880970721,0.9901119841942628,0.14201683264809306,24192,1
catboost_diff_ds_g1,Продовольствие,392.4980607968371,507.2516462680893,3.1206757899500492,3.267084172522975,3.2799479452816076,-34.16994685443687,0.9728553616513997,0.8492306885589331,24192,1
catboost_diff_ds_g1,Транспорт,80.28850941577232,109.65190142349701,4.488582667446194,5.4246294513446545,5.417179764829766,-5.398395061855339,0.9872636827845769,0.37764067984298155,24192,1
catboost_diff_ds_g12,Все категории,967.9902985204875,1319.1412839995055,3.158548472820237,3.4971083804018646,3.5417541537373887,-224.95993618566868,0.9866328331861153,0.7885347110169911,24192,1
catboost_diff_ds_g12,Здоровье,115.3546001134843,148.6827311520916,7.82732827477787,8.65154710304606,8.760696246477796,-16.100538836552747,0.9546452541536667,-0.2843927953125627,24192,1
catboost_diff_ds_g12,Маркетплейсы,455.05763504650696,675.4997649504102,9.63007190072837,10.93178945005813,10.542532625554541,-19.65595893007649,0.8371949699252728,0.04648974397917238,24192,1
catboost_diff_ds_g12,Общественное питание,79.29754248957119,133.2486701970639,6.318522206182399,10.321117932752761,10.28546959902374,-20.30281446345702,0.9901477221160008,0.1930700574406169,24192,1
catboost_diff_ds_g12,Продовольствие,383.67453322067655,497.11052040598946,3.050521637256965,3.1939867007595844,3.2033530229286797,-19.516387182922898,0.9739298795329654,0.8554558861118148,24192,1
catboost_diff_ds_g12,Транспорт,80.33225648429014,109.66951951820639,4.491028376488864,5.42422893075892,5.39809670457254,-2.281931945808251,0.9872595896924059,0.3829562018673687,24192,1
catboost_diff_ds_g123,Все категории,932.6643726493583,1260.665162070565,3.0432801179805686,3.347158102164511,3.3765520179929607,-160.69330431531748,0.9877916703906388,0.8130829422378537,24192,1
catboost_diff_ds_g123,Здоровье,114.61841193652032,147.77420949301361,7.777374596923339,8.548946765783485,8.66808241272759,-16.611791696700816,0.9551978385093249,-0.2632414547841748,24192,1
catboost_diff_ds_g123,Маркетплейсы,444.25484930765606,664.2229282146016,9.401459972521375,10.658709283684358,10.236980811572643,-14.999063034555068,0.842585352888735,0.09087438347698917,24192,1
catboost_diff_ds_g123,Общественное питание,79.08451847577427,134.54378658127513,6.301548200187159,10.482843723834016,10.45228534920835,-19.585830147080106,0.9899552720684527,0.15462769034801505,24192,1
catboost_diff_ds_g123,Продовольствие,392.09959221919326,511.88178392735375,3.1175076437411624,3.274911692864098,3.283806258594507,-8.658435754900772,0.9723575534119269,0.8443385466427225,24192,1
catboost_diff_ds_g123,Транспорт,79.39654167424946,108.49245142744313,4.438716615956961,5.386734008890001,5.3624867749339495,-2.2750093757943333,0.9875316042632855,0.3879399822248867,24192,1
catboost_diff_ds_g1234,Все категории,968.6705473465802,1308.901765004847,3.160768122019281,3.4984580589167265,3.534251661311174,-165.3968822950308,0.9868395466546123,0.7923944106807803,24192,1
catboost_diff_ds_g1234,Здоровье,116.01110788849826,149.02646510093555,7.8718752791012605,8.703584326887407,8.817364884755563,-15.944236599532823,0.9544353039235074,-0.301219773601034,24192,1
catboost_diff_ds_g1234,Маркетплейсы,457.0484273593743,681.5590165818907,9.672201669873699,10.999727323048946,10.531150561451138,-2.52504947987384,0.8342611391323085,0.04066823265143715,24192,1
catboost_diff_ds_g1234,Общественное питание,79.7529470370917,135.68720306380771,6.354809380487748,10.410005312784357,10.364155662026391,-22.331721471588473,0.9897838169377561,0.17578895303805386,24192,1
catboost_diff_ds_g1234,Продовольствие,393.35359084874386,509.4824648884298,3.1274779430999016,3.2921902678438983,3.2964341899193332,-3.270876501725782,0.9726160803375969,0.8457531350371599,24192,1
catboost_diff_ds_g1234,Транспорт,79.49214257674586,108.46292555411182,4.444061248172206,5.3866247154412505,5.363001588028422,-2.91665232493247,0.9875383898077952,0.38942748794070425,24192,1
catboost_diff_ds_g123_m1,Все категории,896.1885623007803,1185.4650018694283,2.9242596946896806,3.212160508500776,3.2248590959674286,-127.78371641071239,0.9892047123954527,0.8360351220692215,24192,1
catboost_diff_ds_g123_m1,Здоровье,111.50795446062432,142.60568381741078,7.566316071952309,8.37729058953803,8.510468488511416,-23.024731295808543,0.9582770172308753,-0.21249048633600554,24192,1
catboost_diff_ds_g123_m1,Маркетплейсы,429.5920952321862,646.9529707682364,9.091162187945049,10.338470495398045,9.941065533175268,-52.81403119242222,0.8506645767083789,0.13975758434729313,24192,1
catboost_diff_ds_g123_m1,Общественное питание,78.17878969642148,132.17843320037494,6.229378657154071,10.537325609686597,10.457897658727349,-16.708171163563122,0.9903053511133615,0.15011545890411238,24192,1
catboost_diff_ds_g123_m1,Продовольствие,374.7476556688582,479.9767459907096,2.9795457689959806,3.1189635561025204,3.1189120460163937,-7.895370615784333,0.975696013030229,0.8666149558557049,24192,1
catboost_diff_ds_g123_m1,Транспорт,78.52768296536766,107.82470302887927,4.390142490350135,5.3852508404103725,5.3630381777407585,-2.0454033969104977,0.987684612690061,0.3767463685928295,24192,1
catboost_diff_ds_g123_m1_dir,Все категории,934.061849363461,1238.9730402158564,3.0478400789098026,3.3577735479904542,3.3896799249091023,-219.20301702602697,0.9882081904600294,0.8142123278540921,24192,1
catboost_diff_ds_g123_m1_dir,Здоровье,113.85757848849705,145.1096091068802,7.725748626617427,8.518097197214027,8.63318205677699,-24.13391284992469,0.9567989779008367,-0.2176797830704622,24192,1
catboost_diff_ds_g123_m1_dir,Маркетплейсы,398.98437462930735,618.842382681674,8.44343203813006,9.550520814856341,9.057167769036893,11.996357003609456,0.8633601069060978,0.2537291859199198,24192,1
catboost_diff_ds_g123_m1_dir,Общественное питание,80.10277013292955,135.4686541730466,6.3826836995384,10.621793246728473,10.747669369123784,-21.125433751861188,0.9898167004715402,0.05771288581248024,24192,1
catboost_diff_ds_g123_m1_dir,Продовольствие,377.6382395554692,481.8425014685971,3.00252823962387,3.1443433633889866,3.152606169577442,-47.781840522133244,0.975506697902597,0.865595737074855,24192,1
catboost_diff_ds_g123_m1_dir,Транспорт,80.58848321860192,109.57524182714359,4.50535290296142,5.533385475575766,5.507698139429991,-4.202824845766203,0.9872814849317068,0.3487134266394294,24192,1
catboost_diff_ds_g123m_m1,Все категории,899.5846886471599,1188.7978298016521,2.9353412413758995,3.211234408567871,3.2248111911058897,-143.08138506090395,0.9891439271143447,0.8380461135194761,24192,1
catboost_diff_ds_g123m_m1,Здоровье,111.74625775680353,143.78889722612905,7.582486022056781,8.418280258618967,8.49093770014388,-13.689988229980521,0.9575817855463049,-0.2213478620116558,24192,1
catboost_diff_ds_g123m_m1,Маркетплейсы,465.9290992961836,699.9923018179286,9.86013722504687,11.275213023440072,10.75463996009386,-38.54867497810535,0.8251748368788638,-0.011534973703152485,24192,1
catboost_diff_ds_g123m_m1,Общественное питание,79.70943836035072,133.61120376876931,6.3513425575381515,10.654391784707434,10.533044180851066,-15.870692779872915,0.9900940384220345,0.15072690588072557,24192,1
catboost_diff_ds_g123m_m1,Продовольствие,376.9357884213818,486.45855562921486,2.9969431871950265,3.129070084755502,3.1285424860250677,-8.26966868081176,0.975035158019757,0.8648678206528999,24192,1
catboost_diff_ds_g123m_m1,Транспорт,79.73143386345865,109.23322183721552,4.4574389871516145,5.482525292019705,5.432708178344151,3.236539738152801,0.9873607582686675,0.3631993606061751,24192,1
catboost_diff_ds_g123n,Все категории,978.8101519358673,1317.8478224797416,3.1938536112431337,3.5393218165233735,3.5751925819751644,-159.6188068982664,0.9866590342298478,0.7878392822274057,24192,1
catboost_diff_ds_g123n,Здоровье,115.40197262429804,148.36038929130916,7.830542712632753,8.669876590880197,8.792531022808884,-16.924333879812828,0.9548416977538158,-0.2999384100148894,24192,1
catboost_diff_ds_g123n,Маркетплейсы,446.40209041687405,670.3945951887669,9.446900559993015,10.724585712615314,10.24609472626375,-4.178222880505456,0.8396465076229217,0.08530333688785874,24192,1
catboost_diff_ds_g123n,Общественное питание,80.44468401574073,136.34734240796737,6.409927803117381,10.387575896456068,10.382429504903095,-22.59931899781969,0.989684168484664,0.17687328486023268,24192,1
catboost_diff_ds_g123n,Продовольствие,392.1376028241657,508.547244639589,3.1178098586730223,3.272375783271053,3.274263844363068,7.684732744183031,0.972716521442883,0.8479107508712098,24192,1
catboost_diff_ds_g123n,Транспорт,79.13798127984919,108.26398171380045,4.424261624660721,5.3836199461893415,5.366877009681132,-3.8251286387604475,0.9875840623161517,0.3841123014242732,24192,1
catboost_diff_ds_m1,Все категории,965.3685149159097,1274.475744427438,3.149993603403714,3.425567588165711,3.4606343284043133,-254.10264536772948,0.9875227208305253,0.8140324007448732,24192,1
catboost_diff_ds_m1,Здоровье,124.00094804762863,158.98891403502142,8.414021857798527,9.2017262745099,9.28355429399928,-8.768806875729046,0.9481396595595315,-0.38888802279314283,24192,1
catboost_diff_ds_m1,Маркетплейсы,474.5382268650448,702.9704854602003,10.04232627343456,11.437401694700549,11.278425060990042,-91.04429279688277,0.8236840517903633,-0.09102512980480193,24192,1
catboost_diff_ds_m1,Общественное питание,81.05378242025176,139.87295849638434,6.458461486177727,10.379820423315087,10.468556570467632,-21.185919434018636,0.9891437857074824,0.15360057314285958,24192,1
catboost_diff_ds_m1,Продовольствие,377.8418433650522,491.73243829723145,3.004147053938563,3.1483511221218015,3.147649812989971,-4.144538983814152,0.9744909170234543,0.8602198883205201,24192,1
catboost_diff_ds_m1,Транспорт,81.08446173364923,112.50960008786991,4.533080912638851,5.38570168036966,5.359383077040003,-5.576258356381957,0.9865911758497526,0.39372166830239885,24192,1
catboost_diff_dsp,Все категории,823.9884286386622,1125.5876834069559,2.6886709472978354,2.9247350449517406,2.935865698678213,-147.467069125971,0.9902677017915246,0.8596659244472196,24192,1
catboost_diff_dsp,Здоровье,99.15376107683397,136.45234385312673,6.728028503967301,7.322875244671306,7.479704943977896,-31.6929970915689,0.9617999723289778,-0.006191959222728638,24192,1
catboost_diff_dsp,Маркетплейсы,418.2571640631685,668.7025357726895,8.851288831823265,10.134630457251848,9.215266264201716,183.88744272802566,0.8404549426147679,0.16113843250981486,24192,1
catboost_diff_dsp,Общественное питание,81.8928473830775,141.67503195359464,6.525319177268737,10.389804697351071,10.55214948732559,-29.634706615489424,0.9888622484942471,0.15446898149876165,24192,1
catboost_diff_dsp,Продовольствие,299.06690325438973,403.0902222272143,2.37782281692442,2.476983356687544,2.4835788020610545,-41.894968071877955,0.9828587828528269,0.9084303621019787,24192,1
catboost_diff_dsp,Транспорт,81.19764238685727,113.7019137514707,4.539408352542474,5.417584664330247,5.42411289111309,-14.002453065219793,0.9863054715606268,0.37544084553414037,24192,1
catboost_diff_dsp_g123,Все категории,827.2356489234072,1118.7991580237565,2.6992666141004555,2.950493646783797,2.9546395465877593,-94.01494411206467,0.9903847406031067,0.8579536421371843,24192,1
catboost_diff_dsp_g123,Здоровье,98.55186924719047,133.9730282526963,6.68718743710138,7.343082285844265,7.503371151499001,-28.139096391550574,0.9631755367257221,-0.01807634885153986,24192,1
catboost_diff_dsp_g123,Маркетплейсы,419.5206021996756,665.7617192724368,8.878026104554536,10.228167416427517,9.29126818169521,187.38776685507622,0.8418551497489406,0.14526522071537895,24192,1
catboost_diff_dsp_g123,Общественное питание,78.58747521549759,132.46327163687278,6.261943203879682,10.487235171031472,10.66485785295883,-27.346211799825273,0.9902635230493037,0.11143388972601176,24192,1
catboost_diff_dsp_g123,Продовольствие,296.9643134704333,399.5541573336363,2.361105534241117,2.474072007735037,2.474883120935058,-22.659732194092097,0.9831582026590536,0.9090098790359097,24192,1
catboost_diff_dsp_g123,Транспорт,79.57852083022529,110.766086626485,4.448890282043096,5.377616960958319,5.377215525623765,-10.823776610803241,0.9870035375027554,0.382307461308935,24192,1
catboost_diff_dsp_g123_dir,Все категории,825.6955714802956,1108.3117289034933,2.6942413475627642,2.9624549009087078,2.973273785261541,-125.7246374290885,0.9905641592688954,0.8563340744192747,24192,1
catboost_diff_dsp_g123_dir,Здоровье,95.68151206974132,128.4161772652574,6.492420796918359,7.156174810407602,7.2942841155241895,-27.605377236977358,0.9661669498380697,0.05429428131898584,24192,1
catboost_diff_dsp_g123_dir,Маркетплейсы,413.85752651840846,643.3741220024071,8.758182326998107,10.089251817800154,9.263922388692219,164.3788694636045,0.8523122100698348,0.17986238162272472,24192,1
catboost_diff_dsp_g123_dir,Общественное питание,75.95978269914741,127.25011544512216,6.052565548604154,10.073725920168682,10.194831885583309,-26.603444250691823,0.9910148101959805,0.20261464061187506,24192,1
catboost_diff_dsp_g123_dir,Продовольствие,301.18805268698304,404.7481724673976,2.394687663766521,2.5012362096993597,2.506452928309091,-42.68809773586979,0.9827174857972735,0.9078051581669293,24192,1
catboost_diff_dsp_g123_dir,Транспорт,80.06583172915299,110.30060685783063,4.476133722860479,5.444705250709743,5.459643801811463,-13.207493348837959,0.9871125398019315,0.3627886522333148,24192,1
catboost_diff_dsp_g123_lmae,Все категории,812.5084677118624,1107.673069698503,2.6512118807051217,2.9004050717443173,2.9071603667274526,-120.6559165674122,0.9905750308496494,0.8607986305011377,24192,1
catboost_diff_dsp_g123_lmae,Здоровье,98.55313830019006,134.78879376324085,6.687273548053316,7.336010196788981,7.544048366317267,-34.50921793650123,0.9627257210417322,-0.03968109811835174,24192,1
catboost_diff_dsp_g123_lmae,Маркетплейсы,413.74118013413704,659.5286135659086,8.75572016845019,10.0805381009487,9.174668955878458,181.12760930446137,0.8448025080614552,0.1646449410310471,24192,1
catboost_diff_dsp_g123_lmae,Общественное питание,81.63718608446891,138.01723771819067,6.504947781866008,10.535323503315869,10.865171440358381,-31.39799199167577,0.9894299376783886,0.0944676041824728,24192,1
catboost_diff_dsp_g123_lmae,Продовольствие,299.21832802955,399.6314391853698,2.3790267658786695,2.4861230841606305,2.4863211575655466,-18.958216364514183,0.9831516869407928,0.9091703616591458,24192,1
catboost_diff_dsp_g123_lmae,Транспорт,79.8540823607203,112.10464729890406,4.4642957331916495,5.3398339461142585,5.363489862141283,-14.561479293758987,0.9866875261845163,0.38504531967370625,24192,1
catboost_diff_dsp_g123m,Все категории,823.0685198835071,1109.7748550386575,2.6856692887087252,2.936761437615828,2.934492708767729,-43.75521402024206,0.9905392295715395,0.8611187001160101,24192,1
catboost_diff_dsp_g123m,Здоровье,97.19883665293477,134.13021905508384,6.595378092079207,7.250169754956202,7.389322729851583,-27.07373287604019,0.9630890736097562,-0.00022728523848458693,24192,1
catboost_diff_dsp_g123m,Маркетплейсы,415.13857188827524,665.62069734008,8.78529220950486,10.174394120405593,9.18142368376029,199.84262657891497,0.841922139273063,0.14476913452761453,24192,1
catboost_diff_dsp_g123m,Общественное питание,78.55965453618681,133.83503595651806,6.259726419166089,10.448917086450914,10.525403596026457,-24.876161906722345,0.9900608206942894,0.14423950710903677,24192,1
catboost_diff_dsp_g123m,Продовольствие,295.13818378842154,396.86308366329195,2.3465863320917,2.460889580465902,2.4583957470137396,-9.51940974793491,0.9833843041206193,0.9100870190456039,24192,1
catboost_diff_dsp_g123m,Транспорт,79.37213570949993,110.9459570971027,4.437352184220039,5.353632165435015,5.346899739875533,-9.351862955637047,0.9869612939253404,0.3869668428572236,24192,1
catboost_diff_g1,Все категории,1586.4670536268745,2424.3006254236875,5.17663565127841,5.500014052182789,5.3609593117037955,-30.265117829070743,0.9548529175242997,0.4707605557150554,24192,1
catboost_diff_g1,Здоровье,87.58283178864569,119.761022544642,5.942888926579052,6.417888862861464,6.396173735168283,-10.466327533421753,0.9705739025805241,0.27569040340616846,24192,1
catboost_diff_g1,Маркетплейсы,465.9685967865746,692.9941991501796,9.86097308328343,11.199044557383942,10.895121090154895,-32.077444392558114,0.8286529574406631,-0.020771835521089965,24192,1
catboost_diff_g1,Общественное питание,68.59827710306432,106.18050973424417,5.465992054401553,9.795061516075238,9.586099792594304,-2.5338241998839317,0.9937439458753469,0.2430518523844758,24192,1
catboost_diff_g1,Продовольствие,672.2938295063512,1046.0475460717566,5.3452775619170225,5.630183449387841,5.447040345782932,60.48061961174252,0.8845643428916555,0.4411132446243524,24192,1
catboost_diff_g1,Транспорт,91.43207423722956,125.94534676784775,5.111571091009206,6.133193343942516,6.088945322213278,-1.1497430269871682,0.9831974271796808,0.2341877971591203,24192,1
catboost_diff_g12,Все категории,1639.7368735269897,2404.512541513835,5.350454860572228,5.687716153782162,5.592678599830706,-110.33314526598558,0.9555869256856956,0.4767021847067143,24192,1
catboost_diff_g12,Здоровье,85.637960376309,117.95803996429038,5.810920656725801,6.304602805173877,6.250204182830714,-3.226954605445459,0.9714532433663243,0.302552389357278,24192,1
catboost_diff_g12,Маркетплейсы,455.05763504650696,675.4997649504102,9.63007190072837,10.93178945005813,10.542532625554541,-19.65595893007649,0.8371949699252728,0.04648974397917238,24192,1
catboost_diff_g12,Общественное питание,69.56015238487446,107.40740472984962,5.542635417321589,9.97555167284408,9.742901424303877,-1.9880482909802046,0.9935985356472181,0.19859429928978956,24192,1
catboost_diff_g12,Продовольствие,630.4574864230959,1026.280451487631,5.0126449299623435,5.302272324055375,5.071605041539902,100.06163942128987,0.8888858821661753,0.4620484122545604,24192,1
catboost_diff_g12,Транспорт,91.49497193370874,127.4386558018936,5.115087428680601,6.1333707275123475,6.0821323552531545,1.6603525415054998,0.9827966154543387,0.22449373774810644,24192,1
catboost_diff_g123,Все категории,1766.048438907282,2659.8292349631647,5.762608993254386,6.182142928023637,6.064579751243328,-125.61432182270724,0.9456544168114477,0.32718017805274535,24192,1
catboost_diff_g123,Здоровье,84.98907318488739,116.48113570836182,5.7668907432628025,6.277960298717058,6.2280445737911885,-4.13380105195038,0.9721636127004937,0.30648848804013573,24192,1
catboost_diff_g123,Маркетплейсы,444.25484930765606,664.2229282146016,9.401459972521375,10.658709283684358,10.236980811572643,-14.999063034555068,0.842585352888735,0.09087438347698917,24192,1
catboost_diff_g123,Общественное питание,70.10601920296725,107.83425943898543,5.586130732604419,10.132901628802756,9.809086159353082,-0.7161836597178196,0.9935475535961363,0.2050921789802148,24192,1
catboost_diff_g123,Продовольствие,642.4930517172037,1051.797179262177,5.108337370213982,5.471196044663331,5.20527684898629,139.34871027238597,0.883291863936415,0.42703208172226115,24192,1
catboost_diff_g123,Транспорт,90.26549458329346,125.32100764742668,5.046352677403632,6.033841889809821,5.999366948364295,-2.032586796895712,0.9833636024600442,0.2507582404659615,24192,1
catboost_diff_g1234,Все категории,1678.1319852262116,2499.7844927829665,5.475737956494467,5.8754664596564234,5.7770486644236065,-136.32846296678247,0.9519977181640434,0.4116333657428204,24192,1
catboost_diff_g1234,Здоровье,86.36533113295386,117.5221433055224,5.860276032966817,6.37922339459716,6.34113474979839,-5.121586656984348,0.9716638342576582,0.2872705516260262,24192,1
catboost_diff_g1234,Маркетплейсы,457.0484273593743,681.5590165818907,9.672201669873699,10.999727323048946,10.531150561451138,-2.52504947987384,0.8342611391323085,0.04066823265143715,24192,1
catboost_diff_g1234,Общественное питание,69.02815834328703,106.32212350340649,5.500245501319225,10.001113067941109,9.75836423419721,-0.5163357095610005,0.9937272472514339,0.17702891147464683,24192,1
catboost_diff_g1234,Продовольствие,624.0752910007463,1060.240142017443,4.961901334692543,5.299382916252236,5.020360085204356,156.13253583610054,0.8814106699092703,0.42927510305774463,24192,1
catboost_diff_g1234,Транспорт,90.82804234101917,126.90784872969111,5.077802284991468,6.109442795352236,6.049724729914656,3.4749082864315968,0.9829396279572135,0.22562409164049202,24192,1
catboost_diff_g1234_dir,Все категории,1610.1809711125416,2559.82101445649,5.254014069195842,5.737306179802348,5.542552709236928,81.30936222952975,0.9496643196201794,0.38482153991192325,24192,1
catboost_diff_g1234_dir,Здоровье,85.04331984003561,115.30008802604297,5.770571622718291,6.309441823890376,6.286883368885708,-7.362248445428785,0.9727252389020096,0.3003763588800221,24192,1
catboost_diff_g1234_dir,Маркетплейсы,418.4301403375443,635.6107833963441,8.854949409805192,10.07108299952508,9.627257754761656,11.372415526159255,0.8558548854737815,0.1803234643206526,24192,1
catboost_diff_g1234_dir,Общественное питание,67.67930220015121,105.05174151566253,5.392767044537665,9.786432450265485,9.641592117690333,-5.123578704320015,0.993876250762356,0.1877500576102119,24192,1
catboost_diff_g1234_dir,Продовольствие,684.575134539711,1137.1751352839462,5.44292383107002,5.79500417205324,5.498302161175108,128.01420208349586,0.8635756668090063,0.3581973329567898,24192,1
catboost_diff_g1234_dir,Транспорт,89.79496611668331,124.03684237008481,5.020047469658032,6.017419891513867,5.949362637587209,2.3400104376482784,0.98370280219235,0.2618835599293299,24192,1
catboost_diff_g1234_lmae,Все категории,1711.0130148076378,2559.1033084827154,5.5830286245186285,6.0544108509729515,5.932935375360043,-48.99501190361946,0.9496925412449582,0.3421029658592395,24192,1
catboost_diff_g1234_lmae,Здоровье,87.8018507716759,119.79446877118974,5.957750349330282,6.449058774844747,6.439639768708738,-11.594849761837281,0.9705574643549687,0.269019534332852,24192,1
catboost_diff_g1234_lmae,Маркетплейсы,452.9481179329889,678.6280230358369,9.585429640244332,10.901593931958644,10.46078776556017,-26.876226543457747,0.8356835691507788,0.05748313779745984,24192,1
catboost_diff_g1234_lmae,Общественное питание,69.98469146690515,108.07369344287463,5.576463194740493,9.694772799138205,9.572316999901819,-2.0785814409963552,0.9935188679026687,0.2753769493207272,24192,1
catboost_diff_g1234_lmae,Продовольствие,631.0819205467051,980.9569408448139,5.017609684305359,5.244695218743839,5.098387092448321,7.625641589378969,0.8984834106578112,0.5127619204506746,24192,1
catboost_diff_g1234_lmae,Транспорт,90.5868681966482,127.1114714255864,5.064319283598904,6.005765208591458,5.9721507474072215,-0.057126698171297,0.9828848375578876,0.25540756648500995,24192,1
catboost_diff_g1234_m1,Все категории,1674.0473037745355,2580.3910947972736,5.462409657253382,5.8655140938623,5.746983204748168,-65.5744376103825,0.9488520994476243,0.37892670198211564,24192,1
catboost_diff_g1234_m1,Здоровье,81.28864056968118,112.29690112513465,5.51579975244476,6.069724901740208,5.97995330063508,5.110003805896117,0.9741275699549887,0.3435036925117556,24192,1
catboost_diff_g1234_m1,Маркетплейсы,437.6230584282042,659.7780588865162,9.261115941169852,10.563160025428333,10.117655400884287,-35.504413221110184,0.8446850890189426,0.10929476112105307,24192,1
catboost_diff_g1234_m1,Общественное питание,68.25038212722706,104.97509599748285,5.438271370238659,9.842575859863993,9.62108953879186,2.9702512022924794,0.9938851832503948,0.2307380512879803,24192,1
catboost_diff_g1234_m1,Продовольствие,573.2983862117273,1049.9996320033501,4.558184034428707,4.933281251624904,4.636479735605514,163.35469172540965,0.8836904372116365,0.4428955109572231,24192,1
catboost_diff_g1234_m1,Транспорт,91.47302791075057,127.19851087556073,5.11386063344152,6.152568362758217,6.100914923034327,1.0032718328558778,0.9828613903529767,0.21768397224152936,24192,1
catboost_diff_g1234_s1,Все категории,1679.5954394773348,2562.728270828187,5.480513201863137,5.905378504944368,5.787356189555343,-77.57439076099061,0.9495499195687218,0.37417740191396187,24192,1
catboost_diff_g1234_s1,Здоровье,86.96794229045479,118.80989806145247,5.9011659094621045,6.398428778726763,6.3653906051385905,-7.6778299381510555,0.9710394420904824,0.28602359887446305,24192,1
catboost_diff_g1234_s1,Маркетплейсы,447.47374308410053,679.7363790451777,9.469579208680985,10.849414048192802,10.396680264880427,-24.884488964133794,0.8351463976215999,0.03169172239974327,24192,1
catboost_diff_g1234_s1,Общественное питание,70.04761176267797,108.33951632934978,5.581476758510296,10.03528403858104,9.83589738350597,-2.6840178711754947,0.9934869461284496,0.18548979945209987,24192,1
catboost_diff_g1234_s1,Продовольствие,658.0632235816424,1085.6465016543027,5.232132780270456,5.525026168293958,5.2602997591291585,121.89646737581647,0.875659100733553,0.412475056340852,24192,1
catboost_diff_g1234_s1,Транспорт,93.09291857700666,129.60972867866684,5.204421701527393,6.312855813151411,6.239691492875213,3.5315120473116495,0.9822054612077341,0.17186947216751536,24192,1
catboost_diff_g1234_s2,Все категории,1568.4033061526748,2452.926721644388,5.1176937155118525,5.535138139650616,5.4236962094252394,-83.3107063135796,0.9537804309352329,0.4357547509732711,24192,1
catboost_diff_g1234_s2,Здоровье,90.42045381522193,122.21167526951095,6.13543433959164,6.658779982119602,6.62585534546119,-6.261305431638441,0.9693572969640265,0.2370071257561045,24192,1
catboost_diff_g1234_s2,Маркетплейсы,451.7167232604434,671.1911635674697,9.559370481312573,10.922995986873552,10.503262548394773,-18.060938240346715,0.8392652145493309,0.044449464043248454,24192,1
catboost_diff_g1234_s2,Общественное питание,68.94982240985127,106.79156923502181,5.4940036012626,9.976803266976352,9.77927921979079,-3.2714664004616614,0.9936717325977847,0.1956265735936451,24192,1
catboost_diff_g1234_s2,Продовольствие,690.5066537207329,1128.1345066904646,5.490084187144799,5.785288374657398,5.532355431378608,86.88254816439157,0.8657362118820169,0.3711628056333922,24192,1
catboost_diff_g1234_s2,Транспорт,91.33704884972107,126.81485915319583,5.106258633343201,6.092504546727781,6.039380419943645,1.0871189608416139,0.982964620194804,0.24073838705674921,24192,1
catboost_diff_g1234m,Все категории,1542.9813198601375,2466.4829931671807,5.034741875908628,5.427682433720304,5.231763877116218,116.14106403546194,0.9532681478734156,0.44698152322845064,24192,1
catboost_diff_g1234m,Здоровье,86.49090327413947,120.40742248286587,5.868796667343422,6.3631898383374494,6.272733101777004,2.3243480074792924,0.9702553956182672,0.29450579053220416,24192,1
catboost_diff_g1234m,Маркетплейсы,470.28026167308644,710.8950985367673,9.95221788321896,11.393876145768148,10.854103513456167,-5.437342580515582,0.8196864125058498,-0.045778406555917917,24192,1
catboost_diff_g1234m,Общественное питание,69.3154843378507,107.20207621040706,5.523139977239495,10.008791323726019,9.672858200537524,3.1969493394189152,0.99362298734759,0.22662222420066958,24192,1
catboost_diff_g1234m,Продовольствие,642.9833153661244,1117.9262476607455,5.11223536119201,5.416105428690885,5.095272740158762,208.3249422082219,0.868155069529853,0.38254320425984356,24192,1
catboost_diff_g1234m,Транспорт,92.62908815157988,128.5094142026164,5.17849095224142,6.22023532049292,6.134617296869948,6.574724779376028,0.9825063102091212,0.21149451965835497,24192,1
catboost_diff_g123_m1,Все категории,1546.5604350923427,2455.838161125434,5.046420514597473,5.4208442020743695,5.277698692535923,65.0154066660137,0.9536706475189298,0.45359565639986377,24192,1
catboost_diff_g123_m1,Здоровье,85.21801047085985,116.2276817760926,5.7824251674633125,6.353002254959623,6.287631360087019,1.314186093685509,0.9722846205520812,0.29086034176137143,24192,1
catboost_diff_g123_m1,Маркетплейсы,429.5920952321862,646.9529707682364,9.091162187945049,10.338470495398045,9.941065533175268,-52.81403119242222,0.8506645767083789,0.13975758434729313,24192,1
catboost_diff_g123_m1,Общественное питание,67.67771550138822,104.31290695558346,5.392640614498932,9.732069812448982,9.473259671750194,3.2904168834057197,0.993962085175043,0.2619518026089622,24192,1
catboost_diff_g123_m1,Продовольствие,563.2945742571993,1063.8103857437354,4.478645670059901,4.8561420684560845,4.534927015674741,204.2487620572981,0.8806106517630999,0.4344019587489363,24192,1
catboost_diff_g123_m1,Транспорт,90.1980107970688,125.52762379519396,5.042579951326317,6.080095212525859,6.022412256390062,3.741969265104921,0.9833087005404547,0.23548626623885094,24192,1
catboost_diff_g123_rel,Все категории,1769.8921721452698,2692.7339222804394,5.775151079437824,6.272163163087977,6.110829984754303,-25.11243751604158,0.9443014837432753,0.3056013919754571,24192,1
catboost_diff_g123_rel,Здоровье,87.42614885613945,119.28299608849916,5.932257285131076,6.442590110871013,6.4033209318100806,-3.5711007101839987,0.9708083424613118,0.27768025560117127,24192,1
catboost_diff_g123_rel,Маркетплейсы,460.73341546097504,685.2232006828953,9.750184539819651,11.106303687796144,10.621525854886258,-2.226739353674424,0.8324742647603696,0.026952522087110964,24192,1
catboost_diff_g123_rel,Общественное питание,70.37719083845411,107.76492555621127,5.60773801003973,10.144353126417025,9.891839889583542,-1.5662861270834203,0.9935558483503598,0.18439198128073508,24192,1
catboost_diff_g123_rel,Продовольствие,610.8049136661174,1014.181793768368,4.856391143922163,5.14596197261888,4.90427605615082,133.7352802649881,0.891490253360955,0.48391095850526356,24192,1
catboost_diff_g123_rel,Транспорт,88.48388097926036,123.68644495715785,4.946750380619948,5.95832822021184,5.9051838161106724,2.585935166005426,0.9837947495511948,0.2624777918687249,24192,1
catboost_diff_g1_m1,Все категории,1544.5369164183182,2494.7163814058786,5.039817781256724,5.438225378937349,5.272311710706604,71.79910347074158,0.9521921623612863,0.4424510601101337,24192,1
catboost_diff_g1_m1,Здоровье,84.55454210021448,117.35070626496065,5.737405855430119,6.2941976743756385,6.204637499875405,4.442064816511108,0.9717464455004092,0.3025212700919454,24192,1
catboost_diff_g1_m1,Маркетплейсы,450.9423568182697,669.6704263461247,9.542983096635725,10.878405996813969,10.553580268927695,-71.06297258406705,0.83999275231237,0.05247222065739843,24192,1
catboost_diff_g1_m1,Общественное питание,68.14113940031909,106.01382903097152,5.429566780232951,9.641505614963295,9.38656378882604,2.3625026294075844,0.993763571794377,0.28003141522819086,24192,1
catboost_diff_g1_m1,Продовольствие,591.1360575200621,1024.2782680030614,4.700007891820502,5.030311771644814,4.76470108118853,133.81528512830653,0.889319007128677,0.47306971889173977,24192,1
catboost_diff_g1_m1,Транспорт,91.34119625589726,127.8087286798432,5.106490496851601,6.177154696874145,6.114001512650162,2.5119991308154916,0.9826965555481564,0.20744404478494582,24192,1
catboost_diff_lmae,Все категории,1730.769930176272,2619.2685310918264,5.647495360353294,6.120722312938526,6.014764897808629,-28.9433804797064,0.947299250268107,0.3182320260381786,24192,1
catboost_diff_lmae,Здоровье,91.14802674418748,125.7544709953358,6.18480343413362,6.603766603697717,6.600330396181127,-14.582803070680196,0.9675549426012193,0.23797789671061376,24192,1
catboost_diff_lmae,Маркетплейсы,423.037776499766,643.7199364586543,8.952457646382864,10.185486224921883,9.788718716601466,-27.4763952617791,0.8521534026300879,0.15350617197113092,24192,1
catboost_diff_lmae,Общественное питание,75.07322496281175,114.6109319705211,5.981923577009178,10.136351259451597,10.066098317426428,-8.03274144225537,0.9927110835232883,0.22004153886584288,24192,1
catboost_diff_lmae,Продовольствие,648.2817923177586,943.7074172463131,5.154362521547922,5.3641601896012014,5.299503845132338,-28.233861308893783,0.9060467372852783,0.529286482694333,24192,1
catboost_diff_lmae,Транспорт,95.45739258535792,133.25696617706052,5.336609197954218,6.246263459954319,6.233894541401125,-9.185930839780298,0.9811898882171397,0.20777406056105163,24192,1
catboost_diff_m1,Все категории,1416.2187820147824,2321.859879674655,4.621116221876528,4.928988496843694,4.7616013619082995,194.60041892795073,0.95858775661482,0.5396512429508021,24192,1
catboost_diff_m1,Здоровье,83.45889658135708,116.63173236408218,5.663061380736875,6.168247593281486,6.097590951427908,-2.8302763151109804,0.9720915877028276,0.32010556004538326,24192,1
catboost_diff_m1,Маркетплейсы,474.5382268650448,702.9704854602003,10.04232627343456,11.437401694700549,11.278425060990042,-91.04429279688277,0.8236840517903633,-0.09102512980480193,24192,1
catboost_diff_m1,Общественное питание,69.67837129059139,107.68837930333383,5.55205523989757,9.737677575832237,9.524452645552271,2.17615650370144,0.9935649997596976,0.2660546398458017,24192,1
catboost_diff_m1,Продовольствие,657.6340454379127,1092.5375600808616,5.228720468270764,5.486070553865778,5.240558557796265,113.1312568371937,0.8740756023021229,0.41834714600211675,24192,1
catboost_diff_m1,Транспорт,94.01978576588341,130.76612714384032,5.256238829897191,6.172220447631526,6.141992072864454,-5.395090460543493,0.9818865133053544,0.22707548937095323,24192,1
catboost_diff_mac,Все категории,1574.1041472607412,2429.5090515445886,5.1362955372482855,5.486512601579983,5.300534958348192,280.9436799841525,0.9546587189690168,0.4690797928231615,24192,1
catboost_diff_mac,Здоровье,87.19408379993043,119.77164748718175,5.916510627656942,6.475256783750958,6.3556361392950445,6.265298311778432,0.9705686811076868,0.27857699915614886,24192,1
catboost_diff_mac,Маркетплейсы,476.519833398572,711.2732977731132,10.08426165024649,11.606251192803514,11.25377618349691,-25.21778822561472,0.8194945062707213,-0.11091488944931926,24192,1
catboost_diff_mac,Общественное питание,69.4235547895476,108.46698167257374,5.531751158966454,9.7533758542653,9.36095269434887,0.41117043749527177,0.9934716114278945,0.2841345565980422,24192,1
catboost_diff_mac,Продовольствие,702.3623060540557,1028.218143939667,5.584346174415651,5.870451151056,5.660675207020465,135.31835380852795,0.8884659029238542,0.46091183425392734,24192,1
catboost_diff_mac,Транспорт,99.30302256151322,137.86182171742607,5.551601706620611,6.57244149819898,6.478646478211042,3.899305905351413,0.9798674141702646,0.13666888932790533,24192,1
catboost_diff_rel,Все категории,1664.7788192409876,2523.6998549392897,5.432166629287563,5.897744236835529,5.725054535129758,106.21599675015652,0.9510748519251254,0.40028431396409114,24192,1
catboost_diff_rel,Здоровье,87.17874377396755,120.71477925497487,5.915469737923573,6.372306518425969,6.323069488841824,-5.03479086838774,0.9701033472846955,0.28994432045371177,24192,1
catboost_diff_rel,Маркетплейсы,487.16306672944836,706.8776679103015,10.309497080527956,11.81956809943718,11.601211003562696,-51.55553064780387,0.8217186405036134,-0.1429851179384638,24192,1
catboost_diff_rel,Общественное питание,70.5354789813491,109.92762447437218,5.620350596942898,9.824991398630688,9.549726071479359,-1.4482696703411866,0.9932946018296128,0.26312680563296287,24192,1
catboost_diff_rel,Продовольствие,702.340398480306,1060.6439570789566,5.5841719915550305,5.854153090663925,5.650577846086396,80.86573659148581,0.8813203181571716,0.43762417470923487,24192,1
catboost_diff_rel,Транспорт,93.81302403984712,130.48546544244527,5.244679677703048,6.184335515800882,6.14962070997831,-5.226711037031125,0.9819641833640688,0.22428312660906358,24192,1
catboost_diff_s1,Все категории,1608.8453046344466,2371.70580646844,5.249655794819506,5.608212635799429,5.478059860496109,41.12808452723168,0.9567905859593838,0.48604426392792865,24192,1
catboost_diff_s1,Здоровье,85.85529624364857,118.77331460747652,5.825667872509801,6.264561781232893,6.224507790018104,-8.821676123893043,0.9710572741758516,0.30837284412619637,24192,1
catboost_diff_s1,Маркетплейсы,474.3426128146806,707.5896518989819,10.038186627761748,11.465920595074609,11.276267305290748,-66.43197767875255,0.8213593211916234,-0.11344222156276151,24192,1
catboost_diff_s1,Общественное питание,68.4734418725046,107.24059240804154,5.456045035217329,9.702755317684097,9.442226743486632,-2.709388523002821,0.9936184041825634,0.2745396362012773,24192,1
catboost_diff_s1,Продовольствие,713.2069233088984,1066.0010001736541,5.6705696182965095,5.925827323397114,5.726831873705959,60.916054776803385,0.8801184488066193,0.4351464944467335,24192,1
catboost_diff_s1,Транспорт,95.44184303054614,131.97573321107782,5.335739889721664,6.297239480152158,6.269680115222506,-7.659449375399899,0.9815498585445505,0.19419495243017826,24192,1
catboost_diff_s2,Все категории,1553.082403137308,2397.738911527823,5.067701670245101,5.4603497726625445,5.296899296579541,109.78477489721851,0.9558368008594972,0.47411962327562585,24192,1
catboost_diff_s2,Здоровье,87.64471001665257,120.34811477719799,5.947087642566061,6.4388139746006035,6.401086574038882,-7.7090712645583315,0.9702846903203399,0.26964787641804433,24192,1
catboost_diff_s2,Маркетплейсы,479.39451383978496,709.4439660299141,10.145096536222347,11.628945873541726,11.386803111396633,-65.86244049998032,0.8204218004691739,-0.12777017737262408,24192,1
catboost_diff_s2,Общественное питание,70.39728663965732,109.43733458515433,5.609339267306565,9.896987541216527,9.731245084646432,-3.9235872655366357,0.9933542821407053,0.22578419236591518,24192,1
catboost_diff_s2,Продовольствие,772.2632305923543,1093.1382793289076,6.140114838492453,6.407833309490492,6.233799145189212,52.05691175080327,0.8739370880604421,0.3934458429969643,24192,1
catboost_diff_s2,Транспорт,96.25611150412458,132.87397625227922,5.381262111814804,6.308268809602131,6.2687679688498825,-4.090974666410775,0.9812978560177181,0.2034784947924021,24192,1
catboost_logdiff,Все категории,1749.2686563090024,2539.7433715160087,5.707856629743039,6.083102513772825,5.956696385112311,13.84002667690934,0.9504508265422308,0.40879303029278724,24192,1
catboost_logdiff,Здоровье,88.6138014855991,122.1187665252102,6.012844855960834,6.436848512983757,6.432501572720206,-11.064000938671843,0.9694038701392917,0.27134150977494886,24192,1
catboost_logdiff,Маркетплейсы,499.82378734656476,724.719667861929,10.577427207324762,12.011600053194291,11.630206417273905,9.876527237036937,0.8126052111834804,-0.13497338274605264,24192,1
catboost_logdiff,Общественное питание,70.93228147834033,110.91244063910118,5.651968290379456,9.67288725711001,9.726591877545456,-10.278513609650112,0.993173919434554,0.2537584198051608,24192,1
catboost_logdiff,Продовольствие,705.8293616736999,1019.4229643833786,5.611912059741728,5.8194421183164895,5.67559657009126,11.94282706523258,0.8903658245205001,0.4740790154796708,24192,1
catboost_logdiff,Транспорт,98.63903546296514,137.49560493517936,5.514481065028959,6.369606875736499,6.354469552433558,-10.704808523622708,0.9799742326936018,0.1988866418930021,24192,1
catboost_logdiff_ds,Все категории,1002.5802614071573,1366.566016112315,3.2714153833849275,3.601553387238561,3.6658896695886565,-375.2707694995509,0.9856544244782953,0.7701626973950155,24192,1
catboost_logdiff_ds,Здоровье,123.91333881782177,162.1964733148622,8.408077177647723,9.080759974073786,9.155775879695796,-6.33795537353916,0.9460260140690656,-0.3567249427190402,24192,1
catboost_logdiff_ds,Маркетплейсы,499.82378734656476,724.719667861929,10.577427207324762,12.011600053194291,11.630206417273905,9.876527237036937,0.8126052111834804,-0.13497338274605264,24192,1
catboost_logdiff_ds,Общественное питание,87.6246835896243,148.99498329033642,6.982038682265116,10.371229859073434,10.606786707894434,-27.19498236444527,0.9876816035469069,0.1772547597280345,24192,1
catboost_logdiff_ds,Продовольствие,379.0140397235318,501.8276602306637,3.0134669593402568,3.163505700862526,3.17885572418068,-38.45753601539132,0.9734327672524987,0.8514486544933523,24192,1
catboost_logdiff_ds,Транспорт,83.13597600464223,115.30308644628816,4.647772186219634,5.461061711438075,5.446120782271937,-5.868518654695123,0.9859170577409091,0.38693472622900593,24192,1
catboost_logdiff_ds_g1,Все категории,940.197591297812,1283.9267615786137,3.067860980303117,3.4207276905641666,3.474231431883787,-290.77463329611993,0.987336981375762,0.7898713689577603,24192,1
catboost_logdiff_ds_g1,Здоровье,116.84232013721785,151.3110572445506,7.9282767674714165,8.655373082560498,8.775566276413263,-15.824802809404943,0.9530275720295196,-0.27464499930052155,24192,1
catboost_logdiff_ds_g1,Маркетплейсы,459.63012833723434,669.7163552990025,9.726836432875604,10.953055905338568,10.564587448013626,34.866727351302465,0.8399708035535113,0.05467201546395972,24192,1
catboost_logdiff_ds_g1,Общественное питание,86.73669929433945,146.07602867133934,6.911283040761643,10.395283019428087,10.608309142298802,-23.330913203849775,0.9881595340778091,0.17304742856645483,24192,1
catboost_logdiff_ds_g1,Продовольствие,395.3003881535736,515.475887012639,3.1429565500636873,3.2959695022010056,3.315654634746215,-48.36413462127908,0.9719680158634065,0.8420838233175734,24192,1
catboost_logdiff_ds_g1,Транспорт,81.45755664001382,110.95886362765854,4.5539390322154425,5.454157305288681,5.4650981596146035,-8.96740731690441,0.9869582601194916,0.37810950413018907,24192,1
catboost_logdiff_ds_g12,Все категории,949.8789449528294,1292.3352245756112,3.099451198561116,3.4406003938960894,3.48996785616851,-297.9601063350778,0.9871705775197016,0.7922573585466945,24192,1
catboost_logdiff_ds_g12,Здоровье,116.56733036080132,152.15725276135947,7.909617474733177,8.665308658317107,8.768645928803412,-12.381393053851271,0.9525007235345562,-0.29595142025614773,24192,1
catboost_logdiff_ds_g12,Маркетплейсы,480.33771596255167,686.4722261970613,10.165056874341353,11.386541960895254,11.020053586380953,28.249066019447355,0.8318629759937519,0.009009135747871988,24192,1
catboost_logdiff_ds_g12,Общественное питание,85.38808244392344,143.46012374487748,6.803823651107719,10.386302510497178,10.558334218184203,-24.958440495274374,0.9885798110939421,0.18237920018612452,24192,1
catboost_logdiff_ds_g12,Продовольствие,393.78098445142354,509.0424644019421,3.1308760665605737,3.2820672064227847,3.2985993851945095,-37.7426677995793,0.972663358648184,0.8458964561722087,24192,1
catboost_logdiff_ds_g12,Транспорт,80.98390487380348,110.21997245279375,4.527459214322605,5.412015381789907,5.423772516446225,-9.32077502566635,0.9871313754706649,0.38462010585047035,24192,1
catboost_logdiff_ds_g123,Все категории,940.8994642920607,1302.4331537137282,3.0701511890763724,3.4228959002226618,3.472681199489914,-243.49898940668933,0.9869693035284883,0.7866239903356904,24192,1
catboost_logdiff_ds_g123,Здоровье,115.03389493251738,150.6102457692182,7.805566986295395,8.533701950282408,8.649878282417328,-13.797964863815936,0.9534616788798395,-0.26198622259756865,24192,1
catboost_logdiff_ds_g123,Маркетплейсы,480.4083408498365,698.7754132869553,10.166551460279821,11.434506416161673,11.01037125644167,43.58370234442845,0.8257821516052104,-0.01795969691667154,24192,1
catboost_logdiff_ds_g123,Общественное питание,83.86606565957307,143.46938679495827,6.682547549123035,10.287825462589264,10.488918486070801,-25.606324691424497,0.9885783362702177,0.18530667374367682,24192,1
catboost_logdiff_ds_g123,Продовольствие,389.96201110798984,506.8758457424516,3.100512151816325,3.2502313290328653,3.260727217015886,-19.466039940794957,0.9728955672996573,0.8479334369178962,24192,1
catboost_logdiff_ds_g123,Транспорт,82.30200474540365,112.22289047235711,4.601148466753356,5.479422285034285,5.48133380326717,-6.3401629755373525,0.9866594285214879,0.3770393132119755,24192,1
catboost_logdiff_ds_g1234,Все категории,959.9313813178213,1326.4206716127742,3.1322522582177026,3.493829175678599,3.5514712306360905,-299.9673591758138,0.9864848986667069,0.7766246622615729,24192,1
catboost_logdiff_ds_g1234,Здоровье,118.23242942986408,154.3925749273574,8.02260193318355,8.771373008192555,8.90986333738387,-17.290686304154775,0.9510948609313353,-0.3391395700115718,24192,1
catboost_logdiff_ds_g1234,Маркетплейсы,474.4829885192443,680.3209294611356,10.041157302296032,11.254922587559161,10.842857800518559,46.45803605581302,0.8348627386024645,0.04097207164044636,24192,1
catboost_logdiff_ds_g1234,Общественное питание,86.15813106007032,144.649708661485,6.865182037864838,10.479916987133327,10.68143850099107,-26.883829085549333,0.9883896312816947,0.16229133200253798,24192,1
catboost_logdiff_ds_g1234,Продовольствие,393.257531879297,507.96552749081,3.1267141969052026,3.276015351476887,3.2909412117796495,-30.25337352791705,0.9727789038079733,0.8467966426089519,24192,1
catboost_logdiff_ds_g1234,Транспорт,81.35125964132982,110.64072008307217,4.54799642760905,5.423089464996731,5.438434671567278,-8.69114414045443,0.9870329399956204,0.38604342462191743,24192,1
catboost_logdiff_ds_g123_m1,Все категории,914.5070645512765,1194.5420632817697,2.984032894272459,3.300361110226472,3.329124514014597,-252.7968857530382,0.9890387612466136,0.8265665285775283,24192,1
catboost_logdiff_ds_g123_m1,Здоровье,112.94043034589134,146.29757025143144,7.6635160014623365,8.3836354974295,8.505780013947371,-20.436495583275427,0.9560887394819444,-0.20872500697961227,24192,1
catboost_logdiff_ds_g123_m1,Маркетплейсы,460.24430066510183,664.4789632366815,9.739833739636971,10.909782529113276,10.424457879988129,57.65962778825167,0.8424639736686803,0.10190889672624814,24192,1
catboost_logdiff_ds_g123_m1,Общественное питание,86.63480667184326,147.26800024155514,6.903164115790254,10.485989850950528,10.69279023358392,-25.990395369973374,0.9879655107115536,0.15564322061398062,24192,1
catboost_logdiff_ds_g123_m1,Продовольствие,378.2664103867322,483.53593387504077,3.0075227038031205,3.1456705415538924,3.1519957575451403,-25.444444267090258,0.9753342322606794,0.8645328323839543,24192,1
catboost_logdiff_ds_g123_m1,Транспорт,79.45294864843785,108.70143855503174,4.44187008546969,5.351593398907638,5.353299107118221,-5.825144764590841,0.9874835226895603,0.3944012231575441,24192,1
catboost_logdiff_ds_g123n,Все категории,955.1568088265741,1308.509535249779,3.1166728472735556,3.4650887507902683,3.5200621146355178,-298.6974647517946,0.9868474328812354,0.7849045013103202,24192,1
catboost_logdiff_ds_g123n,Здоровье,118.23513030401935,154.51192801123267,8.02278519963865,8.76925983688724,8.891494470652493,-15.939417863754349,0.9510192195307758,-0.3308497869296869,24192,1
catboost_logdiff_ds_g123n,Маркетплейсы,484.1363801321045,691.7260140702738,10.245445392766662,11.47455400136,11.052466782584833,55.619709717739575,0.8292795166036402,0.004532329346344843,24192,1
catboost_logdiff_ds_g123n,Общественное питание,85.30613232394676,143.08099734829113,6.797293768382287,10.433660774641714,10.629716250540554,-22.01250593541744,0.9886400922905219,0.16574486720063109,24192,1
catboost_logdiff_ds_g123n,Продовольствие,395.0231366232424,513.185677825978,3.140752177036532,3.293200553289349,3.308824678334923,-31.240953785534593,0.9722165492827617,0.8437585252678194,24192,1
catboost_logdiff_ds_g123n,Транспорт,80.47227863749883,109.632850087445,4.498856408352008,5.380957097947136,5.403311596931554,-10.357785739730348,0.9872681081119493,0.38924672452441866,24192,1
catboost_logdiff_ds_m1,Все категории,935.1692371117778,1241.6328600721602,3.0514534807038207,3.3311428957599394,3.370248287420462,-259.26016393655175,0.9881575069435108,0.8172840048019863,24192,1
catboost_logdiff_ds_m1,Здоровье,119.39198960649483,157.02800250981898,8.101283304779647,8.804098405126352,8.89976979415619,-11.245260840010161,0.9494110238467028,-0.30649446293459204,24192,1
catboost_logdiff_ds_m1,Маркетплейсы,494.68436925561656,684.8468615094121,10.468665235363392,11.719600439840457,11.61304927562262,-82.58134316305694,0.8326582316296616,-0.04063995975358381,24192,1
catboost_logdiff_ds_m1,Общественное питание,87.33071737102054,148.22011392054873,6.958615105420226,10.38730103783773,10.625792047180042,-26.11420117036022,0.9878093974825612,0.1681234373176852,24192,1
catboost_logdiff_ds_m1,Продовольствие,370.0921143945967,484.2448613719409,2.942530465240834,3.0891253285513587,3.092615488283824,-10.886578455431899,0.9752618526986854,0.8626834666216228,24192,1
catboost_logdiff_ds_m1,Транспорт,82.80409725415079,115.09793414293043,4.629218283326315,5.456192319315383,5.4424361782296495,-4.1786429978615285,0.9859671271342286,0.38401771293287,24192,1
catboost_logdiff_dsp,Все категории,825.4506288686578,1120.4605731548068,2.693442100800581,2.9296068315300383,2.9446616442852505,-171.1319271215544,0.9903561621067505,0.8595689941525457,24192,1
catboost_logdiff_dsp,Здоровье,98.82435659451168,136.0427384286987,6.7056769287740865,7.288283409000308,7.481921010320192,-36.63346318553892,0.9620289673532743,-0.00694517356888702,24192,1
catboost_logdiff_dsp,Маркетплейсы,418.8690383215787,674.6015749946198,8.864237506120519,10.243829726645297,9.317356662910322,177.64687679259967,0.8376276351365038,0.12886892350090662,24192,1
catboost_logdiff_dsp,Общественное питание,82.79775917272214,144.94867466606195,6.597423621593198,10.349782266369658,10.677242049522345,-29.464570176527705,0.9883415884246736,0.1420669303006914,24192,1
catboost_logdiff_dsp,Продовольствие,301.27389437276776,406.76206648706125,2.3953701743247975,2.498104570094207,2.506903890116659,-50.10703507698173,0.9825450736957463,0.9067518981495369,24192,1
catboost_logdiff_dsp,Транспорт,81.81413345320661,115.97825892803438,4.573873696776495,5.437056607530579,5.457526470950958,-14.950699268671569,0.9857516457946954,0.3645326432488555,24192,1
catboost_logdiff_dsp_g123,Все категории,809.7075929224033,1098.7057642211805,2.6420726374685644,2.9026384353631585,2.9119713507703913,-122.30852472601144,0.9907270151716331,0.8600689943583123,24192,1
catboost_logdiff_dsp_g123,Здоровье,97.9961199629715,133.42225234619653,6.649477349408517,7.2927242559203425,7.485726516070485,-32.0897834788485,0.9634776921181996,-0.011153498496844438,24192,1
catboost_logdiff_dsp_g123,Маркетплейсы,423.3254113807577,679.9176983537835,8.958544665634447,10.263332205704756,9.352377156348824,192.34508395715181,0.835058436674242,0.1361273616524108,24192,1
catboost_logdiff_dsp_g123,Общественное питание,80.01921285340025,137.55320979905827,6.376025756434254,10.288391127753341,10.626508555589739,-32.89147061635144,0.9895008934355306,0.14293224684258132,24192,1
catboost_logdiff_dsp_g123,Продовольствие,294.25558912788796,394.8846193316391,2.3395689934993147,2.451039897021418,2.453284728711262,-29.085548003865476,0.983549558191465,0.9106529568172995,24192,1
catboost_logdiff_dsp_g123,Транспорт,80.65307419709025,112.72348917091651,4.508963904692872,5.388663397916635,5.407815818021485,-13.062757928508363,0.9865401450534251,0.37663434666980045,24192,1
catboost_logdiff_dsp_g123_d4,Все категории,812.2455966448182,1102.0601224984705,2.6503541334646483,2.905875819542729,2.9094607063020295,-60.830104947096125,0.990670307732363,0.8616808060818326,24192,1
catboost_logdiff_dsp_g123_d4,Здоровье,99.93795397547098,135.26034910034633,6.781239518026062,7.415638374116705,7.61791160964755,-31.170237000433136,0.9624644585013991,-0.04013816185695873,24192,1
catboost_logdiff_dsp_g123_d4,Маркетплейсы,427.2908646668446,683.4635615665827,9.042462827473646,10.387555949939038,9.4415435330956,209.19600753683878,0.8333335653086227,0.12452710373886011,24192,1
catboost_logdiff_dsp_g123_d4,Общественное питание,79.86473014682906,137.4227236870781,6.363716391209355,10.296593025792752,10.596714074702028,-25.603681284130626,0.9895208033714183,0.14844505755347748,24192,1
catboost_logdiff_dsp_g123_d4,Продовольствие,295.39415526505843,396.27666372904287,2.3486215115482225,2.4616652688981993,2.4621960943375654,-15.717062848899351,0.9834333718056727,0.9100404178496124,24192,1
catboost_logdiff_dsp_g123_d4,Транспорт,80.35231319728338,111.80052761349683,4.492149660405611,5.3691984110767015,5.382947723892737,-10.023609926498748,0.9867596568928377,0.38395747219730514,24192,1
catboost_logdiff_dsp_g123_dir,Все категории,813.7480909493477,1095.6475148753223,2.6552567663714512,2.9078332920859835,2.922888901861864,-132.3887460787135,0.9907785660634308,0.8607429122658131,24192,1
catboost_logdiff_dsp_g123_dir,Здоровье,96.69635897706142,128.62435732715642,6.561282722532272,7.2379971971352015,7.42150982621734,-31.310024903491183,0.9660571649845751,0.027174920762781718,24192,1
catboost_logdiff_dsp_g123_dir,Маркетплейсы,422.58165599148134,662.0785042712707,8.94280508162647,10.14420330849939,9.379395300693155,163.28016278659348,0.8436001291535773,0.17760494629954737,24192,1
catboost_logdiff_dsp_g123_dir,Общественное питание,77.6740955024683,131.36345361755724,6.189164025379779,10.035908513538004,10.34087382597439,-31.536393815114693,0.990424532179275,0.18506777702239552,24192,1
catboost_logdiff_dsp_g123_dir,Продовольствие,300.67355344547764,402.5059804877259,2.390596980302624,2.4995912809863396,2.505533814059174,-44.49545411850579,0.9829084360388662,0.90793555707739,24192,1
catboost_logdiff_dsp_g123_dir,Транспорт,80.86509234438623,111.47875148026057,4.520816920623315,5.45340287882561,5.485521176915913,-15.084799985948242,0.9868357619967064,0.3591394312462082,24192,1
catboost_logdiff_dsp_g123_l2,Все категории,819.7013868480968,1110.3970563498688,2.6746823470802474,2.9385613690569024,2.9450461316537835,-107.73657974251448,0.9905286181328515,0.8578327438793125,24192,1
catboost_logdiff_dsp_g123_l2,Здоровье,97.45135557111756,132.62327352123037,6.612512636052867,7.263245237950956,7.452053214787484,-30.032201745460032,0.9639137989667144,-0.010379552852382012,24192,1
catboost_logdiff_dsp_g123_l2,Маркетплейсы,425.19743979771124,680.9649318463149,8.998161116094897,10.321554437296616,9.369859243901434,202.9010238610598,0.8345499476200772,0.1311969477423337,24192,1
catboost_logdiff_dsp_g123_l2,Общественное питание,81.93650255923752,141.23886390582916,6.5287976734657445,10.363427908300174,10.694686886606034,-31.1754392407736,0.988930721440046,0.13923745663558396,24192,1
catboost_logdiff_dsp_g123_l2,Продовольствие,293.1882091374629,394.4065306826594,2.3310824626664375,2.4434956445499623,2.4441752652811575,-20.230253367286373,0.9835893673314416,0.9109834780765954,24192,1
catboost_logdiff_dsp_g123_l2,Транспорт,80.56615250140509,113.06817205013306,4.50410448932302,5.366584282553643,5.389035027338497,-14.048741901447597,0.986457704833031,0.38077136457880767,24192,1
catboost_logdiff_dsp_g123_lr,Все категории,807.5883211217413,1098.0899750418127,2.635157462058539,2.8942065858295374,2.899914357212643,-99.57381591685512,0.9907374066771863,0.8617203506945887,24192,1
catboost_logdiff_dsp_g123_lr,Здоровье,97.85803054858305,133.7832383172912,6.640107361764964,7.2832593632313145,7.47604850694753,-30.793676175319575,0.9632797959524168,-0.0192801144849597,24192,1
catboost_logdiff_dsp_g123_lr,Маркетплейсы,427.87011056553854,682.1340853398342,9.054721010224618,10.390225031403629,9.450899264226699,198.89457895034943,0.8339813351880999,0.12494086858854858,24192,1
catboost_logdiff_dsp_g123_lr,Общественное питание,79.81585959683012,139.1826168280771,6.359822327841158,10.248353279532592,10.573529835973588,-30.850712011397604,0.9892506827468629,0.15019199209777745,24192,1
catboost_logdiff_dsp_g123_lr,Продовольствие,291.9407518747237,392.111300954533,2.3211641724437437,2.432535409300799,2.434228413590418,-25.22509252719793,0.9837798133347587,0.9118484926247775,24192,1
catboost_logdiff_dsp_g123_lr,Транспорт,80.30221500253374,112.09096105015365,4.489348887415055,5.361282400988925,5.381172121254594,-12.597289029245177,0.9866907764816403,0.3837282057055236,24192,1
catboost_logdiff_dsp_g123_rel,Все категории,813.6240952952645,1094.9807237283492,2.6548521690480698,2.897742720367428,2.905218833425772,-102.97132514796907,0.9907897866419708,0.8638212210669922,24192,1
catboost_logdiff_dsp_g123_rel,Здоровье,98.66844686053929,133.82772752864108,6.695097752323085,7.362001376806096,7.5655159034012085,-32.56527170317265,0.9632553695059889,-0.03696139034408241,24192,1
catboost_logdiff_dsp_g123_rel,Маркетплейсы,428.510150565865,684.5901485724805,9.06826573675548,10.375949240693485,9.411746893355073,199.548739436073,0.8327836633071679,0.1253010567573689,24192,1
catboost_logdiff_dsp_g123_rel,Общественное питание,81.21227607878176,140.28748196691487,6.471090448810365,10.316062995722799,10.648778815429015,-30.11448725478689,0.9890793440321279,0.14367395954935325,24192,1
catboost_logdiff_dsp_g123_rel,Продовольствие,295.0488902554817,393.8120316159645,2.345876376567643,2.456233236836535,2.456874668679474,-19.60627020715831,0.9836388023799657,0.9109560341217917,24192,1
catboost_logdiff_dsp_g123_rel,Транспорт,80.38543568315804,112.38732194197941,4.49400139506953,5.362705947885748,5.3837942657937115,-14.366527839029423,0.9866203060781533,0.38296964937362077,24192,1
catboost_logdiff_dsp_g123_s1,Все категории,819.1727301480254,1111.6078341269254,2.6729573423821535,2.9333567185038443,2.940642042191367,-105.8815076130087,0.9905079516679459,0.8583385236226033,24192,1
catboost_logdiff_dsp_g123_s1,Здоровье,98.34444929556439,133.61068250592103,6.67311306078246,7.326468268002982,7.523018050029262,-32.21257640904959,0.9633744595046067,-0.019135902170167363,24192,1
catboost_logdiff_dsp_g123_s1,Маркетплейсы,426.8288617235865,683.1835444329405,9.032685776789794,10.381217220544238,9.480268722105478,188.4523919470193,0.8334701048394186,0.12318063426723791,24192,1
catboost_logdiff_dsp_g123_s1,Общественное питание,78.27568007083822,133.6098859677864,6.237098997067482,10.100641530627072,10.388647625128835,-29.57952667829844,0.9900942338251318,0.1808839493027098,24192,1
catboost_logdiff_dsp_g123_s1,Продовольствие,289.72175016606656,391.2775143125536,2.3035213211746046,2.4149342979966772,2.4165981726076877,-26.669324604759467,0.9838487213005122,0.9124156597763586,24192,1
catboost_logdiff_dsp_g123_s1,Транспорт,80.91775421912321,113.00730687078219,4.523761017853413,5.378238320514297,5.403118404931634,-14.788035964041473,0.9864722806833179,0.38120249730556743,24192,1
catboost_logdiff_dsp_g123_s2,Все категории,823.4967344182218,1109.445527634305,2.687066551022955,2.9421515193330503,2.948608303578239,-95.48643068283215,0.990544843734919,0.859155743777839,24192,1
catboost_logdiff_dsp_g123_s2,Здоровье,99.54347146877832,135.1222320046585,6.754472106275661,7.418538852663599,7.611206984300998,-30.324575827521418,0.9625410759745049,-0.04167586183299954,24192,1
catboost_logdiff_dsp_g123_s2,Маркетплейсы,427.0938902400493,678.8027974931562,9.038294393089616,10.358266083668042,9.489008095882765,181.39819842966486,0.8355989218561626,0.13282697206744454,24192,1
catboost_logdiff_dsp_g123_s2,Общественное питание,79.65978290134908,134.20779445193375,6.347385951689978,10.20209776381905,10.491039063045635,-28.921273485388955,0.9900053782165303,0.1701750361277521,24192,1
catboost_logdiff_dsp_g123_s2,Продовольствие,295.78955305679983,395.6946982542697,2.3517652425352806,2.458974258393656,2.461726543044886,-30.23703830754043,0.9834819950382032,0.9106430983591607,24192,1
catboost_logdiff_dsp_g123_s2,Транспорт,80.65874040447972,112.43784917145553,4.509280677796066,5.380220305409343,5.393847907668389,-11.794161424675966,0.9866082728555333,0.3821887243237643,24192,1
catboost_logdiff_dsp_g123_w,Все категории,806.0559757598202,1093.4841909202403,2.6301574252708493,2.881713718809673,2.880531833579018,-12.189875652774829,0.990814945016254,0.8644794278884763,24192,1
catboost_logdiff_dsp_g123_w,Здоровье,97.36989032310296,132.71758692394627,6.606984852691224,7.2805881155573235,7.464314808095207,-28.72054235799665,0.9638624562051087,-0.01954609744499014,24192,1
catboost_logdiff_dsp_g123_w,Маркетплейсы,427.49299487514264,683.3472607538008,9.046740370117275,10.409383020902808,9.41663276992764,201.94497861569505,0.8333902816976948,0.11403696275291397,24192,1
catboost_logdiff_dsp_g123_w,Общественное питание,82.18753424625417,139.78507310860678,6.548800175927642,10.28177761864894,10.59633692711739,-27.216749723423533,0.9891574238384102,0.15924007749878277,24192,1
catboost_logdiff_dsp_g123_w,Продовольствие,297.61379131828033,399.3773126295295,2.366269406367696,2.480229476348253,2.4764962188986113,1.1547683106482436,0.9831731078902423,0.9090845706053226,24192,1
catboost_logdiff_dsp_g123_w,Транспорт,79.6468827926419,111.16698478406659,4.4527121031461245,5.334922275325633,5.34943192438038,-10.635609267840975,0.9869092904849142,0.38890380699509797,24192,1
catboost_logdiff_dsp_g123_wm,Все категории,830.3770771925966,1119.4857340329213,2.709517081979409,2.975483865012996,2.9764527681142896,-41.78868734826095,0.9903729357461083,0.8569540576687269,24192,1
catboost_logdiff_dsp_g123_wm,Здоровье,95.35044079738215,130.87450045367117,6.4699561225269235,7.1417658858805035,7.313823583299492,-28.589375768221867,0.9648591913181446,0.00287678088833887,24192,1
catboost_logdiff_dsp_g123_wm,Маркетплейсы,431.2683665842885,685.8141359283178,9.126635966215414,10.496725823926745,9.445201277331595,217.6930400433439,0.832185192385918,0.10352512458476237,24192,1
catboost_logdiff_dsp_g123_wm,Общественное питание,84.81882146884666,140.21555577255026,6.758464261658688,10.584505923226263,10.80307595215099,-23.155117547318287,0.9890905393269948,0.12200845562305074,24192,1
catboost_logdiff_dsp_g123_wm,Продовольствие,296.5360182899151,398.753447114889,2.3577002425102944,2.469960568915365,2.464043383951314,5.175737814453282,0.9832256372561085,0.9097055445029549,24192,1
catboost_logdiff_dsp_g123_wm,Транспорт,79.68183475808657,111.81685596523627,4.454666116085581,5.342081252871614,5.361161244554708,-12.94561997485143,0.9867557891335096,0.38220651752257073,24192,1
catboost_logdiff_dsp_g123m,Все категории,807.1680299556261,1097.2367478818928,2.633786053664362,2.8902559861811663,2.8941692553654375,-82.68928428403811,0.9907517953447464,0.8625695176253734,24192,1
catboost_logdiff_dsp_g123m,Здоровье,99.48910887970531,137.26931691519326,6.750783360182114,7.394492225415998,7.605646484208763,-33.87363664325534,0.9613411774298993,-0.07257134582912794,24192,1
catboost_logdiff_dsp_g123m,Маркетплейсы,426.17188315720665,679.0971415733292,9.018782591029977,10.35578221656861,9.390983471852026,204.54301156854297,0.8354563149726827,0.13020279215961073,24192,1
catboost_logdiff_dsp_g123m,Общественное питание,83.39746483175101,145.04853775198308,6.645208879556844,10.459270532703174,10.848626112811127,-31.76433573861889,0.9883255186535547,0.10869883274982728,24192,1
catboost_logdiff_dsp_g123m,Продовольствие,298.0982812601432,398.24729074488425,2.370121491723166,2.482308032899384,2.479551739563726,-6.387441987356363,0.9832681951923686,0.9093608112956995,24192,1
catboost_logdiff_dsp_g123m,Транспорт,80.29977965939446,112.98258498490065,4.489212737932598,5.332711620193817,5.3602338385144765,-14.75183602878802,0.9864781987812146,0.38832212393341314,24192,1
catboost_logdiff_g1,Все категории,1786.4480262517557,2668.6508332552503,5.829172765175997,6.257550242515858,6.155762959082342,-156.85002834019858,0.9452933335418596,0.33056534206789867,24192,1
catboost_logdiff_g1,Здоровье,86.07595744003892,117.5815766385429,5.84064072682123,6.306451972752532,6.336647664167913,-16.99726418462666,0.9716351666623828,0.28803624366837477,24192,1
catboost_logdiff_g1,Маркетплейсы,459.63012833723434,669.7163552990025,9.726836432875604,10.953055905338568,10.564587448013626,34.866727351302465,0.8399708035535113,0.05467201546395972,24192,1
catboost_logdiff_g1,Общественное питание,69.46144949269866,107.90026936088834,5.5347706538440935,9.625788419995656,9.656309767739483,-6.827969084931923,0.993539651546288,0.2573052097669666,24192,1
catboost_logdiff_g1,Продовольствие,604.7318111600339,937.3364320552345,4.808105086349945,5.068265132701378,4.894405143077135,88.94932372833502,0.9073110154713128,0.5513087537885522,24192,1
catboost_logdiff_g1,Транспорт,93.02022141198675,127.06211098645417,5.200357518031457,6.159946801627076,6.1371263393338085,-5.217061861397353,0.9828981274347822,0.24107472909712946,24192,1
catboost_logdiff_g12,Все категории,1751.9888698436139,2603.6436384979925,5.716732675627615,6.110810620873763,6.026300686720295,-149.56127502675554,0.9479261332881462,0.3594982420328925,24192,1
catboost_logdiff_g12,Здоровье,85.42402056272886,117.24292345158435,5.796403878458709,6.2540970708780605,6.25599112354741,-12.22004629067121,0.9717983216110558,0.30369588660269065,24192,1
catboost_logdiff_g12,Маркетплейсы,480.33771596255167,686.4722261970613,10.165056874341353,11.386541960895254,11.020053586380953,28.249066019447355,0.8318629759937519,0.009009135747871988,24192,1
catboost_logdiff_g12,Общественное питание,72.59134521838524,113.08968497328085,5.784164456286167,9.754028841684189,9.698906738533578,-6.592532379267867,0.9929032930135216,0.2684812846549415,24192,1
catboost_logdiff_g12,Продовольствие,594.2812013005113,963.5079450683543,4.725014318684455,4.9909825218898956,4.796331865892158,101.90067435289278,0.9020627895430162,0.529194653338096,24192,1
catboost_logdiff_g12,Транспорт,91.906791785169,126.03833258538083,5.138110492140434,6.062989558228313,6.055532974301397,-9.226335070403119,0.983172607243525,0.25728760552978025,24192,1
catboost_logdiff_g123,Все категории,1839.5247610380488,2722.1969411803766,6.002361938515613,6.41290813865736,6.354380202792946,-262.3341298120471,0.9430759453997047,0.2870725956661956,24192,1
catboost_logdiff_g123,Здоровье,85.74827123852265,117.49690761150471,5.818405744706434,6.281300714016074,6.285258863494538,-10.572487022970467,0.9716760022800042,0.2977416798859678,24192,1
catboost_logdiff_g123,Маркетплейсы,480.4083408498365,698.7754132869553,10.166551460279821,11.434506416161673,11.01037125644167,43.58370234442845,0.8257821516052104,-0.01795969691667154,24192,1
catboost_logdiff_g123,Общественное питание,71.72486583914316,112.23347051626956,5.715122351990686,9.743855270976274,9.66416492329934,-6.054102167850257,0.9930103461181516,0.26599691497595457,24192,1
catboost_logdiff_g123,Продовольствие,635.2520815075899,1028.6925414624086,5.050765823534195,5.356481984701783,5.136072842635393,94.7012311199689,0.8883629603609857,0.4635895546054313,24192,1
catboost_logdiff_g123,Транспорт,95.03365976692056,132.34837497893056,5.312920132130157,6.239627837651538,6.20146874430995,-2.834630342512336,0.9814455211853597,0.21741783236861045,24192,1
catboost_logdiff_g1234,Все категории,1812.027715276073,2687.4608011064097,5.912639188162327,6.320172716056134,6.254024609660338,-230.65822336785445,0.944519416488123,0.3069279284115406,24192,1
catboost_logdiff_g1234,Здоровье,86.02955892375822,118.55656066212373,5.837492378874687,6.320613917767291,6.3195062436074405,-9.296006655843266,0.9711628151503279,0.2842635101892572,24192,1
catboost_logdiff_g1234,Маркетплейсы,474.4829885192443,680.3209294611356,10.041157302296032,11.254922587559161,10.842857800518559,46.45803605581302,0.8348627386024645,0.04097207164044636,24192,1
catboost_logdiff_g1234,Общественное питание,72.0181042090425,112.93423465109454,5.7384879329878205,9.775667102864327,9.697763540584804,-5.290164725538543,0.9929227895251956,0.26735887778157263,24192,1
catboost_logdiff_g1234,Продовольствие,620.4729124004,1032.6306085504457,4.93325952265018,5.236157156542079,4.992631214183577,115.35001567218461,0.8875065807466613,0.4590275648475116,24192,1
catboost_logdiff_g1234,Транспорт,92.79325958478708,129.66356670574865,5.187669065709285,6.125260819870584,6.083023911968625,-1.2028098704090324,0.9821906749436833,0.24056783440849716,24192,1
chronos2,Все категории,2145.8567367634446,2927.028960567429,7.001921950204074,7.200493987870854,7.321688478782439,-988.9651504597335,0.9341871372748604,0.22805810010407568,24192,1
chronos2,Здоровье,102.15701617639532,136.45840700522592,6.931812865700956,7.384101896385071,7.391990520106968,-23.144682235818692,0.9617965774774542,0.08871254042756549,24192,1
chronos2,Маркетплейсы,568.2667692401421,805.0271594857564,12.025838981952033,12.802258054489782,12.662610025453713,-234.59440299442835,0.7687730346426955,-0.1865932313693599,24192,1
chronos2,Общественное питание,95.76475235930195,147.35931239631313,7.6306490132577105,11.829647925957364,11.833170970116107,-33.56844775291978,0.9879505823384325,0.020779349944407888,24192,1
chronos2,Продовольствие,927.1792240041905,1218.3108190895475,7.371821790457791,7.383519398164158,7.52791905901893,-386.6365449693468,0.8434138553529782,0.24856522941623116,24192,1
chronos2,Транспорт,118.0685566985418,154.7905615375829,6.600701408255993,7.2778044644173825,7.319891811233268,-32.819460304956586,0.9746194818108463,0.04828572896666683,24192,1
chronos2_cl,Все категории,2099.5912765825865,2867.3478831888815,6.850957938661885,7.047722173932574,7.144302740328932,-908.4430457624809,0.9368435780289075,0.2607805042104594,24192,1
chronos2_cl,Здоровье,98.87745733362026,131.57482690692154,6.70928005267402,7.1562965837076264,7.156666022512913,-21.87870316278367,0.9644820990109665,0.14543369543783158,24192,1
chronos2_cl,Маркетплейсы,558.0177779475217,795.9403450917358,11.808946624904147,12.63964289749753,12.4267241077588,-216.14575972380462,0.773963563246236,-0.16497677898524166,24192,1
chronos2_cl,Общественное питание,92.02455691464995,140.0917692346771,7.332625805595204,11.382528356417762,11.360474853435566,-35.31094854124009,0.9891097932286429,0.09575385203983489,24192,1
chronos2_cl,Продовольствие,927.2525255314257,1215.981005645545,7.372404596652922,7.3943008350397355,7.525422871363631,-370.30335820919623,0.844012171766642,0.25140930476276724,24192,1
chronos2_cl,Транспорт,113.86458369411488,149.39019291627736,6.365675493596585,7.054161629288477,7.092522612884207,-35.50053606083784,0.9763595516168965,0.10070056102388991,24192,1
chronos2_nat,Все категории,2012.1666567363436,2827.8376291706054,6.565691753738031,6.809334606371054,6.880456424008139,-741.4810459197514,0.9385720981534494,0.2751189994911536,24192,1
chronos2_nat,Здоровье,101.52714045590194,135.85176301854003,6.889072966019767,7.4202988402147145,7.350675905943225,-8.962914898282005,0.9621354992241129,0.0850554666241482,24192,1
chronos2_nat,Маркетплейсы,555.4815266674789,820.3275431632854,11.755273682612714,12.73766661019701,12.34830232369064,-169.7830402056376,0.7599000876305438,-0.22448002682185875,24192,1
chronos2_nat,Общественное питание,92.84304102309166,141.54923804089825,7.397843589806821,11.772581488365804,11.63650867222795,-23.58508686461146,0.988882018235137,0.03646897403055582,24192,1
chronos2_nat,Продовольствие,899.7957667396182,1192.5946575621986,7.154101244381221,7.217742271103567,7.3108570260320125,-301.9683136511101,0.8499545437263722,0.2749105470393528,24192,1
chronos2_nat,Транспорт,113.56025929551906,149.09815877277282,6.3486620351234135,7.1474540715907615,7.128230725886992,-18.394273320203105,0.9764518879346432,0.07447814324378665,24192,1
chronos2_nat_cl,Все категории,1977.0330052451482,2772.478867996128,6.4510507894311315,6.692501661461471,6.757362681815958,-711.7478824998966,0.9409536260747203,0.30260508617954973,24192,1
chronos2_nat_cl,Здоровье,99.14592165669436,132.679870589661,6.727496564063247,7.259696745393569,7.18795737833457,-7.057747878725567,0.9638829927752054,0.12027334727582195,24192,1
chronos2_nat_cl,Маркетплейсы,550.789783317576,816.0595774925549,11.655985543441703,12.661464825022446,12.235071579128313,-160.99764298005078,0.7623919519100645,-0.21290167925664605,24192,1
chronos2_nat_cl,Общественное питание,89.34930841632621,135.71550700715977,7.119458833290385,11.40565621738373,11.309104470889068,-24.68480264257502,0.9897795543629677,0.07800837622361678,24192,1
chronos2_nat_cl,Продовольствие,893.5649882321635,1180.5119310004168,7.104561535570227,7.172137401898369,7.2599735803368395,-295.5810018872458,0.8529795015367669,0.2895530061456084,24192,1
chronos2_nat_cl,Транспорт,111.00328074182782,145.83388209730023,6.205712443698124,7.015756049026228,7.010125678990711,-19.939606438238155,0.9774717007170765,0.09875058027817607,24192,1
drift,Все категории,2246.005335871318,3396.6141056657293,7.328706428572031,7.820014157716022,7.56976526379297,43.19531634748905,0.9113764462642294,-0.07338097414549938,24192,1
drift,Здоровье,107.05476198921748,145.51710697463676,7.264146940333985,7.894679899195185,7.832853910888077,1.1572007658368848,0.9565560023626184,-0.07533130194711557,24192,1
drift,Маркетплейсы,512.0280392788184,745.6077172719679,10.835697401143605,12.026091008019154,11.333262845063667,-19.500562204582415,0.8016472603717735,-0.06499809054919226,24192,1
drift,Общественное питание,96.17839217534878,151.25038508470266,7.663608324240101,12.270851211261832,12.17612279050796,0.19395840221864452,0.9873058430479554,-1.063475929076564,24192,1
drift,Продовольствие,993.516618559408,1475.2952898190738,7.899257520296943,8.178249434180241,7.918589267172803,83.87594997447513,0.7703877569490838,-0.07973251203694098,24192,1
drift,Транспорт,121.27768639329307,162.07970010761153,6.780109944175552,7.646848332195115,7.6142973793286925,-2.8240786245788687,0.9721728465968159,-0.08241692174066761,24192,1
final,Все категории,809.7075929224033,1098.7057642211805,2.6420726374685644,2.9026384353631585,2.9119713507703913,-122.30852472601144,0.9907270151716331,0.8600689943583123,24192,1
final,Здоровье,86.81661017893707,119.02576885864188,5.8908973452765485,6.363835141613311,6.3024378916695944,-4.938544706069926,0.9709341071251113,0.29602684658973044,24192,1
final,Маркетплейсы,476.92465353970584,705.0287744950178,10.09282858059935,11.566665288463279,11.454599403213042,-65.54240403707136,0.8226500383083803,-0.15107113373011494,24192,1
final,Общественное питание,70.04774963853068,108.7059320114365,5.581487744621714,9.797954413393054,9.599010789211308,-3.1187505981022468,0.9934428159563748,0.2538428616559194,24192,1
final,Продовольствие,294.25558912788796,394.8846193316391,2.3395689934993147,2.451039897021418,2.453284728711262,-29.085548003865476,0.983549558191465,0.9106529568172995,24192,1
final,Транспорт,94.8888056063791,131.86628633964722,5.304821963674357,6.214775707136775,6.183618290105241,-7.353759287276525,0.9815804470915244,0.22351222935529647,24192,1
final_online,Все категории,809.7075929224033,1098.7057642211805,2.6420726374685644,2.9026384353631585,2.9119713507703917,-122.30852472601143,0.9907270151716331,0.8600689943583122,24192,1
final_online,Здоровье,86.81661017893707,119.02576885864188,5.8908973452765485,6.363835141613311,6.302437891669596,-4.9385447060699255,0.9709341071251113,0.29602684658973033,24192,1
final_online,Маркетплейсы,456.04604294781745,680.5481030781712,9.650988897661945,10.974504832496669,10.540279519181697,117.41295474500534,0.8347524345066958,-0.004994389159592938,24192,1
final_online,Общественное питание,70.04774963853068,108.7059320114365,5.581487744621715,9.79795441339305,9.599010789211308,-3.118750598102243,0.9934428159563748,0.2538428616559194,24192,1
final_online,Продовольствие,294.25558912788796,394.8846193316391,2.3395689934993147,2.451039897021418,2.453284728711262,-29.08554800386547,0.983549558191465,0.9106529568172995,24192,1
final_online,Транспорт,91.07806281307963,129.25304953803035,5.091779846233585,6.008146840160931,5.9587217016492,-0.5754041939711206,0.9823032657112357,0.2616542637634208,24192,1
mean_12,Все категории,2634.6667114473103,3381.8023417806044,8.596906942715696,8.321074652400352,8.757885569681974,-2307.254688188933,0.9121476902151501,0.05007552299600326,24192,1
mean_12,Здоровье,123.99420951829808,169.1941270330646,8.41356461828569,8.528633182233621,8.798681459304007,-81.5033172123016,0.9412683441190476,-0.21892529311180353,24192,1
mean_12,Маркетплейсы,931.3014254023369,1119.2768431093186,19.708491841827332,19.5192383578379,22.25365256530826,-925.1903280698853,0.5530155120698146,-1.6549499825775777,24192,1
mean_12,Общественное питание,160.0805603780864,260.81496060616826,12.75540885343433,16.411559274331918,16.898473721655442,-120.22135072200176,0.9622535698891717,-0.7671889442020219,24192,1
mean_12,Продовольствие,913.7867029045414,1172.1092808598123,7.265340458353317,7.096832122793592,7.36289915078406,-601.7277509093915,0.8550649786071676,0.3311273636124652,24192,1
mean_12,Транспорт,160.74934895833334,219.46276100285854,8.986799565566379,9.298046786353051,9.5490343131255,-101.69453056106703,0.9489808509704011,-0.565375518296052,24192,1
mean_3,Все категории,1940.4520227072312,2773.6820108531933,6.331687189707042,6.2910734747023,6.386854698459821,-728.1938381834213,0.9409023675144895,0.3580767582522265,24192,1
mean_3,Здоровье,113.66921571869487,153.36761711093,7.712967365770113,8.153093222208545,8.151429472303098,-23.585579254850096,0.9517420335190634,-0.10622097515272899,24192,1
mean_3,Маркетплейсы,538.5222387566138,744.9053904247095,11.396375931232072,11.218520184116896,11.560122946402677,-293.36281966490293,0.802020761986868,0.10750887484365046,24192,1
mean_3,Общественное питание,127.47904265873017,194.82972393935083,10.157681266957201,14.415447294066237,14.314299970601404,-35.02142581569665,0.9789369472248617,-0.2849106782563957,24192,1
mean_3,Продовольствие,851.9936755952381,1159.2564135635039,6.774036109179271,6.764938710249327,6.8393264821635515,-154.83737048059967,0.8582261464445331,0.34148608584960627,24192,1
mean_3,Транспорт,135.32986111111111,178.26496094804432,7.565706143896916,8.089256964440262,8.141613384100129,-32.70006613756614,0.9663377214026161,-0.13836947108621755,24192,1
mean_6,Все категории,2085.7576127094353,2822.957930940761,6.805818748768315,6.70777167810855,6.903256098992569,-1246.1150311397707,0.9387839144174478,0.3416765061641117,24192,1
mean_6,Здоровье,123.59102871472662,163.40682905753067,8.3862069879828,8.883395169377039,8.966042716408335,-44.33356068121693,0.9452174703391227,-0.25649842910950404,24192,1
mean_6,Маркетплейсы,593.4207864858907,837.4166152760628,12.558156156773116,11.926307755810104,13.011580415779322,-503.2212439373898,0.7497923629696901,-0.14677136790591483,24192,1
mean_6,Общественное питание,154.0518077601411,240.87951807569004,12.275030696733227,16.878086629227553,16.961275393895576,-63.22256668871251,0.9678033539814032,-0.7486345438622894,24192,1
mean_6,Продовольствие,895.0054012345678,1123.2195736496835,7.116013979373406,7.129122931808196,7.2314010323311,-277.301738866843,0.8669035550309151,0.37269844770532357,24192,1
mean_6,Транспорт,152.48316247795415,209.89390858457284,8.524672897233698,9.121276160296075,9.267245859536581,-56.53195271164021,0.9533328581513891,-0.5258509953735164,24192,1
naive,Все категории,2237.882275132275,3287.5059652509904,7.302200913866826,7.696802866891793,7.57047153679334,-391.12367724867727,0.9169786402114758,-0.010924341412501981,24192,1
naive,Здоровье,103.85218253968254,140.69956224337085,7.046837525252954,7.634747195460112,7.596877558971439,-8.786541005291005,0.9593849333754588,-0.0024406737268294343,24192,1
naive,Маркетплейсы,529.6097470238095,734.9721509173038,11.20776699559081,12.062683678376992,11.819999469222413,-166.85875496031747,0.8072656244116347,-0.03813744788841822,24192,1
naive,Общественное питание,94.7983630952381,148.75899193621308,7.553645970879609,11.860775953672093,11.72698408898947,-17.564980158730158,0.9877205945623975,-0.008721201118939481,24192,1
naive,Продовольствие,966.3528025793651,1413.0657491369354,7.683283299381095,7.89775899672865,7.759156341032601,-73.11321924603175,0.7893498032684015,-0.0018523773152341327,24192,1
naive,Транспорт,119.07159391534391,157.75187484736003,6.656776872838687,7.432307951001101,7.412438601741793,-16.785218253968253,0.9736390782382068,-0.007621030835511355,24192,1
prophet_default,Все категории,1805.3259829532942,2593.4922272163085,5.89077146239512,6.041463747103628,5.991445957009887,3.760707865520975,0.9483314058830886,0.4212841999061929,24192,1
prophet_default,Здоровье,118.64755296434708,155.50659659129462,8.050769931475667,8.730491927613809,8.820100600506066,-22.409680460240395,0.9503865633982382,-0.285082068404656,24192,1
prophet_default,Маркетплейсы,511.459708075346,695.3354020856731,10.823670198584292,10.99451799496839,10.731596650724008,54.19380596950764,0.8274932483595709,0.20801331591252403,24192,1
prophet_default,Общественное питание,141.50856608315618,209.11990258311306,11.275570327782134,16.278828344793236,16.652757192694892,-18.447648633914103,0.9757338084514178,-11.934510641219072,24192,1
prophet_default,Продовольствие,871.4514790363737,1097.228720282205,6.928741322247291,7.124247158771315,6.988148032592988,154.87011753856947,0.8729918871200402,0.3874806397028464,24192,1
prophet_default,Транспорт,148.54807384606977,196.8823550169497,8.304679142754168,9.236501081672431,9.38466930480493,-15.017869056140071,0.958939415774727,-0.6073774799691753,24192,1
prophet_yearly,Все категории,2270.068479962923,3844.4040941781664,7.407224371507988,8.189752495550042,7.566028317988984,325.5165202544955,0.8864689105399952,-0.38885943293768643,24192,1
prophet_yearly,Здоровье,102.89811281260596,148.14975004415402,6.982099604584777,8.10083373065104,8.037635820499387,-1.895140626541087,0.9549698365147983,-3.2084933499726436,24192,1
prophet_yearly,Маркетплейсы,505.52551085916247,775.4944621740851,10.698088862367158,11.942156501811672,11.12045356306421,31.94465308049981,0.7854271270474431,-0.15769344339119007,24192,1
prophet_yearly,Общественное питание,93.50207594955441,133.986969834462,7.450356274144451,14.324853754734981,15.568579839143862,-30.944931898962516,0.9900382413270726,-34.34918835264346,24192,1
prophet_yearly,Продовольствие,1001.8923392631623,1772.8922426194472,7.96585124758957,8.514341372869724,7.6808510333389926,412.42865516036073,0.6684097066417367,-0.43026915902544105,24192,1
prophet_yearly,Транспорт,125.79322301802779,167.2694331651578,7.032554030826152,8.882388998952907,9.14270814203732,-31.132191541496088,0.9703622859444958,-0.8285777417148124,24192,1
ridge_diff,Все категории,1704.1777645613056,2655.13809503221,5.560725230300841,6.096217451743536,5.910693477334215,363.95965191053085,0.9458459463358322,0.29502296785203663,24192,1
ridge_diff,Здоровье,116.29227540818496,155.8779066388745,7.890953759496735,8.903052355885945,8.572946717141654,13.720681025047824,0.9501493520980506,-0.3220050085123627,24192,1
ridge_diff,Маркетплейсы,571.3765174786184,870.0506502446146,12.091648446123816,14.052204128296902,15.625124784293718,-98.04193278582669,0.7299112553897705,-6.724033749057454,24192,1
ridge_diff,Общественное питание,94.89597622706728,134.87327911639883,7.561423900960593,15.4473591907898,13.62993328051903,23.10355110193051,0.9899060135248477,-1.784691951111348,24192,1
ridge_diff,Продовольствие,748.6055454010531,1108.9869144737165,5.952017181976977,6.312162870994797,6.135613380229706,101.4072430272218,0.8702551964227285,0.3358276573042318,24192,1
ridge_diff,Транспорт,96.73069528907065,129.53738096217657,5.407794034836674,6.533834060957784,6.425477369591956,-2.9159167298449087,0.9822253213671707,0.15461580847040846,24192,1
ridge_logdiff,Все категории,1685.5949345598706,2451.915462783288,5.500089530323867,5.881471304080367,5.733210542443498,319.81784305483626,0.9538185326149197,0.41372434769114474,24192,1
ridge_logdiff,Здоровье,121.51124507492155,171.43454492650383,8.245084316903784,8.671640947646232,8.47563450278087,4.83278092409921,0.9397026320062081,-0.22284595067476776,24192,1
ridge_logdiff,Маркетплейсы,475.3778976444326,737.7526567060617,10.060095648906346,11.293271764492014,12.509312146636736,-79.99675636578519,0.8058045820086277,-1.0536372941124794,24192,1
ridge_logdiff,Общественное питание,101.01602428999851,193.47739659339499,8.049076586964327,11.053379707058312,10.663562724776883,16.621960128715223,0.9792283328145667,0.19978066024267493,24192,1
ridge_logdiff,Продовольствие,718.2757691535284,1030.4251718848273,5.7108710263549645,5.923218436370624,5.782871038735047,60.46131090213487,0.887986582352669,0.42657313165686583,24192,1
ridge_logdiff,Транспорт,100.57295027113042,133.97534691995904,5.622597862207199,6.329807671018417,6.285893468739879,-14.435675806471458,0.9809865330621517,0.25253751081803144,24192,1
seasonal_naive,Все категории,4079.2546709656085,4663.042766572267,13.310591677330267,12.876821523169305,13.891413797550486,-4026.1948991402114,0.8329695926144287,-0.9855012683007431,24192,1
seasonal_naive,Здоровье,177.79637896825398,223.7523523050362,12.064283720651185,11.918517934874846,12.585708467106812,-139.37822420634922,0.8972842841908844,-1.256673631544424,24192,1
seasonal_naive,Маркетплейсы,1661.9038938492063,1752.4193997218517,35.16972962827592,36.83602230375848,46.240134793809474,-1661.4951636904761,-0.0957046858534687,-9.593737525365968,24192,1
seasonal_naive,Общественное питание,243.70333167989418,360.0698521182122,19.418570419664125,23.156176874134655,24.093602911528972,-206.40653935185185,0.9280576853979075,-2.267876176896207,24192,1
seasonal_naive,Продовольствие,1201.1972552910054,1366.869357670715,9.550485895219222,9.350609707038107,9.901132777512977,-1155.4791666666667,0.8028979484061105,-0.01784574634089786,24192,1
seasonal_naive,Транспорт,232.56097056878306,296.4229024187791,13.001476166581325,13.247194774433058,13.611773863106444,-161.9379546957672,0.9069245715728174,-1.931650715708476,24192,1
seasonal_naive_growth,Все категории,1105.6848272268785,1548.0294297327112,3.6078451693119415,3.937070222692708,4.022923021851129,-385.65176576908215,0.9815916370341999,0.718232120027802,24192,1
seasonal_naive_growth,Здоровье,102.47701244165512,137.7761904227618,6.953526051065278,8.082515685484564,8.134906439382783,-11.827290985826385,0.9610551512236373,-0.2987745602915166,24192,1
seasonal_naive_growth,Маркетплейсы,466.3366666801698,657.2311477270016,9.868762293411622,11.054080718138982,11.600891416372775,33.60251966735831,0.845881884723044,-0.34584075255845703,24192,1
seasonal_naive_growth,Общественное питание,95.5750623039931,166.7351484900725,7.615534284741143,14.63392874124582,14.514453494721751,-16.883400385888983,0.9845735780264038,-0.8330465877219009,24192,1
seasonal_naive_growth,Продовольствие,436.1215759585613,581.1308243594094,3.4675178797207225,3.660955270904373,3.6828230905356385,-47.41281599704269,0.9643725324409668,0.7935336955391874,24192,1
seasonal_naive_growth,Транспорт,118.59521490662607,163.7674468472299,6.630144586634529,8.395158425473316,8.474919322578437,-21.56936810171987,0.9715902972311141,-0.6357026421765681,24192,1
auto_arima,Все категории,2563.6439667563263,3693.8691967368713,8.36516001082797,8.544242004248323,8.430480487796217,135.5634377492368,0.8951858857815899,0.07833478940574967,24192,3
auto_arima,Здоровье,128.60598763882425,170.99876966205213,8.72649449922918,9.107492255129777,9.191914028187096,-39.03877390351708,0.9400087862347998,0.11080540926258542,24192,3
auto_arima,Маркетплейсы,907.9504107191876,1304.3177167025567,19.21433037076288,19.730952993097954,18.24709959412494,69.99675504102139,0.393006275377243,-0.4685597485023103,24192,3
auto_arima,Общественное питание,113.0767876300433,183.6648098447752,9.010092509968572,14.4561088922048,14.572520872429237,-30.116454471807103,0.9812818556295758,-1.029815686277892,24192,3
auto_arima,Продовольствие,1097.7040007871838,1461.1874621164868,8.727631145064446,8.784853591987643,8.707821203799176,11.69842929165995,0.7747581926059477,0.18681244537633912,24192,3
auto_arima,Транспорт,145.50706745617185,193.61241833384832,8.13466965232256,8.961944021084028,9.058974926520092,-39.27434909474909,0.9602920055558046,-0.12211855963782958,24192,3
auto_ets,Все категории,2310.9599113956297,3248.534771031309,7.540652948737138,7.8218911832044675,7.7323564277530314,39.02856045865268,0.918935299495537,0.24625359349761422,24192,3
auto_ets,Здоровье,128.20384160900366,170.5460669731021,8.699207082977834,9.33913733578433,9.308855096552815,-22.257878408331244,0.9403260076336115,0.051872943189812504,24192,3
auto_ets,Маркетплейсы,682.3325291114419,968.1112896202822,14.439734243504057,14.543669515788343,14.232774877167884,-77.45399184252315,0.6655986795048937,0.10923534486541009,24192,3
auto_ets,Общественное питание,108.18976471334517,169.50823284938826,8.620688729576003,14.512964968661585,14.399388514461753,-29.92530160468162,0.9840561764931968,-0.19295233026365,24192,3
auto_ets,Продовольствие,1122.7738967572134,1400.3028903908664,8.926957014984433,9.052163867806204,8.882544970169766,127.26819363623129,0.793137818653642,0.24232638684289365,24192,3
auto_ets,Транспорт,142.34584046903387,189.55985956045612,7.957939149220912,8.762014199232329,8.82826701955253,-36.12830401993049,0.9619368882677833,-0.06344752237352069,24192,3
auto_theta,Все категории,1977.6762825396336,2890.3076250210556,6.453149800670399,6.657275095363883,6.537451985151235,174.4132788009219,0.9358281025979908,0.4279499777557437,24192,3
auto_theta,Здоровье,129.87340924581966,172.96814364580297,8.812494753841825,9.511927086894095,9.409582566069071,-7.436914774146008,0.938619004681042,0.016747541870957505,24192,3
auto_theta,Маркетплейсы,750.3197267179729,1025.8053805388288,15.878500568593864,16.40868418391957,15.175154099034977,223.28548455265005,0.6245541054313146,0.02814032202445571,24192,3
auto_theta,Общественное питание,111.09715521661504,171.57584970036282,8.852353052078437,14.82111471916735,14.729332330500009,-3.3023728066819023,0.9836648471615786,-5.2811943628704645,24192,3
auto_theta,Продовольствие,894.3929495320855,1112.2905050002803,7.1111444949316995,7.324563234515503,7.1872992605908,157.44712516309562,0.8694810445952812,0.49951455233522113,24192,3
auto_theta,Транспорт,146.33901754265005,194.74420109631401,8.181180376777643,9.065006599737547,9.099761812254005,-13.967217800258727,0.9598264137584963,-0.13835217775917563,24192,3
catboost_diff,Все категории,1982.4042782290412,3038.9770756325083,6.4685772316964165,6.644892026208973,6.369753570328957,654.2445937027305,0.9290566665101592,0.435936245473859,24192,3
catboost_diff,Здоровье,86.4583435611815,120.78807639060821,5.86658734442432,6.380506586399306,6.2913444027103305,4.731262550661782,0.9700670302023111,0.5167950452611141,24192,3
catboost_diff,Маркетплейсы,560.6284234415323,798.0664774211288,11.864193920803412,12.935671800627777,12.48694117238345,1.9707051098642696,0.7727543639616355,0.28835797552200526,24192,3
catboost_diff,Общественное питание,89.77743353807774,138.81250646623468,7.153572350606099,11.772898596264259,11.51272317885055,-5.680279179296993,0.9893077752792659,0.21929394667762825,24192,3
catboost_diff,Продовольствие,1089.5738781131374,1517.0157268376076,8.66299011996814,8.956632265291743,8.396558456791581,588.3135273802986,0.7572175466431115,0.17445313512419036,24192,3
catboost_diff,Транспорт,130.03148394754146,173.70688740610495,7.269496834805925,8.189585809027616,8.128177112237381,-2.482134999462437,0.9680371416572084,0.11019667511152664,24192,3
catboost_diff_dir,Все категории,1707.2536948203342,2793.231067014071,5.570761978434583,5.716130919389616,5.496916527178775,538.8201434075706,0.9400663854158091,0.525362619205439,24192,3
catboost_diff_dir,Здоровье,91.35423752421782,126.31948618475728,6.198795762723098,6.880111210132482,6.7567844242298545,4.901088879981977,0.9672627361634143,0.4438567992661595,24192,3
catboost_diff_dir,Маркетплейсы,505.2719805668272,755.1394365896263,10.692723575080082,11.385721626741537,10.745025306069476,100.84851168089143,0.7965434305180527,0.45327254969218467,24192,3
catboost_diff_dir,Общественное питание,95.17674418398354,147.38934109647525,7.583795824665457,12.22797088824751,12.298696019182605,-14.722957017202983,0.9879456710069303,0.09919598018517839,24192,3
catboost_diff_dir,Продовольствие,1116.5832453834455,1721.4989255586027,8.877736349213711,9.136539807119885,8.423951047778075,729.2953749266447,0.6873556091257059,0.05593056565719967,24192,3
catboost_diff_dir,Транспорт,125.22835548390731,167.5031668133234,7.000974734591788,7.853760233892826,7.82389038597535,-9.313905647441615,0.9702793996592347,0.16318640715173938,24192,3
catboost_diff_ds,Все категории,1248.5949562171402,1628.6799812376596,4.074160348671335,4.44308568981862,4.532213413264665,-446.7992002007497,0.9796235623525213,0.7439479139696127,24192,3
catboost_diff_ds,Здоровье,168.97100228333068,223.63155847936264,11.465442231941534,11.921086557581617,12.405222386592072,-52.96533170441278,0.8973951574401404,-0.6041531871700887,24192,3
catboost_diff_ds,Маркетплейсы,560.6284234415323,798.0664774211288,11.864193920803412,12.935671800627777,12.48694117238345,1.9707051098642696,0.7727543639616355,0.28835797552200526,24192,3
catboost_diff_ds,Общественное питание,135.1269154796996,244.51330977439767,10.767072841175398,13.918195977413086,14.412630426495765,-66.49760706294292,0.9668246208974242,-0.06626254671255749,24192,3
catboost_diff_ds,Продовольствие,710.3417395875796,891.8005490043919,5.647789099445725,5.79879432221322,5.901738052935577,-284.8723506859581,0.9160979445836026,0.6413405849702081,24192,3
catboost_diff_ds,Транспорт,104.12172951313903,142.21303238515847,5.82099473259602,6.652536172709965,6.668522213046428,-21.100658610392248,0.9785765047731773,0.3471587468017735,24192,3
catboost_diff_ds_g1,Все категории,1244.100985792076,1628.2073938215406,4.059496541146941,4.4419428010509945,4.5369350815423175,-421.96620019463893,0.9796353857322284,0.7399012568861245,24192,3
catboost_diff_ds_g1,Здоровье,162.1603413605673,215.6114056149121,11.003308266254635,11.656963616110486,12.228297317085444,-57.622162770434876,0.9046226746947391,-0.6284395018637166,24192,3
catboost_diff_ds_g1,Маркетплейсы,557.4379810912981,805.237304615184,11.79667678261773,12.950819707801633,12.266544782607482,65.11907467472095,0.7686522994298745,0.30622996840852745,24192,3
catboost_diff_ds_g1,Общественное питание,135.9487215620269,242.87216505440574,10.83255532420498,14.692149832335108,15.530075380824412,-65.56999752894492,0.9672684648914884,-0.2493849684688234,24192,3
catboost_diff_ds_g1,Продовольствие,614.8887519680387,809.5573123042774,4.8888609484684675,5.095029564801899,5.153993905451494,-111.68057396048081,0.9308595297104982,0.6952069031206061,24192,3
catboost_diff_ds_g1,Транспорт,100.20655465029046,133.33146390518553,5.60211427065596,6.636962389187592,6.685386085661629,-18.54722143202567,0.9811688506333289,0.33031745195086537,24192,3
catboost_diff_ds_g12,Все категории,1235.5417215252926,1625.9356109695022,4.031567696075213,4.400473776515795,4.48497199596806,-364.24776675240474,0.9796921742057004,0.7439124453720196,24192,3
catboost_diff_ds_g12,Здоровье,159.74670418406305,211.66650399665318,10.839532131639105,11.58462801844865,12.108179851740838,-58.54554301627925,0.9080808602674413,-0.5897285801096463,24192,3
catboost_diff_ds_g12,Маркетплейсы,545.9309293607128,785.1737404150527,11.553160957375919,12.770168945083382,12.07109758698673,71.74020776009752,0.7800373478889252,0.31713772569861587,24192,3
catboost_diff_ds_g12,Общественное питание,132.09500019873227,236.45062462565664,10.525486236740901,14.195699485725374,14.772183050670845,-58.78856948396704,0.9689764268168968,-0.11507504617149134,24192,3
catboost_diff_ds_g12,Продовольствие,647.5646616242319,860.9919275465867,5.148660754795303,5.380627754117838,5.461225037230082,-133.88538081342207,0.9217948616345506,0.6475679306266756,24192,3
catboost_diff_ds_g12,Транспорт,98.3188947043463,132.3626553728312,5.496583382399952,6.47130543330743,6.503332025523151,-17.897874288299995,0.9814415169116235,0.3592119216937576,24192,3
catboost_diff_ds_g123,Все категории,1266.6523936719475,1649.3238861164432,4.133081694869849,4.505358801074124,4.5836437234262215,-286.1872841119546,0.9791037362849525,0.7356729423029127,24192,3
catboost_diff_ds_g123,Здоровье,164.40312737449955,216.6517382009606,11.15549138130907,11.848085265436954,12.441855654408268,-63.05097906337961,0.9037000563464545,-0.6707343188472155,24192,3
catboost_diff_ds_g123,Маркетплейсы,576.253690745776,809.2016905783468,12.194860711159734,13.403292409802628,12.783896444975273,44.560085034919666,0.7663687259900205,0.2709081177264615,24192,3
catboost_diff_ds_g123,Общественное питание,136.58033949950962,246.97867611404797,10.882883390353216,14.86860461996326,15.679718867729402,-65.32049402803979,0.966152250184067,-0.28347596498830474,24192,3
catboost_diff_ds_g123,Продовольствие,594.6819740750582,783.3443269082462,4.7282007851150425,4.921279068643252,4.956075070121138,-62.21914487701728,0.9352644958482517,0.7191152505786244,24192,3
catboost_diff_ds_g123,Транспорт,99.19716952407146,132.24259806946472,5.545683921963565,6.547942406452497,6.564111180694339,-12.826262298680819,0.9814751679585315,0.3541281631890857,24192,3
catboost_diff_ds_g1234,Все категории,1254.2495714286126,1629.7530815675532,4.092611335492051,4.454479807478059,4.526363071393557,-258.94409570393657,0.9795967023607404,0.7455837024057396,24192,3
catboost_diff_ds_g1234,Здоровье,164.44995384383674,219.90254419869373,11.158668767794657,11.913757283331057,12.4957997709347,-64.60778488890791,0.9007884612271551,-0.703770249782756,24192,3
catboost_diff_ds_g1234,Маркетплейсы,572.1243427534521,809.4578583341616,12.107474158321995,13.424668928954908,12.643361944668872,93.82429532855714,0.766220781978113,0.271736862849594,24192,3
catboost_diff_ds_g1234,Общественное питание,135.26873403461443,243.11634309944333,10.778373111780832,14.336984460822352,14.954264142624488,-66.34431433880924,0.9672026167536432,-0.14184851301190804,24192,3
catboost_diff_ds_g1234,Продовольствие,623.2127343776234,823.2299120790777,4.955043314640735,5.177103658256683,5.2250137118723226,-87.91635903948445,0.9285043837682869,0.6846867627737963,24192,3
catboost_diff_ds_g1234,Транспорт,99.26587829003914,132.93789080656614,5.549525131350418,6.533345251463284,6.548084383426851,-12.73936205194014,0.9812798596166259,0.35577928057306984,24192,3
catboost_diff_ds_g123_m1,Все категории,1123.059978086281,1469.3040774364144,3.664540217078296,3.9476016195327075,3.96449081752786,-82.45291036280771,0.9834163504772857,0.8105534192552744,24192,3
catboost_diff_ds_g123_m1,Здоровье,141.01916605683613,184.16717249578818,9.568784466994488,10.217953779853598,10.604436518057927,-56.26318938357961,0.9304133197140868,-0.17820576652267328,24192,3
catboost_diff_ds_g123_m1,Маркетплейсы,556.9284514917564,791.0059145642962,11.78589395797919,12.927210879649936,12.240418822619802,63.78042274805676,0.7767575006594807,0.31829796650909825,24192,3
catboost_diff_ds_g123_m1,Общественное питание,128.90528793970765,228.61318848618197,10.271326181999862,13.821536762467607,14.266165798010622,-55.93512684936945,0.9709989683509904,-0.03286214755371297,24192,3
catboost_diff_ds_g123_m1,Продовольствие,547.4730572809825,709.8548183655727,4.352851863874651,4.52822023261597,4.516696362658388,13.788770814386687,0.9468410739262167,0.7743784569381473,24192,3
catboost_diff_ds_g123_m1,Транспорт,97.36634052963521,131.1752161835494,5.443330205955107,6.505898420736422,6.5416869584174,-15.641072602853376,0.9817730034872522,0.33959078652539676,24192,3
catboost_diff_ds_g123_m1_dir,Все категории,1539.0631047972736,1962.249371459074,5.021956755828492,5.439006934336992,5.583418605699814,-514.4234572277858,0.9704222495439256,0.6111356408860792,24192,3
catboost_diff_ds_g123_m1_dir,Здоровье,135.66754262374278,181.6085745916907,9.205652755102586,9.636425654917979,10.044044534772,-67.67981359126526,0.9323333966167296,-0.07868603418463072,24192,3
catboost_diff_ds_g123_m1_dir,Маркетплейсы,572.633552408194,864.5826444900591,12.118250212188686,13.34881812287659,12.261960741246657,206.9761642146534,0.7332954400716917,0.2726922629823908,24192,3
catboost_diff_ds_g123_m1_dir,Общественное питание,149.95308710483098,255.5648357983907,11.948439775193364,16.312675961310028,18.278585952467477,-76.56727472067534,0.9637579228851255,-1.7095154458833153,24192,3
catboost_diff_ds_g123_m1_dir,Продовольствие,566.2276575875619,721.9573138947403,4.501966045504269,4.676400566221192,4.715091271789531,-135.4846509736487,0.9450129817146156,0.7646475896776862,24192,3
catboost_diff_ds_g123_m1_dir,Транспорт,99.78576410325721,133.54194578353682,5.578589694477097,6.680617344380893,6.730378981696969,-28.179377756024113,0.9811093486354108,0.311327559896979,24192,3
catboost_diff_ds_g123m_m1,Все категории,1051.419884929398,1399.8506338607826,3.4307788796152807,3.68302509891132,3.7037851563040527,-147.73441557097618,0.984947101272249,0.8306176334829363,24192,3
catboost_diff_ds_g123m_m1,Здоровье,142.7752238709185,186.45179228809997,9.687940885262933,10.380132240021425,10.724189418813948,-53.051767606652106,0.9286761459926707,-0.21388994692283436,24192,3
catboost_diff_ds_g123m_m1,Маркетплейсы,657.577547144349,912.0424950626787,13.91586157796802,15.350763572817874,14.377676022182689,62.2190893509032,0.7032111627067796,0.10170651362013827,24192,3
catboost_diff_ds_g123m_m1,Общественное питание,130.67184618675677,231.13640362324594,10.41208763767754,13.914840831498756,14.154344469994115,-52.78969025012586,0.9703552638889738,-0.0037181515567845658,24192,3
catboost_diff_ds_g123m_m1,Продовольствие,570.5413805524628,746.3468184135603,4.536263618322305,4.732252544331983,4.71149730385675,20.39304255322792,0.9412350323912682,0.7498947560355865,24192,3
catboost_diff_ds_g123m_m1,Транспорт,98.52071768600298,133.7382598171268,5.507866430795648,6.560954675295623,6.578202560454259,-14.307972263609868,0.9810537672104943,0.3326716899659721,24192,3
catboost_diff_ds_g123n,Все категории,1263.5071422464393,1631.9446657430124,4.122818752047118,4.4844660214353125,4.548705812527055,-222.96135384971706,0.9795417914543055,0.7469097986791424,24192,3
catboost_diff_ds_g123n,Здоровье,164.13410907228536,218.02952183324413,11.137237279944385,11.92438747903902,12.499404481358889,-63.39142386083247,0.9024713343982581,-0.7024115700534355,24192,3
catboost_diff_ds_g123n,Маркетплейсы,560.1883013199505,803.0675867308746,11.854879918906706,13.11418806982117,12.319743600223829,100.15270382111524,0.7698973559469962,0.2967591514102177,24192,3
catboost_diff_ds_g123n,Общественное питание,136.99264163826027,243.93197849550376,10.915736113622605,14.488878810050585,15.213083873190161,-69.45739182253789,0.9669821825405749,-0.1825734680212332,24192,3
catboost_diff_ds_g123n,Продовольствие,617.936179311089,813.7513824924856,4.913090450932203,5.1119587980843875,5.148006312353467,-57.13296296726928,0.930141282515715,0.6962569289511755,24192,3
catboost_diff_ds_g123n,Транспорт,98.6168642441454,131.7732992898652,5.51324156825371,6.551949090468769,6.584101671657433,-15.088533804367259,0.981606415457472,0.34247269393537483,24192,3
catboost_diff_ds_m1,Все категории,1193.3959292786285,1541.7314033165778,3.8940461445266443,4.181183039974073,4.222613657423694,-196.14714854210118,0.9817411180652434,0.7887810645716818,24192,3
catboost_diff_ds_m1,Здоровье,150.63881354918522,198.68948912144143,10.221520801186491,10.673788425552537,11.071230393283063,-56.39664695264344,0.9190062581099472,-0.2689939173897915,24192,3
catboost_diff_ds_m1,Маркетплейсы,556.1124435356514,804.7498387815365,11.768625342569509,12.834077973192326,12.251992589647397,23.420055164904838,0.768932316175481,0.3106973110873188,24192,3
catboost_diff_ds_m1,Общественное питание,131.75579943335686,232.84196112100975,10.498458317576063,13.501534789694825,13.750644476090079,-61.357680883581466,0.9699161522177466,0.04166163207740381,24192,3
catboost_diff_ds_m1,Продовольствие,606.5750100651808,764.1774163518685,4.822760002574696,5.018082081054799,5.019451118117952,-119.73198725209096,0.9383936431338944,0.7381550908428264,24192,3
catboost_diff_ds_m1,Транспорт,101.05895592316962,139.33342501913611,5.649768332326744,6.45271299934953,6.471196730377756,-20.97968758947731,0.9794353103900943,0.37199773751521714,24192,3
catboost_diff_dsp,Все категории,1051.4626496900753,1389.478904317834,3.4309184208583434,3.6505181281396113,3.6667811378078583,-220.32250948993166,0.9851693338647094,0.8373299027751453,24192,3
catboost_diff_dsp,Здоровье,134.52718110882333,182.58521847013714,9.128274099024578,9.302968754607873,9.803530900299842,-96.65440634702468,0.9316036527565367,-0.014179327138538866,24192,3
catboost_diff_dsp,Маркетплейсы,653.5880486354141,993.9518492552547,13.831434563607594,15.01438587565792,13.135366408257937,497.0979972326278,0.6475089401991245,0.1277886062944784,24192,3
catboost_diff_dsp,Общественное питание,147.0844502571627,239.95853401438765,11.71986338991826,14.865386354367741,15.59537988653682,-72.40535697113611,0.9680490860457046,-0.1473699636469874,24192,3
catboost_diff_dsp,Продовольствие,448.7684493892667,573.8236046253201,3.5680707121439976,3.7083963134429387,3.727586441163923,-117.13972051300185,0.9652628688738596,0.8515661817931147,24192,3
catboost_diff_dsp,Транспорт,104.04691051138147,142.52499050578248,5.816811926402105,6.680480947402996,6.7304520805185915,-29.281846172773378,0.9784824126445286,0.32523668695239305,24192,3
catboost_diff_dsp_g123,Все категории,1049.656962406023,1400.146628690271,3.425026470471907,3.6619002938783023,3.672471702996509,-181.2302863143245,0.9849407348055061,0.8340842111582855,24192,3
catboost_diff_dsp_g123,Здоровье,129.40757514841343,171.89843499408317,8.780885815850652,9.250039717801593,9.749236636286971,-88.10480920249296,0.9393758694578703,-0.02252469967105908,24192,3
catboost_diff_dsp_g123,Маркетплейсы,647.1093015284098,963.1899672777907,13.69432929240231,14.986355425893064,13.144458541848378,496.9903144053822,0.6689898470672069,0.14011845586160665,24192,3
catboost_diff_dsp_g123,Общественное питание,141.0897772410787,234.401948753644,11.242200736300584,15.264660985201909,16.269033505474027,-73.33485140731808,0.9695116921126565,-0.31456487403562994,24192,3
catboost_diff_dsp_g123,Продовольствие,433.96975345355435,559.2681705745518,3.4504091572419107,3.5778668898450374,3.5960479815031614,-114.04808421734235,0.967002781250714,0.8601128698381253,24192,3
catboost_diff_dsp_g123,Транспорт,103.036450656173,140.00758410066823,5.760321494268761,6.599870581821528,6.620767281626792,-19.748366184114793,0.9792358261364472,0.34889973530407026,24192,3
catboost_diff_dsp_g123_dir,Все категории,1033.299518135721,1367.1703336557007,3.371652195235706,3.6579606844063632,3.700164579576113,-349.6979831470497,0.9856417339829897,0.8270033376230649,24192,3
catboost_diff_dsp_g123_dir,Здоровье,123.2781600678644,163.30801660415068,8.364977443573935,8.726067737739983,9.140865447911082,-85.38467489903702,0.9452837045290133,0.10996396250344243,24192,3
catboost_diff_dsp_g123_dir,Маркетплейсы,578.6155883867708,847.2174638607684,12.244843927247551,13.526217959605354,12.301553146188164,306.85807399390313,0.743901394800835,0.27272235345265494,24192,3
catboost_diff_dsp_g123_dir,Общественное питание,131.5421684975437,221.9881314264895,10.481435951314959,14.351677375037813,15.210320408803083,-69.76877302438949,0.972655474179101,-0.20743443959717078,24192,3
catboost_diff_dsp_g123_dir,Продовольствие,458.67094792263714,595.4428811142726,3.6468035531938816,3.7037525738035426,3.7545788923374976,-212.61501600924203,0.9625960606417537,0.851020030491969,24192,3
catboost_diff_dsp_g123_dir,Транспорт,105.78748673015794,140.75725024916346,5.914120000793062,6.936338925667053,7.019288205133645,-31.375234181845784,0.9790128686059174,0.270647655995781,24192,3
catboost_diff_dsp_g123_lmae,Все категории,1022.1423489471374,1374.8574954116054,3.3352463967938624,3.5392949538343244,3.555379023493161,-239.84035771163167,0.985479816173009,0.843188114084328,24192,3
catboost_diff_dsp_g123_lmae,Здоровье,133.92948770167888,178.79523340318744,9.087717914002155,9.450810355643174,10.006721491426417,-97.71822208094477,0.9344136366652073,-0.07227820791621675,24192,3
catboost_diff_dsp_g123_lmae,Маркетплейсы,644.426993080242,961.4567973829202,13.637565442668976,14.935608676795855,13.128981879191867,485.72378618789884,0.6701800186733178,0.14048387301184206,24192,3
catboost_diff_dsp_g123_lmae,Общественное питание,149.41666144678183,243.51185471116332,11.9056967427369,15.35438087965895,16.414869046325855,-78.35220546301156,0.9670958177024079,-0.3333040395694704,24192,3
catboost_diff_dsp_g123_lmae,Продовольствие,428.047237002446,553.6122979014519,3.4033203801227763,3.5330386896808252,3.5491523146476545,-107.96274601350265,0.9676668075401197,0.8623423634679782,24192,3
catboost_diff_dsp_g123_lmae,Транспорт,104.43567740753365,143.37428681274102,5.838546199020231,6.594553466333037,6.6839370396408455,-31.98874832864347,0.9782252050270963,0.3380573258787004,24192,3
catboost_diff_dsp_g123m,Все категории,978.2319186155287,1320.5341058587612,3.1919668382313784,3.3872362404238827,3.381872932231373,-91.02133653471533,0.986604590705408,0.8566033718991135,24192,3
catboost_diff_dsp_g123m,Здоровье,134.74436491418007,181.77399925490147,9.14301099671934,9.38444606053216,9.883679128918905,-91.00044287162679,0.932210067382933,-0.04027633083925153,24192,3
catboost_diff_dsp_g123m,Маркетплейсы,659.4491832962668,987.4601841020037,13.955469727193181,15.372941075229294,13.382078887362095,523.9934867669137,0.652098259988797,0.09683198044542707,24192,3
catboost_diff_dsp_g123m,Общественное питание,142.5024871341638,233.84285661845962,11.354767135587492,15.20785273424673,16.087621782983817,-73.5882687730595,0.9696569592026251,-0.2754429600243711,24192,3
catboost_diff_dsp_g123m,Продовольствие,424.06547852890674,549.8147265048337,3.3716621924502665,3.5213082463557943,3.518789109864461,-49.59900989362883,0.968108873111976,0.8634139959543389,24192,3
catboost_diff_dsp_g123m,Транспорт,104.47218141139929,142.70513064802742,5.840586979702747,6.62909655922646,6.6515101458974355,-20.901444147728057,0.9784279852655248,0.34618166072223056,24192,3
catboost_diff_g1,Все категории,2128.0941346540812,3084.593955974748,6.9439626505586185,7.158471240959703,6.86316541204508,701.4532049494417,0.9269108771651149,0.39111545838727435,24192,3
catboost_diff_g1,Здоровье,90.02474678741466,123.81015340261328,6.108583838577921,6.678398297597557,6.67570959213369,-11.617867809365185,0.9685504669986419,0.4684602536577116,24192,3
catboost_diff_g1,Маркетплейсы,557.4379810912981,805.237304615184,11.79667678261773,12.950819707801633,12.266544782607482,65.11907467472095,0.7686522994298745,0.30622996840852745,24192,3
catboost_diff_g1,Общественное питание,87.31150155239631,135.7685049756956,6.957083966208653,11.953932371935823,11.745594153009598,1.521889711546657,0.9897715704762324,0.158618587808242,24192,3
catboost_diff_g1,Продовольствие,1040.2605019876455,1512.7310650648617,8.270909051635982,8.513045302826756,7.966288747369467,591.0082988885683,0.7585870402479924,0.2199777078810804,24192,3
catboost_diff_g1,Транспорт,124.9086474712947,165.42158454399606,6.983101244916878,8.087044814464452,8.017103965419315,4.469990292720146,0.971013492852697,0.1164436765098209,24192,3
catboost_diff_g12,Все категории,2146.1381490747467,2979.922710002772,7.002840197450411,7.18256386869672,6.991439037188677,373.83858441376975,0.9317870639261908,0.42477088817921105,24192,3
catboost_diff_g12,Здоровье,88.00667687091662,122.52548387317366,5.971648721102383,6.438215049305638,6.3935635347715705,-4.171893783581816,0.9691997295387521,0.5090830906601183,24192,3
catboost_diff_g12,Маркетплейсы,545.9309293607128,785.1737404150527,11.553160957375919,12.770168945083382,12.07109758698673,71.74020776009752,0.7800373478889252,0.31713772569861587,24192,3
catboost_diff_g12,Общественное питание,89.65238481583845,138.77031506739513,7.143608320151717,12.139997841808192,11.966816778044985,-1.4323995913231702,0.989314273992837,0.12376065150585835,24192,3
catboost_diff_g12,Продовольствие,1011.6163890962844,1434.9546788403622,8.043165277709578,8.371952738985863,7.859338830585191,543.5528538652035,0.7827731528732111,0.25117403892744583,24192,3
catboost_diff_g12,Транспорт,127.03204777530529,170.01061180112336,7.101811355118022,8.196337364037413,8.086113544809068,13.99616174138671,0.9693829323565409,0.09588834188510886,24192,3
catboost_diff_g123,Все категории,2635.9995050307366,3644.7825106934406,8.601255842848218,8.778701392522075,8.492224460398521,553.617967196738,0.8979530614650555,0.15363484009953077,24192,3
catboost_diff_g123,Здоровье,87.3288851501748,121.48867127473815,5.925657505364532,6.456716570705715,6.458257542853494,-13.69345589872465,0.9697187888230212,0.4965019913008303,24192,3
catboost_diff_g123,Маркетплейсы,576.253690745776,809.2016905783468,12.194860711159734,13.403292409802628,12.783896444975273,44.560085034919666,0.7663687259900205,0.2709081177264615,24192,3
catboost_diff_g123,Общественное питание,89.94304671116859,138.5664673680437,7.166768604600332,12.613612465979141,12.134622364211596,6.816581755056208,0.9893456446901681,0.10292264233472803,24192,3
catboost_diff_g123,Продовольствие,1080.5654121873017,1572.5189142666134,8.591365558404007,8.955623213697688,8.32637485552828,642.4995426132548,0.7391271485903184,0.13103458116412015,24192,3
catboost_diff_g123,Транспорт,122.09062996630894,163.45396140348504,6.8255580968190985,7.820731538786688,7.75785712324865,8.380374818397462,0.9716989574617267,0.16472301248692955,24192,3
catboost_diff_g1234,Все категории,2445.843430167407,3317.6154042873522,7.9807773310541785,8.122651785890682,7.900075173835096,408.1560246142625,0.915450932714782,0.2935568994376381,24192,3
catboost_diff_g1234,Здоровье,87.34892435938347,120.37694603796939,5.927017255809586,6.4974888518932215,6.494782409331103,-12.866884911982726,0.9702704510866746,0.49299119409324654,24192,3
catboost_diff_g1234,Маркетплейсы,572.1243427534521,809.4578583341616,12.107474158321995,13.424668928954908,12.643361944668872,93.82429532855714,0.766220781978113,0.271736862849594,24192,3
catboost_diff_g1234,Общественное питание,87.76304187427698,134.08899284679185,6.993063234433327,12.185507695091703,12.037909695015417,0.5433321718706758,0.9900230649921542,0.09061300824297758,24192,3
catboost_diff_g1234,Продовольствие,1120.0593292432086,1682.6014450129712,8.905374016322117,9.263037981942016,8.536832494683395,724.0874649409369,0.7013244689280651,0.03472747964629874,24192,3
catboost_diff_g1234,Транспорт,128.45420794311468,172.7536610923247,7.181318167811542,8.282250229754421,8.15127699509313,18.138731138280978,0.9683869751163583,0.07888258095622802,24192,3
catboost_diff_g1234_dir,Все категории,1965.3766671163412,3089.1580609649754,6.413016204733648,6.861784424454045,6.534674844010313,820.4479393662034,0.9266944251913214,0.3615926244770341,24192,3
catboost_diff_g1234_dir,Здоровье,91.4193242948596,124.62108064414741,6.203212192754124,6.786026768939492,6.743848871961923,-0.7844422263248579,0.9681371438166704,0.4615293455523364,24192,3
catboost_diff_g1234_dir,Маркетплейсы,556.8165610078214,825.336034816218,11.783526096586883,12.94653260074013,12.095451893608367,153.47465849295835,0.756959288061311,0.31360590503303676,24192,3
catboost_diff_g1234_dir,Общественное питание,92.98414357627206,143.00109398044026,7.409086808545115,12.42843086856976,12.415615680870635,-6.7761058462821016,0.9886527765945294,0.052619497369161605,24192,3
catboost_diff_g1234_dir,Продовольствие,1098.4470258694112,1663.5246249557458,8.733538793068428,9.088752787977548,8.39688847072351,657.754120454034,0.7080586596534202,0.06118351994612925,24192,3
catboost_diff_g1234_dir,Транспорт,126.01159104527042,167.8441363037167,7.044762041030078,8.206473033031552,8.048404603297886,16.25173945160644,0.97015827798319,0.1056518154096523,24192,3
catboost_diff_g1234_lmae,Все категории,2445.2108822856285,3321.784390952698,7.978713329845663,8.404640468124104,8.18821167248874,414.60325120705755,0.9152383068612493,0.1892468878972955,24192,3
catboost_diff_g1234_lmae,Здоровье,88.42623395567493,122.80692070100277,6.000117555714798,6.581374280175767,6.60927434399756,-15.74999414122409,0.969058072708366,0.4699941123929151,24192,3
catboost_diff_g1234_lmae,Маркетплейсы,594.8090245665591,842.8123873087776,12.587534484928845,13.879687448555297,13.050867848732636,100.52143841581541,0.7465576221873094,0.2310229947534771,24192,3
catboost_diff_g1234_lmae,Общественное питание,87.18828388188851,134.8418335693167,6.947265836127259,11.59710624431337,11.597323292185637,-2.4817176710144673,0.9899107197784073,0.18468393779613146,24192,3
catboost_diff_g1234_lmae,Продовольствие,1005.1194252500578,1365.7636621788565,7.991509181009539,8.17010029966594,7.808052280300716,349.3045775545311,0.8032167011854177,0.3286984146648294,24192,3
catboost_diff_g1234_lmae,Транспорт,124.57859434908775,170.86258981936948,6.96464940499041,7.892833933601519,7.781912568794157,21.454985441767903,0.9690752994542762,0.15193916698404886,24192,3
catboost_diff_g1234_m1,Все категории,2500.7468142996963,3563.3738113006884,8.159926853904519,8.462148597318977,8.146129996125309,676.0560337329555,0.9024607277462506,0.1894841978074726,24192,3
catboost_diff_g1234_m1,Здоровье,90.16767826209275,124.26148563189588,6.1182823817829854,6.602628139893161,6.5164445988722814,6.221691460719938,0.9683207595168121,0.49732679316856687,24192,3
catboost_diff_g1234_m1,Маркетплейсы,560.2428426369895,803.6980517015729,11.856034139304729,13.019995091317336,12.279630669342893,57.57664291224379,0.7695359203594953,0.3032389950209792,24192,3
catboost_diff_g1234_m1,Общественное питание,83.20027500925666,131.0257757566565,6.629496560698694,11.515988621353095,11.287418738200351,5.65344326295472,0.9904736975680437,0.21654384832056728,24192,3
catboost_diff_g1234_m1,Продовольствие,1150.1245244828415,1724.2935107815188,9.14441653977807,9.563283009987428,8.808266697218174,690.0368881806215,0.6863397263401558,-0.017407332396861985,24192,3
catboost_diff_g1234_m1,Транспорт,116.34074591211974,154.0196627711966,6.5041069938747365,7.5969799755992895,7.552721021092859,3.6531491328639345,0.9748716559545563,0.18790402591495936,24192,3
catboost_diff_g1234_s1,Все категории,2586.5259597033505,3548.883033232222,8.439823862302898,8.781656205208598,8.535407464554176,446.2352129659842,0.9032524190605035,0.14222075697050318,24192,3
catboost_diff_g1234_s1,Здоровье,89.7718322231609,123.56455800045066,6.0914224482394435,6.640093217690085,6.659593033252322,-15.840554055824853,0.9686751126725883,0.47325518764705654,24192,3
catboost_diff_g1234_s1,Маркетплейсы,538.3150404417745,800.8296816394094,11.391991135733786,12.717788273105892,11.745535906719496,159.5227250756243,0.7711780212001594,0.31262256613011064,24192,3
catboost_diff_g1234_s1,Общественное питание,91.41909891917972,141.94926837597157,7.284382194643547,12.302665091382929,12.122903272992497,-0.8424039245741112,0.9888190886908497,0.10183325554809675,24192,3
catboost_diff_g1234_s1,Продовольствие,1063.4748591705015,1570.7598215534751,8.45548189332778,8.81638392744777,8.157594740087735,713.5125613050577,0.7397104711241733,0.1307772062215583,24192,3
catboost_diff_g1234_s1,Транспорт,133.32856067711492,176.66256197534378,7.453822108363642,8.787581883073269,8.614391954140412,19.77535012011826,0.9669401725963127,-0.024750969962345826,24192,3
catboost_diff_g1234_s2,Все категории,2100.86220980134,3176.909068836378,6.855104988671876,7.122268656577807,6.7913175111507575,820.825647610909,0.9224706198038096,0.3666601050453524,24192,3
catboost_diff_g1234_s2,Здоровье,89.666648199896,123.50985350529734,6.084285239332765,6.608319628632113,6.621919188454727,-14.884265015531108,0.9687028428380914,0.47799255260285234,24192,3
catboost_diff_g1234_s2,Маркетплейсы,583.2112873197658,807.9424491031028,12.342099544449358,13.832126394612079,13.15116857586811,68.7962198748563,0.7670952921475106,0.23359107555815561,24192,3
catboost_diff_g1234_s2,Общественное питание,86.87274405951345,133.95860430830567,6.922123248954726,12.128285489844458,11.815376374541692,0.9202045152538633,0.9900424587612895,0.14054496244359227,24192,3
catboost_diff_g1234_s2,Продовольствие,1111.9992198466769,1669.0312682555214,8.841289653186564,9.106853130119163,8.419795528281123,683.9475088717678,0.7061226767536173,0.07349074867191474,24192,3
catboost_diff_g1234_s2,Транспорт,124.77186658924633,167.22821065978638,6.975454418479724,8.022447311973153,7.917854680278596,11.720998865972609,0.9703768922028964,0.13056053010269997,24192,3
catboost_diff_g1234m,Все категории,2350.774069656905,3485.352083858989,7.670566387916211,7.886080352122468,7.477877441272423,921.265961196694,0.9066853017987361,0.24775138904202587,24192,3
catboost_diff_g1234m,Здоровье,90.5915575193607,127.14041032339831,6.147044495233523,6.6356361429154,6.537204139371592,4.8993552845021355,0.9668358481536694,0.48571274740607084,24192,3
catboost_diff_g1234m,Маркетплейсы,632.8636511937386,913.5930371757055,13.392858387554185,14.924046280214348,13.772260710788862,160.08969773470628,0.7022011773890511,0.12190282117664764,24192,3
catboost_diff_g1234m,Общественное питание,90.24555348524176,140.3146096414533,7.1908727030312924,12.312488687121222,11.723235767982644,9.459248235256212,0.9890751201250464,0.17764666575441002,24192,3
catboost_diff_g1234m,Продовольствие,1212.1354854457616,1835.889612644944,9.637453637071372,10.018926134910561,9.156731263873787,798.6539214520556,0.6444257859646745,-0.12219593509092697,24192,3
catboost_diff_g1234m,Транспорт,126.32979137334917,169.1597781000337,7.0625512425955685,8.14753540401734,8.011454811889099,15.986044303275065,0.9696886173701358,0.1070449933281149,24192,3
catboost_diff_g123_m1,Все категории,2458.8405746238363,3596.6916282158263,8.02318696143645,8.278847100914744,7.934813916921183,775.6142095725866,0.9006282012102678,0.21530212096231482,24192,3
catboost_diff_g123_m1,Здоровье,89.99312595414465,123.95468022196066,6.106438222867036,6.5582163040056916,6.549131290781434,-7.934890716671016,0.9684770004246362,0.4934051131669216,24192,3
catboost_diff_g123_m1,Маркетплейсы,556.9284514917564,791.0059145642962,11.78589395797919,12.927210879649936,12.240418822619802,63.78042274805676,0.7767575006594807,0.31829796650909825,24192,3
catboost_diff_g123_m1,Общественное питание,83.9795937640292,132.41687684838416,6.6915936030928185,11.575843869328416,11.208876659026664,6.313138606570182,0.9902703421875628,0.23659469121722054,24192,3
catboost_diff_g123_m1,Продовольствие,1110.3444133139542,1672.4319770866746,8.828132608096368,9.25574052769052,8.53118617161705,693.1396562244448,0.7049238863240881,0.03392958383203459,24192,3
catboost_diff_g123_m1,Транспорт,115.38581235112476,152.91768831069754,6.450720796252754,7.577426657200367,7.525016596470508,6.3751385626082815,0.9752299444005835,0.188747800677886,24192,3
catboost_diff_g123_rel,Все категории,2767.0397100872624,3774.6903934768584,9.028839507882832,9.387304459002014,9.030110921571682,626.776585340983,0.8905490803705302,0.06728583515476427,24192,3
catboost_diff_g123_rel,Здоровье,89.35611284797957,123.28924900322386,6.063214019476927,6.560635507887455,6.553618760762031,-8.296995503085995,0.9688145444974715,0.48904113971391083,24192,3
catboost_diff_g123_rel,Маркетплейсы,595.5574154460295,838.2714302462078,12.603372166629127,14.093379220907082,13.188357074481594,157.0048828226704,0.7492812902436095,0.21928514752565165,24192,3
catboost_diff_g123_rel,Общественное питание,90.95653822603546,137.95719382261944,7.247524810170082,12.359107645715438,12.056436196718542,1.6450345058794782,0.9894391326119167,0.13430134406218064,24192,3
catboost_diff_g123_rel,Продовольствие,1090.3144492385738,1553.3127380180556,8.66887825703866,8.935326978500115,8.361169170994923,585.5319376793418,0.7454606463890416,0.16502535198098656,24192,3
catboost_diff_g123_rel,Транспорт,121.86987529277471,163.68907255793627,6.813216659562464,7.854003780761161,7.758465041189129,13.737641361376303,0.9716174828228304,0.16115193648884907,24192,3
catboost_diff_g1_m1,Все категории,2444.6280550705683,3667.5180626941974,7.976811566973803,8.252105084749841,7.8710314593369555,841.152342670727,0.89667598682429,0.19688096224299256,24192,3
catboost_diff_g1_m1,Здоровье,93.94028314700867,130.14921603743394,6.374270585601619,6.7379298863068415,6.661402035807974,3.232702943233567,0.9652476009513453,0.4861257715573539,24192,3
catboost_diff_g1_m1,Маркетплейсы,540.1344954718106,774.9120197769362,11.430495011748524,12.59808258512733,11.92825343524266,52.796254799872806,0.7857493199508178,0.33447221348935174,24192,3
catboost_diff_g1_m1,Общественное питание,82.24657760263587,130.7388536390329,6.553504820569994,11.219586648142153,10.819056468901616,8.848429226341283,0.9905153735533053,0.28199529830296466,24192,3
catboost_diff_g1_m1,Продовольствие,1031.1295475277182,1522.4950531838915,8.198310607545883,8.542285663754072,7.949979164664642,612.615395373308,0.7554605619210729,0.1896808013223581,24192,3
catboost_diff_g1_m1,Транспорт,116.68031421812697,154.99326361551522,6.523090786497726,7.715356552680297,7.637256709359565,8.18159343646409,0.974552965451318,0.164333808601983,24192,3
catboost_diff_lmae,Все категории,2659.5904642226647,3644.4459558470157,8.678233048344925,9.024498315836226,8.837224265359243,401.0737525862075,0.897971906378828,0.07293867670539755,24192,3
catboost_diff_lmae,Здоровье,88.95087380655919,123.15971584494415,6.0357167284817415,6.639258810097576,6.622380211199739,-9.182981287637562,0.9688800397212758,0.47087304753024617,24192,3
catboost_diff_lmae,Маркетплейсы,555.6064032492982,794.0052320338795,11.757916359867242,12.797811358102907,12.304078492752874,18.815149227241157,0.7750613197449758,0.3068622415972393,24192,3
catboost_diff_lmae,Общественное питание,95.45263711218509,144.7680436961989,7.605779300302162,12.248736865447949,12.032194493995428,0.011668943418460614,0.9883706270903474,0.17003217357303646,24192,3
catboost_diff_lmae,Продовольствие,1002.3356915129975,1260.1396509620174,7.969376255151829,8.049143226726866,8.001908824078964,-9.26325653230242,0.8324769838345663,0.3732036316125755,24192,3
catboost_diff_lmae,Транспорт,134.17194350108784,181.32947195076113,7.500971987633452,8.368652023271816,8.307422427055457,3.0846087610975124,0.9651704128224469,0.07116758900946119,24192,3
catboost_diff_m1,Все категории,2016.4060110485182,3324.3514999299414,6.579524749904345,6.689257039621458,6.30805868109543,1158.1618719970593,0.9151072468304823,0.38464412570764495,24192,3
catboost_diff_m1,Здоровье,89.89242503866247,125.97826708728795,6.099605212980355,6.496408901424698,6.388179253723246,7.659319271982892,0.9674393596243753,0.511515974649033,24192,3
catboost_diff_m1,Маркетплейсы,556.1124435356514,804.7498387815365,11.768625342569509,12.834077973192326,12.251992589647397,23.420055164904838,0.768932316175481,0.3106973110873188,24192,3
catboost_diff_m1,Общественное питание,86.36817819357105,135.31119749443064,6.881918842508486,11.41861623986626,11.307914216079268,-0.8538716800035927,0.9898403590321091,0.24173538140278128,24192,3
catboost_diff_m1,Продовольствие,1114.9629597473636,1599.1286281443129,8.864853773062736,9.119315122661497,8.534901469933008,591.4216379909238,0.7302236180340773,0.1318406086640289,24192,3
catboost_diff_m1,Транспорт,119.973192766299,160.26372567838789,6.707181357924212,7.633791709756629,7.6419110953553595,-12.715116374983662,0.9727929156821618,0.18360232253898257,24192,3
catboost_diff_mac,Все категории,2355.4532787693965,3448.263567569769,7.685834628536862,7.945796157448108,7.4776542016177405,1497.5106661630768,0.9086607059725444,0.25647878079983766,24192,3
catboost_diff_mac,Здоровье,88.19845332550045,124.1611002060702,5.984661615810734,6.582438249897664,6.408302736713686,19.63730668546419,0.9683719233908619,0.4959704503507517,24192,3
catboost_diff_mac,Маркетплейсы,610.8736879651769,868.3495622297471,12.927499912767185,14.371695527187603,13.373606889351455,136.78084535146357,0.7309663562217945,0.1807010572696819,24192,3
catboost_diff_mac,Общественное питание,88.02384508302974,136.14437394808238,7.013844343332948,11.55675892473073,11.108929568439144,-3.6833861752456585,0.9897148581919595,0.26532170506419406,24192,3
catboost_diff_mac,Продовольствие,1014.2826853820208,1374.048979316672,8.064364481218607,8.303284060260376,7.885490389413224,464.17994146894887,0.8008219128657269,0.2981737416214362,24192,3
catboost_diff_mac,Транспорт,134.7482147906434,179.9063508363617,7.53318881842117,8.589599904764214,8.431489891845343,12.159082709105716,0.9657149709033059,0.027370016090062066,24192,3
catboost_diff_rel,Все категории,2069.0203194798637,3165.3891591819834,6.751205027897134,7.041748830189877,6.684702707870647,965.2692876160419,0.9230318647921276,0.3622981026878891,24192,3
catboost_diff_rel,Здоровье,88.58300373664727,123.46563204075096,6.0107550902216875,6.474275822681996,6.409276692141054,-0.6002544873356124,0.9687252500926028,0.5075409954178712,24192,3
catboost_diff_rel,Маркетплейсы,592.1265450051117,822.2461811380845,12.530767014042803,13.93785022042175,13.348465310635262,74.24962816053501,0.7587756501284986,0.21361071849863478,24192,3
catboost_diff_rel,Общественное питание,91.37938017702747,141.18138630459646,7.281217358175588,11.806881699395666,11.572700572789643,-4.715270987931791,0.9889397289625136,0.21707227022968734,24192,3
catboost_diff_rel,Продовольствие,1138.3076001863974,1579.683059147927,9.050462471600717,9.234676389029985,8.717335922831712,499.38944095444225,0.7367447439510182,0.1541055639679364,24192,3
catboost_diff_rel,Транспорт,130.94438365333258,173.47843369902614,7.320533101718183,8.30215129246158,8.22265586318913,3.867277286826143,0.9681211594170857,0.08748232161711622,24192,3
catboost_diff_s1,Все категории,1964.1840537530034,2966.5191965880617,6.409124712098656,6.608548740122861,6.32697294162379,753.8131716865665,0.9323993192596226,0.4444678144404036,24192,3
catboost_diff_s1,Здоровье,89.99631869068878,124.42139243048997,6.10665486439673,6.609898726663646,6.600416130062501,-12.010914235212256,0.968239173732851,0.48365564236033587,24192,3
catboost_diff_s1,Маркетплейсы,552.8520404753907,807.5601918194519,11.699627673972088,12.799711653871926,12.213852169317265,36.9406583802221,0.7673156258112581,0.2973182151063999,24192,3
catboost_diff_s1,Общественное питание,88.07528001495567,136.73486341141626,7.017942739693593,11.592854965553524,11.364262386292701,-9.285101854727802,0.9896254466610993,0.23049280004164363,24192,3
catboost_diff_s1,Продовольствие,1121.8072375277618,1510.5805920949608,8.919271295344554,9.119988918913775,8.69671211595789,392.28262883004766,0.75927292956119,0.191446983846859,24192,3
catboost_diff_s1,Транспорт,132.0707479388004,174.0272832433236,7.383503248327831,8.476577161819764,8.3991384932794,-1.7708521385942535,0.9679191243319687,0.04833212259836861,24192,3
catboost_diff_s2,Все категории,2140.0760260291477,3203.5819510595534,6.983059514196671,7.309294477588731,6.940123203217831,962.3959484093443,0.9211633031540715,0.33704685227517495,24192,3
catboost_diff_s2,Здоровье,88.21620893725611,123.61084260627595,5.985866413901094,6.500967131184296,6.4411712641777115,-0.758102263855326,0.9686516410294405,0.4955136058531351,24192,3
catboost_diff_s2,Маркетплейсы,614.3999436327808,839.3364256249519,13.002123637333208,14.230159172307014,13.666358505555515,3.96831962934673,0.7486438263532913,0.19979013733225792,24192,3
catboost_diff_s2,Общественное питание,89.82497575162259,137.81404758345178,7.157360570550667,11.961857251946293,11.710782187769487,-1.9491944884152006,0.9894610374376359,0.17949103314510917,24192,3
catboost_diff_s2,Продовольствие,1062.0714703190833,1433.3907672854818,8.444323821352558,8.682227650912091,8.244080988974696,501.9291488306543,0.7832463921389352,0.2684286696913766,24192,3
catboost_diff_s2,Транспорт,132.66338395359912,177.15875005544012,7.416634959994749,8.421892047850186,8.334415284769142,0.6028320040006446,0.9667542030425847,0.0628893584899517,24192,3
catboost_logdiff,Все категории,2140.073520546197,3159.9774905747977,6.983051338815824,7.245436779838381,6.9428547915257335,898.4802256090381,0.9232948150745861,0.3666239089724156,24192,3
catboost_logdiff,Здоровье,90.80745115399725,126.63401625132944,6.161693849044057,6.575653469013963,6.573056179551701,-7.544893347364794,0.9670995044491958,0.48625212036679955,24192,3
catboost_logdiff,Маркетплейсы,621.2814056764813,883.3186461812659,13.147751287897066,14.561632680653641,13.783029767965637,120.2055392900763,0.7216109104376187,0.13660343686137078,24192,3
catboost_logdiff,Общественное питание,92.28104978132349,143.76302810838698,7.353063461327314,11.818120441556225,11.990517877344905,-8.643927100944724,0.9885315345848009,0.1644132978767061,24192,3
catboost_logdiff,Продовольствие,1011.0006700796704,1327.8101741130588,8.038269815488293,8.309057161246532,7.941351228396093,399.5031552455115,0.8140016405997625,0.338190216389502,24192,3
catboost_logdiff,Транспорт,137.69273606845152,184.3409164001271,7.69780424431049,8.500498880725898,8.431659467880705,-0.4982259963305931,0.9640039358154368,0.06619106917884687,24192,3
catboost_logdiff_ds,Все категории,1341.4776903996994,1737.2249127932273,4.377236338846129,4.761609607677786,4.868743362304636,-573.3464336425027,0.9768170424079012,0.7111947682346978,24192,3
catboost_logdiff_ds,Здоровье,171.92387197976487,227.73814070017403,11.665807717530281,11.885058375478716,12.391667385773939,-58.14462273875992,0.8935922601038078,-0.5598987129602144,24192,3
catboost_logdiff_ds,Маркетплейсы,621.2814056764813,883.3186461812659,13.147751287897066,14.561632680653641,13.783029767965637,120.2055392900763,0.7216109104376187,0.13660343686137078,24192,3
catboost_logdiff_ds,Общественное питание,147.56422379917123,261.12778399212436,11.758092314597969,14.91277629094641,16.143486819375504,-86.16730394298511,0.9621629688950543,-0.31594095454106363,24192,3
catboost_logdiff_ds,Продовольствие,737.5427847852937,945.0023196384977,5.864059322634883,5.949213709528268,6.076612361555491,-301.98661549482864,0.905788725596186,0.6087469928081322,24192,3
catboost_logdiff_ds,Транспорт,105.2404576840891,144.13237178217634,5.883537977130633,6.668989339664345,6.704736066620717,-22.655398315061856,0.9779943298048357,0.3388980952874574,24192,3
catboost_logdiff_ds_g1,Все категории,1241.7293054724464,1625.871226838781,4.051757757748973,4.465276864028687,4.5662412108208805,-509.92824608919926,0.9796937824807324,0.7374796215344617,24192,3
catboost_logdiff_ds_g1,Здоровье,164.91179389333755,220.32662547577064,11.190006691677414,11.665799053236977,12.23820654601876,-60.27407958927674,0.9004054340478949,-0.6025805584674144,24192,3
catboost_logdiff_ds_g1,Маркетплейсы,585.113333252688,828.5307262727832,12.382351234964686,13.604269269169814,12.910289232398963,146.4266686385512,0.7550741339754823,0.2401526897066406,24192,3
catboost_logdiff_ds_g1,Общественное питание,141.65343601880616,246.5925973937809,11.287113736022471,14.518062779444978,15.53119612891815,-71.9638884217872,0.9662579895315045,-0.188856290028661,24192,3
catboost_logdiff_ds_g1,Продовольствие,665.1990208680878,882.3611372793964,5.288868117481021,5.493189197301936,5.556378578171968,-125.84928772364137,0.9178646952147815,0.6414809643403494,24192,3
catboost_logdiff_ds_g1,Транспорт,101.69606247669407,136.12311511225985,5.685386199120823,6.657868355785195,6.736877012309271,-24.375819087134932,0.9803720342455192,0.3257960496000606,24192,3
catboost_logdiff_ds_g12,Все категории,1235.4645793915058,1622.9928785806917,4.031315981601179,4.44960962457298,4.541883430361259,-440.95785132790724,0.9797656167417242,0.7368744377230246,24192,3
catboost_logdiff_ds_g12,Здоровье,165.9985198595645,223.9089452375538,11.263745934620612,11.742073511986732,12.46891418422465,-72.77155198911844,0.89714046283329,-0.7282156400057773,24192,3
catboost_logdiff_ds_g12,Маркетплейсы,579.9212615856457,822.3637267097861,12.272474991569181,13.488524039525526,12.725456554947185,186.0732796137528,0.7587066759416379,0.2612708912192466,24192,3
catboost_logdiff_ds_g12,Общественное питание,137.97661354129443,241.36320913682067,10.994140161521045,14.39964392304053,15.23785004389997,-61.94996264240629,0.9676739210957334,-0.15398067051498643,24192,3
catboost_logdiff_ds_g12,Продовольствие,659.2215104604965,865.193297680104,5.24134209410329,5.439900165668938,5.50963510424777,-106.01503139078677,0.9210297664503161,0.6522100764847274,24192,3
catboost_logdiff_ds_g12,Транспорт,99.31774647594565,133.3223450066697,5.552424856877095,6.508110714825421,6.581969465245368,-22.90251258268245,0.9811714263714602,0.34640297355442473,24192,3
catboost_logdiff_ds_g123,Все категории,1176.195308229034,1564.0265481356573,3.8379205868317023,4.231317552677813,4.324562508686301,-450.39534839881964,0.9812092123623282,0.755734825124262,24192,3
catboost_logdiff_ds_g123,Здоровье,167.79538322163944,226.26093040808394,11.385671192790161,11.839184296020813,12.46648578606287,-63.65516401986602,0.8949681984259843,-0.6705384521560172,24192,3
catboost_logdiff_ds_g123,Маркетплейсы,633.5838781541022,890.9739370337462,13.408100055595717,14.641528708568954,13.863415242525434,170.84459580787404,0.7167646768044978,0.1505305486530275,24192,3
catboost_logdiff_ds_g123,Общественное питание,139.5999687869022,247.03699009546665,11.123491032252561,14.356244780388652,15.235383033023206,-70.00770806590366,0.9661362647548722,-0.1517411023244022,24192,3
catboost_logdiff_ds_g123,Продовольствие,613.5885851955867,802.7333218786353,4.8785235751794085,5.056693867035446,5.102831054932389,-80.67452778180746,0.9320202267306305,0.7042032571252288,24192,3
catboost_logdiff_ds_g123,Транспорт,101.52290401637941,136.13640106513063,5.675705659908604,6.633534801355627,6.703833336127957,-23.323901813937432,0.9803682025824846,0.32910689242876157,24192,3
catboost_logdiff_ds_g1234,Все категории,1207.474301818441,1581.2796724460916,3.9399838178208753,4.343849582765704,4.431690782513716,-400.9075211794576,0.980792355045714,0.7494190601169435,24192,3
catboost_logdiff_ds_g1234,Здоровье,175.8942868871208,231.90316101112057,11.93521822076442,12.388999016091391,13.069866901865637,-63.24768731727649,0.8896645642790293,-0.8126920920102956,24192,3
catboost_logdiff_ds_g1234,Маркетплейсы,592.6496906368154,838.8278493284998,12.541837985409638,13.73829072951684,12.974273030639976,177.9531623092117,0.7489483408698362,0.2427690170528939,24192,3
catboost_logdiff_ds_g1234,Общественное питание,148.10197784679752,255.35454763472407,11.800941194710969,15.10469259283659,16.145156860996792,-68.24155886792778,0.9638175409799641,-0.2700279903709817,24192,3
catboost_logdiff_ds_g1234,Продовольствие,635.1835086973921,827.4299427381297,5.0502206144490875,5.226455339863989,5.289118229230288,-111.87300367016839,0.9277729968651797,0.6847649662955432,24192,3
catboost_logdiff_ds_g1234,Транспорт,97.82150950219071,131.97141112976195,5.468776730941539,6.410811186288823,6.502385360525069,-28.14060654524132,0.9815510669743726,0.35869447613413974,24192,3
catboost_logdiff_ds_g123_m1,Все категории,1134.948744829657,1484.6504626119995,3.703333215415574,4.070060658886235,4.131057369984767,-373.8775489329968,0.9830681201067556,0.7890754258404485,24192,3
catboost_logdiff_ds_g123_m1,Здоровье,149.2988255504057,194.4257069836327,10.130596590618456,10.621639259423448,11.080147654801033,-60.222160081974685,0.9224451341043134,-0.26472606989516034,24192,3
catboost_logdiff_ds_g123_m1,Маркетплейсы,612.5283303103533,892.1581741867743,12.962515971232854,14.273609820291613,13.305922591812902,191.36829606821735,0.716011252514638,0.18141656006382734,24192,3
catboost_logdiff_ds_g123_m1,Общественное питание,141.38184043279819,236.71502311506285,11.265472677706972,14.499336986126737,15.163693811483444,-60.24910401784047,0.9689070070642194,-0.12214681018543683,24192,3
catboost_logdiff_ds_g123_m1,Продовольствие,591.4318377131818,761.4512142567605,4.702359582643997,4.897014335481879,4.871304612722744,-11.791640980402258,0.9388324202879752,0.7419581956069703,24192,3
catboost_logdiff_ds_g123_m1,Транспорт,99.98769848742879,136.02414742576462,5.58987897090469,6.542529934495573,6.594325214008849,-17.274841562075828,0.980400564715225,0.3433451784665924,24192,3
catboost_logdiff_ds_g123n,Все категории,1229.1424585259756,1620.3761215082618,4.0106869265008065,4.412496136439777,4.513086940909603,-467.3760662618384,0.9798308120752317,0.7367478340972358,24192,3
catboost_logdiff_ds_g123n,Здоровье,175.53648701794353,232.7884592164021,11.910939890901822,12.342852793440274,13.01212593610962,-61.45765804103044,0.8888205377404919,-0.8084593488330603,24192,3
catboost_logdiff_ds_g123n,Маркетплейсы,609.7387960036073,858.7163849213831,12.903482974366936,14.099662247235367,13.319654965140321,184.00359175652383,0.7369023835212268,0.2070879127784413,24192,3
catboost_logdiff_ds_g123n,Общественное питание,141.17338446673608,242.7801100290188,11.248862659171435,14.75849326831237,15.721144754196564,-61.91739997584574,0.9672932724380563,-0.21899110328618465,24192,3
catboost_logdiff_ds_g123n,Продовольствие,667.3667916080755,876.6174157229616,5.306103641276241,5.499013544049106,5.561820012629912,-107.35796739880307,0.9189305328510263,0.6447085285067478,24192,3
catboost_logdiff_ds_g123n,Транспорт,97.79878717621145,132.39139513951338,5.467506424152975,6.413714972582676,6.513394342678986,-28.412276958158916,0.9814334568681454,0.3544000117446682,24192,3
catboost_logdiff_ds_m1,Все категории,1224.6384536630508,1612.8103635632467,3.9959903766458025,4.2346459286206315,4.255515909021023,-73.02160575710423,0.9800187177692744,0.7829482728240664,24192,3
catboost_logdiff_ds_m1,Здоровье,161.624664312009,209.14414168031877,10.966960170000089,11.232197501605047,11.648692763292885,-54.747108352810656,0.910258549306092,-0.34017065338803754,24192,3
catboost_logdiff_ds_m1,Маркетплейсы,608.4050856014047,842.0165009647662,12.875258577985482,13.956605228280697,13.389004854397884,35.299090440756196,0.7470360586467184,0.22582285904352217,24192,3
catboost_logdiff_ds_m1,Общественное питание,140.07333650520957,234.90182499766453,11.161209533304573,14.181292029938868,15.0611772798494,-75.84030518569762,0.9693815171595177,-0.1094652930617197,24192,3
catboost_logdiff_ds_m1,Продовольствие,652.2553350081355,815.4809682295022,5.185955387125444,5.315783700223297,5.322831028351531,-155.32622324090957,0.9298440048721914,0.7148958270319236,24192,3
catboost_logdiff_ds_m1,Транспорт,104.83347465550942,145.1212895841051,5.8607853194798665,6.628504408743484,6.686214451129886,-25.91066887801597,0.9776913242480219,0.33718562328637247,24192,3
catboost_logdiff_dsp,Все категории,1034.518440432667,1367.6202577832626,3.3756295338158453,3.605646467777653,3.6310607111256896,-276.26066585884973,0.9856322820615445,0.839303047423726,24192,3
catboost_logdiff_dsp,Здоровье,130.85892307020754,176.9060541262825,8.879366297891451,9.156354221589,9.681365211494116,-97.42544287892247,0.935792306545644,-0.00010590038579971761,24192,3
catboost_logdiff_dsp,Маркетплейсы,686.2100695412197,1059.961247072234,14.521791966000954,15.829547343668636,13.740356510406546,517.3081413657467,0.5991356921501314,0.0304164263808141,24192,3
catboost_logdiff_dsp,Общественное питание,149.38894080014586,248.44738815241487,11.903487928745445,14.800508790733094,15.707384377435954,-74.19613018344383,0.96574848730251,-0.1591245822555809,24192,3
catboost_logdiff_dsp,Продовольствие,426.2201281717578,554.7680286160584,3.388793392952554,3.5055719314334812,3.543157259544839,-157.95778164822664,0.9675316679512845,0.863638319590083,24192,3
catboost_logdiff_dsp,Транспорт,105.48766825852185,146.32219511210897,5.897358449171809,6.745553039356469,6.810314141938094,-29.843275241440217,0.9773205797384276,0.3058602358283754,24192,3
catboost_logdiff_dsp_g123,Все категории,1014.0714902563598,1366.1387568045689,3.308911217163377,3.5637068730701125,3.585407956180376,-235.4542579475571,0.9856633934156596,0.8384090097067249,24192,3
catboost_logdiff_dsp_g123,Здоровье,132.64313519906443,176.43270129001405,9.00043311300471,9.310163259525154,9.845093343491495,-96.7283062678628,0.9361354517519277,-0.024943354257636274,24192,3
catboost_logdiff_dsp_g123,Маркетплейсы,692.4681407632837,1067.7023162289,14.654227225157076,15.788245742741871,13.745340115246544,530.5193487584488,0.5932591572735838,0.04094974639325155,24192,3
catboost_logdiff_dsp_g123,Общественное питание,140.37071185877718,239.37247796683593,11.184904754065487,14.71734545675135,15.805873395171533,-87.01093569429001,0.9682049643115146,-0.21586068665378244,24192,3
catboost_logdiff_dsp_g123,Продовольствие,412.69899846413887,538.9512878974938,3.2812895188042903,3.3944873851711916,3.421405881222154,-127.82302019541001,0.9693566559264072,0.8714073314367637,24192,3
catboost_logdiff_dsp_g123,Транспорт,106.50138208308428,146.08210842721516,5.954030796632124,6.716803054838877,6.775236358039996,-24.305304615096603,0.9773949438456487,0.32448162981925277,24192,3
catboost_logdiff_dsp_g123_d4,Все категории,987.3192686901814,1343.4149173569988,3.2216188251822264,3.484128409499606,3.494408469938928,-143.51136072680478,0.9861363662680285,0.8448542114243374,24192,3
catboost_logdiff_dsp_g123_d4,Здоровье,130.10699683172822,173.9574583566122,8.828344721801669,9.300068983713405,9.86305196254652,-94.500900259226,0.9379148428264247,-0.05413261210347642,24192,3
catboost_logdiff_dsp_g123_d4,Маркетплейсы,708.609665303297,1082.5846837127276,14.995819212492512,16.161470558482463,14.051840365134542,541.8807129149703,0.5818412669275991,0.007306332668670645,24192,3
catboost_logdiff_dsp_g123_d4,Общественное питание,143.04438472219556,245.47082611940527,11.397946177912868,14.79511715678267,15.757641061072537,-65.33337982234976,0.9665642819761506,-0.2039979906952074,24192,3
catboost_logdiff_dsp_g123_d4,Продовольствие,444.53596778122403,567.6690507053182,3.534419073563127,3.647408144389291,3.663311101405405,-98.34235738179491,0.9660040201006944,0.8576250104294738,24192,3
catboost_logdiff_dsp_g123_d4,Транспорт,103.82562903109566,142.65953305179346,5.804441037662668,6.5890074111154675,6.6212665480911745,-17.1068779818369,0.9784417685803466,0.3478914383947449,24192,3
catboost_logdiff_dsp_g123_dir,Все категории,1045.9891846463079,1386.0716276624462,3.4130585263103805,3.6922755605939295,3.7443737277869227,-408.7892430832072,0.9852419801278584,0.8242605523212828,24192,3
catboost_logdiff_dsp_g123_dir,Здоровье,125.64456821624057,165.89084916694395,8.525548876279931,8.935108281082469,9.412320805260713,-89.46071727422895,0.9435392636278261,0.04609166041971835,24192,3
catboost_logdiff_dsp_g123_dir,Маркетплейсы,656.9374404624854,1008.5258630704966,13.902315440301628,14.933575257748668,13.405892218661993,390.5378692335286,0.6370962179926347,0.11485662890693249,24192,3
catboost_logdiff_dsp_g123_dir,Общественное питание,130.79653335598096,225.15751589066,10.422022859158995,13.806013486600675,14.699413315558779,-79.32370132197539,0.9718690899088762,-0.09667448462120487,24192,3
catboost_logdiff_dsp_g123_dir,Продовольствие,443.13136760200723,576.964259435947,3.523251370556028,3.6009735312196476,3.63934734899951,-165.26032889462238,0.9648815813381058,0.8584068431279047,24192,3
catboost_logdiff_dsp_g123_dir,Транспорт,108.88525418204125,146.27848233617922,6.087302756251851,7.030975157244108,7.091905161424123,-23.50026198699981,0.9773341283642013,0.2631397394788202,24192,3
catboost_logdiff_dsp_g123_l2,Все категории,1036.199193412858,1395.962146632687,3.3811138240684278,3.6344405901272747,3.6464683386158234,-183.36320492375555,0.985030612622558,0.8343607354180639,24192,3
catboost_logdiff_dsp_g123_l2,Здоровье,130.01725288858358,172.11712389105693,8.8222551917528,9.293033181021373,9.84034150481076,-93.35712305353677,0.9392215195066396,-0.03818419774566162,24192,3
catboost_logdiff_dsp_g123_l2,Маркетплейсы,703.2230902453983,1077.0784913958112,14.881826827547837,16.079015459799844,13.933292730107146,554.8834860829769,0.5860840889419405,0.015078755146597733,24192,3
catboost_logdiff_dsp_g123_l2,Общественное питание,147.96285448897075,252.17108910889576,11.789855680605124,14.919118310967466,15.974892077287963,-79.9007009675143,0.9647140776682721,-0.22291426054617025,24192,3
catboost_logdiff_dsp_g123_l2,Продовольствие,430.0253400642087,557.4011281049862,3.4190478930749078,3.557161391486327,3.5711609561567057,-92.28920676615088,0.967222727166747,0.8604770173525951,24192,3
catboost_logdiff_dsp_g123_l2,Транспорт,105.90480259132853,146.36942611989835,5.920678622255816,6.659974968124692,6.712953651289438,-24.691786578949053,0.9773059360986875,0.33499243672779777,24192,3
catboost_logdiff_dsp_g123_lr,Все категории,981.1518349410707,1332.9235153092054,3.2014945135240955,3.451099107449218,3.4623645101960614,-169.67872100371034,0.9863520569105385,0.8476556686304736,24192,3
catboost_logdiff_dsp_g123_lr,Здоровье,131.8076723293961,175.9122365518657,8.94374320089155,9.339584631791293,9.895286817459613,-94.99647206987346,0.9365116883379606,-0.052776865494014835,24192,3
catboost_logdiff_dsp_g123_lr,Маркетплейсы,702.6929642577696,1070.6379636700128,14.870608135707213,16.08797485116571,14.008800984626358,532.8144930239712,0.5910194145793451,0.01918993926918311,24192,3
catboost_logdiff_dsp_g123_lr,Общественное питание,141.8104491404369,246.9999602413872,11.299624727719552,14.643240939955449,15.69741149925678,-80.25721574402957,0.9661464160702016,-0.20316410595218048,24192,3
catboost_logdiff_dsp_g123_lr,Продовольствие,417.84207228433803,544.2242914701582,3.3221810990685023,3.449867546394004,3.4660842371140372,-91.56736577426796,0.9687541045884014,0.8675623893282641,24192,3
catboost_logdiff_dsp_g123_lr,Транспорт,104.51355184891106,143.7869697273227,5.842899821603927,6.615479837786845,6.666122891015165,-23.19095499199416,0.9780996731949647,0.34065749526314226,24192,3
catboost_logdiff_dsp_g123_rel,Все категории,981.7917501545735,1326.4194596464333,3.2035825543065632,3.444108729587001,3.4599500766639957,-207.8652301355177,0.9864849233645132,0.8495087607606739,24192,3
catboost_logdiff_dsp_g123_rel,Здоровье,130.47753894732878,174.2192814332087,8.853487670375742,9.293358902862705,9.84618643218031,-93.87168720645559,0.9377278136533345,-0.04982352616925567,24192,3
catboost_logdiff_dsp_g123_rel,Маркетплейсы,698.4251007414241,1079.7727882229537,14.780290274057226,16.075215027419095,13.917090918639266,543.841031369825,0.5840106891315671,0.005928225357828443,24192,3
catboost_logdiff_dsp_g123_rel,Общественное питание,145.90623911261832,248.86817007859014,11.6259821289529,14.815312158445353,15.890599956507243,-77.08288071074819,0.9656323691789814,-0.21598172059804654,24192,3
catboost_logdiff_dsp_g123_rel,Продовольствие,428.9809821545904,553.1489202390726,3.4107444063316303,3.5425855986460073,3.559915846681019,-100.56311461181423,0.9677209111392346,0.8627540771131244,24192,3
catboost_logdiff_dsp_g123_rel,Транспорт,104.3954543445751,143.46742849239453,5.836297501858694,6.600019966017145,6.658464355621513,-27.619069219548745,0.9781969042793989,0.34402610423674707,24192,3
catboost_logdiff_dsp_g123_s1,Все категории,1000.7605025808001,1353.7981841856451,3.265477517612226,3.5320048224164866,3.549287915315877,-203.3844177920431,0.9859212337708178,0.840718364074959,24192,3
catboost_logdiff_dsp_g123_s1,Здоровье,128.4705362232609,170.62996141236752,8.717303511666874,9.171539688019337,9.713752385297441,-95.30104903439498,0.9402672839402171,-0.013529789900802447,24192,3
catboost_logdiff_dsp_g123_s1,Маркетплейсы,692.1366946311191,1070.1876527757363,14.647213058515005,15.796052925706672,13.801729949631167,506.4721633083617,0.5913633771301692,0.03742498638418923,24192,3
catboost_logdiff_dsp_g123_s1,Общественное питание,138.96750310629483,234.84260860831037,11.073095416927009,14.34937315602298,15.28066768914487,-78.64126178365257,0.9693969524373591,-0.12828045555363543,24192,3
catboost_logdiff_dsp_g123_s1,Продовольствие,409.4620408932763,538.6944955462362,3.25555309833898,3.382313942597347,3.4005783958408116,-88.09691486968292,0.9693858500368918,0.8706031500472958,24192,3
catboost_logdiff_dsp_g123_s1,Транспорт,104.74971717458214,144.23918630365003,5.856102801646433,6.6181973460301595,6.678296677276741,-25.355547220180608,0.9779617015191358,0.3405812371870731,24192,3
catboost_logdiff_dsp_g123_s2,Все категории,997.3002740529071,1350.6037276683226,3.254186805764091,3.5202931773575754,3.5309478441352202,-139.87947155506077,0.9859875966100627,0.8427947886844822,24192,3
catboost_logdiff_dsp_g123_s2,Здоровье,130.7566867201542,174.7296327902491,8.872429101865496,9.268673975222336,9.812661267161076,-94.37606108495572,0.9373624437226675,-0.03432124847426232,24192,3
catboost_logdiff_dsp_g123_s2,Маркетплейсы,685.4651970786446,1056.8925818298353,14.50602874213869,15.57148218547026,13.664753037674506,495.4907950947396,0.6014533952369951,0.06695485949458058,24192,3
catboost_logdiff_dsp_g123_s2,Общественное питание,141.59955682624437,236.66827735287933,11.282820578076278,14.489593447987382,15.436289924623962,-73.94539445744094,0.9689192861508716,-0.1478578196284761,24192,3
catboost_logdiff_dsp_g123_s2,Продовольствие,413.77880400459225,538.5327760479222,3.2898748427702373,3.3879547933615415,3.415985066546516,-128.83841974246542,0.9694042284011326,0.8728076144364846,24192,3
catboost_logdiff_dsp_g123_s2,Транспорт,104.74819876302799,143.24261059168975,5.856017913835791,6.644305202076106,6.68799662883398,-20.910914139495695,0.9782651829916041,0.33981409761226233,24192,3
catboost_logdiff_dsp_g123_w,Все категории,1005.0212462535658,1350.9411538245774,3.279380307176607,3.5151141260661642,3.5183698808322275,-91.85636065065609,0.9859805941978165,0.8457001117781129,24192,3
catboost_logdiff_dsp_g123_w,Здоровье,134.66697738899066,177.1973744825755,9.137759905185632,9.51345817123471,10.044296997896184,-89.15901733935058,0.9355806641631503,-0.06724999413063326,24192,3
catboost_logdiff_dsp_g123_w,Маркетплейсы,720.8472637970674,1090.391746517534,15.254795096668614,16.652472871536887,14.357392674016692,579.1808890013749,0.5757884142563937,-0.03778032071250004,24192,3
catboost_logdiff_dsp_g123_w,Общественное питание,147.25736792075722,245.09881149706302,11.733641674376532,14.877387429362674,15.944321522756368,-76.31051165967519,0.9666655498195686,-0.20750734192841835,24192,3
catboost_logdiff_dsp_g123_w,Продовольствие,436.32849297688534,567.0140960351941,3.469163036714114,3.61802350143572,3.6200644733578575,-51.67275554903633,0.9660824213489113,0.8552837227142466,24192,3
catboost_logdiff_dsp_g123_w,Транспорт,101.83111000905767,140.60068751585905,5.69293612148779,6.514294616036337,6.552413331949136,-18.76955969508795,0.9790595301493686,0.3547157097635183,24192,3
catboost_logdiff_dsp_g123_wm,Все категории,1011.6883431700703,1349.3715422182331,3.3011350177516574,3.5396859208219356,3.5408729366766707,-89.21044621906037,0.986013152593959,0.8447786601829521,24192,3
catboost_logdiff_dsp_g123_wm,Здоровье,134.23927862698204,178.23913610184732,9.108738621165195,9.478288930173932,10.015965382554528,-90.49648542248521,0.9348209817591454,-0.08126687504187702,24192,3
catboost_logdiff_dsp_g123_wm,Маркетплейсы,727.9641902540931,1087.686225247355,15.405405718741457,17.01778661668392,14.617747529318914,592.0955724544051,0.5778909422641465,-0.07124758574441548,24192,3
catboost_logdiff_dsp_g123_wm,Общественное питание,151.00796327953358,243.5059279905602,12.032493559527321,15.838786488906603,16.846627817242467,-70.37211982435998,0.9670974193617786,-0.3625231902416006,24192,3
catboost_logdiff_dsp_g123_wm,Продовольствие,434.7981983943523,567.8795026669519,3.45699596193798,3.6229697279601356,3.6159203968826685,-25.44380834433216,0.9659788087672726,0.853281260029671,24192,3
catboost_logdiff_dsp_g123_wm,Транспорт,101.7734369872169,141.46799713603,5.689711872736663,6.513047056963078,6.583007494187747,-29.196315340962826,0.9788003865001168,0.3440942633874057,24192,3
catboost_logdiff_dsp_g123m,Все категории,971.9541881041324,1321.2702921987752,3.1714826286790156,3.386757044310193,3.3923352862905527,-137.51921041880047,0.9865896508925653,0.8544158241942812,24192,3
catboost_logdiff_dsp_g123m,Здоровье,140.62020066705617,190.35110652033333,9.541712871470684,9.799052365170121,10.415716415343034,-98.73660502883666,0.925661723319767,-0.17774961515260723,24192,3
catboost_logdiff_dsp_g123m,Маркетплейсы,702.7493719932602,1077.0573458907795,14.871801853835857,16.124480635619985,13.956180616235836,552.3806550226525,0.5861003410073833,0.008725813330243137,24192,3
catboost_logdiff_dsp_g123m,Общественное питание,153.38614610054657,260.59079614935376,12.221989986442546,15.514589812771156,16.90037406078389,-85.83140300523006,0.96231842638199,-0.39488238687142085,24192,3
catboost_logdiff_dsp_g123m,Продовольствие,430.17309088119777,560.4126237636491,3.4202226311018604,3.552861425780704,3.548857459036709,-29.897114615833473,0.9668675959747091,0.8610354189099453,24192,3
catboost_logdiff_dsp_g123m,Транспорт,106.21150342459403,146.6296015406687,5.937824936894164,6.633829508794366,6.705438093193962,-28.42898839856667,0.9772251858296448,0.33962096558085153,24192,3
catboost_logdiff_g1,Все категории,2485.6448845126215,3499.3231840975004,8.110649317405953,8.330225969531307,8.118877997678366,334.5736420359158,0.905935694905628,0.20930375830449022,24192,3
catboost_logdiff_g1,Здоровье,91.61166414085363,124.42279565984907,6.2162633161027765,6.769911212001695,6.869909308267276,-27.02232427033273,0.9682384573291146,0.44803254442570783,24192,3
catboost_logdiff_g1,Маркетплейсы,585.113333252688,828.5307262727832,12.382351234964686,13.604269269169814,12.910289232398963,146.4266686385512,0.7550741339754823,0.2401526897066406,24192,3
catboost_logdiff_g1,Общественное питание,90.94215432897974,139.91160254785484,7.246378684198146,11.888282895964835,12.082097146911199,-11.168613284267634,0.9891377861767375,0.14044526778911137,24192,3
catboost_logdiff_g1,Продовольствие,930.6137193028445,1300.0014304650792,7.399128795000559,7.6484096232572725,7.262258482336565,470.73397691822447,0.8217109011585433,0.3896714834512608,24192,3
catboost_logdiff_g1,Транспорт,127.04344382557969,167.79952984127175,7.102448458909228,8.100537917865683,8.078225704564074,-5.211425975834912,0.9701741374204023,0.1216013204193942,24192,3
catboost_logdiff_g12,Все категории,2397.542738240124,3431.1621997908387,7.82317236646284,7.996594733925915,7.828952507407065,306.87597466203675,0.9095644382192805,0.24485719906592163,24192,3
catboost_logdiff_g12,Здоровье,90.04425888486777,124.23805531297698,6.109907822120361,6.578094456601972,6.604828565239307,-13.304709918696851,0.9683327050480498,0.48237501576502895,24192,3
catboost_logdiff_g12,Маркетплейсы,579.9212615856457,822.3637267097861,12.272474991569181,13.488524039525526,12.725456554947185,186.0732796137528,0.7587066759416379,0.2612708912192466,24192,3
catboost_logdiff_g12,Общественное питание,96.37257343868676,151.933851552036,7.679080917537514,11.981691245919453,11.956227641386349,-0.7843982766852095,0.9871908597622168,0.18014940436583826,24192,3
catboost_logdiff_g12,Продовольствие,946.0522513719337,1368.271313203601,7.521877562631572,7.7929416619704,7.339828430587579,536.2122975295529,0.8024934181254134,0.3378085163130745,24192,3
catboost_logdiff_g12,Транспорт,126.85451771801385,168.54227743431105,7.091886418861172,8.015213022956246,7.97015893537934,-0.2053657781983696,0.9699095107333113,0.14341081749723228,24192,3
catboost_logdiff_g123,Все категории,2533.0019009539405,3501.9974223712193,8.265175072660599,8.479340484280291,8.311536612777418,254.6981536212822,0.9057918691021659,0.17691992728924566,24192,3
catboost_logdiff_g123,Здоровье,93.11538186857581,127.40446690370656,6.318297324940788,6.8222444192276255,6.907843213871219,-24.416061171759484,0.9666979485451289,0.44339557546228514,24192,3
catboost_logdiff_g123,Маркетплейсы,633.5838781541022,890.9739370337462,13.408100055595717,14.641528708568954,13.863415242525434,170.84459580787404,0.7167646768044978,0.1505305486530275,24192,3
catboost_logdiff_g123,Общественное питание,99.04584661843595,157.4448967141733,7.892090494116241,12.131213588904632,12.102041694416668,0.15452653499836821,0.9862447634849824,0.16811059365905412,24192,3
catboost_logdiff_g123,Продовольствие,1149.6452496972965,1641.3229348236,9.140605919116794,9.426699926086348,8.810648865538601,612.6405955989718,0.7157992591669193,0.08631745809165381,24192,3
catboost_logdiff_g123,Транспорт,134.34078616145393,181.98002765380468,7.510411249171117,8.489567411123295,8.38044911816332,8.461646029637462,0.964920048307163,0.05268432672961798,24192,3
catboost_logdiff_g1234,Все категории,2585.7734185591876,3530.6151945607485,8.437368323559108,8.60373555730518,8.455806720242684,196.86922472022144,0.9042458699162347,0.1662783773854063,24192,3
catboost_logdiff_g1234,Здоровье,91.84491862737103,126.45912837695714,6.232090681771248,6.7018183715835695,6.744887901175016,-13.773831918489101,0.967190316139347,0.46211299816370344,24192,3
catboost_logdiff_g1234,Маркетплейсы,592.6496906368154,838.8278493284998,12.541837985409638,13.73829072951684,12.974273030639976,177.9531623092117,0.7489483408698362,0.2427690170528939,24192,3
catboost_logdiff_g1234,Общественное питание,93.15731488136576,145.8648323612741,7.4228853034587745,11.838765777256729,11.838975459558538,-0.6423706165457749,0.9881937471517734,0.18508997743164635,24192,3
catboost_logdiff_g1234,Продовольствие,999.234491181085,1455.1784022862057,7.944719214105723,8.274441016727723,7.743435689659217,578.3167948124396,0.7766069744346061,0.24685324183548185,24192,3
catboost_logdiff_g1234,Транспорт,128.85783030028065,174.8061915949664,7.20388294488552,8.235140126471642,8.122363033829368,11.267434597432166,0.967631307593233,0.0962924169122048,24192,3
chronos2,Все категории,2257.947299291217,3136.2312889476425,7.367673007452055,7.46766690790356,7.625771211859848,-1024.5392789487485,0.9244433124706904,0.29088532610938345,24192,3
chronos2,Здоровье,125.7155813224732,165.32495595536966,8.530367434826774,9.082019181436426,9.07018167325808,-33.989272999385044,0.9439238086679852,0.11812541628814943,24192,3
chronos2,Маркетплейсы,823.8912498194073,1150.1307718830053,17.43544413518297,17.317658468777104,17.17917837333953,-193.83554193582484,0.528032753282708,-0.22606863852768666,24192,3
chronos2,Общественное питание,108.18549029331989,176.91722885913555,8.620348138720342,13.278354065032397,13.512854745865734,-63.08682292053309,0.9826319467508932,-0.01154210452114901,24192,3
chronos2,Продовольствие,957.8575696188306,1278.4779716964713,7.6157393533648925,7.558398983649124,7.717251288761062,-376.68609207395525,0.827565711868872,0.35746335168604737,24192,3
chronos2,Транспорт,144.26188211087828,192.01840677163534,8.065056735115444,8.702803358611694,8.814621804779136,-57.27801240688909,0.9609431461059477,-0.019156677712371284,24192,3
chronos2_cl,Все категории,2212.3119396633574,3073.506569753899,7.218765011494358,7.304502553265848,7.437899999762404,-951.7442130033302,0.9274353617078458,0.32571046144230675,24192,3
chronos2_cl,Здоровье,121.78453825516675,158.32738482372483,8.263628487963565,8.83113514622426,8.798319527546756,-29.973007231162338,0.9485703280358271,0.17844593332090353,24192,3
chronos2_cl,Маркетплейсы,816.2009203471835,1137.9476047982148,17.272698979285874,17.230348560392624,16.94371478811653,-164.57484452686612,0.5379787545807571,-0.1872175888534715,24192,3
chronos2_cl,Общественное питание,105.40166063961529,170.05101618770482,8.3985292912135,12.710739437468527,12.891081386060455,-63.71572636974552,0.9839539053859758,0.08934888530649232,24192,3
chronos2_cl,Продовольствие,964.6024095242616,1283.5748184576296,7.669366264430989,7.621388528973852,7.769945281611376,-361.96982106203757,0.8261881003039193,0.3518217438639072,24192,3
chronos2_cl,Транспорт,142.24105350681083,188.1530209813087,7.952080964209991,8.549454698347862,8.64544356825309,-58.123264387171105,0.9624997705746879,0.034475187534475094,24192,3
chronos2_nat,Все категории,2090.8708170734385,2976.4340264411926,6.822503114158984,6.989833484763467,7.068572153355176,-676.0789478443287,0.9319466882323878,0.3606505128284013,24192,3
chronos2_nat,Здоровье,126.57183519116154,165.2570871944073,8.58846810970388,9.337891240938474,9.16932117134741,-10.92991800282998,0.9439698397154496,0.08454187154546788,24192,3
chronos2_nat,Маркетплейсы,824.9355763897063,1176.687809965095,17.457544500467012,17.65735183907113,16.96784511063728,-82.2641534843142,0.5059852419698252,-0.23874826190801857,24192,3
chronos2_nat,Общественное питание,102.58226924898132,165.551909212117,8.173876842343688,13.09465109419174,13.098364687940101,-47.7376592031547,0.9847917489597424,0.030415078006254537,24192,3
chronos2_nat,Продовольствие,931.4195111996282,1241.9388620454872,7.405535489746836,7.4176283864128205,7.509761590595717,-271.5267029414101,0.837281263447935,0.3872043907816206,24192,3
chronos2_nat,Транспорт,137.40824965446714,182.56470976431592,7.681899841597997,8.496606614017649,8.52634761551063,-39.51326728371716,0.96469427002086,0.0244747733778663,24192,3
chronos2_nat_cl,Все категории,2050.0736725014985,2903.408801586562,6.689382194579436,6.850862955161417,6.92191320721443,-649.7027572551102,0.9352450277901972,0.39260815531808146,24192,3
chronos2_nat_cl,Здоровье,123.55839125315349,159.866758932603,8.383992389470585,9.18310791752252,8.999891764870716,-6.166686433963675,0.9475653928842128,0.12192373232397258,24192,3
chronos2_nat_cl,Маркетплейсы,819.8816501968122,1169.2317576792855,17.35059173477268,17.592103199628525,16.81832122311641,-64.92418586513983,0.5122260306481882,-0.21505695914326628,24192,3
chronos2_nat_cl,Общественное питание,99.12247852910133,159.57105437412218,7.898196615618117,12.629185798603567,12.652887429976515,-46.574055998886706,0.9858707498234508,0.08437139858281484,24192,3
chronos2_nat_cl,Продовольствие,926.4378252382631,1230.329048543841,7.365927072978599,7.382244905428481,7.46905281926076,-264.5177515827159,0.8403092776285497,0.39886417613185476,24192,3
chronos2_nat_cl,Транспорт,134.85052107503174,179.17702800783218,7.538908319483249,8.349583642371428,8.384652404204564,-38.52723566943376,0.9659923837979428,0.05380834017505709,24192,3
drift,Все категории,2947.9412364914397,4193.8597644710035,9.619120465066072,10.105266797125909,9.534998873201591,1287.075108417736,0.8648909153002499,-0.23872134466336714,24192,3
drift,Здоровье,139.92776307808475,189.2320726962529,9.494727867722737,10.428739790473127,10.233622090139733,11.916086529308693,0.9265331921337516,-0.21079507649540719,24192,3
drift,Маркетплейсы,811.2876065072493,1094.952393297848,17.168721896153155,17.945657995462096,16.621939908163075,185.7659351966797,0.5722323983920625,-0.131281719630433,24192,3
drift,Общественное питание,107.31509690997612,167.46246240990183,8.550994161937327,14.358521895458676,14.33234240090934,11.989102550742519,0.9844387015766107,-9.472226966442275,24192,3
drift,Продовольствие,1378.269252596872,1916.6054793184405,10.958350927593342,11.345429832233096,10.596543542037137,741.438198912772,0.6124724521368043,-0.357738692816725,24192,3
drift,Транспорт,145.88553859675184,195.8292329370384,8.155828333858652,9.154827614084482,9.096047932855027,5.449399788324417,0.9593775064083201,-0.16768702509568212,24192,3
final,Все категории,1014.0714902563598,1366.1387568045689,3.308911217163377,3.5637068730701125,3.585407956180376,-235.4542579475571,0.9856633934156596,0.8384090097067249,24192,3
final,Здоровье,86.4583435611815,120.78807639060821,5.86658734442432,6.380506586399306,6.2913444027103305,4.731262550661782,0.9700670302023111,0.5167950452611141,24192,3
final,Маркетплейсы,560.6284234415323,798.0664774211288,11.864193920803412,12.935671800627777,12.48694117238345,1.9707051098642696,0.7727543639616355,0.28835797552200526,24192,3
final,Общественное питание,89.77743353807774,138.81250646623468,7.153572350606099,11.772898596264259,11.51272317885055,-5.680279179296993,0.9893077752792659,0.21929394667762825,24192,3
final,Продовольствие,412.69899846413887,538.9512878974938,3.2812895188042903,3.3944873851711916,3.421405881222154,-127.82302019541001,0.9693566559264072,0.8714073314367637,24192,3
final,Транспорт,130.03148394754146,173.70688740610495,7.269496834805925,8.189585809027616,8.128177112237381,-2.482134999462437,0.9680371416572084,0.11019667511152664,24192,3
final_online,Все категории,1014.0714902563595,1366.1387568045689,3.3089112171633768,3.563706873070112,3.5854079561803753,-235.45425794755715,0.9856633934156596,0.8384090097067249,24192,3
final_online,Здоровье,86.45834356118148,120.78807639060821,5.866587344424319,6.380506586399304,6.291344402710332,4.731262550661782,0.9700670302023111,0.5167950452611141,24192,3
final_online,Маркетплейсы,519.3548809567133,764.5780260527752,10.99075031472931,11.942671239209526,11.29065815579827,75.50649026603416,0.7914255827344028,0.390090501970518,24192,3
final_online,Общественное питание,89.77743353807774,138.81250646623468,7.153572350606099,11.772898596264259,11.51272317885055,-5.68027917929699,0.9893077752792659,0.21929394667762825,24192,3
final_online,Продовольствие,412.69899846413887,538.9512878974938,3.2812895188042903,3.3944873851711916,3.421405881222154,-127.82302019541004,0.9693566559264071,0.8714073314367637,24192,3
final_online,Транспорт,132.39391875249413,178.86228503349784,7.401570328206702,8.142565307587303,8.0208926014096,12.712618163242789,0.9661117546497888,0.13525031264056386,24192,3
mean_12,Все категории,2935.489169973545,3737.2531704448206,9.578489421817327,9.227928303447635,9.776010078624479,-2634.2328662367727,0.8927093735101936,0.043345962466162735,24192,3
mean_12,Здоровье,131.85390831679894,180.15060081634147,8.946880520522969,8.90352521760357,9.244817923132226,-94.71090649801587,0.9334155054569322,0.12706037644208956,24192,3
mean_12,Маркетплейсы,1064.600425760582,1258.4230201795856,22.529406949896938,22.35820304854532,25.937842847614963,-1059.6038566468253,0.43497102045372904,-1.1910610516685383,24192,3
mean_12,Общественное питание,175.82177992724868,284.5587771652132,14.009687890982752,17.52523767324337,18.163822204195345,-136.96126818783068,0.9550680923733372,-0.5391565724377212,24192,3
mean_12,Продовольствие,973.2555493551587,1260.7247732742517,7.7381656972804445,7.518217616270059,7.85306421467087,-699.604507688492,0.8323213753482969,0.38656377072974557,24192,3
mean_12,Транспорт,175.32901372354496,236.99285835716407,9.801885448197664,10.047959633407945,10.34797175782102,-115.0063244047619,0.940504783223953,-0.35273904765327635,24192,3
mean_3,Все категории,2204.3967289462084,2973.4299131889647,7.192937710579346,7.150507603093708,7.313237712021486,-1081.818824404762,0.9320839912489546,0.38905107545510254,24192,3
mean_3,Здоровье,127.45980764991181,174.98170432990534,8.648721033529739,9.089421483175812,9.161516427276482,-40.45713458994709,0.9371815867723473,0.08288775986774677,24192,3
mean_3,Маркетплейсы,666.720417217813,925.4064042318251,14.109345852058878,13.633909555796658,14.448420208022434,-428.3704943783069,0.6944499101552117,0.15598467136828464,24192,3
mean_3,Общественное питание,158.65585041887124,248.09145596319036,12.641886274650076,17.628200860959296,17.56003951845066,-53.46217757936506,0.9658465562197386,-0.4724675638975937,24192,3
mean_3,Продовольствие,944.2682980599648,1184.1351222578235,7.507693696602375,7.526112963340278,7.629131161052539,-240.77736441798945,0.8520756549622589,0.44204180492331224,24192,3
mean_3,Транспорт,162.28399195326278,218.49891047421062,9.072594805730656,9.677792046531938,9.826835454877722,-49.331059854497354,0.9494280051842277,-0.26229405472757117,24192,3
mean_6,Все категории,2292.221409281305,3087.5570076369195,7.4795092912783785,7.291275914090672,7.565166988091712,-1608.0003306878307,0.9267703913399299,0.3647665581304603,24192,3
mean_6,Здоровье,134.25132964065256,179.45385969198284,9.10955633662648,9.587817205459226,9.778780761051745,-59.2334449404762,0.9339295469692559,0.009185854419932471,24192,3
mean_6,Маркетплейсы,721.4995590828926,998.0009361752634,15.268599173381576,14.512992918807042,16.197834838047655,-643.5853587962963,0.6446311869406709,-0.07592503731555778,24192,3
mean_6,Общественное питание,170.92111028439155,270.8944971571585,13.619196723269337,18.35625737008708,18.69397101536017,-83.13597470238093,0.9592796734901343,-0.6404530213372288,24192,3
mean_6,Продовольствие,898.8553860780423,1116.3529768640542,7.146624460526647,7.111026571330569,7.26026329216073,-374.13027033730157,0.8685259022595687,0.5116529303314387,24192,3
mean_6,Транспорт,176.39716986331572,237.8721346297445,9.861601429600096,10.435042406086167,10.672495546147204,-73.8770667989418,0.9400624933039805,-0.46923475860263864,24192,3
naive,Все категории,2507.967757936508,3721.5821414752295,8.183488764112951,8.534241256922654,8.297403985926344,225.67154431216932,0.8936072679349051,-0.008942086318240339,24192,3
naive,Здоровье,130.29567625661375,173.30461369691682,8.841147469120132,9.604589817953205,9.488566897055643,-10.34139384920635,0.938379966972524,-0.0023226614002187507,24192,3
naive,Маркетплейсы,733.9518435846561,1020.4119442674305,15.532118309958756,15.539852598668515,15.438995763225208,-145.7760830026455,0.6284917337821573,-0.012147563353640756,24192,3
naive,Общественное питание,101.26545965608466,161.21837570824638,8.068951892681774,13.208449245872666,13.06811991339434,-24.86400462962963,0.9855775192440624,-0.012691297727368989,24192,3
naive,Продовольствие,1164.778232473545,1652.8038467040071,9.260925323711291,9.54079583691834,9.17070687173293,331.69018683862436,0.7118094343898509,-0.05035717282857144,24192,3
naive,Транспорт,139.12107308201058,185.12659303320527,7.7776563776853,8.609696513369183,8.592152365355394,-24.6124751984127,0.963696445371695,-0.007020022084832878,24192,3
prophet_default,Все категории,1881.7730016771957,2702.2472377022923,6.140217778759135,6.296667055311309,6.205742398214991,235.78829947050886,0.9439072275066556,0.49929742505646324,24192,3
prophet_default,Здоровье,132.09436721036494,174.26694142060256,8.963196737602127,9.774674734227812,9.95232202892969,-28.116411580944487,0.9376937382336124,-0.11545157920902893,24192,3
prophet_default,Маркетплейсы,600.1898837310154,793.1056833503765,12.701405908349994,12.792710546783537,12.395261841287475,128.41096114193022,0.7755707085137307,0.38494312243921247,24192,3
prophet_default,Общественное питание,156.97950501054478,235.28088864632704,12.508313084924358,18.4038046017207,19.02291251861149,-19.97408258945011,0.9692826186646055,-9.553605976200503,24192,3
prophet_default,Продовольствие,887.2534867858697,1109.6629399781268,7.05438001436297,7.314291126046976,7.116145124562824,272.8050982659777,0.8700969663681126,0.4998171713057801,24192,3
prophet_default,Транспорт,174.7301272117937,230.41715451603224,9.768404298329834,10.849851439038606,11.053856666784965,-14.069911033266385,0.9437605387769179,-0.6840421974480531,24192,3
prophet_yearly,Все категории,3679.7486187663185,5712.569360469653,12.007005026735545,13.345699378626433,11.771303269588438,2151.9746196113433,0.7493199829102515,-1.26707706206281,24192,3
prophet_yearly,Здоровье,145.9609847015847,208.70509671267985,9.904109081433885,11.371763360394262,11.019235393272897,33.0454045049204,0.910634932563093,-2.5071735959734984,24192,3
prophet_yearly,Маркетплейсы,697.2419047564232,1028.3865702207138,14.755251110815742,16.425828348375692,14.591168044397307,331.20346244882273,0.6226622917674727,-0.9456772065635832,24192,3
prophet_yearly,Общественное питание,113.84205335801364,165.4038741790623,9.071069790524863,18.18069716208574,20.453641657324052,-33.8479440617007,0.9848189349630437,-85.59759199662977,24192,3
prophet_yearly,Продовольствие,1744.9598577217862,2768.0010705493687,13.87383665379613,14.734607069723957,12.63494728910523,1367.7938828650704,0.19170547522767345,-1.437646704571336,24192,3
prophet_yearly,Транспорт,164.53672579235905,219.18596477446127,9.198535393469987,11.838208449743277,12.09793196174614,-13.25345479909388,0.9491094650675957,-3.8847157563592516,24192,3
ridge_diff,Все категории,1618.093444145834,2508.0983068705705,5.27983243705938,5.823986593881087,5.512870518820782,823.4939093341654,0.9516778940479125,0.5063265756202793,24192,3
ridge_diff,Здоровье,108.43114303425567,143.2991217159817,7.357540582720998,8.081109077052746,8.00505276998413,-28.959268017987036,0.9578702642857311,0.26191188953057154,24192,3
ridge_diff,Маркетплейсы,642.5140219862693,858.2064205283914,13.597082550480849,15.220328619526224,15.404294096794208,34.50259388818363,0.7372147813719387,-0.5700325882324251,24192,3
ridge_diff,Общественное питание,101.50342474437228,145.80705649472844,8.087913233064288,18.213630486765393,14.904323897273322,26.5491358302791,0.9882030980198003,-1.012641812830791,24192,3
ridge_diff,Продовольствие,806.4128308335354,1100.0990520743183,6.41163167221329,6.856482532109714,6.573672172696207,262.350167316132,0.8723265158024233,0.4766678326629359,24192,3
ridge_diff,Транспорт,118.24081363886509,157.47620208292204,6.610331547391825,7.887381409182853,7.575487890593736,22.46596519071301,0.9737311296147108,0.14615455683436684,24192,3
ridge_logdiff,Все категории,1709.1032911093503,2384.458091902776,5.576797203728613,5.941022997620814,5.782139730714341,260.5219737711346,0.9563246764439413,0.5506085461669814,24192,3
ridge_logdiff,Здоровье,113.47700977450674,157.19857809971924,7.69992532826104,7.873512994856008,7.999945121111191,-53.63851602538423,0.9493010570741787,0.2998493323722752,24192,3
ridge_logdiff,Маркетплейсы,674.1340918240933,933.9478385389797,14.266236351214632,15.23644351067975,16.81274647082944,-106.82416927507732,0.688783469320144,-0.6274029358403213,24192,3
ridge_logdiff,Общественное питание,132.68106275965857,262.12811315267567,10.572184396471538,13.074708706776894,12.56044332160354,15.750222758663666,0.9618725211920244,0.1745355130716837,24192,3
ridge_logdiff,Продовольствие,792.2787750164734,1047.092588842166,6.299254541705787,6.650021161209521,6.43142566675639,185.0292639742128,0.8843335781257069,0.5208095773040418,24192,3
ridge_logdiff,Транспорт,133.15957395517455,179.96418350077437,7.444374792967586,8.03322197923194,7.931834542115975,-12.938477357235584,0.9656929248413708,0.15402111570134824,24192,3
seasonal_naive,Все категории,4079.2546709656085,4663.042766572267,13.310591677330267,12.876821523169305,13.891413797550486,-4026.1948991402114,0.8329695926144287,-0.6268967125031537,24192,3
seasonal_naive,Здоровье,177.79637896825398,223.7523523050362,12.064283720651185,11.918517934874846,12.585708467106812,-139.37822420634922,0.8972842841908844,-0.48742063863103247,24192,3
seasonal_naive,Маркетплейсы,1661.9038938492063,1752.4193997218517,35.16972962827592,36.83602230375848,46.240134793809474,-1661.4951636904761,-0.0957046858534687,-5.505538483942051,24192,3
seasonal_naive,Общественное питание,243.70333167989418,360.0698521182122,19.418570419664125,23.156176874134655,24.093602911528972,-206.40653935185185,0.9280576853979075,-1.5210841863595101,24192,3
seasonal_naive,Продовольствие,1201.1972552910054,1366.869357670715,9.550485895219222,9.350609707038107,9.901132777512977,-1155.4791666666667,0.8028979484061105,0.19642196701651804,24192,3
seasonal_naive,Транспорт,232.56097056878306,296.4229024187791,13.001476166581325,13.247194774433058,13.611773863106444,-161.9379546957672,0.9069245715728174,-1.2216539595600913,24192,3
seasonal_naive_growth,Все категории,1706.6869185907003,2451.812181859462,5.568912589863978,5.823683831939664,6.060895223018133,-902.7528384570953,0.9538224230950217,0.5052559596026449,24192,3
seasonal_naive_growth,Здоровье,121.24574166023399,163.3135489338949,8.227068716461412,9.256274707168687,9.412856970081142,-32.81532544656653,0.9452799972558175,-0.08976859158198192,24192,3
seasonal_naive_growth,Маркетплейсы,781.5629895245653,1048.52789064322,16.539680261162008,18.019503896399584,20.09635131649464,-134.7899211426756,0.6077369610470109,-1.096487823864098,24192,3
seasonal_naive_growth,Общественное питание,136.78344379812643,235.32836777355595,10.899066981681411,19.050716535182993,18.734939944960903,-38.40168890771633,0.9692702200238212,-1.1298694280424053,24192,3
seasonal_naive_growth,Продовольствие,653.2118718443703,861.2060047830272,5.193560625584389,5.386486764706746,5.493904934446237,-199.71124730171115,0.9217559669115666,0.6561760560557424,24192,3
seasonal_naive_growth,Транспорт,159.21481294362727,213.35203793360014,8.901010306202842,11.135492062453665,11.234716122306123,-35.80670594626686,0.9517824516726623,-1.0084839357876207,24192,3
auto_arima,Все категории,3194.999545312515,4453.648699042803,10.425270738696984,10.143399845741957,9.861310515078996,837.7747695923381,0.8476337925677584,-0.2938097374539088,24192,6
auto_arima,Здоровье,144.62091208523077,197.43723550522475,9.813179129182968,9.873582190786736,10.236664862199534,-83.83558477743075,0.920023977654832,0.1587630185896518,24192,6
auto_arima,Маркетплейсы,1578.7472492827083,2138.511698207667,33.40994272542163,34.073165128294086,29.268965374824162,555.8304627762592,-0.6317013580046655,-1.208863878655948,24192,6
auto_arima,Общественное питание,166.14800728379254,277.859925799602,13.238870216862825,17.126144102666725,17.359714203716443,-30.83692107871331,0.9571586925456425,-0.03883756561390639,24192,6
auto_arima,Продовольствие,1191.1723588530133,1498.5127912331468,9.47077989222067,9.562956522516329,9.324888011646786,313.53385537259174,0.7631038305728312,-0.3752809000585189,24192,6
auto_arima,Транспорт,155.5292698091734,208.4213415900076,8.694967559191957,9.557576588796117,9.610695891831721,-22.690286823714406,0.9539853728409011,-0.10820153957653744,24192,6
auto_ets,Все категории,2505.9269597796842,3384.4885063647516,8.176829647888933,8.401085081615554,8.258535102255529,465.40967923799667,0.9120080726615317,0.06975187374947933,24192,6
auto_ets,Здоровье,145.7149864007525,193.7684063939849,9.887416990665448,10.400757028241122,10.767428069339019,-66.74223819022573,0.9229686316438586,-1.5138214383660138,24192,6
auto_ets,Маркетплейсы,876.0892930846724,1166.5851362977594,18.540075441216235,18.309474384324304,18.184089318667343,-39.73729035112639,0.5144317386886083,0.09562498945561693,24192,6
auto_ets,Общественное питание,150.97984258620326,241.19854900367184,12.030252869340934,16.906021767721786,17.16168897836006,-49.097779912209084,0.967718012329349,-2.4939844277588907,24192,6
auto_ets,Продовольствие,1164.2168767187088,1440.9017978632626,9.256462093217591,9.393321262346301,9.092402102126119,427.8759429221248,0.7809688436544675,-0.28566594419234015,24192,6
auto_ets,Транспорт,147.02609955424865,197.47803547333848,8.219592154886575,9.15647783470708,9.215964975234794,-31.075527778608702,0.9586905769320286,-2.0858748751631433,24192,6
auto_theta,Все категории,2310.0794476273377,3231.2728145774663,7.537779998982412,7.573776096822829,7.355123181038281,767.0419765670098,0.9197945283833644,0.23953460474405674,24192,6
auto_theta,Здоровье,143.4522237214424,191.11720420804724,9.733878369046096,10.478137216672467,10.67780103863486,-32.183159653549595,0.9250621472441739,0.030017036978026157,24192,6
auto_theta,Маркетплейсы,1011.1725493347764,1328.1085396763572,21.39874953013701,22.444006500416936,19.872426652825435,539.6110130387165,0.3706611346720149,-0.04275504335498903,24192,6
auto_theta,Общественное питание,163.69918338412708,258.460427453574,13.043745025043654,18.32317766202871,18.722240814784012,-9.617381692381265,0.96293201299617,-7.650978125255987,24192,6
auto_theta,Продовольствие,896.802409976537,1121.653667594469,7.130301646588899,7.3972714413391145,7.142426011678824,415.51477801886176,0.8672744019336391,0.16586033819148704,24192,6
auto_theta,Транспорт,158.13664572090215,210.6541951420629,8.840734648530937,9.83257849604828,9.824129564556129,8.673926418565959,0.9529941664745839,-0.1869640219089348,24192,6
catboost_diff,Все категории,2478.357814979187,3602.4141128749184,8.086871638661295,7.965929687051599,7.565468017378536,1676.541265136802,0.9003117404020561,0.200174211522,24192,6
catboost_diff,Здоровье,93.50963168578565,129.0086897077576,6.345048947663563,6.817778459597598,6.767887207852606,9.132301718450138,0.9658540180733173,0.5872934827258864,24192,6
catboost_diff,Маркетплейсы,620.3044640562808,901.8349401391815,13.127076943988117,13.72502212866838,12.839710538161759,226.76947593118356,0.7098172921312378,0.47754094851155715,24192,6
catboost_diff,Общественное питание,109.37260243654772,169.81605122180042,8.714938641814436,13.177425557648686,12.822914354257852,14.783285950455472,0.983998217562481,0.3590757160945811,24192,6
catboost_diff,Продовольствие,1458.3505679484747,1844.578100014038,11.595061900222726,11.918317410129909,10.965398813512657,1379.3327106705767,0.6410522579907246,-0.905280373890089,24192,6
catboost_diff,Транспорт,130.38643525914466,177.86529902801843,7.2893406246164805,8.333410818648176,8.229036713380184,21.43087603560133,0.9664884907935674,0.17694826021148335,24192,6
catboost_diff_dir,Все категории,2470.4681099510385,3507.148942937151,8.061127562707487,8.636246896158719,8.72717574650952,352.1193343277829,0.905514500492083,-0.26285696714939477,24192,6
catboost_diff_dir,Здоровье,109.96307463734769,152.36989897116118,7.461489029858012,8.174167930319278,8.055287490602614,7.010076507969106,0.9523678662583841,0.39214348191108783,24192,6
catboost_diff_dir,Маркетплейсы,666.4017111935792,904.8342716096784,14.102601295562748,15.207093563166282,15.276951463798202,51.790462200229705,0.7078838974372847,0.26046156343156535,24192,6
catboost_diff_dir,Общественное питание,123.98561584605427,189.8506041320382,9.879320876476392,15.044872859311015,15.47480800094205,-5.925922252639228,0.9799997763320701,-0.36763547062936586,24192,6
catboost_diff_dir,Продовольствие,1441.4305464867766,1957.364346801906,11.460534098394206,11.670343352944753,10.778943996306431,1192.033777931366,0.5958147354446206,-0.9852706286458481,24192,6
catboost_diff_dir,Транспорт,142.9212997666952,196.00015256024736,7.990110585060224,8.958740957064197,8.798082476298298,35.3493771050982,0.9593065648926301,0.04439569991361725,24192,6
catboost_diff_ds,Все категории,1963.5339583063667,2474.352589082889,6.407003453256185,6.656605953646981,6.884108683849591,-699.7584425096132,0.9529694655106571,0.37276305927642694,24192,6
catboost_diff_ds,Здоровье,237.95511505525724,305.4255824181106,16.146324449720098,16.318382504478606,17.559745224329088,-107.6488710680492,0.8086129717729301,-1.1651356821977559,24192,6
catboost_diff_ds,Маркетплейсы,620.3044640562808,901.8349401391815,13.127076943988117,13.72502212866838,12.839710538161759,226.76947593118356,0.7098172921312378,0.47754094851155715,24192,6
catboost_diff_ds,Общественное питание,221.6929024907505,401.5662026578208,17.6647533247964,18.61695875562067,19.902321928371723,-111.33492967254409,0.9105201611688437,-0.1827921788628566,24192,6
catboost_diff_ds,Продовольствие,1072.2057081676396,1248.262532747624,8.524899176653369,8.701169031166511,8.88832899449384,-255.7652741733525,0.8356199910551174,-0.15583353493076535,24192,6
catboost_diff_ds,Транспорт,116.98100305321013,160.0176971346758,6.5399009963679795,7.315775104817189,7.348223258594831,-14.612892362893176,0.972876385367894,0.3160774463553011,24192,6
catboost_diff_ds_g1,Все категории,1971.2968406723685,2480.393249778276,6.432333707370608,6.8153184680302,7.092219309823082,-766.9201938484038,0.9527395530196379,0.3038122347165164,24192,6
catboost_diff_ds_g1,Здоровье,238.2196295788219,297.89009555535165,16.164272949453533,16.58630522841054,17.887743797149373,-104.20118957114683,0.817940307430687,-1.2719639747132896,24192,6
catboost_diff_ds_g1,Маркетплейсы,656.1198067814876,944.6678620573855,13.885012420793643,14.477866420751774,13.358873178552862,279.5105072634205,0.6815980668295709,0.4488897873169745,24192,6
catboost_diff_ds_g1,Общественное питание,227.38328241790887,380.2151492926852,18.1181695442977,20.41900628426128,22.466661533493596,-107.04368385489592,0.9197823898313775,-0.5845680967422904,24192,6
catboost_diff_ds_g1,Продовольствие,1113.708524222554,1285.878246469767,8.854880000034713,8.997436969271957,9.186878926611477,-229.58149327799862,0.8255637153019917,-0.21142596111886047,24192,6
catboost_diff_ds_g1,Транспорт,111.60273614339526,149.8863829037049,6.239225397730547,7.185617656096258,7.247666809851358,-10.220740491254013,0.9762022503371397,0.32208410963490874,24192,6
catboost_diff_ds_g12,Все категории,1996.9245261399965,2487.744799145616,6.515956742559509,6.887819938634012,7.1428374309717935,-675.3115636689773,0.9524589907434986,0.31151428285039107,24192,6
catboost_diff_ds_g12,Здоровье,238.0692282282526,292.83016145410767,16.15406754158321,16.75803057207575,17.963166737363615,-97.66325481429487,0.824072678163632,-1.2436251212181593,24192,6
catboost_diff_ds_g12,Маркетплейсы,631.5874091252152,906.5718858655368,13.365850154011728,14.11300974417942,12.942358883368318,309.29976578071523,0.7067608796757594,0.4715458127428993,24192,6
catboost_diff_ds_g12,Общественное питание,219.97533316866185,371.0212758917275,17.527895364744207,19.67936138150222,21.541915051447077,-102.52270044266442,0.9236149240598222,-0.4284239818243525,24192,6
catboost_diff_ds_g12,Продовольствие,1182.1673923107664,1358.5462703514238,9.399183153575263,9.580855976174867,9.807861558842598,-255.36622022542483,0.8052910124546198,-0.37528376051652845,24192,6
catboost_diff_ds_g12,Транспорт,112.89834735192427,152.89928465162177,6.311657406453454,7.171671780498118,7.235854125297164,-11.172940652723778,0.9752359061991459,0.3249238440812907,24192,6
catboost_diff_ds_g123,Все категории,2074.3461798550857,2552.821231646534,6.768583289001944,7.179245267631204,7.4396251631650605,-629.2760043820676,0.9499392271987044,0.2676630471773659,24192,6
catboost_diff_ds_g123,Здоровье,242.8278164272949,298.9964236067328,16.476959146441143,17.032731685592392,18.306251229807042,-100.57488642395765,0.8165855006171161,-1.3245422989055418,24192,6
catboost_diff_ds_g123,Маркетплейсы,644.5170580617012,925.3423744897723,13.639471425956346,14.356241736090517,13.14899777414521,327.427295406751,0.6944921912903141,0.45607985495080916,24192,6
catboost_diff_ds_g123,Общественное питание,231.66665352441794,389.7667874986566,18.459473632723352,20.920235986082787,23.243843210793283,-119.60405937767825,0.9157013645358597,-0.6690699268177027,24192,6
catboost_diff_ds_g123,Продовольствие,1062.304933372053,1225.2475260801377,8.446180040707555,8.602224301609278,8.753609552843466,-200.15754540201635,0.8416256672844293,-0.0945001367114755,24192,6
catboost_diff_ds_g123,Транспорт,110.61401397204432,149.1286662683105,6.1839502253112455,7.141543124271917,7.188319339031637,-4.477923514609049,0.9764422504256864,0.3297277379204695,24192,6
catboost_diff_ds_g1234,Все категории,2052.9302486855536,2534.12632207385,6.698703191243796,7.075863035778286,7.322002393088808,-578.0114080918122,0.9506697560493891,0.2904299857388889,24192,6
catboost_diff_ds_g1234,Здоровье,250.44124573195094,306.6558770692436,16.993564556244742,17.58312935876066,18.825728928780716,-95.96802015673008,0.8070680018186831,-1.4236277833588837,24192,6
catboost_diff_ds_g1234,Маркетплейсы,655.87704710835,930.9786224521591,13.87987506471638,14.73678120355677,13.350440369736443,387.95939526953885,0.690759169003808,0.4476218940401754,24192,6
catboost_diff_ds_g1234,Общественное питание,224.39853082313186,378.416443615974,17.88034099829935,20.276914401786723,22.343249280780036,-117.12832256631569,0.9205395746809839,-0.5450146731583483,24192,6
catboost_diff_ds_g1234,Продовольствие,1141.6606267000363,1307.9884040110676,9.07712173366925,9.259401084919535,9.43204919951561,-206.616987353007,0.8195134194451811,-0.2612842712565382,24192,6
catboost_diff_ds_g1234,Транспорт,110.7507300990883,149.65567404669628,6.191593431576691,7.1489327846445185,7.194132867514323,-4.5361650416277675,0.9762754541342396,0.327298285850244,24192,6
catboost_diff_ds_g123_m1,Все категории,1740.8214491892263,2191.60957883901,5.680293426693851,5.920562737574448,6.02424603511712,-192.18137127355737,0.9631036739798209,0.5186785796958882,24192,6
catboost_diff_ds_g123_m1,Здоровье,202.99495192617002,251.97150666301377,13.774120193609434,14.26921141475429,15.121593738599037,-83.59773069765926,0.8697419587387125,-0.6169013099371825,24192,6
catboost_diff_ds_g123_m1,Маркетплейсы,638.7245768972949,903.200952534418,13.516889129120152,14.246336774290771,13.048071052219479,345.70590903001295,0.7089375449242727,0.4748894757678246,24192,6
catboost_diff_ds_g123_m1,Общественное питание,210.68771822270205,355.56788230184077,16.78784719381588,18.24083414136389,19.52060567261058,-92.67047677789901,0.9298454350272406,-0.12157680991034314,24192,6
catboost_diff_ds_g123_m1,Продовольствие,989.7339695459586,1138.156797800222,7.8691824132398915,8.03983129505209,8.11136537219095,-103.6952771937021,0.8633400294754431,0.05861680060237784,24192,6
catboost_diff_ds_g123_m1,Транспорт,112.59688533981951,152.19900580718388,6.294803971606136,7.238284483503805,7.284570357487011,-6.807102029548199,0.9754622258757542,0.3083615797187591,24192,6
catboost_diff_ds_g123_m1_dir,Все категории,2081.6749589490846,2673.0840912930075,6.792497065875914,7.077730821180301,7.3284563681922155,-661.4230712737423,0.9451114212328424,0.25358159588076346,24192,6
catboost_diff_ds_g123_m1_dir,Здоровье,206.24582042741457,271.2484072593288,13.994706237966081,14.403677938717069,15.345030470395121,-100.93894647382032,0.8490489733812694,-0.771645800905898,24192,6
catboost_diff_ds_g123_m1_dir,Маркетплейсы,690.5937942860057,980.8552940724772,14.614561719179534,15.595238049594354,14.36651662670759,396.8699897064935,0.656736761613866,0.3699491979188504,24192,6
catboost_diff_ds_g123_m1_dir,Общественное питание,264.7612693637327,402.61342942173775,21.096491862049778,27.907494218260602,33.97151471342551,-99.62450404459358,0.9100528515850753,-12.366874069243469,24192,6
catboost_diff_ds_g123_m1_dir,Продовольствие,966.189254201757,1140.9603503197186,7.6819829580202965,7.762754659799322,7.883957674061086,-178.1580719714273,0.8626659478725499,0.06988549852256809,24192,6
catboost_diff_ds_g123_m1_dir,Транспорт,112.68967192977462,154.86922796681912,6.299991267801751,7.478664629877023,7.431600334247904,0.243489895552617,0.9745936778850123,0.24824521652956777,24192,6
catboost_diff_ds_g123m_m1,Все категории,1622.6520689176639,2087.247402777829,5.2947072114587,5.45040402843495,5.55078328610688,-291.30939071464917,0.9665339387257339,0.5837483692380032,24192,6
catboost_diff_ds_g123m_m1,Здоровье,206.54942012888006,255.25735546994466,14.015306842754768,14.62589513089165,15.416268245965329,-80.58569367824178,0.8663225327246888,-0.6603226876410013,24192,6
catboost_diff_ds_g123m_m1,Маркетплейсы,878.6899583341713,1167.1159350067535,18.59511153206183,19.61817889414487,17.66977768849869,399.9726805407132,0.5139897689872837,0.16595777006833867,24192,6
catboost_diff_ds_g123m_m1,Общественное питание,208.9271399513407,359.40549015270193,16.647562229691275,18.42808658878548,18.798996542020326,-84.37493665887034,0.9283229208431275,-0.015348732052475889,24192,6
catboost_diff_ds_g123m_m1,Продовольствие,1046.3433654261416,1191.2810098398174,8.319272716484543,8.48988957800326,8.494615802643875,-17.708414273019006,0.8502849129991836,-0.005444255581477764,24192,6
catboost_diff_ds_g123m_m1,Транспорт,119.19239393483275,163.07317254472338,6.663530278495989,7.440004399170339,7.492894965017694,-11.387452084688606,0.971830666337516,0.28512879183267703,24192,6
catboost_diff_ds_g123n,Все категории,2076.530239507747,2541.7926152740984,6.775709866913939,7.153000538760697,7.380848073881518,-501.6791371271378,0.9503708347606166,0.2927295676803606,24192,6
catboost_diff_ds_g123n,Здоровье,248.7060054778179,303.5755749422495,16.875820703018725,17.527097923619188,18.766189064985916,-94.95152364276096,0.810924468479031,-1.4148494250834265,24192,6
catboost_diff_ds_g123n,Маркетплейсы,666.2613427085794,953.3124086712851,14.09963077381113,14.807395649917831,13.473824709841441,354.840737849124,0.6757440855598379,0.4380487633625231,24192,6
catboost_diff_ds_g123n,Общественное питание,223.10638128904142,376.4750859649225,17.77738099136178,20.139633586245125,22.277682552543865,-119.04499496673104,0.9213527814585499,-0.534151813096662,24192,6
catboost_diff_ds_g123n,Продовольствие,1111.4570149991341,1278.375658451417,8.836978687834314,8.978271260575347,9.146670711999736,-202.00754826595988,0.8275933096938387,-0.19054906504299218,24192,6
catboost_diff_ds_g123n,Транспорт,109.58360343612917,148.013873633524,6.126344437066855,7.098882325544796,7.155641487811426,-7.296133031755665,0.9767931399924996,0.3324103111552569,24192,6
catboost_diff_ds_m1,Все категории,1790.906521614937,2289.583262900413,5.843720817715343,5.943549597649279,6.074437782691227,-399.0315021257204,0.959731112962889,0.5199909985087735,24192,6
catboost_diff_ds_m1,Здоровье,212.63309974850216,278.185015560664,14.428111858371926,14.522532549204941,15.526917882744302,-102.47790176894983,0.8412297445417134,-0.7255119554373719,24192,6
catboost_diff_ds_m1,Маркетплейсы,677.0673598004678,954.0700908097217,14.328311084921062,14.7859627381222,13.974809244440966,150.18030398342063,0.6752284507155892,0.42141723162063127,24192,6
catboost_diff_ds_m1,Общественное питание,200.6019348048171,358.05712839507936,15.98420001268119,17.058008437599128,17.315960132615523,-83.97641481113558,0.9288597258901046,0.1051439227785469,24192,6
catboost_diff_ds_m1,Продовольствие,1048.8121811111248,1199.5423696759428,8.33890179012209,8.513090886227815,8.4471587455381,59.49729361765358,0.8482012083415261,0.0032283371953538698,24192,6
catboost_diff_ds_m1,Транспорт,115.57304287223853,159.65106956246163,6.461188043409333,7.138494403518952,7.14835487711719,-11.431227073642136,0.9730005325486714,0.34627535879796545,24192,6
catboost_diff_dsp,Все категории,1502.7543787576951,1931.4278967910757,4.903481527969655,5.158285508511039,5.2042032437518175,-56.06165675972947,0.9713441204496501,0.6363724255974906,24192,6
catboost_diff_dsp,Здоровье,171.39265957458335,241.28734314304924,11.629762567402766,11.658122608052295,12.53512130275026,-130.36574923353908,0.8805542339035833,-0.21591034831885092,24192,6
catboost_diff_dsp,Маркетплейсы,930.1376045785224,1244.6674310171784,19.683862701802568,20.24875007441326,17.613880671335178,831.7453901077853,0.44725596369055165,0.15270912112414625,24192,6
catboost_diff_dsp,Общественное питание,223.18667177289345,361.66072993346705,17.783778632313023,20.029620640202523,22.154239544545348,-115.30862270593657,0.9274205630784711,-0.44084597455460206,24192,6
catboost_diff_dsp,Продовольствие,706.2209777531631,851.8965694066801,5.615025723069529,5.802833623700352,5.848749990874826,-123.71665770300994,0.9234384233896505,0.45869132574776783,24192,6
catboost_diff_dsp,Транспорт,119.2653920003662,169.87827184743452,6.66761128403582,7.415075289536355,7.4934507935166526,-29.314616544149565,0.9694305797856358,0.27445526341376225,24192,6
catboost_diff_dsp_g123,Все категории,1460.0073349646245,1889.611414361355,4.763998095029727,5.060262778933977,5.107612897659255,-32.136246822656304,0.9725715193970739,0.636536475591118,24192,6
catboost_diff_dsp_g123,Здоровье,162.60393819694892,212.55444295725593,11.033408306102167,11.5677808145358,12.385541740941672,-113.15463827453061,0.9073080428547474,-0.18607167633584543,24192,6
catboost_diff_dsp_g123,Маркетплейсы,911.3665924998129,1199.4566844890912,19.286624677329165,19.9192707588824,17.36395087126227,828.219421080497,0.4866819302070672,0.18904360044423185,24192,6
catboost_diff_dsp_g123,Общественное питание,222.3168550956045,363.23796194500454,17.714470608152237,20.96561854371548,23.83218305289474,-130.61517348038046,0.9267861329711018,-0.7682434220908894,24192,6
catboost_diff_dsp_g123,Продовольствие,677.354664247548,824.0136818117076,5.38551527524923,5.548655206060908,5.602273265906502,-128.73107543961515,0.9283681817808563,0.4940872998605764,24192,6
catboost_diff_dsp_g123,Транспорт,110.3076639906278,148.43271770001778,6.166823525279516,7.206788880276509,7.263347664545311,-8.704183871857339,0.9766616143712834,0.30564169885227355,24192,6
catboost_diff_dsp_g123_dir,Все категории,1387.2224922572514,1877.8556111428557,4.526501444361623,4.74078707636553,4.8357219931634585,-367.2416594782438,0.9729117383556724,0.648080970613514,24192,6
catboost_diff_dsp_g123_dir,Здоровье,154.9577751904604,205.3861709737711,10.514581767452045,11.019886480007212,11.789812906142929,-111.63125435394353,0.9134545830939539,-0.19751671821665595,24192,6
catboost_diff_dsp_g123_dir,Маркетплейсы,722.6451742482666,1001.3703632996788,15.29284303957226,15.934030868034116,14.396443785053512,489.8773440194463,0.642227560705172,0.3844864392170295,24192,6
catboost_diff_dsp_g123_dir,Общественное питание,204.0025725213339,333.6152610563963,16.255166857962916,21.500168679667503,24.635615894823562,-109.28113706754561,0.9382406518401808,-3.878955185345845,24192,6
catboost_diff_dsp_g123_dir,Продовольствие,683.991753842661,871.1149159803157,5.438285484541855,5.4432874101022675,5.563354314914407,-286.36779322809093,0.919945079640343,0.47654000566895627,24192,6
catboost_diff_dsp_g123_dir,Транспорт,118.79541341070365,162.52435883505882,6.641336817527718,7.866533969531944,8.00452637756496,-23.88639866895768,0.9720199519429458,0.11264419950901639,24192,6
catboost_diff_dsp_g123_lmae,Все категории,1397.591749149069,1850.0933029929618,4.560336288130192,4.809971528551986,4.875105213300741,-177.2597507211552,0.973706766065929,0.6583147878201918,24192,6
catboost_diff_dsp_g123_lmae,Здоровье,166.08145245997642,220.7771454039812,11.26937328443992,11.77369485105468,12.696626388418956,-126.03144671817607,0.8999977192688664,-0.26066142598747577,24192,6
catboost_diff_dsp_g123_lmae,Маркетплейсы,899.4966052055526,1187.183442639406,19.035428296253663,19.807940387867717,17.300810647227785,813.0036608425801,0.49713306971245597,0.18651982923180555,24192,6
catboost_diff_dsp_g123_lmae,Общественное питание,227.83485210479608,362.3704583309166,18.15415115236091,21.229608387213908,23.781142677053793,-115.16090293715202,0.9271354216360229,-0.7157252007345027,24192,6
catboost_diff_dsp_g123_lmae,Продовольствие,675.1266270047328,821.3853595386208,5.367800584204273,5.5494642898831295,5.594745636214416,-114.71681695525423,0.9288244150850659,0.4955677634311776,24192,6
catboost_diff_dsp_g123_lmae,Транспорт,113.0333004344018,153.44561865237384,6.319202048536547,7.310456155267421,7.4701738729059235,-25.55586134894028,0.975058617757756,0.2605515074113126,24192,6
catboost_diff_dsp_g123m,Все категории,1354.7071807130471,1785.416158103867,4.420404112830312,4.546631536449706,4.550801552318103,62.763698177940064,0.9755129952811393,0.7213444056136045,24192,6
catboost_diff_dsp_g123m,Здоровье,172.2302585061406,234.88748410131652,11.686597420919242,11.90949602362847,12.801900462448701,-122.62787725836155,0.8868065153435537,-0.2712628638812795,24192,6
catboost_diff_dsp_g123m,Маркетплейсы,946.223384569058,1238.7679251285763,20.024275005559044,20.88894188748127,18.067930306150146,874.5834082963638,0.45248336585225035,0.13364675486466615,24192,6
catboost_diff_dsp_g123m,Общественное питание,219.91653860605288,358.2777434752681,17.523210544284655,20.976750402827562,23.463613462463165,-124.62471610594108,0.9287720334460127,-0.6829757627910911,24192,6
catboost_diff_dsp_g123m,Продовольствие,664.5340162762099,806.5816975289929,5.283580795230649,5.465020633486524,5.478565954254901,-64.09579427086656,0.9313668620526638,0.5209998449350177,24192,6
catboost_diff_dsp_g123m,Транспорт,119.20006616661301,161.5691633231589,6.663959199730672,7.585144589605577,7.661403495806464,-14.713873540953726,0.9723478766634797,0.2417012744968876,24192,6
catboost_diff_g1,Все категории,2518.1480761769844,3610.2708852285414,8.216707101817812,8.098924600694026,7.63572848095852,1941.3050798896238,0.8998764311691786,0.18335034325620947,24192,6
catboost_diff_g1,Здоровье,98.58465272165215,133.17885913068207,6.689411943244586,7.5067167975040014,7.593260543980785,-12.977712815263107,0.9636108209439905,0.4764404147292901,24192,6
catboost_diff_g1,Маркетплейсы,656.1198067814876,944.6678620573855,13.885012420793643,14.477866420751774,13.358873178552862,279.5105072634205,0.6815980668295709,0.4488897873169745,24192,6
catboost_diff_g1,Общественное питание,106.95327077244488,166.02420110046702,8.522163426292915,13.315657384579074,13.005537382604329,21.39890935980774,0.9847048519954618,0.3172206324530047,24192,6
catboost_diff_g1,Продовольствие,1419.8116880507257,1889.9907242469724,11.28864675711467,11.336271197870541,10.434815388185122,1348.5663805074932,0.6231604513568836,-0.7922793969781909,24192,6
catboost_diff_g1,Транспорт,134.0505567221836,178.95651746537843,7.494185778799692,8.454970052896746,8.347455747551432,29.39090290818126,0.9660760376401968,0.17285020148943464,24192,6
catboost_diff_g12,Все категории,2263.039551300792,3285.372949701409,7.384289005394021,7.293973963738325,6.933313066342232,1690.4467038953696,0.9170863379035241,0.3200768234489493,24192,6
catboost_diff_g12,Здоровье,95.90868480207912,129.96843670965828,6.507835488220977,7.098302864595434,7.093199657857836,1.0630192149591953,0.965344077169535,0.5527008988377525,24192,6
catboost_diff_g12,Маркетплейсы,631.5874091252152,906.5718858655368,13.365850154011728,14.11300974417942,12.942358883368318,309.29976578071523,0.7067608796757594,0.4715458127428993,24192,6
catboost_diff_g12,Общественное питание,116.60264610692353,175.17893094450378,9.291037093906391,14.654169493353109,14.242462160458153,15.333735784907837,0.9829715691950566,0.19072070077187664,24192,6
catboost_diff_g12,Продовольствие,1342.8545825406816,1743.677063951551,10.676775769670135,10.896024836357764,10.065895073752968,1271.7250152729473,0.6792480987129369,-0.6564427391304133,24192,6
catboost_diff_g12,Транспорт,137.49050903396903,184.62205021801879,7.686498607072083,8.60600762474772,8.456774722196302,40.581398481264756,0.9638940586615987,0.15263217401617502,24192,6
catboost_diff_g123,Все категории,2834.5786665106343,4142.512484641401,9.249218852585944,9.025261542095924,8.412288267086566,2464.863415600032,0.8681790627465621,0.0006981478613546921,24192,6
catboost_diff_g123,Здоровье,99.68466641396881,134.52406855279378,6.764052818147212,7.588644550158295,7.726978745048601,-20.471109114406232,0.9628719906423148,0.45712530503911175,24192,6
catboost_diff_g123,Маркетплейсы,644.5170580617012,925.3423744897723,13.639471425956346,14.356241736090517,13.14899777414521,327.427295406751,0.6944921912903141,0.45607985495080916,24192,6
catboost_diff_g123,Общественное питание,109.94227349031758,168.9021996110788,8.76033070681995,14.070366206606765,13.320114889288337,28.228617134626887,0.9841699788018629,0.31038264727283227,24192,6
catboost_diff_g123,Продовольствие,1527.7429207209289,2000.828660312916,12.146787009042464,12.302488670766,11.263270255208775,1460.3388674520781,0.577665141158464,-1.0499830383762219,24192,6
catboost_diff_g123,Транспорт,132.5132607221806,178.0603799572489,7.408242220617353,8.24039565145353,8.15288575093703,33.26745990951849,0.9664149402865161,0.2083962138794514,24192,6
catboost_diff_g1234,Все категории,2590.2007783090794,3721.4643331080683,8.45181478071681,8.26197926527714,7.77917690534914,2129.7506725111407,0.8936140036484709,0.1656244721343777,24192,6
catboost_diff_g1234,Здоровье,98.6856267144707,132.69026926053363,6.6962634826563505,7.517794824379253,7.657118123118933,-22.889627228568244,0.9638773312745299,0.46759763521201514,24192,6
catboost_diff_g1234,Маркетплейсы,655.87704710835,930.9786224521591,13.87987506471638,14.73678120355677,13.350440369736443,387.95939526953885,0.690759169003808,0.4476218940401754,24192,6
catboost_diff_g1234,Общественное питание,103.86976772212498,159.44422937117412,8.276466247230402,13.66472668504787,13.325427076569188,20.214002548249926,0.9858932003875098,0.25027466386530217,24192,6
catboost_diff_g1234,Продовольствие,1699.9288303194464,2226.350082865455,13.515803707784208,13.644391715762364,12.377780825900283,1646.026732041801,0.4770934984440012,-1.470688171833579,24192,6
catboost_diff_g1234,Транспорт,140.3469257501887,188.93923098134118,7.846188488684314,8.702858543498149,8.510169306814927,49.19916755425728,0.9621857213642698,0.14783753341311523,24192,6
catboost_diff_g1234_dir,Все категории,2367.1004370368787,3451.064625408473,7.723839259383555,8.098187730508931,7.811738075771732,1213.5842253557962,0.9085122541191093,0.047049141311001574,24192,6
catboost_diff_g1234_dir,Здоровье,139.3399233133123,188.04330019795998,9.45484029663918,10.687839842661786,11.356089757883577,-31.561857133331596,0.927453342670721,-0.686236820982038,24192,6
catboost_diff_g1234_dir,Маркетплейсы,650.2391991742367,921.3766302940318,13.760565164630128,14.677968526260637,13.898824358706454,263.3568499052783,0.6971052124720721,0.3925778583432581,24192,6
catboost_diff_g1234_dir,Общественное питание,134.79757126296118,198.07600579815477,10.740830303492558,17.611936414321985,17.541083220303953,12.454784896586524,0.978229188107669,-0.7030718730890844,24192,6
catboost_diff_g1234_dir,Продовольствие,1490.6484229664877,2014.3636794751912,11.851855867605412,12.037013838800773,10.987125149089039,1414.636793876452,0.5719318716357805,-1.079646223742762,24192,6
catboost_diff_g1234_dir,Транспорт,145.8537023100064,195.09468354166592,8.154048505014883,9.234719258100226,8.909030117221814,66.51655290729948,0.9596816822930824,0.05051420414582353,24192,6
catboost_diff_g1234_lmae,Все категории,2584.937532451985,3712.8946995622296,8.434640830534239,8.363101364546083,7.830911328794031,2155.7316262617187,0.8941034020260124,0.11240900144792576,24192,6
catboost_diff_g1234_lmae,Здоровье,102.97865478712625,138.13796860414195,6.987564739688612,7.891658158972187,8.131713768813892,-26.640174177301574,0.9608503568427053,0.38329780124867396,24192,6
catboost_diff_g1234_lmae,Маркетплейсы,736.1924527050709,1041.4027920109552,15.579534780465435,16.328084348697708,14.739720036605231,408.94028669704335,0.6130499654643102,0.3375434968517338,24192,6
catboost_diff_g1234_lmae,Общественное питание,120.37651281078274,180.6318499305668,9.591743267425487,14.951371882595685,14.797113114175703,26.99211918013408,0.9818949576470493,0.09493396682929678,24192,6
catboost_diff_g1234_lmae,Продовольствие,1169.870482469685,1588.2868169377466,9.301412813629241,9.359144621861907,8.701620467420499,1082.051175213059,0.7338692904532254,-0.33077783129241944,24192,6
catboost_diff_g1234_lmae,Транспорт,143.47285011473957,193.97819516822594,8.020945375125082,8.660780202122355,8.486684737515002,57.45866282054054,0.9601418294006572,0.1575171639172862,24192,6
catboost_diff_g1234_m1,Все категории,2805.204324493518,4174.453048942833,9.153370492059944,8.906245067957554,8.293695235765265,2421.14835704666,0.8661384329225559,0.0026866025078639,24192,6
catboost_diff_g1234_m1,Здоровье,98.25443605050921,134.09049920624034,6.667005257388127,7.156332898797626,7.094811979115703,12.088142941367261,0.963110931165054,0.5555886714689048,24192,6
catboost_diff_g1234_m1,Маркетплейсы,671.5989959404171,938.4428392215809,14.212587859782227,14.997533139061389,13.738248855638274,315.3047227661277,0.6857805501210414,0.43601714226941957,24192,6
catboost_diff_g1234_m1,Общественное питание,119.46361108507784,177.92374512177764,9.519002175522328,14.71487995298423,14.578140599430748,9.29082260623753,0.9824337641860976,0.1802042574603765,24192,6
catboost_diff_g1234_m1,Продовольствие,1721.0794472329476,2280.3555905288044,13.683968151731957,13.819637719877301,12.486369643835218,1676.1645665516155,0.4514170839304821,-1.5890505321666186,24192,6
catboost_diff_g1234_m1,Транспорт,124.15953015100806,166.68615287255986,6.941221341501187,7.895601956430721,7.787934746692948,30.58525643061969,0.9705686231519783,0.2516724000871211,24192,6
catboost_diff_g1234_s1,Все категории,2711.686244081961,3947.9494041126572,8.848221369680848,8.685735692579161,8.122039964656505,2188.001744645773,0.8802708498902552,0.05292156544912452,24192,6
catboost_diff_g1234_s1,Здоровье,101.03702425011492,135.0835949737451,6.855816377797804,7.664295778803641,7.827267291562092,-24.766189155578267,0.9625624950209847,0.4524503305988027,24192,6
catboost_diff_g1234_s1,Маркетплейсы,678.1859825569627,962.6895107595446,14.351983729318594,15.237025064778207,13.73191626756379,416.439717973353,0.6693337317799848,0.41988508986409245,24192,6
catboost_diff_g1234_s1,Общественное питание,117.82673017655742,179.0256983090164,9.388573563932976,14.673810965518404,14.252107342434256,25.675046297566283,0.9822155008745771,0.18733934291119425,24192,6
catboost_diff_g1234_s1,Продовольствие,1586.7998551500305,2017.3657361776932,12.616337215551535,12.831607508217171,11.742735851729607,1537.7048041681558,0.5706549995356397,-1.1435179474240642,24192,6
catboost_diff_g1234_s1,Транспорт,143.11672755702116,191.17417581588361,8.001036106019292,9.07199844060038,8.807399161236512,51.453093940254334,0.961285827006647,0.08406587714136726,24192,6
catboost_diff_g1234_s2,Все категории,2612.782046202815,3814.071315428472,8.525497367545537,8.36184530016755,7.837693595275011,2104.6861193967316,0.8882533888058322,0.11841049259114367,24192,6
catboost_diff_g1234_s2,Здоровье,97.63754015578917,132.0899661701889,6.625146097245523,7.3310065567534695,7.405004661242534,-13.893986338111143,0.9642034365470654,0.5079054463901402,24192,6
catboost_diff_g1234_s2,Маркетплейсы,678.4267469117675,947.9753786187202,14.357078859845664,15.160699712068107,13.78608940680758,362.19694489401405,0.6793645552936884,0.42973591644344145,24192,6
catboost_diff_g1234_s2,Общественное питание,105.31636301734603,162.54512611787152,8.391732675536364,13.396836782431185,13.04336805065576,13.050603614008256,0.9853391621924544,0.3164086048139523,24192,6
catboost_diff_g1234_s2,Продовольствие,1643.1166636214596,2169.3297475188615,13.064101213180587,13.106230758754322,11.931322306034797,1574.7495704305902,0.5035354161141714,-1.3026428074854643,24192,6
catboost_diff_g1234_s2,Транспорт,134.8776892445301,182.11523272736557,7.5404271741189115,8.496623942442747,8.36688214334703,34.43025270428192,0.9648679024815927,0.16376518299293963,24192,6
catboost_diff_g1234m,Все категории,2889.3452941421433,4201.114403782151,9.427922139521165,9.230256012721917,8.576907695509455,2474.6600106898422,0.8644230811374305,-0.054067526902358054,24192,6
catboost_diff_g1234m,Здоровье,96.91830497608622,133.75668858696815,6.5763427564791765,7.123858629355902,7.0723422488664855,11.342649685898396,0.9632943690004294,0.5470557738018651,24192,6
catboost_diff_g1234m,Маркетплейсы,819.8095880817802,1157.0600050798862,17.349066733771423,18.461502619939605,16.171172142948116,578.7083639871563,0.5223286668366167,0.22422775431826936,24192,6
catboost_diff_g1234m,Общественное питание,112.37358688199029,172.06729767948877,8.954060640600598,14.254650692479606,13.296650001798326,36.98523153116761,0.983571134962956,0.31365751965003585,24192,6
catboost_diff_g1234m,Продовольствие,1892.888134936597,2483.254317200038,15.04998563250976,15.15496919542381,13.607829299523768,1848.059981192148,0.3494517276884376,-1.9843042522068908,24192,6
catboost_diff_g1234m,Транспорт,136.42421964430747,184.42599301252227,7.626886987579537,8.588284277422584,8.421048193132215,41.56648703444644,0.9639707025003205,0.14734154706681335,24192,6
catboost_diff_g123_m1,Все категории,2846.60329214651,4303.817851444274,9.288455157946112,8.978296537514327,8.353258717547375,2430.7233822751828,0.8577132340254381,-0.0190593643433965,24192,6
catboost_diff_g123_m1,Здоровье,94.8252137069087,129.9536872677322,6.434317102913509,6.93790464587736,6.928611648373731,0.33916683252471763,0.9653519425640866,0.569519172106393,24192,6
catboost_diff_g123_m1,Маркетплейсы,638.7245768972949,903.200952534418,13.516889129120152,14.246336774290771,13.048071052219479,345.70590903001295,0.7089375449242727,0.4748894757678246,24192,6
catboost_diff_g123_m1,Общественное питание,121.54198453204414,180.21695132719063,9.684609436038926,14.962541804341924,14.827998207583795,9.00985965081721,0.9819780341344102,0.13882124089263193,24192,6
catboost_diff_g123_m1,Продовольствие,1625.8646513954834,2157.6178978852367,12.926933817315685,13.065516188725285,11.865060084269388,1584.8191666936364,0.5088816044964457,-1.3403666194488593,24192,6
catboost_diff_g123_m1,Транспорт,121.92987964749328,163.87571904415856,6.816571243033012,7.811021425579908,7.7109303280911865,25.91772853684025,0.9715527195829353,0.26141030681798616,24192,6
catboost_diff_g123_rel,Все категории,3004.5361150111557,4365.637870181289,9.80378932733785,9.683153398753026,8.95017480186184,2773.461246651818,0.8535962639677609,-0.13448497806338922,24192,6
catboost_diff_g123_rel,Здоровье,95.16036840379851,129.67973259353352,6.457058856019231,7.09945372733974,7.138062390407483,-6.61661554557717,0.9654978713556651,0.5371423908749047,24192,6
catboost_diff_g123_rel,Маркетплейсы,704.0153860402253,1004.0365488320857,14.89859363878934,15.749998959305003,14.109083324628285,457.5269150154015,0.6403198597842232,0.38668839767334795,24192,6
catboost_diff_g123_rel,Общественное питание,109.7930644891998,166.24549003993624,8.748441556698447,14.029903954705283,13.511734552834506,26.265257957819458,0.9846640518867011,0.2844168647282176,24192,6
catboost_diff_g123_rel,Продовольствие,1586.423593596187,2042.3885988547995,12.613345633072415,12.7152385629311,11.647045597242753,1537.24428333016,0.5599379836055165,-1.1047491265858427,24192,6
catboost_diff_g123_rel,Транспорт,134.41124070083148,180.7110557644001,7.514350057184793,8.328079796257338,8.186660734962606,41.03830097003314,0.9654075772616288,0.20587307952278244,24192,6
catboost_diff_g1_m1,Все категории,2885.2081770102477,4415.495491253792,9.414422742865227,9.076827173804274,8.4308978371641,2388.8435714241095,0.8502331710322621,-0.0619325545061542,24192,6
catboost_diff_g1_m1,Здоровье,100.25886478685686,137.07436420038817,6.803014759457021,7.213120411226239,7.122105283371911,18.917120473895523,0.9614509075681846,0.5583370828890037,24192,6
catboost_diff_g1_m1,Маркетплейсы,604.8228430295918,860.4509790770898,12.799450041053928,13.636214883981154,12.593751818574148,266.942352149638,0.7358384035535193,0.49986169080663845,24192,6
catboost_diff_g1_m1,Общественное питание,112.80945391242183,171.77351189923138,8.988791042379274,13.883294040274787,13.58854924484732,18.165981155127056,0.9836271879908756,0.2686985553450999,24192,6
catboost_diff_g1_m1,Продовольствие,1408.486040558082,1869.9948152805237,11.19859873531286,11.303542063371303,10.392130878672784,1365.0982874136282,0.6310921180356126,-0.8008470227141977,24192,6
catboost_diff_g1_m1,Транспорт,125.15564700586732,167.9231502767563,6.99690991863392,8.069953678864989,7.958097387723377,24.871687679514675,0.9701301749100167,0.21588726901349142,24192,6
catboost_diff_lmae,Все категории,2726.713976723406,3936.250614689291,8.897256801189963,8.729185269068337,8.17687644551111,2207.206828975392,0.880979375089145,0.054341276342880995,24192,6
catboost_diff_lmae,Здоровье,102.81831256194667,138.13829173013872,6.976684798779847,7.772255967942593,8.002633100819548,-28.134232097696916,0.9608501736883939,0.42242722286258994,24192,6
catboost_diff_lmae,Маркетплейсы,619.0177088656659,910.3517248790289,13.099846228470092,13.800082009033737,12.929603077773976,267.38643863396254,0.7043105338271798,0.443838644995008,24192,6
catboost_diff_lmae,Общественное питание,119.86873780207809,185.86716885978933,9.55128315267897,14.158404833368065,13.502282318329224,45.395529155260206,0.9808302586490069,0.3244489774443272,24192,6
catboost_diff_lmae,Продовольствие,826.4800177710879,1136.0193898678694,6.57118197501297,6.64419093444409,6.343979012790184,577.5977549244644,0.8638528302283133,0.2679532297843925,24192,6
catboost_diff_lmae,Транспорт,143.57713873222838,196.589968817969,8.026775699841265,8.83613266110386,8.682751915427268,43.96677468981512,0.9590612817849562,0.10811193171745137,24192,6
catboost_diff_m1,Все категории,2713.8655819483192,4122.914888421066,8.855332540423023,8.532354904137247,7.9881118858487214,2153.832965011103,0.8694233620638316,0.061049633367667555,24192,6
catboost_diff_m1,Здоровье,99.55030184058961,136.55493790264515,6.754935577713758,7.119027334799568,7.034099447990087,18.92229046995792,0.9617425080342713,0.5689355991474849,24192,6
catboost_diff_m1,Маркетплейсы,677.0673598004678,954.0700908097217,14.328311084921062,14.7859627381222,13.974809244440966,150.18030398342063,0.6752284507155892,0.42141723162063127,24192,6
catboost_diff_m1,Общественное питание,125.26207647875269,188.0792440282495,9.98103077314921,14.390986896632892,14.3930160869813,3.7938796767678387,0.9803712507727457,0.23006229291756952,24192,6
catboost_diff_m1,Продовольствие,1434.6227843750464,1928.590750028215,11.406406905096269,11.450288098836042,10.513556929465718,1335.671344174835,0.6076105805372993,-0.8691322989867862,24192,6
catboost_diff_m1,Транспорт,120.30284640757783,163.61228682406622,6.725610864602961,7.744088558034115,7.718687951082456,5.032873537879397,0.9716441047739488,0.25215730320792873,24192,6
catboost_diff_mac,Все категории,3222.831708929396,4345.129360544691,10.5160869772706,10.348275995104773,9.612275549220422,2998.371766323124,0.8549685582475066,-0.15120091231504285,24192,6
catboost_diff_mac,Здоровье,100.38736329878857,144.21515235538433,6.81173396124629,7.148342525164426,6.944550586399445,37.35321665884002,0.9573299193462688,0.5641925975755377,24192,6
catboost_diff_mac,Маркетплейсы,833.9184187351841,1157.810763319406,17.647642217761693,18.57056067274571,16.44247293770316,497.36190189668497,0.5217085917645333,0.22437004096609958,24192,6
catboost_diff_mac,Общественное питание,109.53464737170513,168.4710274582469,8.727850574379385,13.440603027746517,12.77817045818655,15.060628003458389,0.9842506971387507,0.3704341862818492,24192,6
catboost_diff_mac,Продовольствие,1383.521983722679,1722.0069468639183,11.000114371779903,11.322466456747131,10.478246906403315,1321.4617322103818,0.6871710566466042,-0.7005967797566337,24192,6
catboost_diff_mac,Транспорт,137.99459399336132,188.72746167016112,7.714679812927226,8.827358638581927,8.589192047980376,40.67673021289825,0.9622704408366293,0.09807826756155535,24192,6
catboost_diff_rel,Все категории,2615.855131827119,3758.2931918256513,8.53552483364755,8.490112799126274,7.9720506030502225,2093.148740830842,0.8914979215002791,0.10852680384369895,24192,6
catboost_diff_rel,Здоровье,92.70906739744385,128.0595837824185,6.290727061204328,6.773261938991615,6.732539053586649,5.765522508010991,0.9663545881021252,0.5926574716987345,24192,6
catboost_diff_rel,Маркетплейсы,647.966626643835,938.3543754305224,13.712472274451168,14.384308370588531,13.125987896183721,361.31313888892157,0.6858397881106832,0.45324393140591657,24192,6
catboost_diff_rel,Общественное питание,113.1301162843611,176.1148537879114,9.01434180037473,13.440362761421548,12.963973803460412,22.976154596809614,0.9827891286340281,0.353715949299519,24192,6
catboost_diff_rel,Продовольствие,1498.51651942326,1969.3198941717262,11.914413573179276,11.959081637315327,10.98480966011376,1439.874632040712,0.5908621431972867,-0.9304396519889278,24192,6
catboost_diff_rel,Транспорт,132.5496947055171,179.69764763245533,7.410279086755486,8.362269153058724,8.175843851524006,38.66245916544887,0.9657944705432077,0.19490745555457656,24192,6
catboost_diff_s1,Все категории,2438.936620891838,3495.489942998501,7.958240440010174,7.866199118796417,7.453529783849571,1767.653464244472,0.9061416625469138,0.22491292755379466,24192,6
catboost_diff_s1,Здоровье,97.29156276447263,132.10770394651902,6.601669975661972,7.178307556298257,7.24413837973256,-12.35773364042788,0.9641938219777422,0.5397022559968991,24192,6
catboost_diff_s1,Маркетплейсы,652.5705683016952,951.3723917329206,13.80990232677283,14.324486947027705,13.348627320784292,220.1364562352168,0.6770624820927519,0.44417372384847587,24192,6
catboost_diff_s1,Общественное питание,111.88108216938546,173.08563533008942,8.914817281152827,13.358501176892531,13.076659055384287,6.826625625832921,0.9833760991993997,0.33657102900359914,24192,6
catboost_diff_s1,Продовольствие,1334.7489780920152,1736.550989189357,10.612329684218114,10.84548713341162,10.034686172491186,1220.9562244864649,0.6818644448956874,-0.6429989405798655,24192,6
catboost_diff_s1,Транспорт,133.10756729694623,179.42883623629646,7.441467326053402,8.586262701349407,8.440984117959859,24.541863317663434,0.9658967307444946,0.14053247117687806,24192,6
catboost_diff_s2,Все категории,2747.4119990601785,3847.25363708782,8.964794365297925,8.964197504586506,8.402176867727327,2295.147560391062,0.886300545508912,0.05120927891149807,24192,6
catboost_diff_s2,Здоровье,97.76232752725882,135.6243100561166,6.63361348146842,7.11575659070389,7.0128154732934185,18.489090700190346,0.9622621841184681,0.5594054696598643,24192,6
catboost_diff_s2,Маркетплейсы,651.0536757403056,916.2750483437259,13.777801372285234,14.645926170295395,13.490055988632127,295.07501328893306,0.7004501304862831,0.44170154801093675,24192,6
catboost_diff_s2,Общественное питание,108.0228203319551,167.15575260220723,8.607386403326116,13.239357049070188,12.871888329777386,17.602359458018626,0.9844956508421501,0.34926603678428914,24192,6
catboost_diff_s2,Продовольствие,1295.080679029679,1675.296857052813,10.296934748862224,10.49186810764623,9.738875774919856,1193.075840122614,0.7039120882862839,-0.5272034424074252,24192,6
catboost_diff_s2,Транспорт,135.3381716757019,184.31888479825935,7.56617075155311,8.657469791752375,8.521418590806494,25.460753126908934,0.96401253947847,0.12578097148438028,24192,6
catboost_logdiff,Все категории,2707.337031692232,3826.439231909567,8.834029907046828,8.688503793869144,8.240390236630613,1977.9013866531366,0.8875274906941086,0.099062995506213,24192,6
catboost_logdiff,Здоровье,102.79499481084362,138.3899864187778,6.975102584526288,7.614859440221609,7.703881171064173,-3.809006283120099,0.9607073779396581,0.47426381341758084,24192,6
catboost_logdiff,Маркетплейсы,753.769587709266,1083.292518958598,15.951507605142707,16.733330445762025,15.207985891086484,413.316339975252,0.5812942718369446,0.27888108642139775,24192,6
catboost_logdiff,Общественное питание,118.272699031151,181.1121379401896,9.424108891038301,13.622065893695146,13.81631149721626,18.591051045958906,0.9817985494519847,0.2784926367961882,24192,6
catboost_logdiff,Продовольствие,1232.936619399905,1545.6184685722883,9.802839409939697,10.053558341264733,9.389391874796672,1103.3595597537872,0.7479761008285616,-0.388826769225068,24192,6
catboost_logdiff,Транспорт,136.52917165842769,184.70689995965273,7.632754399926851,8.656372824012786,8.531566037044614,30.672914087457425,0.963860863452469,0.12546859228534357,24192,6
catboost_logdiff_ds,Все категории,2054.260032271039,2576.582134544125,6.703042269765075,6.858179945659764,7.068800373487758,-646.2793425491308,0.9490029886146145,0.3659124251628908,24192,6
catboost_logdiff_ds,Здоровье,241.77660524029633,315.8011233766479,16.405629740950058,16.138417950890776,17.259555232660542,-97.66528313676788,0.7953889808043589,-1.069172354995457,24192,6
catboost_logdiff_ds,Маркетплейсы,753.769587709266,1083.292518958598,15.951507605142707,16.733330445762025,15.207985891086484,413.316339975252,0.5812942718369446,0.27888108642139775,24192,6
catboost_logdiff_ds,Общественное питание,257.094225756408,438.41122459387316,20.48557273684459,20.901128567968218,22.46734797388877,-112.20190056175092,0.8933467202469634,-0.4254344650439916,24192,6
catboost_logdiff_ds,Продовольствие,1099.3236478909473,1305.9151089316401,8.740508644369072,8.825408316862932,9.101170775801359,-359.756501425418,0.8200851452557354,-0.2516683928755532,24192,6
catboost_logdiff_ds,Транспорт,124.27706064252453,172.39269104224502,6.947791962016576,7.519922206865758,7.550146765495122,-9.287103425365475,0.9685189483903012,0.2874401059845284,24192,6
catboost_logdiff_ds_g1,Все категории,1931.6092017255169,2443.835428804381,6.302833100208513,6.721512164612435,6.996934042691516,-806.1055438318385,0.9541224036058051,0.3179492898074183,24192,6
catboost_logdiff_ds_g1,Здоровье,240.95325503711928,308.3861534409534,16.349761727719276,16.346416406866705,17.568940432183275,-102.16787781300712,0.8048846589088232,-1.1614270942796021,24192,6
catboost_logdiff_ds_g1,Маркетплейсы,715.4433499104939,1031.8007472576344,15.140435782012284,15.804543797666248,14.374100978200305,445.73957737408654,0.6201526590891602,0.3523322427862734,24192,6
catboost_logdiff_ds_g1,Общественное питание,238.8120631119108,391.56522448214105,19.02882834074321,19.58213971304331,21.08567118623409,-98.79660122821124,0.9149216390517735,-0.24510369563279877,24192,6
catboost_logdiff_ds_g1,Продовольствие,1227.543129166694,1400.299685864838,9.759956817450083,9.854670896818675,10.039435622690442,-192.3908112490882,0.7931387654409271,-0.4005765138430726,24192,6
catboost_logdiff_ds_g1,Транспорт,115.98897381714724,156.91122153434483,6.484440940290302,7.319790588447359,7.407107100210775,-11.147961322614048,0.9739192822016824,0.2998262804707328,24192,6
catboost_logdiff_ds_g12,Все категории,1984.6286238539092,2475.805213860452,6.475835262574607,6.91987626258502,7.183804167692315,-719.3495848836019,0.9529142286186024,0.2988432539895597,24192,6
catboost_logdiff_ds_g12,Здоровье,243.19883280077494,312.18420628177967,16.502134275544698,16.48095433856717,17.874060376081935,-113.05497849503249,0.8000490217221327,-1.2818108479650152,24192,6
catboost_logdiff_ds_g12,Маркетплейсы,705.4184918321188,1015.04025839474,14.928286602096902,15.6697430229708,14.268232293583297,437.1398366478533,0.6323928503800474,0.3597631498459096,24192,6
catboost_logdiff_ds_g12,Общественное питание,237.9887861856926,387.60340094120136,18.963228659128468,19.91331562254615,21.30011731853206,-96.84154598922392,0.9166345605908129,-0.2655492512597266,24192,6
catboost_logdiff_ds_g12,Продовольствие,1194.8189611535,1370.9079863222773,9.499773318306909,9.606565980808192,9.81567453823165,-223.16994482942792,0.801731490216196,-0.3608705297991883,24192,6
catboost_logdiff_ds_g12,Транспорт,113.10290533375165,152.97560437670788,6.323093356857805,7.2243989708228336,7.326072506656778,-13.442244748088049,0.9752111780190311,0.30189231319956655,24192,6
catboost_logdiff_ds_g123,Все категории,1825.246886666172,2359.987902498033,5.9557732915412185,6.404652827291706,6.687847242341935,-926.0918366776997,0.9572165013188961,0.3471761342545895,24192,6
catboost_logdiff_ds_g123,Здоровье,253.81840754580023,323.7673845870244,17.22272016970131,17.101093870404572,18.367541876493153,-99.14677232425903,0.7849359244603134,-1.312591614845552,24192,6
catboost_logdiff_ds_g123,Маркетплейсы,756.0073201263964,1106.6060596484433,15.998863197955371,16.649952844553308,14.921599399471944,507.16985376170726,0.5630784129998199,0.29942607461570825,24192,6
catboost_logdiff_ds_g123,Общественное питание,233.2221986149679,388.860701901647,18.583421309899485,19.472105621179423,20.85723930087354,-105.29546561743243,0.9160928447750288,-0.22798931259244237,24192,6
catboost_logdiff_ds_g123,Продовольствие,1085.1728525020653,1252.72114310646,8.627998420779766,8.768547002615819,8.948564479707798,-217.6193280908298,0.8344436113939299,-0.15199476869339712,24192,6
catboost_logdiff_ds_g123,Транспорт,115.95820871560713,157.21357552337088,6.482720996769867,7.358454333904257,7.464161382963888,-12.166776932339715,0.9738186749102473,0.28592230097262006,24192,6
catboost_logdiff_ds_g1234,Все категории,1897.2553522479886,2396.1244504713877,6.190736626753572,6.621809515565815,6.887914023225085,-758.0512842277296,0.9558962533384873,0.3323085769258729,24192,6
catboost_logdiff_ds_g1234,Здоровье,255.97825682029784,321.3111496464398,17.369275654085133,17.302138879829457,18.595626685839687,-96.50586035313684,0.7881866789649112,-1.365041834153316,24192,6
catboost_logdiff_ds_g1234,Маркетплейсы,715.7156118273309,1036.288173592234,15.14619747379162,15.827420666135906,14.354029407779342,458.1656408553383,0.6168414702107894,0.35068857207766724,24192,6
catboost_logdiff_ds_g1234,Общественное питание,273.3386748069304,437.5892611696351,21.779949697724852,22.15309099346438,23.0381245633233,-63.33383133310211,0.8937462671100602,-0.40391994386249097,24192,6
catboost_logdiff_ds_g1234,Продовольствие,1107.471182003871,1284.0916306445552,8.805288104431561,8.933092479209945,9.151579259525553,-259.0388823042792,0.8260481066071357,-0.21609943118065766,24192,6
catboost_logdiff_ds_g1234,Транспорт,111.3033243328995,151.23585842638096,6.222486580771569,7.157778584103264,7.294930252218575,-21.189769802712487,0.9757718036406287,0.30208250488926636,24192,6
catboost_logdiff_ds_g123_m1,Все категории,1703.1792634355845,2192.999467128141,5.557467125120886,5.9120846464822625,6.096395667971832,-509.62964874829055,0.9630568608676356,0.4629709064113904,24192,6
catboost_logdiff_ds_g123_m1,Здоровье,212.88868329962702,268.1732704175595,14.445454351469902,14.550596553521478,15.46228923095874,-87.66214269970426,0.852452228601385,-0.6625001267548245,24192,6
catboost_logdiff_ds_g123_m1,Маркетплейсы,821.9372448920735,1183.5102952908737,17.394092872188164,18.169150590825282,16.159029367760002,575.138166873723,0.5002399979151717,0.20332767245823213,24192,6
catboost_logdiff_ds_g123_m1,Общественное питание,227.11198599546853,364.7076868804961,18.096552323689977,18.71307999479413,19.458578068740252,-69.88320763199941,0.9261924618784166,-0.05495354256231111,24192,6
catboost_logdiff_ds_g123_m1,Продовольствие,1097.1165583174636,1249.7149668302711,8.722960504171287,8.85614259687495,8.826235923141443,49.75561681514247,0.83523723498833,-0.07534465301163062,24192,6
catboost_logdiff_ds_g123_m1,Транспорт,125.94284789512272,173.5535181030628,7.040918909372709,7.687268904585986,7.743830627610536,-4.219969681973795,0.9680935580410343,0.2535934611400984,24192,6
catboost_logdiff_ds_g123n,Все категории,1939.1867964502915,2465.701777514496,6.327558761490624,6.760657667918076,7.0566891416006445,-866.7811799303071,0.9532977461904351,0.29278006058667216,24192,6
catboost_logdiff_ds_g123n,Здоровье,257.6734923598485,324.20636723737675,17.484305007557634,17.374663212544604,18.678796071833787,-96.88765042316113,0.7843523363334689,-1.3852256854190617,24192,6
catboost_logdiff_ds_g123n,Маркетплейсы,727.0828805891531,1051.3683467237083,15.386755168159416,16.154017381341433,14.674162955825388,464.6750834289597,0.6056088056915565,0.3205141483133651,24192,6
catboost_logdiff_ds_g123n,Общественное питание,238.2914511015873,382.3547673445907,18.987345358487275,20.14285324712444,21.348638712255543,-88.45445870439046,0.9188770183563443,-0.250221406554753,24192,6
catboost_logdiff_ds_g123n,Продовольствие,1187.933155148616,1361.7271391355885,9.445025613184214,9.598943120513686,9.808756274729902,-236.48178124318756,0.8043781708200594,-0.36251275825439544,24192,6
catboost_logdiff_ds_g123n,Транспорт,113.83435538485014,154.98432792928807,6.363985559806318,7.234142548979418,7.378109331696938,-22.91351861304171,0.9745558995164014,0.2915317208292374,24192,6
catboost_logdiff_ds_m1,Все категории,2291.274849069784,2823.478492885408,7.476420669093733,7.517629244685481,7.588278899068608,28.185216386487433,0.9387613354747233,0.3292385854853531,24192,6
catboost_logdiff_ds_m1,Здоровье,217.47892986896719,282.3133851244666,14.756923219855311,14.68655244579404,15.644739357574375,-95.18997560417672,0.8364823576878387,-0.7212852369916629,24192,6
catboost_logdiff_ds_m1,Маркетплейсы,746.4059492817192,1038.9379642511535,15.795675987240077,16.53243612334489,15.097792380258914,407.02768413632595,0.6148794909698097,0.33249404700002994,24192,6
catboost_logdiff_ds_m1,Общественное питание,218.3451021519513,367.0968366677566,17.397996624418838,18.07424249686366,19.057020873296747,-89.85238487714159,0.9252222884989075,-0.04583982931524444,24192,6
catboost_logdiff_ds_m1,Продовольствие,1077.5170026582446,1234.1538645952926,8.567128246770242,8.688990322956043,8.613689798668588,88.66186715743585,0.8393148492850845,-0.027042960299066054,24192,6
catboost_logdiff_ds_m1,Транспорт,133.3828915025457,190.36466440261552,7.456859509395388,7.7835389148413245,7.842172855526558,-16.106743665203467,0.961612996848992,0.24222380875165617,24192,6
catboost_logdiff_dsp,Все категории,1464.4530608901684,1911.7019767996803,4.77850448094513,5.016676426311162,5.090348397399529,-171.6377001792863,0.971926463734214,0.6366722526279542,24192,6
catboost_logdiff_dsp,Здоровье,170.2754605832036,238.01034100000103,11.553955592690206,11.55976269953332,12.470789898471295,-134.09355272021756,0.8837766656951747,-0.19889774889913858,24192,6
catboost_logdiff_dsp,Маркетплейсы,1037.5535503907945,1408.6244172037796,21.957032519843757,22.572055462782366,19.2689271367136,943.0534026664072,0.2920414374140128,-0.010164955504862183,24192,6
catboost_logdiff_dsp,Общественное питание,231.78172875580967,383.2399387885827,18.468642963601745,20.003812242878237,21.92057353976224,-119.09824185778132,0.9185009756216793,-0.382030207760111,24192,6
catboost_logdiff_dsp,Продовольствие,618.6852986751823,775.8135775049668,4.91904655338673,5.048003084864387,5.154033850822817,-264.1509437800771,0.936503193819547,0.5460398936059039,24192,6
catboost_logdiff_dsp,Транспорт,118.75862979907555,167.78152722607297,6.639280405186756,7.427734336408058,7.502997954058039,-26.647181818555975,0.9701805368986859,0.2668844824636911,24192,6
catboost_logdiff_dsp_g123,Все категории,1382.9390871564005,1846.6696061414561,4.512524710648029,4.806816666320493,4.887837842931956,-212.55579705639107,0.9738039901017271,0.6433269906699592,24192,6
catboost_logdiff_dsp_g123,Здоровье,165.22937380148278,219.418218738086,11.211555916347095,11.548557406526077,12.435235795294567,-125.60388874850334,0.9012249978726453,-0.1844790347911991,24192,6
catboost_logdiff_dsp_g123,Маркетплейсы,1053.8021366565074,1424.3905365383016,22.300890180880497,22.605937043227755,19.371313367437075,956.3923670091739,0.2761050055332396,-0.018088861866835115,24192,6
catboost_logdiff_dsp_g123,Общественное питание,218.94112217414585,376.4541186507076,17.445488206469577,19.726640841193475,22.023594260805083,-143.1628920286132,0.9213615415337033,-0.456342429174285,24192,6
catboost_logdiff_dsp_g123,Продовольствие,601.6606684419644,762.210609921589,4.783687027549085,4.920658881490863,5.014411927137921,-226.33108315399218,0.938710354536442,0.562874493510084,24192,6
catboost_logdiff_dsp_g123,Транспорт,118.41364869740998,160.63112885145082,6.619994006612413,7.451659976510405,7.533313416490508,-11.636692612335217,0.9726680286947769,0.2719053468944703,24192,6
catboost_logdiff_dsp_g123_d4,Все категории,1404.419671583712,1861.8777821145038,4.582615771727743,4.867266600864579,4.93126513204677,-112.78081260738206,0.9733707409658497,0.6464199796043033,24192,6
catboost_logdiff_dsp_g123_d4,Здоровье,167.08644656936218,219.78912329101638,11.337566653413862,11.76245322295808,12.70106705854748,-127.64950002945737,0.9008907771042395,-0.2393436102581361,24192,6
catboost_logdiff_dsp_g123_d4,Маркетплейсы,1090.8503138394506,1455.4394278184805,23.084915285801998,23.481022308036202,20.03469497656913,998.5393402224063,0.2442020912360766,-0.07582649645952655,24192,6
catboost_logdiff_dsp_g123_d4,Общественное питание,241.07718984152828,391.6373035745204,19.209316324248977,21.00192402636073,23.281293533343664,-116.1262685805675,0.9148903138212555,-0.5530265365601732,24192,6
catboost_logdiff_dsp_g123_d4,Продовольствие,637.7531068255511,786.6165662752428,5.070650989702833,5.242801526066301,5.311045038715955,-154.30301505139693,0.9347225311123463,0.5315726465552858,24192,6
catboost_logdiff_dsp_g123_d4,Транспорт,115.89092933793366,157.65907870628274,6.478959698288936,7.407974647880007,7.490130006098844,-4.29764694103762,0.9736700822733954,0.26851752179844235,24192,6
catboost_logdiff_dsp_g123_dir,Все категории,1365.6370297537453,1882.0440936261448,4.45606816653872,4.77109850119251,4.886713966583295,-354.1223351650318,0.9727907650057488,0.6206672795830613,24192,6
catboost_logdiff_dsp_g123_dir,Здоровье,163.10852811001357,214.49090839025638,11.067647000439568,11.60431417111694,12.51479336963201,-122.95378467828554,0.9056114195615813,-0.29430583687876166,24192,6
catboost_logdiff_dsp_g123_dir,Маркетплейсы,1000.4672326476493,1404.3793999131108,21.172200272466462,21.265156202164107,18.67307135869503,781.3283767441122,0.2963020024535211,-0.006922372023327794,24192,6
catboost_logdiff_dsp_g123_dir,Общественное питание,199.16873996975968,352.1286582097347,15.870001348929572,18.649428163341017,20.8278476575171,-130.75143437221618,0.9311960091758071,-0.5247401984392959,24192,6
catboost_logdiff_dsp_g123_dir,Продовольствие,663.1589539734558,841.1495661177629,5.272647942137908,5.306195299965053,5.413310030910987,-251.19703600608025,0.9253579463180475,0.5021391798670183,24192,6
catboost_logdiff_dsp_g123_dir,Транспорт,123.70208772625251,169.4414883300643,6.915647717653228,7.979796279518539,8.014304604741557,-4.67107050071524,0.9695875751850137,0.1448839071478607,24192,6
catboost_logdiff_dsp_g123_l2,Все категории,1482.533877648039,1946.329149707464,4.837502113716039,5.102228757031114,5.158872683389729,-65.49120760958155,0.970900246022396,0.6244295068793972,24192,6
catboost_logdiff_dsp_g123_l2,Здоровье,165.41203697488103,218.4632858713478,11.223950433951892,11.630966934000572,12.548853343801966,-130.1122029359335,0.9020828869142364,-0.20802609895145285,24192,6
catboost_logdiff_dsp_g123_l2,Маркетплейсы,1092.926573929689,1457.1130199261875,23.12885375076494,23.554436999458492,20.043347778557067,1013.7854931877602,0.24246292623062193,-0.06683952099813717,24192,6
catboost_logdiff_dsp_g123_l2,Общественное питание,238.16679175755615,397.18982928732106,18.977412354150193,20.430121437270003,22.80646040331583,-131.3203806920169,0.9124598827742965,-0.5124712215332934,24192,6
catboost_logdiff_dsp_g123_l2,Продовольствие,683.2728532000677,828.2086264214173,5.43256964526824,5.623237062517914,5.666375273319075,-97.44212932816099,0.9276369890892125,0.48324618998743285,24192,6
catboost_logdiff_dsp_g123_l2,Транспорт,117.52091677264278,159.65735465556804,6.570085232949231,7.379767380892395,7.456537209898034,-13.65089251752391,0.9729984066937372,0.2869217631048131,24192,6
catboost_logdiff_dsp_g123_lr,Все категории,1376.0283551262135,1828.1309138161794,4.489975019671394,4.7926518024365805,4.8569545868110025,-116.32165176788763,0.9743273128448637,0.6524093502953864,24192,6
catboost_logdiff_dsp_g123_lr,Здоровье,170.65475026779424,225.92759788102967,11.579692103151059,11.892676821475076,12.83990962107242,-126.30852414728768,0.895277440738828,-0.2626925254661565,24192,6
catboost_logdiff_dsp_g123_lr,Маркетплейсы,1073.330581578174,1435.062450684283,22.714157235911543,23.1454139254041,19.747769926792117,990.2502950887869,0.26521714127532003,-0.042537713812971,24192,6
catboost_logdiff_dsp_g123_lr,Общественное питание,231.832660460402,395.88887858192834,18.47270126221179,20.176858664476814,22.59278941161467,-140.08390890162838,0.9130323992864819,-0.5073465750507893,24192,6
catboost_logdiff_dsp_g123_lr,Продовольствие,624.7233415192342,777.190493047618,4.967053858400823,5.111275190240982,5.193950684416889,-194.12891271676494,0.9362776052835455,0.545715455710254,24192,6
catboost_logdiff_dsp_g123_lr,Транспорт,115.04759369453342,156.05028412897545,6.431812456680509,7.337039661738806,7.430869660895086,-15.787642311890849,0.974204695387286,0.2814656190822269,24192,6
catboost_logdiff_dsp_g123_rel,Все категории,1403.0825154540944,1854.1289957854085,4.5782526366244465,4.861605229178108,4.9362692728110265,-168.19195973740528,0.9735919316980222,0.6435865536652793,24192,6
catboost_logdiff_dsp_g123_rel,Здоровье,168.5200418292542,224.58263113856074,11.434842537525128,11.74822129590945,12.666916943931172,-125.95344657456513,0.896520574551703,-0.23597812166340004,24192,6
catboost_logdiff_dsp_g123_rel,Маркетплейсы,1094.5409456355258,1473.6810368107945,23.163017589374352,23.586373762386625,20.052981596629678,1011.4692109295423,0.22513792616080652,-0.0806301814732171,24192,6
catboost_logdiff_dsp_g123_rel,Общественное питание,236.57455373149074,392.8387643561575,18.85054094036652,20.424286596802137,22.761966629195925,-127.46496328160094,0.9143673156338609,-0.5037455734348748,24192,6
catboost_logdiff_dsp_g123_rel,Продовольствие,638.9573714851523,785.6399889029092,5.080225863933499,5.240592652160462,5.308946665567342,-151.76540685082662,0.9348845132779324,0.535101664864257,24192,6
catboost_logdiff_dsp_g123_rel,Транспорт,116.94083732879756,159.79246400670507,6.537655504756096,7.371423825051984,7.478101910606862,-22.31307596577132,0.9729526873921454,0.278039190997752,24192,6
catboost_logdiff_dsp_g123_s1,Все категории,1383.8422779296827,1840.050367698821,4.5154718185291465,4.82642491920318,4.897015189181766,-147.80947232170251,0.97399144850821,0.645273874654966,24192,6
catboost_logdiff_dsp_g123_s1,Здоровье,161.73444552392857,211.76273561121312,10.974409318826854,11.416091595462772,12.302315536469473,-127.41910742587494,0.9079972614191179,-0.15928393706419985,24192,6
catboost_logdiff_dsp_g123_s1,Маркетплейсы,1047.3975207700657,1431.9968492964795,22.16535369773441,22.381902319982753,19.165189096548673,946.5227861619666,0.26835309592844747,-0.008294814548792218,24192,6
catboost_logdiff_dsp_g123_s1,Общественное питание,219.50637403733694,368.2307105756285,17.490528145130078,19.261986561391968,21.381940913800225,-125.01197999843188,0.9247596343263674,-0.3589357889335305,24192,6
catboost_logdiff_dsp_g123_s1,Продовольствие,613.7488289356908,770.9916032649963,4.8797976420097475,5.008947442934425,5.106197053202799,-226.20434123463212,0.9372900541183269,0.5526953176750585,24192,6
catboost_logdiff_dsp_g123_s1,Транспорт,117.00647938046902,158.8138506844314,6.541325267434868,7.381276196288837,7.484531761265346,-18.50106613684246,0.9732829634073041,0.27910031873548047,24192,6
catboost_logdiff_dsp_g123_s2,Все категории,1436.014348894479,1893.9897707814669,4.685709077437211,4.980266020620796,5.046481903488158,-83.48958595667708,0.9724442648796113,0.6319997657373932,24192,6
catboost_logdiff_dsp_g123_s2,Здоровье,166.3772885865666,220.49448862700416,11.289447095766752,11.608993271932217,12.507533205315408,-125.6057720567181,0.9002536173863358,-0.19784863486700854,24192,6
catboost_logdiff_dsp_g123_s2,Маркетплейсы,1011.4460301346462,1398.2113720957166,21.404537016300047,21.55956921063729,18.544284472414617,903.3932811082701,0.3024697050736783,0.04073678318086993,24192,6
catboost_logdiff_dsp_g123_s2,Общественное питание,226.17267835069802,374.57926943471244,18.021707176847,19.52798751011271,21.584149957608357,-118.86827237826962,0.9221428750882985,-0.3622630646672236,24192,6
catboost_logdiff_dsp_g123_s2,Продовольствие,606.1694041990992,761.1994604618213,4.819535109172744,4.93303799815613,5.031293463270336,-236.52834368557933,0.9388728605009957,0.5669524919021207,24192,6
catboost_logdiff_dsp_g123_s2,Транспорт,117.87144344022036,159.14661127078062,6.589681660084512,7.446480864005261,7.523565576918892,-11.03801932008417,0.9731708863980398,0.27378366099146223,24192,6
catboost_logdiff_dsp_g123_w,Все категории,1419.1844883255405,1849.295744826082,4.630793309707879,4.9146801321114575,4.955693333870883,14.100018438317527,0.9737294307211162,0.6552493090222891,24192,6
catboost_logdiff_dsp_g123_w,Здоровье,172.479773639874,224.8209089129833,11.703528144612404,12.10213259223388,13.007473785656739,-113.9265655996779,0.8963008787783894,-0.29109213998647876,24192,6
catboost_logdiff_dsp_g123_w,Маркетплейсы,1148.508770598951,1490.4342487741005,24.30510156884784,25.065701385476274,21.18340464604353,1090.2003548667444,0.2074200937844185,-0.14495861638521101,24192,6
catboost_logdiff_dsp_g123_w,Общественное питание,230.29576831866797,379.5221961763853,18.350239874113527,20.497741467089124,22.922997990727186,-125.3925450412114,0.9200745212130665,-0.5447330733939242,24192,6
catboost_logdiff_dsp_g123_w,Продовольствие,709.6244548780934,852.2853746164083,5.642086108142149,5.826702731067689,5.857263093856248,-72.98165242857903,0.9233685221038226,0.4612698940755623,24192,6
catboost_logdiff_dsp_g123_w,Транспорт,116.47539984388033,157.94185545267752,6.511634911737479,7.430508025071073,7.5250068547557785,-13.854375128423358,0.9735755470822837,0.26157287636077486,24192,6
catboost_logdiff_dsp_g123_wm,Все категории,1423.8961723701143,1843.5932062127335,4.646167515902038,4.921941095455622,4.9392101432008175,125.7854091683147,0.9738911982033303,0.6649118964053854,24192,6
catboost_logdiff_dsp_g123_wm,Здоровье,169.42578764293157,220.10398354326455,11.496301463395303,12.066547157580915,13.050068687856603,-122.45346877115618,0.9006066146642814,-0.33257030440391944,24192,6
catboost_logdiff_dsp_g123_wm,Маркетплейсы,1130.5501436021646,1449.5598862906752,23.925055491388353,25.29908083340971,21.34659068276846,1077.5029395936722,0.25029615383096626,-0.15321141764811874,24192,6
catboost_logdiff_dsp_g123_wm,Общественное питание,242.61446954631222,374.9721405438422,19.331808593830573,23.32321284474799,26.100923421181765,-110.00759755963186,0.9219794711934742,-1.0236976687718942,24192,6
catboost_logdiff_dsp_g123_wm,Продовольствие,704.8039191828416,846.1124988924937,5.603758965816345,5.812049685400102,5.833182527374039,-67.05274695777712,0.9244745449564584,0.4650229475326806,24192,6
catboost_logdiff_dsp_g123_wm,Транспорт,114.41069854646895,156.00152633645436,6.3962064086496655,7.37294264133006,7.508374980111795,-25.401226522302682,0.9742208123156234,0.25379132398125903,24192,6
catboost_logdiff_dsp_g123m,Все категории,1330.9681241778924,1781.5624511139629,4.342943666294938,4.480638265706484,4.520688147837421,-122.52311198418774,0.9756185884781089,0.7133569527337735,24192,6
catboost_logdiff_dsp_g123m,Здоровье,189.16691102525476,258.7156548161895,12.83582544487781,12.972478957658604,14.161100397531332,-144.35333397876957,0.8626757946278572,-0.5583005549416609,24192,6
catboost_logdiff_dsp_g123m,Маркетплейсы,1081.090990765437,1448.6337544305409,22.878385440641654,23.446160125992776,19.934566747359085,1000.1027050143574,0.2512538277018289,-0.059196913496140535,24192,6
catboost_logdiff_dsp_g123m,Общественное питание,248.3929563986314,418.0749893034409,19.792245277594308,22.21153575411999,25.600560664379522,-145.35098520012136,0.9030117194048783,-1.0188736159423453,24192,6
catboost_logdiff_dsp_g123m,Продовольствие,691.1553058814142,831.1354457740216,5.495241494393215,5.619923225540736,5.642222312916646,-62.56424828213282,0.9271246358388812,0.5051282567474491,24192,6
catboost_logdiff_dsp_g123m,Транспорт,127.10796268103196,175.28891120071557,7.106055428554248,7.774822029150279,7.933320065076729,-26.383710065394094,0.9674522913218667,0.20277583449866587,24192,6
catboost_logdiff_g1,Все категории,2648.7472547360303,4003.0069375196936,8.642851699154932,8.405705742481429,7.918863083021746,1927.413075218977,0.8769081131955933,0.08539778929489272,24192,6
catboost_logdiff_g1,Здоровье,109.22050519264481,144.4977283889765,7.411102354295955,8.234560618652239,8.51593418964965,-38.545860222384086,0.9571625395008471,0.36371018325109505,24192,6
catboost_logdiff_g1,Маркетплейсы,715.4433499104939,1031.8007472576344,15.140435782012284,15.804543797666248,14.374100978200305,445.73957737408654,0.6201526590891602,0.3523322427862734,24192,6
catboost_logdiff_g1,Общественное питание,110.40998939614374,167.23830842994457,8.797598864752286,13.270343982892696,13.497993599407906,9.195803498716085,0.9844803323091195,0.2983880893592298,24192,6
catboost_logdiff_g1,Продовольствие,1162.5888094023717,1523.4735569983059,9.243517646439464,9.339190728526242,8.729005451428455,1067.8378485442631,0.7551461311245218,-0.2552875738839613,24192,6
catboost_logdiff_g1,Транспорт,136.6319833558754,182.05722930910468,7.638502156443103,8.604699365978968,8.572871212787373,19.496043050594896,0.96489027795454,0.1295101310233333,24192,6
catboost_logdiff_g12,Все категории,2528.127993146391,3872.719103935972,8.249271530976628,7.96850944592839,7.5360150926923035,1804.818170584066,0.8847903813722756,0.16374457094132788,24192,6
catboost_logdiff_g12,Здоровье,106.15332423876315,141.9710192594725,7.202980335923394,7.894972231248676,8.035827407396184,-10.144621168451028,0.9586475659082908,0.4291466791670352,24192,6
catboost_logdiff_g12,Маркетплейсы,705.4184918321188,1015.04025839474,14.928286602096902,15.6697430229708,14.268232293583297,437.1398366478533,0.6323928503800474,0.3597631498459096,24192,6
catboost_logdiff_g12,Общественное питание,117.95585073609777,178.47149812209105,9.398862043211356,13.640009017352265,13.550324919214104,24.00988351661662,0.982325439472463,0.3151109462393282,24192,6
catboost_logdiff_g12,Продовольствие,1250.640964012149,1678.9835191689883,9.943603212686126,9.99077175948002,9.273847768240511,1166.1532771503123,0.7026075109572025,-0.446237815856658,24192,6
catboost_logdiff_g12,Транспорт,137.1817291978538,183.37602382024005,7.669236064392826,8.528300765131846,8.472544851498547,26.61676422456743,0.9643797768004139,0.15313525517730098,24192,6
catboost_logdiff_g123,Все категории,2589.1774313602427,3816.86820886536,8.448475603715394,8.247279317378755,7.781666571534567,1896.7573405351625,0.8880894390875169,0.13241368491634686,24192,6
catboost_logdiff_g123,Здоровье,108.57570526063434,144.31409477085597,7.367349779761128,8.157913909470176,8.389941912980301,-27.518317027744434,0.9572713495074856,0.38036626666159523,24192,6
catboost_logdiff_g123,Маркетплейсы,756.0073201263964,1106.6060596484433,15.998863197955371,16.649952844553308,14.921599399471944,507.16985376170726,0.5630784129998199,0.29942607461570825,24192,6
catboost_logdiff_g123,Общественное питание,122.27817964160715,187.07839991905473,9.743270335252397,13.844234853198255,13.702472739282143,30.115667711979917,0.9805795996299439,0.30952887978347676,24192,6
catboost_logdiff_g123,Продовольствие,1589.9525067406742,2103.468661381517,12.641403335555024,12.61081357745018,11.519294600720514,1550.9681119696606,0.5332232438434032,-1.141255526939692,24192,6
catboost_logdiff_g123,Транспорт,145.58588287304886,198.27903468602548,8.139075880769145,8.937679689908956,8.761942610152122,46.14675621215546,0.9583547834169366,0.10307241347514451,24192,6
catboost_logdiff_g1234,Все категории,2579.6058901334163,3783.1087544446473,8.417243702971412,8.235358561620465,7.773547787114067,1980.3439211826296,0.8900603384026349,0.1425942141696822,24192,6
catboost_logdiff_g1234,Здоровье,104.4393226159855,138.94933420074483,7.086677619327922,7.841966892842191,8.012475737710902,-16.177007055256393,0.9603891084225756,0.42754712826686325,24192,6
catboost_logdiff_g1234,Маркетплейсы,715.7156118273309,1036.288173592234,15.14619747379162,15.827420666135906,14.354029407779342,458.1656408553383,0.6168414702107894,0.35068857207766724,24192,6
catboost_logdiff_g1234,Общественное питание,124.39371827382944,189.5070000888546,9.91183896179579,14.007383351943778,13.965865139310809,29.054338094882752,0.980072106245456,0.2834268975460573,24192,6
catboost_logdiff_g1234,Продовольствие,1322.9184271198944,1786.2811934944511,10.518267272991126,10.588970722508211,9.764066840524364,1253.9299960064295,0.6633824294828712,-0.6409833798827744,24192,6
catboost_logdiff_g1234,Транспорт,140.0494595490721,190.7045048538051,7.829558442315303,8.741536872538775,8.59394839388631,37.74158500250994,0.9614758169691457,0.12443072871115557,24192,6
chronos2,Все категории,2314.537572991911,3257.5173934643344,7.552326844217778,7.6729970961149165,7.859635041041001,-984.9883596026708,0.9184863707346225,0.12417237411458826,24192,6
chronos2,Здоровье,148.74339367220642,203.68125949339432,10.092908040351148,10.245497494623777,10.591487744595264,-82.78730147603959,0.9148854472863122,0.09426209228045435,24192,6
chronos2,Маркетплейсы,1282.3835186996157,1708.0092526037192,27.13820083059199,25.572572723538663,26.53042347593127,-224.48758360317774,-0.040873261766915414,-0.9473977093397072,24192,6
chronos2,Общественное питание,143.50897973145126,244.65684844912786,11.434965659106117,15.51411817544676,16.30335137948269,-97.7232036041835,0.9667856590292304,0.07745192402844359,24192,6
chronos2,Продовольствие,951.1316363016764,1234.0669885111336,7.562262764907235,7.578103653888204,7.679733656785567,-274.65532415884513,0.8393374707843043,0.013212512028653034,24192,6
chronos2,Транспорт,159.8713829302914,214.83070121622063,8.937716289207764,9.537227427163211,9.694254465514513,-69.11677691040846,0.9511117799770321,-0.0692051555242843,24192,6
chronos2_cl,Все категории,2213.469334839513,3126.427558981204,7.222541587325421,7.346387224097032,7.491595228605702,-874.2298797930359,0.9249149483522946,0.19882604737632614,24192,6
chronos2_cl,Здоровье,144.40995398148027,195.71511485214873,9.798864673334174,9.955047290173843,10.227292518992746,-77.43489265315748,0.9214130540426979,0.17286618553021693,24192,6
chronos2_cl,Маркетплейсы,1277.7423456661286,1689.4037670263194,27.039982876262673,25.562097329632582,26.221575433409605,-171.5765213562698,-0.018320134525808607,-0.8503466766588166,24192,6
chronos2_cl,Общественное питание,138.2225985381969,237.59035287533715,11.013740537730945,14.878103321585476,15.47851853921556,-93.56503517255581,0.9686766292640204,0.1664064140541035,24192,6
chronos2_cl,Продовольствие,953.4493743654282,1223.8187737733738,7.580690649743943,7.62582235130113,7.700942948526578,-234.973798075681,0.8419948102665494,0.0241665699783844,24192,6
chronos2_cl,Транспорт,152.9286113971125,204.18100054049455,8.549576016152157,9.17429092512178,9.271677101097005,-61.61770543345698,0.9558386655207483,0.030429580069094575,24192,6
chronos2_nat,Все категории,2153.661657343466,3072.6926081654747,7.027389374842718,7.2159389042182625,7.311413051653306,-588.7076904458344,0.9274737914334973,0.2179362783097124,24192,6
chronos2_nat,Здоровье,149.97616244876195,202.97101529023644,10.176556944612475,10.551263839145514,10.705941900901426,-59.99033227042546,0.9154780076270795,0.07091931470642887,24192,6
chronos2_nat,Маркетплейсы,1327.1109364411188,1754.5384502175218,28.084736424353796,26.862363149429765,26.790609795783016,-50.13354059375783,-0.09835617141363695,-0.908695533428733,24192,6
chronos2_nat,Общественное питание,140.49485627731318,242.045409480565,11.194796728528587,15.329028121090088,15.891481257193254,-88.60300855614521,0.9674909269447727,0.10974874179420624,24192,6
chronos2_nat,Продовольствие,931.9969568403941,1184.544927657477,7.410126647796106,7.508911210540506,7.531843410520277,-153.0014803043749,0.8519732499513551,0.07055806867338654,24192,6
chronos2_nat,Транспорт,153.77929226683563,207.41000593532095,8.597133897537075,9.401752985945175,9.469024217924598,-51.37521364701488,0.954430848600921,-0.04009471246880669,24192,6
chronos2_nat_cl,Все категории,2076.330816642317,2959.2677835718564,6.775059150901585,6.970133701417406,7.050629421799491,-548.1711906554207,0.9327294039793648,0.2736917374788709,24192,6
chronos2_nat_cl,Здоровье,145.648220395285,194.3333797247667,9.882886617001322,10.332419853021262,10.433197513493429,-54.089623789307936,0.9225187738317827,0.13361248829905037,24192,6
chronos2_nat_cl,Маркетплейсы,1320.772861749407,1737.251676698866,27.950608106767973,26.784517812611735,26.51729901627682,-14.917169685716983,-0.0768194550138952,-0.8315466081433871,24192,6
chronos2_nat_cl,Общественное питание,136.43918695572822,237.71130525865513,10.871636188304564,14.911121189979404,15.457319547889531,-83.84945605466605,0.9686447289729792,0.14302886969683481,24192,6
chronos2_nat_cl,Продовольствие,927.5211502155929,1169.5322249505623,7.374540379303063,7.486026178922985,7.499910928442878,-139.08094694753171,0.8557016002186029,0.09024878159748406,24192,6
chronos2_nat_cl,Транспорт,145.93836131550017,197.68075463504667,8.158781423180478,8.996889939449952,9.024390011305881,-41.66744223725859,0.95860572182571,0.041537804659070754,24192,6
drift,Все категории,3974.5028194674333,5170.583167179439,12.968786804822393,13.567614100274298,12.375211139315963,3214.6770928383985,0.794630569277103,-0.9425007903058311,24192,6
drift,Здоровье,177.1818268026908,230.42965316376174,12.022583593069742,13.185333428201657,13.53241838751045,-34.18696351646719,0.8910622478146186,-0.5763472182704235,24192,6
drift,Маркетплейсы,1146.1678996724954,1485.5018737992693,24.25556332666498,25.426276176747265,22.4036159576067,527.0660389787226,0.21265726901261317,-0.28212243768894574,24192,6
drift,Общественное питание,174.83062991610788,277.32610863361134,13.930711882919516,20.32548459938597,21.07116002135806,18.826179777466532,0.9573231456037672,-27.375738977204374,24192,6
drift,Продовольствие,2039.1819099167444,2406.7371232153596,16.21313900166043,16.787915001929097,15.130081812969499,1907.8119679374277,0.3889251029866877,-2.2650792254574292,24192,6
drift,Транспорт,176.03802644795292,237.29303273198352,9.841523277432927,10.922581627527828,10.761024337163981,50.76594861429421,0.9403539748860024,-0.5276473629530378,24192,6
final,Все категории,1382.9390871564005,1846.6696061414561,4.512524710648029,4.806816666320493,4.887837842931956,-212.55579705639107,0.9738039901017271,0.6433269906699592,24192,6
final,Здоровье,93.50963168578565,129.0086897077576,6.345048947663563,6.817778459597598,6.767887207852606,9.132301718450138,0.9658540180733173,0.5872934827258864,24192,6
final,Маркетплейсы,620.3044640562808,901.8349401391815,13.127076943988117,13.72502212866838,12.839710538161759,226.76947593118356,0.7098172921312378,0.47754094851155715,24192,6
final,Общественное питание,109.37260243654772,169.81605122180042,8.714938641814436,13.177425557648686,12.822914354257852,14.783285950455472,0.983998217562481,0.3590757160945811,24192,6
final,Продовольствие,601.6606684419644,762.210609921589,4.783687027549085,4.920658881490863,5.014411927137921,-226.33108315399218,0.938710354536442,0.562874493510084,24192,6
final,Транспорт,130.38643525914466,177.86529902801843,7.2893406246164805,8.333410818648176,8.229036713380184,21.43087603560133,0.9664884907935674,0.17694826021148335,24192,6
final_online,Все категории,1382.9390871564005,1846.6696061414561,4.512524710648029,4.806816666320493,4.887837842931956,-212.55579705639116,0.9738039901017271,0.6433269906699592,24192,6
final_online,Здоровье,93.50963168578565,129.0086897077576,6.345048947663563,6.8177784595976,6.767887207852606,9.132301718450138,0.9658540180733173,0.5872934827258864,24192,6
final_online,Маркетплейсы,622.4742787251361,902.2662795777795,13.172995240184148,13.779719855932251,12.881427171694003,236.92913918118637,0.7095396422556173,0.4768744824510409,24192,6
final_online,Общественное питание,109.37260243654772,169.81605122180042,8.714938641814436,13.17742555764869,12.822914354257852,14.783285950455475,0.983998217562481,0.359075716094581,24192,6
final_online,Продовольствие,601.6606684419644,762.210609921589,4.783687027549085,4.920658881490863,5.014411927137921,-226.3310831539922,0.938710354536442,0.562874493510084,24192,6
final_online,Транспорт,133.92676359216983,182.81329368692695,7.487265041302236,8.290773885269061,8.063681040359896,54.344843267633095,0.9645980585246724,0.2160038679507349,24192,6
mean_12,Все категории,3367.102017195767,4262.930087329623,10.986840416168219,10.501275310498421,11.222828042696612,-3080.1883680555557,0.860403939079344,-0.41373575751718805,24192,6
mean_12,Здоровье,145.54483575837745,199.14308829234042,9.875871504549387,9.656895577539062,10.081818695611927,-108.69398974867725,0.9186360258372134,0.23283972167133216,24192,6
mean_12,Маркетплейсы,1264.7217537477954,1488.9140459316066,26.764437040512057,26.439505206230372,31.541138870383566,-1260.147693452381,0.20903608959717246,-1.2295693934316088,24192,6
mean_12,Общественное питание,197.24499834656083,314.5920202868922,15.716715335472879,18.797981810212544,19.560557355250044,-159.60815558862433,0.9450830650174988,-0.15022391315071304,24192,6
mean_12,Продовольствие,1073.2434895833333,1392.4007609177836,8.533150374971752,8.224250521358554,8.660113858187394,-831.4811714616402,0.7954659427371126,-0.23302358560038328,24192,6
mean_12,Транспорт,194.1231743276014,261.30562459238746,10.852585531564708,10.876870926049763,11.231880902683876,-130.1805142195767,0.9276715681525741,-0.33051441491971767,24192,6
mean_3,Все категории,2102.5432787698414,2964.611362154958,6.86059030999305,6.771329218637666,6.925725168260249,-1024.6822503306878,0.9324862423002944,0.32956538505850363,24192,6
mean_3,Здоровье,122.11630566578485,165.47350667882813,8.286140398465843,8.679211709531126,8.896937225357727,-55.36379794973545,0.9438229902377088,0.3313222900694497,24192,6
mean_3,Маркетплейсы,755.3923197751323,1076.8343110973701,15.985848368304087,15.177694752372094,16.49734521016846,-446.6835730820106,0.5862717422186368,0.165464009887882,24192,6
mean_3,Общественное питание,150.1531635802469,251.30280272054833,11.964382105978919,15.985049776878718,16.888144559483596,-105.35110780423278,0.9649566553454666,0.023720757634904777,24192,6
mean_3,Продовольствие,890.9393876763668,1096.5519560838986,7.0836858958997535,7.205912518252111,7.196542668396916,-71.04203869047618,0.8731485145104385,0.20518478217144975,24192,6
mean_3,Транспорт,152.68212632275132,205.7881007778079,8.535796103676358,9.077622888811298,9.32392939897698,-76.09689153439153,0.9551407455520884,-0.011003037217241385,24192,6
mean_6,Все категории,2736.501694775132,3629.1726060942988,8.92919408604904,8.617389474322607,9.049156899447333,-2134.1818369708994,0.8988252846146371,-0.0024044477386104823,24192,6
mean_6,Здоровье,132.48696538800704,181.75428238349065,8.989836289154134,9.156109916176817,9.442667998044316,-78.00975529100529,0.9322247728182496,0.2876022262243201,24192,6
mean_6,Маркетплейсы,916.6204392636683,1202.6703772467201,19.39780822463118,18.605243355865912,21.329431450588476,-858.8002232142857,0.48392758896957266,-0.19754715474941675,24192,6
mean_6,Общественное питание,165.34161430776015,264.4035607391618,13.17461586841766,17.498122154062095,18.094534236208535,-112.80977182539682,0.961207704027902,-0.07909247544809728,24192,6
mean_6,Продовольствие,922.7051642416227,1204.3109884037942,7.33624941092682,7.199401096301244,7.429693351463763,-507.4831762566138,0.8469918981846831,0.08938830548854215,24192,6
mean_6,Транспорт,190.49163635361555,250.77589491870492,10.649561979068622,10.998198111245197,11.32848494345505,-98.42307374338624,0.933383300629279,-0.3699814240702404,24192,6
naive,Все категории,2632.4958250661375,3689.5074274892504,8.589823349135886,8.993357034380791,8.589544380851743,979.1887814153439,0.8954332714017459,-0.10971981491971317,24192,6
naive,Здоровье,155.77302414021165,203.91572902869518,10.56990007421305,11.299692846420129,11.672498055577913,-65.3656994047619,0.9146893737115487,-0.11316464290298778,24192,6
naive,Маркетплейсы,931.477554563492,1218.2943031016387,19.71221914218472,19.35958665731515,19.513747340025485,-127.7354083994709,0.4704318696540781,-0.009670312487512156,24192,6
naive,Общественное питание,149.458416005291,238.03488309928431,11.909023795465986,16.76359045877036,17.05784766007383,-44.73652447089947,0.968559307909213,-0.04965456048305805,24192,6
naive,Продовольствие,1296.5441881613756,1628.4274174421514,10.308570825500118,10.770493080623751,10.057591067083319,968.2072999338625,0.7202475225687818,-0.6596259084604463,24192,6
naive,Транспорт,144.91137566137567,194.1254069180825,8.101367105236825,9.14529589137021,9.059496196457212,-10.886160714285714,0.9600813090156931,-0.0002567151262560241,24192,6
prophet_default,Все категории,2135.9711108611523,2943.989680919503,6.969665192420156,6.968614416852094,6.8193982758681635,673.8062337059549,0.9334222199523833,0.36135510442040153,24192,6
prophet_default,Здоровье,134.3805577871194,182.10047894641738,9.118325047399537,10.181433676388602,10.594925473089136,-43.17867997190372,0.931966337126952,-0.0466590229076318,24192,6
prophet_default,Маркетплейсы,708.0007653813899,923.9874418398635,14.982933482033964,15.27437985558766,14.435194479691349,281.9184958448815,0.6953862159422752,0.4362114956626786,24192,6
prophet_default,Общественное питание,151.5427981235721,230.41047626213833,12.07510983403724,19.086457017310053,20.454702327023718,-32.110956182794844,0.9705411812177227,-14.611095969773729,24192,6
prophet_default,Продовольствие,917.6390030581126,1144.0879420862211,7.295969348087102,7.576314671870304,7.275870646407329,513.879591888893,0.8619119978239127,0.13458747988047604,24192,6
prophet_default,Транспорт,191.91520300420592,249.11763600990935,10.729147422120068,12.086274617902038,12.407320278925786,-5.948110809260595,0.9342613953964383,-2.9520424398168883,24192,6
prophet_yearly,Все категории,5530.165229422362,7422.973289945561,18.044907026995254,19.383346803608966,16.782829269758587,4509.225564331203,0.5767348236071566,-2.913927118491736,24192,6
prophet_yearly,Здоровье,183.26167782983586,252.6310607973186,12.435128821473224,14.034727352576137,13.119443022502045,89.9990568612327,0.86905914605405,-0.6632278780585139,24192,6
prophet_yearly,Маркетплейсы,1009.6723932600564,1334.1582781162087,21.367002758411292,23.328719879230473,20.22152842612359,692.0147717327138,0.36491460581478363,-2.488797537756769,24192,6
prophet_yearly,Общественное питание,134.8787302146592,196.89959010903897,10.747297144991483,21.258826577453487,24.63383648727225,-34.389668222448215,0.9784870231585666,-147.06327913622152,24192,6
prophet_yearly,Продовольствие,2787.339070164967,3702.848472030246,22.1615911604417,22.76520119966089,19.221035491514993,2580.388961832825,-0.4464685983444099,-5.545109444467448,24192,6
prophet_yearly,Транспорт,183.30088633657567,248.4492705247157,10.247558303483096,12.816110476058643,12.883963278409508,26.160134297791355,0.9346136665124786,-17.974225778613082,24192,6
ridge_diff,Все категории,2234.0592967027505,2974.27562097312,7.2897265505404,8.34074192226632,8.129438508154376,643.286194527911,0.9320453521909488,0.04681962179389643,24192,6
ridge_diff,Здоровье,120.95771442788963,156.92472363458327,8.207524773719491,8.758152876349028,9.02867769751998,-64.05403340181005,0.9494775477058945,0.3373084346019244,24192,6
ridge_diff,Маркетплейсы,895.1222558849622,1234.6846944656072,18.942856948732196,22.707675609789625,28.409715468632662,-277.1976250437928,0.4560868691516944,-5.122712283896496,24192,6
ridge_diff,Общественное питание,119.54595631481858,175.00368876510265,9.52556354106223,18.045017989744952,16.28079736846215,18.75210142152766,0.9830056213121873,-0.6369076828970874,24192,6
ridge_diff,Продовольствие,1040.156620662776,1318.7679003719247,8.270083111413781,8.882330080305321,8.640653731516924,301.87314075729495,0.8165262807824782,-0.33197070122106576,24192,6
ridge_diff,Транспорт,131.01664708423976,172.81670646895085,7.324573037019268,8.886367864916298,8.573083275586068,20.915730067763707,0.9683638969514845,0.06005438972435129,24192,6
ridge_logdiff,Все категории,2495.249464239465,3378.6127417202056,8.141989022643358,8.322716801543466,8.298000476303102,109.27916576338038,0.9123133306401633,0.06349983204862242,24192,6
ridge_logdiff,Здоровье,147.01067509193524,209.12698465973662,9.9753352940346,9.684615077694996,10.137807752083127,-99.90164710988446,0.9102732724797866,0.19481435824130866,24192,6
ridge_logdiff,Маркетплейсы,1320.2326971885288,1745.0443203242446,27.9391769755027,29.897013219294767,39.504719372516064,-717.5418032350609,-0.08650151821978325,-5.251723166294194,24192,6
ridge_logdiff,Общественное питание,167.68209061353804,309.46881483643114,13.36110779549152,15.470080688250636,15.208945750235845,-16.902389668433234,0.9468571711038237,0.22930758064711454,24192,6
ridge_logdiff,Продовольствие,1046.4763605935095,1331.4410613445875,8.32033013520947,8.654971507304415,8.527753587400252,139.3388376006398,0.8129830274933216,-0.2617120173899352,24192,6
ridge_logdiff,Транспорт,150.17129566274983,207.03171387449123,8.395426441026208,8.950723610876167,8.853639385412192,-19.164796258633803,0.9545969228232251,0.07989757699072608,24192,6
seasonal_naive,Все категории,4079.2546709656085,4663.042766572267,13.310591677330267,12.876821523169305,13.891413797550486,-4026.1948991402114,0.8329695926144287,-0.851819377581335,24192,6
seasonal_naive,Здоровье,177.79637896825398,223.7523523050362,12.064283720651185,11.918517934874846,12.585708467106812,-139.37822420634922,0.8972842841908844,-0.1232795694643698,24192,6
seasonal_naive,Маркетплейсы,1661.9038938492063,1752.4193997218517,35.16972962827592,36.83602230375848,46.240134793809474,-1661.4951636904761,-0.0957046858534687,-3.4505001625867298,24192,6
seasonal_naive,Общественное питание,243.70333167989418,360.0698521182122,19.418570419664125,23.156176874134655,24.093602911528972,-206.40653935185185,0.9280576853979075,-0.7036426851499724,24192,6
seasonal_naive,Продовольствие,1201.1972552910054,1366.869357670715,9.550485895219222,9.350609707038107,9.901132777512977,-1155.4791666666667,0.8028979484061105,-0.3179100068751264,24192,6
seasonal_naive,Транспорт,232.56097056878306,296.4229024187791,13.001476166581325,13.247194774433058,13.611773863106444,-161.9379546957672,0.9069245715728174,-0.9183246297008256,24192,6
seasonal_naive_growth,Все категории,2561.5576103589374,3448.105896317228,8.358352238247186,8.282444117823243,8.740882854700645,-1500.593082735534,0.908669058728277,-0.03524763402961617,24192,6
seasonal_naive_growth,Здоровье,141.28332888239157,189.36705824556643,9.586709102436693,10.0905702962073,10.230810940884522,-44.974799925091965,0.9264283421014814,0.13161262879860958,24192,6
seasonal_naive_growth,Маркетплейсы,1236.8621108699556,1478.7715711979413,26.174862570423684,27.92379503356073,32.42404835472395,-419.5469841089753,0.2197754703669489,-1.8662037016863722,24192,6
seasonal_naive_growth,Общественное питание,183.4787022964376,300.9852410608507,14.619800543932845,20.9599371977676,20.068532667922575,-63.22288355322122,0.9497308795875337,-0.4505606983403978,24192,6
seasonal_naive_growth,Продовольствие,1010.7649469061121,1216.379782223203,8.036395626353803,8.087904324974886,8.315358784392373,-348.0587648238653,0.8439098437009127,-0.06874579116120882,24192,6
seasonal_naive_growth,Транспорт,185.75015444587893,248.9759591059604,10.384486270677213,11.540219877407283,11.474337763771953,-44.00194660749877,0.9343361471780941,-0.588106164302326,24192,6
auto_arima,Все категории,4747.952771701669,6358.034426817529,15.492550905729468,14.355724616622426,13.812120238069792,1976.5488012979083,0.6894707648913899,-1.6764353505859826,24192,12
auto_arima,Здоровье,150.34418533183515,214.9674514060575,10.2015289519326,10.400793046682102,10.632750741630273,-67.14273763345481,0.905191539891237,-0.13962678041581045,24192,12
auto_arima,Маркетплейсы,2830.544170709122,3797.633864054376,59.90086042470334,57.50137888905795,41.82487086011292,2620.3021681574064,-4.145689744080053,-3.559786037920614,24192,12
auto_arima,Общественное питание,219.2956388824038,349.0872570104591,17.473736518122934,20.596119776286052,22.638584017249606,-175.5293150560418,0.9323794222499915,-4.784146075325952,24192,12
auto_arima,Продовольствие,1381.4180312038945,1710.9921400127946,10.983386254256864,10.845339658704878,10.709335796122478,160.9263221334959,0.6911602740352376,-1.0153874286695306,24192,12
auto_arima,Транспорт,195.77221073412372,269.67435343828964,10.944776011698966,11.190184555767491,11.456261811258873,-66.28172124235572,0.9229645142132082,-7.712117751232746,24192,12
auto_ets,Все категории,2934.5992336406352,3851.914975769061,9.575585563122136,9.93939145958391,9.935914521921948,131.843762421915,0.8860248617174826,-0.5504106023040212,24192,12
auto_ets,Здоровье,133.21426467599937,179.47485369450956,9.039186815925737,9.755632879313135,9.707595842431873,-21.216671256397497,0.9339140871246305,0.0626864036093755,24192,12
auto_ets,Маркетплейсы,859.574046886725,1116.5162626184178,18.190574639349215,18.419628385643133,18.081302726962733,148.73611817490016,0.5552176749684307,-0.02734192645078859,24192,12
auto_ets,Общественное питание,228.2826812993148,358.23861182349754,18.189834713557214,21.29323563400386,23.701324070195515,-198.55036167579783,0.9287875918546462,-10.881868093080628,24192,12
auto_ets,Продовольствие,1285.0373174094022,1591.159083722792,10.217081932788478,10.18279719096047,9.995708772078874,267.60054888679434,0.7329058755831569,-0.7711074230240447,24192,12
auto_ets,Транспорт,192.2152907241021,261.0572515800269,10.745924026244877,10.998970429369919,11.35601072743617,-84.66426072389206,0.9278090002714607,-10.424547312587174,24192,12
auto_theta,Все категории,3042.786618401337,4103.686026314481,9.928600566926017,9.751807117603937,9.272267033176357,1940.9399081591052,0.8706385144885025,-0.3274165973166927,24192,12
auto_theta,Здоровье,148.49454375273362,205.39778217668993,10.076022454436504,10.984913186697554,10.774503343018363,29.326796949622434,0.913444797383477,-0.28897357097311627,24192,12
auto_theta,Маркетплейсы,1508.636505138493,1814.5493061663115,31.92623724478869,32.08179921956227,27.037839310759164,1404.2434148359453,-0.1747757189700434,-0.718742137452204,24192,12
auto_theta,Общественное питание,203.83352442122546,312.457773793321,16.241696904911237,23.534865248475224,27.387418222526485,-157.56013581053833,0.9458256693723573,-41.0439910911648,24192,12
auto_theta,Продовольствие,1028.4119404628311,1344.746913433914,8.176703442005314,8.420535455370551,8.024152306779065,590.7305078926213,0.8092264146772624,-0.282424012449044,24192,12
auto_theta,Транспорт,195.9357823541637,266.84501055326217,10.95392059221167,12.020820270360291,12.375068226671768,-9.786770646336386,0.9245725011516399,-9.482113218977137,24192,12
catboost_diff,Все категории,3424.609271601435,4603.12693568456,11.17448635730702,10.496502228396846,10.102652416597275,1954.7182227706317,0.8372343917278857,-0.4001897194218489,24192,12
catboost_diff,Здоровье,118.5105923723218,158.48026227540362,8.041476539504863,8.60675160050121,8.799444669681998,-21.82800482154125,0.9484709613583846,0.24121807376256,24192,12
catboost_diff,Маркетплейсы,956.1106417419039,1248.8635716873052,20.233512232104573,20.03334551284776,19.7031207240484,278.59094699388066,0.4435227553659571,-0.12849766008923713,24192,12
catboost_diff,Общественное питание,120.22372059131585,182.03456843946634,9.579568602217414,15.481880519884255,16.210347633225854,-65.29139781746953,0.9816126720262227,0.2810112765602042,24192,12
catboost_diff,Продовольствие,1480.2635492838251,1989.4268428027817,11.769287755504726,11.180662010751794,10.348203398715707,1194.9217626009101,0.582464817146175,-1.0585499060057901,24192,12
catboost_diff,Транспорт,159.17339250393488,211.78703255472368,8.898694668896406,9.927004913935987,9.946418512539625,9.42279197434215,0.9524872394868266,0.16935066937661336,24192,12
catboost_diff_dir,Все категории,4586.400436037569,5696.383298717863,14.965406280548512,16.09556229312329,17.645927331204923,-1617.4863927016418,0.7507385298599962,-4.457188972666484,24192,12
catboost_diff_dir,Здоровье,154.36350779526177,217.4491430281032,10.474258052744172,11.970874928139544,12.041376734038321,7.467663117506848,0.9029898718204385,-4.412219852802579,24192,12
catboost_diff_dir,Маркетплейсы,1181.6537557792988,1587.2888891125658,25.006526104671096,24.336171712551586,24.66485417199756,316.8332540677971,0.1010627710345613,-1.4144966617229309,24192,12
catboost_diff_dir,Общественное питание,194.37757171008502,294.81988391832203,15.488235381260498,21.271514347040068,23.715815384807687,-130.80169301933643,0.9517692042507314,-1.7727562246670159,24192,12
catboost_diff_dir,Продовольствие,1937.2096432419946,2693.8149753860885,15.40237733009401,14.684628913754544,13.59600764885664,1272.8596339805395,0.23445159622837564,-2.4014793786697672,24192,12
catboost_diff_dir,Транспорт,192.94434058764887,267.3237259541621,10.7866820451075,12.297088957459563,12.113584991941222,21.37947501135765,0.9243016271029378,-0.36354149312423756,24192,12
catboost_diff_ds,Все категории,2859.9145258561407,3245.0048759225624,9.331889660305453,9.955571287907356,10.580935245751567,-2619.042160714059,0.9191113754455181,-0.43464722420203605,24192,12
catboost_diff_ds,Здоровье,290.6505002885209,362.0944533201314,19.72194326666247,18.702593030708613,21.01609287400417,-281.499223277193,0.7310042478137859,-2.138194879656149,24192,12
catboost_diff_ds,Маркетплейсы,956.1106417419039,1248.8635716873052,20.233512232104573,20.03334551284776,19.7031207240484,278.59094699388066,0.4435227553659571,-0.12849766008923713,24192,12
catboost_diff_ds,Общественное питание,330.21584698277974,553.7253117795377,26.31199021417878,23.38305526903396,26.57236359088284,-312.5246574709105,0.8298626601131872,-0.2793123441719021,24192,12
catboost_diff_ds,Продовольствие,1142.153754479397,1317.1694746670664,9.081042496791692,8.959853684069707,9.472704342041117,-1078.0247896367198,0.8169707735230362,-0.4179715372231081,24192,12
catboost_diff_ds,Транспорт,144.28822693548238,196.515397258968,8.066529560105664,8.841636329348098,9.04573356878981,-62.339075741326795,0.9590923340817218,0.27422400285144266,24192,12
catboost_diff_ds_g1,Все категории,2929.4577772523025,3310.4795861637203,9.558809011489066,10.379126401358711,11.08515580152723,-2715.0715576851053,0.9158142526594835,-0.5978006548495156,24192,12
catboost_diff_ds_g1,Здоровье,293.57605579198287,356.1762291127793,19.92045536144804,19.202234610515116,21.653940077882808,-285.6660666905886,0.7397255479341127,-2.3227894111006586,24192,12
catboost_diff_ds_g1,Маркетплейсы,959.9835519842269,1270.8193260909927,20.315471969127394,19.80513309828131,18.60891378666197,518.5870093656922,0.42378436804553576,0.019011621127203893,24192,12
catboost_diff_ds_g1,Общественное питание,325.6816483355122,503.2330470250219,25.950699889907135,25.95550335608005,30.502443981701433,-315.13352849925315,0.8594764243146802,-0.7138653714048859,24192,12
catboost_diff_ds_g1,Продовольствие,1206.155001755833,1370.7358333026052,9.589903973703706,9.494513758865244,10.066267702945167,-1161.0621488673753,0.8017812825872295,-0.5587713060604007,24192,12
catboost_diff_ds_g1,Транспорт,129.61893553830282,174.80273799776123,7.246433040837578,8.42987219954753,8.649538387501432,-44.96351479832431,0.9676325865790667,0.31148150887157433,24192,12
catboost_diff_ds_g12,Все категории,2882.7351940396406,3252.5102973273847,9.406353409322257,10.216065834724622,10.892478728327832,-2636.108509672473,0.9187367656519847,-0.5405880984849418,24192,12
catboost_diff_ds_g12,Здоровье,292.43391847013197,351.04504572927164,19.842956208885358,19.242549806535244,21.68184405677314,-285.35747642109067,0.7471707164221938,-2.2930614623886205,24192,12
catboost_diff_ds_g12,Маркетплейсы,924.0777125995589,1212.1838211533104,19.555621373729693,19.252675110034744,18.039764782601743,513.20560611468,0.47573075589950264,0.06851266569383985,24192,12
catboost_diff_ds_g12,Общественное питание,310.36077210162,486.64304857047995,24.729914306107343,24.5757022526308,28.468991483980723,-298.30203227912597,0.8685889353615592,-0.489535117871853,24192,12
catboost_diff_ds_g12,Продовольствие,1290.215378446229,1458.2680401430548,10.25825168961149,10.169726322191359,10.826429431593205,-1251.2933551897158,0.7756573502943995,-0.7859756227150418,24192,12
catboost_diff_ds_g12,Транспорт,132.44807886827743,178.86191844806962,7.404598185601747,8.545973572486233,8.842470268105792,-65.1835170851462,0.966111893560283,0.28504578338018816,24192,12
catboost_diff_ds_g123,Все категории,2932.93378149949,3300.096649977291,9.570151199446169,10.43080372058135,11.139200824433482,-2705.5961268632877,0.9163415022439818,-0.6081270067656399,24192,12
catboost_diff_ds_g123,Здоровье,293.3835870089023,353.37615427685876,19.90739548913834,19.29636006334252,21.75350997930795,-285.42856711612376,0.7438017507001229,-2.3362425667376927,24192,12
catboost_diff_ds_g123,Маркетплейсы,964.5007377972265,1259.3437262691475,20.41106606714465,19.931367668182084,18.613945500762902,558.732231593032,0.43414392825740145,0.022954612181641743,24192,12
catboost_diff_ds_g123,Общественное питание,336.62796508918433,518.7576799771607,26.822915387544775,26.45760114703583,31.06654036257785,-326.218154885394,0.8506724415874596,-0.7250106436064774,24192,12
catboost_diff_ds_g123,Продовольствие,1139.434310883133,1301.2439729482142,9.059420729347117,8.959375001948262,9.465518071220728,-1088.9296343956253,0.8213699205341704,-0.3850792603854376,24192,12
catboost_diff_ds_g123,Транспорт,130.61501910400037,176.09083550114633,7.302119756917522,8.516025949728345,8.760109518929621,-42.63259913776933,0.9671538069255983,0.29541045197381977,24192,12
catboost_diff_ds_g1234,Все категории,2871.3125632678716,3256.4132294897067,9.36908141079613,10.221444908705745,10.908875937430274,-2637.694120311072,0.9185416208825821,-0.5635412554654315,24192,12
catboost_diff_ds_g1234,Здоровье,304.39046035615564,366.97064255815457,20.654261334827183,19.919799605912864,22.532032469341683,-297.40722068587417,0.7237105370693405,-2.5418137139764014,24192,12
catboost_diff_ds_g1234,Маркетплейсы,951.517131114108,1244.462512790995,20.136302924501344,19.777596915983832,18.150745276070644,634.7626825656038,0.44743795287198107,0.07719196988573929,24192,12
catboost_diff_ds_g1234,Общественное питание,327.23045311626026,504.9129456519446,26.074110491206476,25.635875531966718,29.80809427100961,-316.26580882856274,0.8585366633774328,-0.5961072170175896,24192,12
catboost_diff_ds_g1234,Продовольствие,1223.939537239534,1388.3941146175225,9.731305358482066,9.642639790221468,10.230198967602762,-1180.380116446021,0.7966413465340532,-0.6005264870745555,24192,12
catboost_diff_ds_g1234,Транспорт,130.49646395953164,176.33503057633015,7.295491852495442,8.500244720143803,8.745068499562118,-47.11259441938623,0.9670626444290787,0.29663249594446983,24192,12
catboost_diff_ds_g123_m1,Все категории,2397.0216673022146,2825.273814689555,7.821472114076345,8.464263786624208,8.925187831093675,-2021.9133298149884,0.9386834329414668,-0.11515445018663817,24192,12
catboost_diff_ds_g123_m1,Здоровье,250.69333374749328,300.4178291065543,17.010669861536822,16.71720983439574,18.52036639765023,-241.69986564390354,0.8148374792606461,-1.4418630451902237,24192,12
catboost_diff_ds_g123_m1,Маркетплейсы,909.3497462191019,1198.6476050117535,19.24394354597318,18.976179197597958,17.68654633110932,549.406067056701,0.4873742020464895,0.09754313753991706,24192,12
catboost_diff_ds_g123_m1,Общественное питание,290.75071815147163,459.33880048184125,23.167361956332527,22.339349450082263,25.171933710531725,-274.3476970947494,0.8829215000439946,-0.14628808950805916,24192,12
catboost_diff_ds_g123_m1,Продовольствие,999.3518932918253,1155.8676178956646,7.945652655468294,7.900845110009477,8.299240039082832,-936.2825931433133,0.8590538156095536,-0.10393386957207751,24192,12
catboost_diff_ds_g123_m1,Транспорт,131.76271856894306,177.83504590699087,7.366282660965247,8.578301202186038,8.884927890537211,-65.5360015043219,0.9664998897739009,0.2773069220852594,24192,12
catboost_diff_ds_g123_m1_dir,Все категории,3492.938795952895,4129.689267734412,11.39744532199779,11.612698241108138,12.557228198511828,-3238.223658922568,0.8689939074552055,-1.2086527161778782,24192,12
catboost_diff_ds_g123_m1_dir,Здоровье,326.51733997388766,402.9696280832983,22.155669603713672,21.263706271994483,24.243645552474447,-307.8288122080243,0.6668450222667205,-3.6385817430470864,24192,12
catboost_diff_ds_g123_m1_dir,Маркетплейсы,1265.862676636866,1699.2594798970379,26.78858160728504,25.397868857138246,23.593161181405687,742.135730961478,-0.030236227122203863,-0.5548213699377815,24192,12
catboost_diff_ds_g123_m1_dir,Общественное питание,483.66425865755934,720.8544549229032,38.53894159540256,45.88778935595666,67.5663303357626,-476.11562689721154,0.711659226520797,-34.83809197224795,24192,12
catboost_diff_ds_g123_m1_dir,Продовольствие,1280.0279494722402,1451.7711377179633,10.177253422011338,10.150740220315695,10.812909500176303,-1210.860079912391,0.7776518882704209,-0.8480392050378402,24192,12
catboost_diff_ds_g123_m1_dir,Транспорт,151.86532364307013,211.96168951773365,8.490132205100847,9.90963203733765,9.824192397285694,-28.88101379611501,0.952408841332414,0.06414502044774706,24192,12
catboost_diff_ds_g123m_m1,Все категории,2159.412102159101,2593.4989991934012,7.046153053278569,7.4384800749028,7.790180111928542,-1825.0141038414652,0.9483311360546396,0.14448913992317358,24192,12
catboost_diff_ds_g123m_m1,Здоровье,251.3171617955681,309.00596833018983,17.05299939945288,16.440408874349146,18.191577911377703,-239.5321852449845,0.8040995592916546,-1.4199244788787149,24192,12
catboost_diff_ds_g123m_m1,Маркетплейсы,1324.0804464079206,1642.2704754610181,28.020604247094187,27.141593715396535,23.605265478249134,1147.6604269538132,0.03770820032540856,-0.3597417330642969,24192,12
catboost_diff_ds_g123m_m1,Общественное питание,293.42284141998823,487.2263107653999,23.380279906620828,22.919134579143243,23.425200227650112,-252.04328685170395,0.8682737431950798,-0.04157373992956126,24192,12
catboost_diff_ds_g123m_m1,Продовольствие,953.330712476134,1109.7290376054953,7.579747192126959,7.527449197383147,7.8860756871496465,-879.6164848093384,0.8700814904290237,-0.007498553020540033,24192,12
catboost_diff_ds_g123m_m1,Транспорт,144.44623087589738,192.84386522894,8.075362875775559,9.138066366948431,9.453372535761748,-82.45633959274369,0.9606066251653669,0.2216372827462788,24192,12
catboost_diff_ds_g123n,Все категории,2842.6087885785587,3224.9368548847674,9.275421108778975,10.131873117402392,10.807763959478917,-2602.156066315156,0.9201087577535279,-0.5419959092240805,24192,12
catboost_diff_ds_g123n,Здоровье,301.29799792492366,362.91762521014766,20.444423854545878,19.76426803474141,22.348306266211587,-293.9776087116775,0.7297798079765135,-2.500408268705587,24192,12
catboost_diff_ds_g123n,Маркетплейсы,974.8955733448843,1283.5867700573558,20.631044825901128,20.082777018344462,18.499416417455077,621.0617689240064,0.41214816430279777,0.042265081570297625,24192,12
catboost_diff_ds_g123n,Общественное питание,326.3125802691685,501.8734712930533,26.000973294457104,25.635685452699146,29.78917085070379,-315.47546811433267,0.8602346986884039,-0.5851724400330434,24192,12
catboost_diff_ds_g123n,Продовольствие,1192.4967410900126,1357.2669756409632,9.481309797961487,9.389515033172541,9.946647893781178,-1145.3749568039102,0.8056575408586916,-0.5212958230624154,24192,12
catboost_diff_ds_g123n,Транспорт,130.12654657439316,176.3179554760697,7.27481137436225,8.482477315152954,8.740165600763275,-49.30228263957089,0.9670690229849097,0.2947095512857838,24192,12
catboost_diff_ds_m1,Все категории,2539.016523975277,2962.259594427241,8.284800763525135,8.727385924099966,9.204801182796986,-2238.280864903808,0.932593314479372,-0.13044003008216953,24192,12
catboost_diff_ds_m1,Здоровье,272.946244457399,345.05802750638,18.520629906687997,17.38957862532143,19.357496622365964,-263.31028147376725,0.7557211041482516,-1.661717641219556,24192,12
catboost_diff_ds_m1,Маркетплейсы,981.9154460619003,1281.3936954603769,20.779601566393833,20.515825700840292,19.962774147977143,356.5722770818428,0.41415519900065567,-0.14168596486115392,24192,12
catboost_diff_ds_m1,Общественное питание,287.93934349561175,484.8538578953049,22.943348290394706,20.908747982127203,22.338166666018747,-255.7383762034823,0.8695534502450954,0.06047782022090009,24192,12
catboost_diff_ds_m1,Продовольствие,924.7108891920651,1071.8796216320793,7.352196540146866,7.2555798238970475,7.574636121918528,-837.1270702739986,0.8787925936689523,0.08639175953420342,24192,12
catboost_diff_ds_m1,Транспорт,141.2897329042102,194.10064882395534,7.898896751436715,8.599384695079571,8.796893884660326,-67.47040060913824,0.9600914905545408,0.30635170243220367,24192,12
catboost_diff_dsp,Все категории,2119.62171539213,2583.65508467118,6.916317180390343,7.37070169561911,7.730578402943933,-1786.316023357547,0.9487226215427638,0.12766625350696603,24192,12
catboost_diff_dsp,Здоровье,242.94115988992468,317.75330904584615,16.484650009995182,15.261096355093768,16.71547978798745,-229.27368051829353,0.7928514768277837,-1.0256865975062595,24192,12
catboost_diff_dsp,Маркетплейсы,1300.774513275712,1663.2465855060796,27.52739680590095,26.161442258662852,22.931072650043067,1089.9492497752021,0.01296922142528878,-0.32842612188324516,24192,12
catboost_diff_dsp,Общественное питание,303.4121180570327,436.2081140492242,24.176237313033084,26.217491295172202,30.87797481434036,-295.06679634100436,0.8944159382201552,-0.7266297881443742,24192,12
catboost_diff_dsp,Продовольствие,805.3479582127939,944.8808120197483,6.4031650769894,6.419329844501791,6.6771060859909745,-718.0538628795788,0.9058129512545287,0.2561204405611589,24192,12
catboost_diff_dsp,Транспорт,164.64715808849698,224.7230533088121,9.204709184638583,9.451289685914496,9.818716962349399,-111.8944379088794,0.9465057888943613,0.19794106756286156,24192,12
catboost_diff_dsp_g123,Все категории,1963.5654069238988,2416.6094224799112,6.407106069969422,6.99473362000169,7.306412419677521,-1465.0976932764536,0.9551389254228844,0.18522971356455564,24192,12
catboost_diff_dsp_g123,Здоровье,222.54676601513768,268.3666898610393,15.100798688365774,14.944902356635778,16.328988950243154,-210.51389830906706,0.8522393147677765,-0.9196757766178014,24192,12
catboost_diff_dsp_g123,Маркетплейсы,1157.182442619312,1496.080160991272,24.48865652709148,23.73882441111148,20.896572313689358,974.8944227887681,0.2014039784933913,-0.1512297022168747,24192,12
catboost_diff_dsp_g123,Общественное питание,330.47313950609754,477.86957536843994,26.332491587500435,28.15272093353568,33.59594845890761,-323.071194532806,0.8732845273799786,-0.9979329957621055,24192,12
catboost_diff_dsp_g123,Продовольствие,751.8984713052942,898.8533577925231,5.978198595782188,6.059557464576938,6.292600741662632,-652.0095232927697,0.9147656173853378,0.31388155574920473,24192,12
catboost_diff_dsp_g123,Транспорт,137.69469178753906,185.14461719886302,7.697913580090448,8.862681283863578,9.201314729740487,-65.10475537830457,0.96368937590506,0.23946124994842866,24192,12
catboost_diff_dsp_g123_dir,Все категории,2073.202136804378,2745.2647274377055,6.764850281102818,6.872304056709794,7.160712608796864,-1516.1432401260165,0.9421071135470089,0.1470774354024199,24192,12
catboost_diff_dsp_g123_dir,Здоровье,258.6836211689202,326.6537359037445,17.55284678899189,17.31892191595258,19.38941335084268,-227.66005016471996,0.7810842860984699,-3.1791826208778753,24192,12
catboost_diff_dsp_g123_dir,Маркетплейсы,1146.3898127880805,1502.8571980611193,24.260259521375744,23.286659566531124,20.886765999692987,862.4674200783736,0.19415253161183943,-0.2345748346338019,24192,12
catboost_diff_dsp_g123_dir,Общественное питание,345.56385025986924,504.9477284650896,27.534937312944223,32.44647985778052,41.994918967912284,-330.09196320648374,0.8585171722460201,-8.631125659334561,24192,12
catboost_diff_dsp_g123_dir,Продовольствие,866.0731538347256,1083.055614317131,6.8859793039759465,6.789563260979152,7.030211361786705,-648.4865511989391,0.8762518698397497,0.1242464250064843,24192,12
catboost_diff_dsp_g123_dir,Транспорт,166.8783856531496,225.6452791836665,9.329447449761496,10.552454150603097,10.877609779667937,-82.42779600595848,0.946065825360273,-0.23968831445885996,24192,12
catboost_diff_dsp_g123_lmae,Все категории,2012.6868574684288,2474.8894138350524,6.567389166646404,7.072022806138511,7.4017930639179195,-1604.414969126384,0.952949056217423,0.17259150102305365,24192,12
catboost_diff_dsp_g123_lmae,Здоровье,232.52392383853427,285.73850988834874,15.77779370595645,15.503768587015001,17.055014876794118,-223.23925185991308,0.8324905823902539,-1.107865469940041,24192,12
catboost_diff_dsp_g123_lmae,Маркетплейсы,1192.4068786987452,1532.8307324351981,25.23408705277178,24.496994776336,21.548427470051752,1034.0155848321901,0.16168774932663743,-0.22942944735167115,24192,12
catboost_diff_dsp_g123_lmae,Общественное питание,335.0703295149606,479.7620250239938,26.698801138150902,28.531460852883832,34.15012047990666,-329.5755954343491,0.8722789078730564,-1.0360846913623263,24192,12
catboost_diff_dsp_g123_lmae,Продовольствие,732.3675653824889,874.1065369400604,5.822912159091642,5.907126389576268,6.130482226592193,-636.2684831089359,0.919394279249657,0.3451789889719241,24192,12
catboost_diff_dsp_g123_lmae,Транспорт,139.65945960020176,187.779546363382,7.80775523506258,8.920781636141001,9.344314996222925,-84.55477889396425,0.9626484950945504,0.21335964617259184,24192,12
catboost_diff_dsp_g123m,Все категории,1674.6289259051982,2182.251488952434,5.4643074879396725,5.518218917167319,5.675257613076075,-1141.8430539299375,0.9634180930937847,0.5075198177612423,24192,12
catboost_diff_dsp_g123m,Здоровье,248.10542031756515,314.30387011447476,16.83506829954601,15.880805815923566,17.45394051100308,-236.75816786426734,0.797324555192768,-1.1921581872707008,24192,12
catboost_diff_dsp_g123m,Маркетплейсы,1264.5460177358634,1608.7654841724727,26.760718060101414,25.890363599502376,22.418043523857875,1138.5919003108017,0.07657230766737988,-0.26390990473528575,24192,12
catboost_diff_dsp_g123m,Общественное питание,317.90269517767,453.9902295934254,25.330863679029058,27.434828432404924,32.54766940966674,-311.1302578569488,0.8856321653900392,-0.8662360750667617,24192,12
catboost_diff_dsp_g123m,Продовольствие,674.954016385533,827.4804920326387,5.366428190722044,5.400734890592286,5.570092894116472,-536.7765188966747,0.9277641716211598,0.4436978728871718,24192,12
catboost_diff_dsp_g123m,Транспорт,156.33215169688452,206.66265901261835,8.739853206607883,9.762511481756219,10.199122275610412,-93.57389620395872,0.9547586496546655,0.11816217244474292,24192,12
catboost_diff_g1,Все категории,3558.303117895853,4806.041808020973,11.610728843088255,10.613815327874635,10.051701117491858,2521.405704886179,0.8225680473078638,-0.428145077074906,24192,12
catboost_diff_g1,Здоровье,120.69001617181682,157.53097828684497,8.189360243420692,9.125382640555399,9.488844552403137,-49.44613831581303,0.9490864221117333,0.13052218379715752,24192,12
catboost_diff_g1,Маркетплейсы,959.9835519842269,1270.8193260909927,20.315471969127394,19.80513309828131,18.60891378666197,518.5870093656922,0.42378436804553576,0.019011621127203893,24192,12
catboost_diff_g1,Общественное питание,116.69059887474077,175.18113976263976,9.298045274728912,15.604438793883762,16.478878543235943,-52.626996839905935,0.9829711397719095,0.2407783774727119,24192,12
catboost_diff_g1,Продовольствие,1742.1001355152694,2275.3574911978662,13.851099558387961,13.013135759233846,11.900631490690476,1620.3313118608237,0.4538192242722231,-1.5559211847124796,24192,12
catboost_diff_g1,Транспорт,161.90272636032586,212.56426977558368,9.051279898471783,9.97118735005191,9.963788777845469,23.999825653461883,0.9521378654219297,0.18355753068338265,24192,12
catboost_diff_g12,Все категории,3133.5730471759825,4307.348791102359,10.224836320938474,9.432792639245083,9.073331767700358,1830.3922190269698,0.8574796683429716,-0.18856597393542507,24192,12
catboost_diff_g12,Здоровье,118.8364169440065,155.74253158912447,8.063585201665333,8.628865633433332,8.779654388335215,-15.209360420458482,0.95023590193235,0.2610962691315537,24192,12
catboost_diff_g12,Маркетплейсы,924.0777125995589,1212.1838211533104,19.555621373729693,19.252675110034744,18.039764782601743,513.20560611468,0.47573075589950264,0.06851266569383985,24192,12
catboost_diff_g12,Общественное питание,128.05644375567266,186.9573527407515,10.203689270967983,16.29032002995529,17.660631044868516,-84.62418617455593,0.9806047230449577,0.15223514944746597,24192,12
catboost_diff_g12,Продовольствие,1548.8734043561158,1992.38855157397,12.314791377207726,11.850829575605358,10.915598649451303,1438.3103778007157,0.5812207019283937,-1.1609331175438689,24192,12
catboost_diff_g12,Транспорт,166.85926061550384,218.854177756773,9.328378251776433,10.209583919507768,10.185234090383624,29.501604572946054,0.9492634168897834,0.15616865532337643,24192,12
catboost_diff_g123,Все категории,4183.075070403729,5717.2889077752,13.64935722549131,12.17577834301911,11.371546724542938,3239.5973336007746,0.7489056037252704,-0.8245380586020632,24192,12
catboost_diff_g123,Здоровье,122.27753945340261,158.31559537004878,8.29708083589468,9.325190157416838,9.72634458785533,-55.36291074187959,0.9485779869150732,0.09005098965587344,24192,12
catboost_diff_g123,Маркетплейсы,964.5007377972265,1259.3437262691475,20.41106606714465,19.931367668182084,18.613945500762902,558.732231593032,0.43414392825740145,0.022954612181641743,24192,12
catboost_diff_g123,Общественное питание,116.183007438775,174.1756244013263,9.257599787275886,15.569124750527136,16.14952669248642,-51.80442104353322,0.9831660653144595,0.2846286034876201,24192,12
catboost_diff_g123,Продовольствие,2083.474146279387,2543.844315467866,16.56529796371754,15.854262595556484,14.373419326480747,2067.9222704349822,0.31731841680121564,-2.297756819963024,24192,12
catboost_diff_g123,Транспорт,162.3009065539583,212.59868810481103,9.073540427763762,9.893562505111364,9.964558358681334,16.025540700901335,0.9521223645282462,0.18886186142333128,24192,12
catboost_diff_g1234,Все категории,3762.365255857054,5186.650450015391,12.276582783156584,10.949679740427085,10.323525668468541,2731.656016848323,0.7933522393561541,-0.5278336745109111,24192,12
catboost_diff_g1234,Здоровье,119.60949076011939,155.04089387170274,8.11604173598124,9.146067250501222,9.541197460406499,-59.417388733718525,0.9506832776970642,0.11362006501241184,24192,12
catboost_diff_g1234,Маркетплейсы,951.517131114108,1244.462512790995,20.136302924501344,19.777596915983832,18.150745276070644,634.7626825656038,0.44743795287198107,0.07719196988573929,24192,12
catboost_diff_g1234,Общественное питание,114.37760943210503,172.2232756079187,9.113743533500534,15.461965867165656,16.439956920979075,-45.736757162085595,0.9835413361361842,0.2197291189523447,24192,12
catboost_diff_g1234,Продовольствие,2359.2014736412248,2853.7217091123407,18.757552349328645,17.882264907981835,16.041791747090258,2337.8406927153374,0.14086706598820742,-3.0669217481711097,24192,12
catboost_diff_g1234,Транспорт,170.8484600986651,222.98454011781124,9.551397109485919,10.364896450324022,10.305512112434608,37.97277940824062,0.9473302762200277,0.14952583918749074,24192,12
catboost_diff_g1234_dir,Все категории,3597.373014028201,4519.064767354793,11.738213757917142,12.209908138167282,12.35743914624361,498.06086785849357,0.8431249509430037,-1.3415765016151129,24192,12
catboost_diff_g1234_dir,Здоровье,191.95305223831483,251.94553281721755,13.024877653225413,15.18383882906501,17.106216086831875,-92.5673727606815,0.8697688119963896,-5.581839766023737,24192,12
catboost_diff_g1234_dir,Маркетплейсы,1213.8577297234392,1664.6360605934526,25.688036666601477,24.557293099740082,23.868403196479026,538.5464469532013,0.01131940287713451,-1.1164736307585486,24192,12
catboost_diff_g1234_dir,Общественное питание,189.50841261917907,274.1296814627922,15.10025501168763,20.831784064012197,23.889948236665756,-146.3445722807251,0.9583012526786923,-1.8483005245932338,24192,12
catboost_diff_g1234_dir,Продовольствие,2497.8896146352317,3083.0022470565746,19.86023480099355,19.101485984564842,17.00180248481211,2434.063955374992,-0.002731855198455868,-3.6295950169639726,24192,12
catboost_diff_g1234_dir,Транспорт,186.16157406973682,247.97243287202988,10.407486959146004,11.98662345455563,11.665798050013896,42.972896265072556,0.9348644118320181,-0.18436474672009884,24192,12
catboost_diff_g1234_lmae,Все категории,3666.2626526379236,4852.462577030021,11.963000373192576,11.056625875247224,10.365327156945806,3016.5366862874266,0.8191239219107497,-0.5248939021871117,24192,12
catboost_diff_g1234_lmae,Здоровье,126.79682203096417,163.91048017317627,8.60373447836978,9.80293584978357,10.400447709958156,-68.71810096330617,0.9448792494318736,-0.07600318272350681,24192,12
catboost_diff_g1234_lmae,Маркетплейсы,1141.0381498821635,1433.2687854259743,24.147005958303073,23.51897647551671,21.401574432504315,828.6566860641552,0.2670527838129294,-0.2113184282664411,24192,12
catboost_diff_g1234_lmae,Общественное питание,119.52302959201681,176.8652026663842,9.523736712605887,15.958843260876332,17.538024056907883,-68.24348289523994,0.9826421601239107,0.09134065613546372,24192,12
catboost_diff_g1234_lmae,Продовольствие,1593.4027156498892,2054.9007529473893,12.66883527596104,12.027898337444938,11.063871435749363,1531.9116038316217,0.5545296204089265,-1.198686666593388,24192,12
catboost_diff_g1234_lmae,Транспорт,176.87824512288233,232.429565032247,9.888496262840127,10.373697433786074,10.297777143349565,53.89205088493545,0.9427738838216071,0.15463624513761798,24192,12
catboost_diff_g1234_m1,Все категории,4099.039648457481,5586.656579780257,13.375149979760831,11.993750955964018,11.195185949564603,3239.5856022046855,0.7602488526900718,-0.7744054851380568,24192,12
catboost_diff_g1234_m1,Здоровье,121.81395868047349,162.19910279410524,8.265624796100674,8.58416158394745,8.60309857592703,11.45673535630079,0.9460242640356256,0.29208337907581094,24192,12
catboost_diff_g1234_m1,Маркетплейсы,956.5604711682063,1238.6944480630073,20.243031663017785,19.91755026232197,18.3113029172673,654.4851563610509,0.4525483154230294,0.07073950071612412,24192,12
catboost_diff_g1234_m1,Общественное питание,130.56247788427606,190.87370828170776,10.403373041661306,16.43395754587341,17.941002622485033,-91.27764065510637,0.9797836332486044,0.1487513181889405,24192,12
catboost_diff_g1234_m1,Продовольствие,2428.342276064338,2872.543652100773,19.30727743021564,18.57602524553296,16.649345510061227,2407.957253831651,0.12949673641893755,-3.2554148053996954,24192,12
catboost_diff_g1234_m1,Транспорт,146.63363914582635,194.74993180582425,8.197651394001593,9.244188961892021,9.297450887883,4.492618439555621,0.9598240493590553,0.2582200836330255,24192,12
catboost_diff_g1234_s1,Все категории,3984.3397080740024,5394.751350621154,13.00088453300528,11.721787864800344,10.962688460731336,3124.410804097553,0.7764371650923477,-0.7033491327570833,24192,12
catboost_diff_g1234_s1,Здоровье,123.45378427331542,159.23447485484402,8.37689433555492,9.318051795319985,9.677663480554019,-44.871027059686405,0.9479793376604658,0.1021740086110372,24192,12
catboost_diff_g1234_s1,Маркетплейсы,987.064463141993,1287.9640355325269,20.888566675163634,20.48716754886003,18.65926673364605,695.4781158356849,0.4081319635781977,0.03922115771139534,24192,12
catboost_diff_g1234_s1,Общественное питание,121.44828943016861,181.40359143041482,9.677143699230134,15.91661290071241,17.175382924751414,-70.3853608656941,0.9817399211925206,0.17432320833057802,24192,12
catboost_diff_g1234_s1,Продовольствие,2023.352954857492,2485.901035518985,16.087286056722736,15.38546951949652,13.954273681686658,1984.6799876816401,0.3480642454660833,-2.2013138313567318,24192,12
catboost_diff_g1234_s1,Транспорт,173.5968040577936,225.03357316245874,9.70504511153366,10.681490681767656,10.49730108228569,49.59620028374534,0.9463578513257164,0.12295044169024427,24192,12
catboost_diff_g1234_s2,Все категории,3825.4758887548146,5146.319211378483,12.482512525905676,11.300085630740417,10.594711034739221,3021.6514430794073,0.7965535178540227,-0.5798934833729517,24192,12
catboost_diff_g1234_s2,Здоровье,117.08142069731501,154.23148119162082,7.944500815517376,8.80103484507013,9.035771877302476,-33.62531535041593,0.9511968632643427,0.19728711581087688,24192,12
catboost_diff_g1234_s2,Маркетплейсы,989.3227805186845,1278.540134188885,20.936357893324338,20.46550430393392,18.723103589507904,676.6895240963122,0.4167615527247669,0.04541874301401716,24192,12
catboost_diff_g1234_s2,Общественное питание,117.6272447044944,176.69310762324454,9.372678324995317,15.437270902282426,16.263404672728335,-59.579287240838575,0.9826759230670045,0.26755597854878743,24192,12
catboost_diff_g1234_s2,Продовольствие,2194.5841236096126,2739.8766741062573,17.44871179657164,16.45013070605256,14.807401576630186,2161.2909132517725,0.20804745364220723,-2.640807608881198,24192,12
catboost_diff_g1234_s2,Транспорт,166.07873024127696,218.49399779058402,9.284742180629223,10.134148535858237,10.089963775381152,31.541117381135088,0.9494302792588889,0.1710251731705712,24192,12
catboost_diff_g1234m,Все категории,4483.810904499304,5993.804850534251,14.630657049422133,13.054829505609526,12.03666647603366,3950.425296615915,0.7240299571918992,-1.0295573587682383,24192,12
catboost_diff_g1234m,Здоровье,123.58171285344994,173.1793071746438,8.385574864909223,8.534567924114622,8.461663692612738,22.735124978096273,0.9384690425075698,0.2932071211775692,24192,12
catboost_diff_g1234m,Маркетплейсы,1328.0445024324858,1689.5416386129784,28.104492839648355,26.893292196198885,23.22713343459317,1172.7220447573573,-0.01848635073096183,-0.34160147695212806,24192,12
catboost_diff_g1234m,Общественное питание,107.80235946198555,163.3760515344993,8.58981981981339,14.772206350480824,14.875301313409246,-34.9122883253154,0.9851888876168944,0.3671833130561044,24192,12
catboost_diff_g1234m,Продовольствие,2612.235465759436,3162.725062747296,20.76937643741361,19.74765331306279,17.5217131375256,2592.9534764275645,-0.055261295966636315,-3.8674379077122136,24192,12
catboost_diff_g1234m,Транспорт,175.79638432552215,231.3595253009025,9.828014113414813,10.526748358241607,10.484591135447644,36.65098797304066,0.9432995765448651,0.12337824940261855,24192,12
catboost_diff_g123_m1,Все категории,4215.507663694558,5838.858988459965,13.755184647692667,12.22317788019662,11.399786788639195,3312.4072072967792,0.7381137378409818,-0.8522391036563899,24192,12
catboost_diff_g123_m1,Здоровье,114.41720171312414,153.29734215787266,7.763721578584983,8.233065648878588,8.287518035001145,0.9343809696368673,0.9517862481899172,0.31816716115163524,24192,12
catboost_diff_g123_m1,Маркетплейсы,909.3497462191019,1198.6476050117535,19.24394354597318,18.976179197597958,17.68654633110932,549.406067056701,0.4873742020464895,0.09754313753991706,24192,12
catboost_diff_g123_m1,Общественное питание,133.96637090979968,195.16117403524822,10.674599273824413,16.611740778563107,18.079880028334724,-93.68530799284373,0.9788652200862984,0.13596625278410657,24192,12
catboost_diff_g123_m1,Продовольствие,2237.373275815601,2756.5014400823034,17.78892002865978,16.904883678128876,15.196598948294387,2198.336801734121,0.19840762593866978,-2.7883250877182717,24192,12
catboost_diff_g123_m1,Транспорт,145.0892016927866,192.10634010015804,8.111308588124226,9.211894142543759,9.295163391062676,-4.460312735065749,0.9609073663533665,0.25693435385534213,24192,12
catboost_diff_g123_rel,Все категории,4360.807248534787,5975.523998254296,14.22929661193443,12.663389549632207,11.673551035495876,3787.0235137282084,0.7257107840598345,-0.9830236956234228,24192,12
catboost_diff_g123_rel,Здоровье,112.32498898995178,148.79285910842017,7.62175553831588,8.430392053857345,8.61522706220031,-24.43088894070879,0.9545780415696336,0.2546769569856365,24192,12
catboost_diff_g123_rel,Маркетплейсы,1038.1291066814845,1358.6330344873252,21.969212621956963,21.36324085983113,19.366271296968787,746.5899549193596,0.341399957419393,-0.03542341166928842,24192,12
catboost_diff_g123_rel,Общественное питание,118.30960799598934,176.3686754039056,9.427049841118423,15.885033134093085,16.841560806917514,-56.31006176709836,0.9827394833135554,0.21652858950931808,24192,12
catboost_diff_g123_rel,Продовольствие,2258.6248319218676,2727.0843856807874,17.95788702050925,17.032306405366633,15.37979633714395,2246.325768366253,0.21542532965961703,-2.6689830027746226,24192,12
catboost_diff_g123_rel,Транспорт,164.72606578538011,216.4001392240529,9.209120572060458,9.947966472429554,9.943064726181852,28.594487747224516,0.9503948685347375,0.19722576739391962,24192,12
catboost_diff_g1_m1,Все категории,4249.046381439402,5952.256316598246,13.86462134956379,12.297361068725673,11.45624514608788,3236.8319885543424,0.7278426971105967,-0.9146168407909998,24192,12
catboost_diff_g1_m1,Здоровье,123.04207269905807,164.30474083824993,8.34895785410496,8.644930414402996,8.626354775387975,17.975308026110692,0.944613762074049,0.29033368203306875,24192,12
catboost_diff_g1_m1,Маркетплейсы,832.9844535154955,1109.4002455984798,17.627877353872616,17.655543723645874,16.659017845042772,432.12328965077336,0.5608691688648839,0.1641115645226181,24192,12
catboost_diff_g1_m1,Общественное питание,119.48417594615235,178.2449944969045,9.520640808035855,15.636457091520645,16.591541951395172,-63.6138514003782,0.982370273652565,0.2427068002548355,24192,12
catboost_diff_g1_m1,Продовольствие,1711.5641683055944,2213.811413312232,13.608314018504068,12.923484499162862,11.823801343722048,1607.3166797025242,0.4829668683403959,-1.5149480175834893,24192,12
catboost_diff_g1_m1,Транспорт,152.3506774976783,201.35116627178226,8.517266236050293,9.668816819924478,9.73287658709859,0.08068704862210435,0.9570542855381475,0.19365909927650227,24192,12
catboost_diff_lmae,Все категории,3957.1500218884735,5124.682104866516,12.912164695720726,11.943453538974607,11.295908106284774,2729.0134046193843,0.7982606561742432,-0.7084232824802124,24192,12
catboost_diff_lmae,Здоровье,125.81746263016151,166.19117578672476,8.537280539631919,9.476167485893582,9.971929337833958,-58.77833232769276,0.9433346470229962,0.03158318416222616,24192,12
catboost_diff_lmae,Маркетплейсы,963.5270901599664,1278.224935883128,20.390461431532213,20.439936771839218,20.362714374180225,288.09755672378895,0.4170490886495549,-0.3097565418188295,24192,12
catboost_diff_lmae,Общественное питание,117.44584884001205,179.03118233328334,9.358224487437965,15.401314902246583,15.93703812478879,-27.794958571500178,0.9822144112866631,0.2903796126530527,24192,12
catboost_diff_lmae,Продовольствие,1012.7023038166309,1338.033717820989,8.051799174577392,7.815746041938805,7.550718289578152,451.8896583147882,0.8111264058961378,-0.06513042835506289,24192,12
catboost_diff_lmae,Транспорт,177.59257100854543,236.6713774394153,9.928431127898984,10.531889399747508,10.365865508104482,60.61907230907809,0.9406660843232206,0.12926992027647077,24192,12
catboost_diff_m1,Все категории,3966.1851426807507,5429.169193252033,12.941646258732062,11.737410020818984,11.089520297828738,2782.5804116748022,0.7735754592950785,-0.7067518487529871,24192,12
catboost_diff_m1,Здоровье,124.8558900802643,168.41191938868187,8.472033518701187,8.630681853957412,8.659193466669116,12.497628464119376,0.9418101378175945,0.2870483948107776,24192,12
catboost_diff_m1,Маркетплейсы,981.9154460619003,1281.3936954603769,20.779601566393833,20.515825700840292,19.962774147977143,356.5722770818428,0.41415519900065567,-0.14168596486115392,24192,12
catboost_diff_m1,Общественное питание,144.60663065606198,210.4131679834914,11.522427786229434,16.828461443226228,18.366789054551607,-109.98021661552875,0.9754327403491869,0.15665330168043368,24192,12
catboost_diff_m1,Продовольствие,1741.41241657568,2276.599312961659,13.845631638774014,13.050410252019809,11.981768419719362,1464.629111886896,0.45322288346544515,-1.5953712003012943,24192,12
catboost_diff_m1,Транспорт,148.06392594218903,197.87636594424833,8.27761253128445,9.244049289031883,9.328296919041454,-6.827705802602799,0.9585237594194723,0.24818273788448653,24192,12
catboost_diff_mac,Все категории,4839.660293301205,6361.396621422119,15.791792181945846,14.212713184898137,12.976837171558477,4633.572934801766,0.6891422558889053,-1.2952196469447683,24192,12
catboost_diff_mac,Здоровье,142.98311887104188,221.20615535234194,9.70204749575831,9.145808126499812,8.74915481645118,74.6677866931546,0.8996086966065527,0.2287474919693835,24192,12
catboost_diff_mac,Маркетплейсы,1453.1560745238598,1832.5076549080914,30.752143031760742,29.00502645145965,24.825524927362068,1277.200182984829,-0.19814397820350238,-0.4903673029561404,24192,12
catboost_diff_mac,Общественное питание,114.41816046667438,176.0515556688055,9.116974688015112,14.781507676196986,14.942756882478413,-59.03438892856716,0.9828014980621218,0.37849239563687687,24192,12
catboost_diff_mac,Продовольствие,1738.7991644910026,2302.2875709381665,13.824854179397189,13.275775601924057,12.084559834797924,1638.6273011595035,0.4408140287899128,-1.7017261088041225,24192,12
catboost_diff_mac,Транспорт,177.2844783942298,238.17184869111205,9.911207004812777,10.85605658978206,10.658367368997261,40.03277990243989,0.9399113580665781,0.06898726250919929,24192,12
catboost_diff_rel,Все категории,3566.379272054633,4785.967133167408,11.637081301809655,10.816861946870045,10.274661206082477,2372.491953634791,0.8240472062316467,-0.4790465476130006,24192,12
catboost_diff_rel,Здоровье,115.61754057915773,155.99523822535494,7.845169967606108,8.390150676101014,8.537340740211818,-16.965771605502614,0.9500742772261005,0.27493156657877094,24192,12
catboost_diff_rel,Маркетплейсы,978.2292923435936,1279.1006209896182,20.701594029302836,20.38915819098854,19.421447235848657,444.93980460841664,0.41625008015486487,-0.07627198689223347,24192,12
catboost_diff_rel,Общественное питание,118.42033027402914,179.65304978563745,9.435872323512573,15.267237277160984,15.999762312960241,-64.24413711066639,0.9820906396886872,0.2979688279895002,24192,12
catboost_diff_rel,Продовольствие,1964.1791237823645,2548.578494889942,15.61680642770279,14.5546622364185,13.200548532075013,1900.1532110439653,0.3147750658147531,-2.0382286187980663,24192,12
catboost_diff_rel,Транспорт,160.70633861242197,214.60332447278273,8.984395043492382,10.005007919554735,9.992418957618911,12.774004517971202,0.9512152117639192,0.16247071327031937,24192,12
catboost_diff_s1,Все категории,3352.949974683733,4446.906877630721,10.940662358049254,10.323374396087457,9.91201064792161,2025.2774347452585,0.8480947396854341,-0.35343412416189146,24192,12
catboost_diff_s1,Здоровье,121.34905543255819,161.72461626813208,8.234079020432745,8.710538897835548,8.911206473821496,-22.159850402120046,0.9463395962291244,0.24226451732929688,24192,12
catboost_diff_s1,Маркетплейсы,980.9653054887085,1292.5142730142632,20.759494394618322,20.476212957105506,19.937754921689184,343.5717697808588,0.4039425649065499,-0.16095480570656373,24192,12
catboost_diff_s1,Общественное питание,124.3794181551365,187.72094104650392,9.910699511383132,15.509258000372913,16.312210342671364,-77.45045940438331,0.9804459675786067,0.28633294831968825,24192,12
catboost_diff_s1,Продовольствие,1455.0955176528607,1950.3101239273394,11.569181628019674,10.975271572260226,10.179174730592479,1202.1374172422982,0.5987228042912154,-0.9582524718848211,24192,12
catboost_diff_s1,Транспорт,161.4588629178896,213.44064786367107,9.02646541668691,10.167527949401316,10.131532372569472,15.465404877532704,0.9517423916772578,0.1418501927381145,24192,12
catboost_diff_s2,Все категории,3741.974059555968,4953.350325986021,12.210046391175988,11.422923539786627,10.8404693686393,2562.8619549205705,0.8115245311272903,-0.5921811166039233,24192,12
catboost_diff_s2,Здоровье,123.22910201330713,169.16892068183333,8.361648633997515,8.819123409465677,8.932870123433322,-10.20170051248971,0.9412858423679232,0.21955370174684652,24192,12
catboost_diff_s2,Маркетплейсы,968.3151471741344,1236.7278587398157,20.49178779056916,20.5378364384517,19.665399365268428,431.8245351266028,0.4542852377252181,-0.0890964920192181,24192,12
catboost_diff_s2,Общественное питание,118.71566907241102,179.9261100301482,9.459405269141607,15.544314342834376,16.25606407282588,-56.93532561212368,0.9820361563298252,0.2739808645968991,24192,12
catboost_diff_s2,Продовольствие,1412.6311626576476,1917.7995448145962,11.231555795422251,10.65090479322201,9.862764230982418,1240.3116887274725,0.6119894341943315,-0.8736823577048398,24192,12
catboost_diff_s2,Транспорт,162.7173008772493,216.23649481760626,9.096819230122243,10.1446653642689,10.075723247123513,23.96055919919068,0.9504698641702288,0.1549397955811055,24192,12
catboost_logdiff,Все категории,3803.9626345282973,5051.668747234331,12.412314863401807,11.66789601176256,11.323521322755973,1832.8545423508124,0.8039682247168545,-0.709173655068484,24192,12
catboost_logdiff,Здоровье,127.26421473682537,165.44960935598786,8.635449174952434,9.366017024653535,9.73730584241709,-43.78849470622131,0.9438392149884427,0.10874746505730026,24192,12
catboost_logdiff,Маркетплейсы,1396.6089165085218,1835.0583704845158,29.55547440007434,27.708721587585238,25.541280857271808,893.8359226578093,-0.20148175575638905,-0.7322606198016735,24192,12
catboost_logdiff,Общественное питание,115.08866064085402,175.1551453079355,9.170400936884809,15.467354525185476,16.671111895860268,-64.64785245704778,0.9829761930909421,0.202935554230268,24192,12
catboost_logdiff,Продовольствие,1207.7330561349568,1597.9062480034934,9.602450777339268,9.252213481708381,8.789891902700337,734.648030451546,0.7306358966306971,-0.43989181066509375,24192,12
catboost_logdiff,Транспорт,163.54528198292073,217.80797089337636,9.143108066058208,10.191620194693831,10.176889554360544,17.75757433181862,0.9497473380865021,0.1336582984661705,24192,12
catboost_logdiff_ds,Все категории,2918.630762933544,3316.7966416741133,9.523480507067083,10.068169900816427,10.712444617731391,-2722.0810411143198,0.9154926597172588,-0.4622939338118044,24192,12
catboost_logdiff_ds,Здоровье,297.13653550975624,384.04140435954304,20.162049918919383,18.50172597974119,20.777339843813294,-288.25040440969366,0.6974077673038745,-2.08728115517007,24192,12
catboost_logdiff_ds,Маркетплейсы,1396.6089165085218,1835.0583704845158,29.55547440007434,27.708721587585238,25.541280857271808,893.8359226578093,-0.20148175575638905,-0.7322606198016735,24192,12
catboost_logdiff_ds,Общественное питание,368.5328408687638,590.3625317205198,29.36513371827396,25.323602785782924,29.1245543290768,-354.56297569881684,0.8066035674828574,-0.48994275186999126,24192,12
catboost_logdiff_ds,Продовольствие,1273.5638555706714,1451.0955245658622,10.125858667852206,9.949564143593193,10.57623566440496,-1224.3299857948307,0.7778587891384119,-0.7141371638138871,24192,12
catboost_logdiff_ds,Транспорт,147.2972819626927,202.9753557833488,8.234752788296205,8.94576111335982,9.188814521790762,-69.04582144813727,0.9563586520756099,0.24917029694032666,24192,12
catboost_logdiff_ds_g1,Все категории,2917.2201948934617,3321.7164607952977,9.518877829193533,10.318781872914865,11.02056274396513,-2707.636870762992,0.9152417735620371,-0.5838601147936713,24192,12
catboost_logdiff_ds_g1,Здоровье,298.9881697457855,376.3080434402082,20.287691627147403,18.926700697689668,21.305746042740616,-290.26076572616154,0.7094715412802608,-2.223775121594268,24192,12
catboost_logdiff_ds_g1,Маркетплейсы,1372.0787113801978,1838.1827286234302,29.036358532254138,26.672883228754092,24.17176150174915,957.0202812752406,-0.20557650828381369,-0.5408589194761475,24192,12
catboost_logdiff_ds_g1,Общественное питание,330.3786076608244,508.5698735998188,26.324959177985622,24.188915779061045,27.691816690149935,-318.2970937425342,0.8564800925074816,-0.34546919194261116,24192,12
catboost_logdiff_ds_g1,Продовольствие,1266.5726233382907,1436.2927328640294,10.070272739286812,9.951909036423489,10.580241870201915,-1223.4702037950883,0.7823678484022457,-0.7121599459909116,24192,12
catboost_logdiff_ds_g1,Транспорт,134.8098578513782,183.22980124198813,7.536635014844492,8.637584969797997,8.914441253420806,-51.59143937193781,0.9644365607154006,0.2713274972949462,24192,12
catboost_logdiff_ds_g12,Все категории,2903.3241121752762,3294.197715065581,9.473534966858246,10.284065058621747,10.976884988240954,-2689.951229432811,0.9166403146863928,-0.5705858160429904,24192,12
catboost_logdiff_ds_g12,Здоровье,305.73488090023034,383.9509536172159,20.74548631352309,19.364082617189084,21.883503283710446,-296.92827358617313,0.697550285629542,-2.420825561507472,24192,12
catboost_logdiff_ds_g12,Маркетплейсы,1362.1652855947598,1820.184776405947,28.82656751734996,26.56612669823457,24.074981608399703,968.9146849759719,-0.18208408378972862,-0.5264160076742737,24192,12
catboost_logdiff_ds_g12,Общественное питание,330.30260808370724,504.4791160644567,26.31890344157061,24.488342954723283,28.10367257852019,-318.89177514452217,0.8587796542376075,-0.37989882319479906,24192,12
catboost_logdiff_ds_g12,Продовольствие,1265.1242424647482,1436.2259815448856,10.05875694448896,9.948879150210434,10.57871055454223,-1222.2272964884457,0.782388076723813,-0.7165369368241725,24192,12
catboost_logdiff_ds_g12,Транспорт,134.58122434950417,183.03965557318585,7.523853106434723,8.625415324887406,8.92707035760772,-51.620450415920715,0.9645103339244228,0.26657028574102404,24192,12
catboost_logdiff_ds_g123,Все категории,2853.227304596232,3270.3014070085314,9.310069284078358,10.148799647092982,10.833199092061976,-2626.392731621266,0.9178453205109157,-0.5541184647765323,24192,12
catboost_logdiff_ds_g123,Здоровье,310.065807158876,392.21457440153733,21.03935913287252,19.526693296839056,22.06535061728485,-302.11509966365253,0.684391178963774,-2.437300567797426,24192,12
catboost_logdiff_ds_g123,Маркетплейсы,1452.2610729671878,1973.951084845235,30.733202729086486,28.032170185872037,24.86138958548103,1083.940414970629,-0.3902413045155957,-0.6299766225043004,24192,12
catboost_logdiff_ds_g123,Общественное питание,334.593416917195,521.1797688359841,26.6608001769006,24.206772927958163,27.67717651344804,-321.9109231928815,0.8492747602209988,-0.346540874173769,24192,12
catboost_logdiff_ds_g123,Продовольствие,1173.6774299609024,1336.8865274512339,9.331681113160032,9.262482771758076,9.807400866177112,-1124.4767570982126,0.8114501362782051,-0.4898549928090521,24192,12
catboost_logdiff_ds_g123,Транспорт,136.37128604645503,184.8938228549613,7.623927699487442,8.689271471659024,8.96692540927546,-43.91181157372428,0.963787681019356,0.26732435080152395,24192,12
catboost_logdiff_ds_g1234,Все категории,2838.859601066621,3243.762964094199,9.263187524921525,10.134332295446853,10.818373235393592,-2611.0753878896094,0.9191732781669905,-0.553399178645329,24192,12
catboost_logdiff_ds_g1234,Здоровье,304.89848631666257,377.42373109188355,20.688733180432685,19.514760201569658,22.055478780810176,-296.7006958955409,0.7077462551626449,-2.448576410424132,24192,12
catboost_logdiff_ds_g1234,Маркетплейсы,1366.4795751129175,1866.6979874819308,28.91786786056071,26.464488371909972,23.654578387054777,1027.230524934659,-0.2432702250243255,-0.5034741264379279,24192,12
catboost_logdiff_ds_g1234,Общественное питание,334.8281449352621,518.2055698910624,26.679503583689858,24.45255942644086,28.066575026654526,-323.3139581921798,0.8509901289446482,-0.37805121075623815,24192,12
catboost_logdiff_ds_g1234,Продовольствие,1225.1346404999144,1390.4221972024043,9.740807392208266,9.67248681918361,10.268581616756352,-1183.3160264032078,0.79604680444497,-0.6223376257900768,24192,12
catboost_logdiff_ds_g1234,Транспорт,136.16337705845345,185.53573317403522,7.612304408847964,8.68702670142041,9.051406301074154,-62.385474963051166,0.9635358022738294,0.25115618655305527,24192,12
catboost_logdiff_ds_g123_m1,Все категории,2573.8085948251123,3017.7521389278177,8.39832715156535,9.17124910041544,9.729491185257437,-2215.7161653121743,0.9300441760609025,-0.3177442666526582,24192,12
catboost_logdiff_ds_g123_m1,Здоровье,262.1687007045397,324.41231612760305,17.789325105089972,16.944773042043103,18.79810096078362,-252.63966619812325,0.7840782732195413,-1.5152506874727512,24192,12
catboost_logdiff_ds_g123_m1,Маркетплейсы,1607.604022177402,2122.8066827375565,34.02061877257879,31.235506506863093,27.507131520291562,1236.7465959123108,-0.6078232580255096,-0.9004864697201291,24192,12
catboost_logdiff_ds_g123_m1,Общественное питание,294.2051357215485,456.0039291110529,23.44261404411101,22.139520504328267,24.821236393895315,-277.8913796676522,0.8846153452112586,-0.13430987093329305,24192,12
catboost_logdiff_ds_g123_m1,Продовольствие,987.0363782959085,1136.8443124254138,7.847734389552535,7.839755677920637,8.228468170068423,-920.1404877974563,0.8636550314057494,-0.08160612788418198,24192,12
catboost_logdiff_ds_g123_m1,Транспорт,140.7257919931237,189.79340756577002,7.867369258681077,8.931955185260469,9.329161667595521,-83.65124961250851,0.9618430388626026,0.22513587425003012,24192,12
catboost_logdiff_ds_g123n,Все категории,2945.66871232793,3355.5908944043467,9.611705227808972,10.436420372613131,11.160064227312532,-2752.099927764321,0.9135042521996497,-0.6335919346973937,24192,12
catboost_logdiff_ds_g123n,Здоровье,305.58565974916155,379.568947546378,20.73536098749529,19.52690081667296,22.069146110484546,-297.3032919426688,0.704414565999656,-2.4555154518625497,24192,12
catboost_logdiff_ds_g123n,Маркетплейсы,1396.0429663319435,1894.6415332295535,29.543497585550348,27.17919057218841,24.498605251843156,1007.6232792335813,-0.28077110547904827,-0.5991021260958413,24192,12
catboost_logdiff_ds_g123n,Общественное питание,323.51415923920075,499.1409599347919,25.77799178878908,23.884133957363968,27.264895862459888,-310.94095953955076,0.8617524939757283,-0.30791838742903366,24192,12
catboost_logdiff_ds_g123n,Продовольствие,1276.9108287011643,1446.1217978626414,10.152469800647966,10.034447577324764,10.671352236947643,-1234.2388911111075,0.779378987011571,-0.7351265014939083,24192,12
catboost_logdiff_ds_g123n,Транспорт,136.30848651842732,185.5316836176694,7.6204168499888025,8.711580577288984,9.090895840539297,-70.59617944282186,0.9635373940126284,0.24374218704546935,24192,12
catboost_logdiff_ds_m1,Все категории,2665.0381639887682,3073.4287616026368,8.696008870894913,9.237471967932557,9.791966871997511,-2425.0556163253395,0.9274390357191137,-0.2759400524671918,24192,12
catboost_logdiff_ds_m1,Здоровье,275.7446804116252,353.32455174364566,18.71051636850331,17.34916745675799,19.313586670124312,-266.4331045260287,0.7438765690670888,-1.660344455663148,24192,12
catboost_logdiff_ds_m1,Маркетплейсы,1380.2197316582394,1799.2685471334169,29.20864134784697,27.132672756892127,24.6802537608961,990.3273420907387,-0.15507288939869124,-0.5671549027656062,24192,12
catboost_logdiff_ds_m1,Общественное питание,302.8804160611349,483.94464616707734,24.133870667577536,21.96059471943356,24.416047090376225,-283.4034081202381,0.8700422256839512,-0.10654649327568388,24192,12
catboost_logdiff_ds_m1,Продовольствие,923.6081459515037,1067.7065343111778,7.343428842985855,7.29407225302295,7.619783300545249,-837.4665750584147,0.8797345361439127,0.07060579590089011,24192,12
catboost_logdiff_ds_m1,Транспорт,158.73155687787354,222.28813386140183,8.873993553538426,9.205042341938162,9.528869072033611,-98.04705040562105,0.94765874964662,0.21889943727712624,24192,12
catboost_logdiff_dsp,Все категории,2159.7258106018576,2610.0119390202303,7.0471766826726805,7.623070227618197,8.019751189126652,-1823.5853794651703,0.9476710848722086,0.04799448596831268,24192,12
catboost_logdiff_dsp,Здоровье,237.18879202119328,310.03441445984504,16.09432598631906,14.881920995711118,16.286121504695537,-223.8574566550928,0.8027933817669857,-0.9549209182425473,24192,12
catboost_logdiff_dsp,Маркетплейсы,1776.9408020152441,2338.216196649449,37.60417663357275,34.32218928826503,28.485037532623643,1648.0032599872272,-0.9506831987458391,-0.969047513357449,24192,12
catboost_logdiff_dsp,Общественное питание,323.3972555644434,478.6312459625514,25.768676765375385,25.58231941491566,29.774581512186572,-314.80361240923344,0.8728802649129712,-0.5687407851580728,24192,12
catboost_logdiff_dsp,Продовольствие,793.3121391317521,932.6541108170545,6.30747061892718,6.397589985194514,6.658705867303974,-700.6820855194024,0.9082347299383502,0.24528179909177117,24192,12
catboost_logdiff_dsp,Транспорт,153.71080972488315,209.8246262945518,8.593305335354676,9.166538530729678,9.506399465311151,-96.4568190628594,0.9533636610733558,0.2184535858995439,24192,12
catboost_logdiff_dsp_g123,Все категории,2038.4737711322498,2532.8311980217236,6.651531762802687,7.273238989666035,7.620379614112911,-1503.515398597371,0.9507201658959372,0.10316670498530356,24192,12
catboost_logdiff_dsp_g123,Здоровье,227.27624574743118,280.2503091309204,15.421715152877383,14.909993819135359,16.30518328401847,-215.5528337532989,0.8388635178284454,-0.9240375865728585,24192,12
catboost_logdiff_dsp_g123,Маркетплейсы,1759.379734180416,2290.571778303455,37.23254382735541,34.08241596511615,28.471991251903418,1607.156161036177,-0.8719973322289378,-0.9757442533901315,24192,12
catboost_logdiff_dsp_g123,Общественное питание,351.7131262335365,525.8297234331521,28.024918913530023,27.130134271665458,31.8710019785044,-343.6326914820559,0.8465732275936457,-0.7369822947627493,24192,12
catboost_logdiff_dsp_g123,Продовольствие,742.7441426907491,897.3771828325225,5.905414308332052,6.0314201460170125,6.265350655705526,-624.7196283290036,0.9150453460936755,0.3038698759444085,24192,12
catboost_logdiff_dsp_g123,Транспорт,143.6589799718848,193.19151466885936,8.031351088928412,9.074661494036016,9.45441795844107,-75.04897251550587,0.960464464261319,0.21003484142886142,24192,12
catboost_logdiff_dsp_g123_d4,Все категории,1987.7778997849953,2463.0835145106207,6.486111337342945,7.073921957372904,7.388239284931035,-1355.3869651825023,0.9533968772874486,0.15865455879922363,24192,12
catboost_logdiff_dsp_g123_d4,Здоровье,231.436168008886,281.75698192692795,15.703984582149646,15.362799492175547,16.86627859184868,-221.71380205017724,0.837126266812952,-1.0487833052040756,24192,12
catboost_logdiff_dsp_g123_d4,Маркетплейсы,1856.0287563470647,2352.48421282464,39.27786064201515,36.18553433151875,29.988428512021486,1721.6785738918063,-0.9745623399279097,-1.1350400578945505,24192,12
catboost_logdiff_dsp_g123_d4,Общественное питание,354.29673859694714,524.2907931071713,28.23078420995487,27.960581589217153,33.10138909686914,-346.68203240108846,0.8474699726414385,-0.8566231518833989,24192,12
catboost_logdiff_dsp_g123_d4,Продовольствие,732.8784207389216,885.993725582802,5.826973870733602,5.950742697855016,6.177406863719422,-608.2916155806344,0.9171870182388518,0.32189593694515195,24192,12
catboost_logdiff_dsp_g123_d4,Транспорт,144.03947960559768,193.11787170384628,8.052623174726007,9.104521243441562,9.487985810914608,-57.73317527198394,0.9604945997375892,0.20279465975404487,24192,12
catboost_logdiff_dsp_g123_dir,Все категории,1922.8091075133973,2600.9004392610113,6.274118427988299,6.727489709890255,7.002617166287645,-1172.8685117913244,0.9480358055462561,0.1470065192231753,24192,12
catboost_logdiff_dsp_g123_dir,Здоровье,276.39777270415783,342.1496255003361,18.754831616983658,18.441421871603218,20.65138366947867,-249.1810453869829,0.7598216729239347,-2.402001540233087,24192,12
catboost_logdiff_dsp_g123_dir,Маркетплейсы,2204.5116600134293,2902.5304581529585,46.6525647674359,42.435125173699554,33.99128468277018,2011.7117714618896,-2.005875481236872,-1.8287509034969043,24192,12
catboost_logdiff_dsp_g123_dir,Общественное питание,381.9629995066039,593.9839744718678,30.435264682255664,30.52741473554084,37.297920641665996,-363.5967989164248,0.8042235985226887,-1.9688693498743328,24192,12
catboost_logdiff_dsp_g123_dir,Продовольствие,822.2484046867736,1036.626428888019,6.5375372418954445,6.510971600383127,6.723564976125114,-587.9082929800473,0.8866342975160849,0.17974648341940735,24192,12
catboost_logdiff_dsp_g123_dir,Транспорт,173.8450657574498,234.29016440666175,9.718924347431502,10.739092244674415,10.964720545878398,-72.0953995044181,0.9418540263000419,-0.08569277544808718,24192,12
catboost_logdiff_dsp_g123_l2,Все категории,2037.7668459143972,2534.96846713559,6.649225068644017,7.198422568776433,7.518706318946329,-1434.1588189779081,0.9506369635845213,0.13671052278369056,24192,12
catboost_logdiff_dsp_g123_l2,Здоровье,229.75301185041917,281.75577236606034,15.589774868994965,15.163472532942102,16.61600302416381,-219.36721768522142,0.8371276652185554,-0.9876168312252358,24192,12
catboost_logdiff_dsp_g123_l2,Маркетплейсы,1858.8969676385482,2376.300903242155,39.33855862582251,36.18497178912045,29.831347930668333,1748.678118401372,-1.0147458995127643,-1.104353056545019,24192,12
catboost_logdiff_dsp_g123_l2,Общественное питание,362.4465807677028,542.3347614863425,28.88017329713338,27.705920991082277,32.65724388557544,-354.3572018380067,0.8367903740990948,-0.798276251880822,24192,12
catboost_logdiff_dsp_g123_l2,Продовольствие,733.8537050133094,885.2942846681178,5.8347281664292865,5.965632257018932,6.194642343608601,-616.3561251307411,0.9173177187679636,0.31863851481172667,24192,12
catboost_logdiff_dsp_g123_l2,Транспорт,141.76848584952063,190.97194894914753,7.925661754149383,8.928691214549549,9.295431431443891,-77.73555127144473,0.9613676885345352,0.23553053386845557,24192,12
catboost_logdiff_dsp_g123_lr,Все категории,1955.8104976073878,2441.8205932078145,6.381801831883603,7.0060436414940055,7.318804922037481,-1336.2665444051518,0.9541980205713051,0.16315248411186034,24192,12
catboost_logdiff_dsp_g123_lr,Здоровье,237.5080230544604,291.0854675187664,16.115987247252047,15.618104358588642,17.158922563998775,-227.44708975590538,0.8261627972379711,-1.102942646537667,24192,12
catboost_logdiff_dsp_g123_lr,Маркетплейсы,1811.0291820502575,2322.251460679273,38.3255655861677,35.24271091926805,29.193944723040538,1693.8796262625185,-0.9241366141964107,-1.030137597488375,24192,12
catboost_logdiff_dsp_g123_lr,Общественное питание,365.28620427508525,551.485082862096,29.106437865054296,27.725737406667665,32.72254446579134,-357.526748247347,0.8312365383541299,-0.812533488261671,24192,12
catboost_logdiff_dsp_g123_lr,Продовольствие,738.8006923000235,890.0932187948243,5.8740607007798955,5.99600225812065,6.2270264114123695,-624.0949224266658,0.9164188939060477,0.3145126607874549,24192,12
catboost_logdiff_dsp_g123_lr,Транспорт,142.2198178375529,191.22421855782187,7.950893769956963,8.9986816394978,9.380586533576125,-74.22150423490311,0.9612655563092338,0.21988820244463014,24192,12
catboost_logdiff_dsp_g123_rel,Все категории,1998.4964258994517,2479.5198917376665,6.521085845188162,7.1381380429849735,7.477036172947307,-1473.746057528832,0.9527728284083412,0.13032993053112762,24192,12
catboost_logdiff_dsp_g123_rel,Здоровье,231.956705305127,288.0806754925449,15.73930537813815,15.164717911095552,16.61751794159119,-220.55647086734902,0.8297332168675444,-1.0036208971976737,24192,12
catboost_logdiff_dsp_g123_rel,Маркетплейсы,1903.5527062592996,2461.0757803167994,40.28357732362772,36.85112035653926,30.32652213531133,1790.0706801635076,-1.1610627991177016,-1.1974213119633994,24192,12
catboost_logdiff_dsp_g123_rel,Общественное питание,360.3206856949656,540.588989074512,28.710779457130446,27.55334408997801,32.49167582666293,-352.7800341013304,0.83783942458782,-0.7902203594788264,24192,12
catboost_logdiff_dsp_g123_rel,Продовольствие,730.4099594283947,880.862348778123,5.807347614658475,5.93889972141185,6.166544505678371,-616.9570945771429,0.9181434901270117,0.325470043108285,24192,12
catboost_logdiff_dsp_g123_rel,Транспорт,145.0183326990001,195.58509701118217,8.107346609760398,9.022147342577398,9.404595122280202,-85.46946213643173,0.9594787295814721,0.22487078036492236,24192,12
catboost_logdiff_dsp_g123_s1,Все категории,1998.2070094916037,2490.885514842,6.520141480606808,7.163631802318005,7.496581860530542,-1409.9952890878058,0.9523388762961628,0.1244926977903209,24192,12
catboost_logdiff_dsp_g123_s1,Здоровье,219.0400581105511,266.47332729917184,14.862852790187855,14.617324209107826,15.95784544080105,-207.43990781807713,0.8543169024273534,-0.8565470797356329,24192,12
catboost_logdiff_dsp_g123_s1,Маркетплейсы,1758.8675836704112,2306.770556077871,37.22170553819048,33.9246925875924,28.265999015586285,1612.4138216035494,-0.898568246975338,-0.9535643687811959,24192,12
catboost_logdiff_dsp_g123_s1,Общественное питание,337.3062693840727,508.74619245245026,26.876963478005656,26.09372334896251,30.468814178893638,-328.65282818396156,0.8563805598637184,-0.620504974166219,24192,12
catboost_logdiff_dsp_g123_s1,Продовольствие,756.1124644538918,905.5977635605796,6.011703236215689,6.142721756275631,6.385521601917439,-646.8742183348838,0.9134817329228226,0.2850768346981932,24192,12
catboost_logdiff_dsp_g123_s1,Транспорт,143.75135548578564,193.11065574291635,8.036515403643044,9.0398297895486,9.435570588693704,-80.4562322459635,0.9604975519666751,0.21637371653836246,24192,12
catboost_logdiff_dsp_g123_s2,Все категории,2053.1210474566856,2564.7220572138503,6.699325766870945,7.318226523903871,7.6634280294333434,-1432.8487306776346,0.9494713893456258,0.09312144665837319,24192,12
catboost_logdiff_dsp_g123_s2,Здоровье,228.70502465665487,281.41662481749825,15.518664225940537,15.002969070656604,16.4171233976783,-217.2118223695877,0.837519525927908,-0.9461681408098495,24192,12
catboost_logdiff_dsp_g123_s2,Маркетплейсы,1717.8268877543298,2287.6229359587123,36.35318950398,32.886006504681156,27.53440430307429,1555.9026441475485,-0.8671804810533008,-0.8981772121142315,24192,12
catboost_logdiff_dsp_g123_s2,Общественное питание,341.00802523040113,513.2110173427966,27.171923772897106,26.206638450090168,30.61394497967761,-332.2737325797379,0.8538486512393528,-0.6231139645066723,24192,12
catboost_logdiff_dsp_g123_s2,Продовольствие,745.6084028503161,893.933193074419,5.928187484122864,6.039417510200295,6.271752842434368,-636.0165591076267,0.9156961794785679,0.3121723535104597,24192,12
catboost_logdiff_dsp_g123_s2,Транспорт,144.17395376176933,193.3673156880663,8.060141042114548,9.084774661750956,9.48718222334151,-81.47319307885525,0.9603924781820407,0.2080294885810442,24192,12
catboost_logdiff_dsp_g123_w,Все категории,1866.3744596211743,2333.554931402217,6.089972397613226,6.647359271625325,6.931386501366912,-1312.8226476112925,0.9581695245998875,0.24818322198815046,24192,12
catboost_logdiff_dsp_g123_w,Здоровье,237.3596995797759,287.14631817957985,16.10592283260305,15.787054018772928,17.367538306318757,-228.10896085566088,0.8308359081078217,-1.1443438681502953,24192,12
catboost_logdiff_dsp_g123_w,Маркетплейсы,1896.441215199723,2390.050125526206,40.13308172713451,37.52355842238017,30.6951582791617,1820.6696555452925,-1.0381278949508959,-1.1557011595887863,24192,12
catboost_logdiff_dsp_g123_w,Общественное питание,348.8274516530885,516.774448782337,27.794984941505916,27.971952752809187,33.26262323819728,-343.21401303564227,0.8518120294329974,-0.8934560200159338,24192,12
catboost_logdiff_dsp_g123_w,Продовольствие,729.9851346891256,883.8482163610738,5.803969915731461,5.893853654818967,6.112670818071574,-607.1634452093626,0.9175876099860053,0.3373304025261882,24192,12
catboost_logdiff_dsp_g123_w,Транспорт,145.34326396325264,194.1439756942357,8.125512108801894,9.212014423087602,9.66874897723405,-85.43706594522523,0.9600736719248029,0.17681160738833057,24192,12
catboost_logdiff_dsp_g123_wm,Все категории,1733.0710880955503,2178.9100934101584,5.655004029440953,6.170413640881215,6.412744699633384,-1164.3818027136847,0.9635300334822869,0.34389543423256497,24192,12
catboost_logdiff_dsp_g123_wm,Здоровье,237.79234734284336,283.87242157599167,16.135279928597015,16.12920503246462,17.81991635446776,-230.55948181030135,0.8346713640477188,-1.2881328243585761,24192,12
catboost_logdiff_dsp_g123_wm,Маркетплейсы,1862.5508861992516,2258.3385783997296,39.41588399243322,38.18970004437413,31.333877982591503,1819.1244008872306,-0.8196820931403235,-1.133202443362097,24192,12
catboost_logdiff_dsp_g123_wm,Общественное питание,369.5147541419647,515.4544876374398,29.44337373210643,33.07770722944852,40.90840685748623,-365.8492439561189,0.8525680751584488,-1.8716747058885441,24192,12
catboost_logdiff_dsp_g123_wm,Продовольствие,709.238694213644,857.73695744671,5.639019000080982,5.708497092776431,5.913335447178877,-593.3246495379714,0.9223850511753532,0.3792738494157517,24192,12
catboost_logdiff_dsp_g123_wm,Транспорт,144.12427568433023,193.4950843999475,8.057363756062436,9.122005284892595,9.587620712345313,-92.32753153540185,0.9603401190339774,0.18143560213261423,24192,12
catboost_logdiff_dsp_g123m,Все категории,1762.170889512422,2259.9545383664963,5.749956565086316,5.926127050369024,6.125909847665254,-1242.6012919960092,0.9607665816669575,0.4267921803685244,24192,12
catboost_logdiff_dsp_g123m,Здоровье,286.5525853915674,360.17397010048415,19.443881315868985,18.162213432399753,20.283846945278732,-278.3630347206535,0.7338500900649877,-1.8773406840126996,24192,12
catboost_logdiff_dsp_g123m,Маркетплейсы,1840.6065077218977,2368.88920960839,38.951490196398765,35.995533552175516,29.69479958201176,1744.070492277611,-1.0021974955725517,-1.0736124785378083,24192,12
catboost_logdiff_dsp_g123m,Общественное питание,398.75530288655295,590.9914634147981,31.77329532567837,32.14836318466035,39.50414373558384,-394.0872023553445,0.8061912854384139,-1.7602666537609566,24192,12
catboost_logdiff_dsp_g123m,Продовольствие,712.8283967776264,867.0598711029969,5.667560027422108,5.678553693582441,5.868923634578497,-582.319233324837,0.9206886571411876,0.39596368235608215,24192,12
catboost_logdiff_dsp_g123m,Транспорт,167.31125038017035,222.4876145377908,9.353647041025454,10.05634833183452,10.628527260132396,-118.78983444452136,0.9475647657462383,0.06800578672730762,24192,12
catboost_logdiff_g1,Все категории,4190.969525569818,5826.443764893067,13.675116801126219,12.174012367725712,11.529530621782083,2731.9474090212143,0.7392262564968487,-0.8424980366550348,24192,12
catboost_logdiff_g1,Здоровье,134.09658515225067,171.42823452368722,9.099056227326608,10.13056823935151,10.700679131339538,-81.0117068692758,0.9397070709444394,-0.0519687695890827,24192,12
catboost_logdiff_g1,Маркетплейсы,1372.0787113801978,1838.1827286234302,29.036358532254138,26.672883228754092,24.17176150174915,957.0202812752406,-0.20557650828381369,-0.5408589194761475,24192,12
catboost_logdiff_g1,Общественное питание,116.27097998725844,175.22335135986674,9.264609544245344,15.477556680483717,16.566286608411694,-59.782652443506564,0.9829629322446274,0.22489217729016298,24192,12
catboost_logdiff_g1,Продовольствие,1354.6446802091423,1822.9905037970593,10.770516544542792,10.108687876828323,9.432928606765481,1108.3963068405606,0.6494048191059485,-0.6880707250893601,24192,12
catboost_logdiff_g1,Транспорт,171.20726491345837,225.1666097191846,9.571456331962416,10.240376828191158,10.245739923519958,32.46469089599856,0.9462944076705097,0.15347831623484076,24192,12
catboost_logdiff_g12,Все категории,3991.0319221330087,5616.90527896035,13.022721200715864,11.566792898312773,11.001444656629088,2551.729449822811,0.7576455805983839,-0.6893955390903543,24192,12
catboost_logdiff_g12,Здоровье,128.38646136623078,165.00098865513942,8.711598654600209,9.620010833789163,10.064320624217217,-53.43878184357685,0.9441433647842128,0.04874495813639812,24192,12
catboost_logdiff_g12,Маркетплейсы,1362.1652855947598,1820.184776405947,28.82656751734996,26.56612669823457,24.074981608399703,968.9146849759719,-0.18208408378972862,-0.5264160076742737,24192,12
catboost_logdiff_g12,Общественное питание,119.24551645338063,178.09787586094075,9.501624136680716,15.63472246247568,16.779460574434964,-65.15153350200401,0.9823993638486824,0.21512182742770702,24192,12
catboost_logdiff_g12,Продовольствие,1627.958353344975,2178.503350022944,12.943580434554725,12.050925233336296,11.078235976680444,1475.946579545202,0.4993276662777476,-1.2676947019198082,24192,12
catboost_logdiff_g12,Транспорт,174.06645053935424,229.27915943298544,9.731301011316825,10.300994810725927,10.299930167077045,37.72077207438524,0.9443146831660789,0.14949263630567255,24192,12
catboost_logdiff_g123,Все категории,4030.528414018287,5432.017807464171,13.151598095780493,11.889213521361269,11.27745172259166,2691.308935150899,0.7733377929589602,-0.7213838017222884,24192,12
catboost_logdiff_g123,Здоровье,134.62441850485698,172.21524486875296,9.134872093544008,10.091605832481392,10.612594770981367,-68.19345725166862,0.9391522022454764,-0.0356126743749241,24192,12
catboost_logdiff_g123,Маркетплейсы,1452.2610729671878,1973.951084845235,30.733202729086486,28.032170185872037,24.86138958548103,1083.940414970629,-0.3902413045155957,-0.6299766225043004,24192,12
catboost_logdiff_g123,Общественное питание,119.22055258338965,182.9064643261047,9.499634985920956,15.537067691548648,16.619151046064555,-61.694062337485896,0.981436109631263,0.22890590916653664,24192,12
catboost_logdiff_g123,Продовольствие,2131.8127424595023,2754.287389695974,16.949628746175954,15.681541436378662,14.118746624084439,2064.896322772233,0.19969480331832423,-2.485258289760682,24192,12
catboost_logdiff_g123,Транспорт,191.43578749499358,252.08954200516777,10.702345378330564,11.015102450984791,10.9117289946408,60.107894078706366,0.932683552047692,0.0844489970049459,24192,12
catboost_logdiff_g1234,Все категории,3910.860100149486,5293.815151072012,12.761120866212188,11.556574101750272,10.990055832517607,2561.7452443016605,0.7847246577290423,-0.6480116744711,24192,12
catboost_logdiff_g1234,Здоровье,129.83294627203207,166.16764394280546,8.80974915914081,9.663136255149753,10.108096414738693,-50.548128343830335,0.943350692951203,0.04327666008296638,24192,12
catboost_logdiff_g1234,Маркетплейсы,1366.4795751129175,1866.6979874819308,28.91786786056071,26.464488371909972,23.654578387054777,1027.230524934659,-0.2432702250243255,-0.5034741264379279,24192,12
catboost_logdiff_g1234,Общественное питание,121.5099055602508,184.65590930514313,9.682053345531399,15.845438039565648,17.111698866374304,-67.61805218834682,0.9810792953558649,0.19250975938431336,24192,12
catboost_logdiff_g1234,Продовольствие,1803.8128281733866,2358.9699322449965,14.341765182365398,13.405566936261899,12.212830632176967,1710.7008148406217,0.41294074356133204,-1.7057525919324443,24192,12
catboost_logdiff_g1234,Транспорт,183.8406897476103,242.22724965333416,10.277736373199788,10.730882667885435,10.633653679673387,54.35727358557948,0.9378476535400738,0.11680344122219577,24192,12
chronos2,Все категории,3250.8810095812278,4318.042446625799,10.607611733120871,10.671788245037718,11.250113639295908,-2024.6789778048399,0.8567711326442916,-0.9413319397460815,24192,12
chronos2,Здоровье,144.4155156725929,205.5270977110737,9.799242059082628,10.114585107483068,10.13757012803422,-50.82927740944756,0.9133357752156891,-0.00881686409577398,24192,12
chronos2,Маркетплейсы,1382.1277990555636,1787.6906788639853,29.24902046647398,28.221978002766473,29.212378540441293,60.51314750676433,-0.14025547393167215,-1.6984213082112247,24192,12
chronos2,Общественное питание,276.1111766511486,449.99074517247607,22.000865931940787,22.50214769886979,25.67385798539224,-253.69359558710346,0.8876383652022057,-0.41985665561710284,24192,12
chronos2,Продовольствие,1259.7712995942939,1614.9820662506747,10.016196736199271,9.70327282878943,10.165205218728165,-842.7503904514211,0.7248480864148953,-0.9080571450561077,24192,12
chronos2,Транспорт,250.31614321249504,360.2097302348064,13.99409093507053,12.93334941825098,13.71814246023266,-162.54855033834144,0.8625570672697737,-0.5012073043993068,24192,12
chronos2_cl,Все категории,3258.705353307976,4321.3683821613495,10.633142535409608,10.648489302990566,11.224702351396456,-2082.3176846378065,0.8565504060324012,-0.9256065693859445,24192,12
chronos2_cl,Здоровье,141.7995968899399,201.52694924067447,9.62174020799183,9.914280199046908,9.909195684812616,-47.305197788924765,0.91667641666542,0.043509195392170796,24192,12
chronos2_cl,Маркетплейсы,1339.3971741805,1729.4416180631315,28.344741627447668,27.425620365897647,27.918857010894644,134.06467568306695,-0.06715923251765266,-1.4275192424304155,24192,12
chronos2_cl,Общественное питание,268.03354288992426,438.6884592328756,21.357230496448988,21.762517753030618,24.536561123674026,-244.7676561476377,0.8932117906161168,-0.27978816184271627,24192,12
chronos2_cl,Продовольствие,1264.8260997186892,1620.2061432533037,10.056386469466267,9.735345650623605,10.19494407304096,-844.0004056698431,0.7230651073231296,-0.91561570186141,24192,12
chronos2_cl,Транспорт,243.5538289673114,350.96786642665927,13.616039247056591,12.59163431580771,13.248360676466906,-153.5144537453929,0.8695193100694111,-0.3786182872511532,24192,12
chronos2_nat,Все категории,3195.0860174673576,4261.006823728142,10.42555289699241,10.532136221377964,11.059456426795874,-1819.7536193605454,0.8605298709870481,-0.8994146366434608,24192,12
chronos2_nat,Здоровье,149.12681923089204,208.04050664467573,10.11892518846505,10.878938119760337,10.604957310348107,-16.862404282130893,0.9112031656929751,-0.11422803728843212,24192,12
chronos2_nat,Маркетплейсы,1455.9137907734623,1875.970948964925,30.81050268495669,29.909338424973004,29.65019439204102,292.5292887939978,-0.25565298009919823,-1.6669242692834199,24192,12
chronos2_nat,Общественное питание,276.40806659551527,451.70897571718996,22.024522474721035,22.44220250266257,25.39387889932699,-250.96720604622175,0.8867786506935923,-0.3910577118288987,24192,12
chronos2_nat,Продовольствие,1235.19176701137,1591.821768261561,9.820769650256235,9.541112802632384,9.952717210392047,-782.2534253963087,0.7326833510013189,-0.8516715272967779,24192,12
chronos2_nat,Транспорт,247.216487302982,353.2394624818481,13.82080260412844,12.9113625385417,13.565703180372294,-148.65619714802534,0.8678248038012144,-0.4599483188128193,24192,12
chronos2_nat_cl,Все категории,3162.5993002836035,4210.881104589726,10.319548868744892,10.409872806228146,10.93840046139469,-1877.1954002985879,0.863791973175559,-0.8527212255240268,24192,12
chronos2_nat_cl,Здоровье,146.5560415573221,203.75905701072858,9.944486364588885,10.725890698600269,10.415530747634325,-10.771648547006032,0.914820414641584,-0.07090949414862013,24192,12
chronos2_nat_cl,Маркетплейсы,1411.0499065162012,1819.855201291308,29.861079144135914,29.03270486890565,28.399095675459137,342.2941583603147,-0.1816560500736255,-1.4121806351961688,24192,12
chronos2_nat_cl,Общественное питание,274.57879788534984,447.66334331724113,21.878764174988415,22.29209174261394,25.235473700384993,-250.76228496952663,0.8887976530276765,-0.36182810767062157,24192,12
chronos2_nat_cl,Продовольствие,1231.4779211982848,1584.2968120879934,9.79124158407172,9.504850976794769,9.916062041205784,-786.0045876275925,0.7352047281517672,-0.8296029717202655,24192,12
chronos2_nat_cl,Транспорт,244.4657018361268,349.41100119979023,13.667018107962875,12.756384735588227,13.387472814893739,-146.19625456749446,0.8706743462427277,-0.4141665666467249,24192,12
drift,Все категории,6985.23253742785,8078.404571423709,22.792785833813806,23.05664406551481,20.286737994169453,6956.800726761665,0.49868818360632405,-3.8694153714700272,24192,12
drift,Здоровье,209.51489222582975,282.46447625523234,14.216527457881375,15.199734227399219,14.414104257874067,115.6559907106782,0.8363072850346003,-15.137372021033826,24192,12
drift,Маркетплейсы,1801.7185583513706,2121.8859239715343,38.12853125742439,38.16159719671277,31.32263323053583,1730.225450186388,-0.6064287869146234,-1.213399049516588,24192,12
drift,Общественное питание,201.00405844155844,291.93321998053807,16.016241700842144,27.776208520591073,35.0691619296969,-140.49743716931218,0.9527090628254176,-159.5383349114247,24192,12
drift,Продовольствие,3622.356605489418,4027.4088051221984,28.800653278049428,29.245085972033145,24.979475822370173,3618.884202892015,-0.7111518846261982,-7.984678058435733,24192,12
drift,Транспорт,222.66308170995669,301.53331464111045,12.448128088514885,14.142069316288403,14.665887038987272,35.42352092352093,0.903687615155269,-23.79236269262635,24192,12
final,Все категории,2038.4737711322498,2532.8311980217236,6.651531762802687,7.273238989666035,7.620379614112911,-1503.515398597371,0.9507201658959372,0.10316670498530356,24192,12
final,Здоровье,118.5105923723218,158.48026227540362,8.041476539504863,8.60675160050121,8.799444669681998,-21.82800482154125,0.9484709613583846,0.24121807376256,24192,12
final,Маркетплейсы,956.1106417419039,1248.8635716873052,20.233512232104573,20.03334551284776,19.7031207240484,278.59094699388066,0.4435227553659571,-0.12849766008923713,24192,12
final,Общественное питание,120.22372059131585,182.03456843946634,9.579568602217414,15.481880519884255,16.210347633225854,-65.29139781746953,0.9816126720262227,0.2810112765602042,24192,12
final,Продовольствие,742.7441426907491,897.3771828325225,5.905414308332052,6.0314201460170125,6.265350655705526,-624.7196283290036,0.9150453460936755,0.3038698759444085,24192,12
final,Транспорт,159.17339250393488,211.78703255472368,8.898694668896406,9.927004913935987,9.946418512539625,9.42279197434215,0.9524872394868266,0.16935066937661336,24192,12
final_online,Все категории,2038.4737711322498,2532.8311980217236,6.651531762802687,7.273238989666034,7.62037961411291,-1503.5153985973711,0.9507201658959372,0.10316670498530356,24192,12
final_online,Здоровье,118.5105923723218,158.48026227540362,8.041476539504863,8.60675160050121,8.799444669681998,-21.82800482154125,0.9484709613583846,0.24121807376256,24192,12
final_online,Маркетплейсы,956.1106417419039,1248.8635716873052,20.233512232104573,20.03334551284776,19.703120724048404,278.59094699388055,0.4435227553659571,-0.1284976600892369,24192,12
final_online,Общественное питание,120.22372059131585,182.0345684394663,9.579568602217414,15.481880519884255,16.210347633225854,-65.29139781746953,0.9816126720262227,0.2810112765602042,24192,12
final_online,Продовольствие,742.7441426907492,897.3771828325225,5.905414308332054,6.0314201460170125,6.265350655705526,-624.7196283290036,0.9150453460936755,0.3038698759444085,24192,12
final_online,Транспорт,159.17339250393488,211.78703255472368,8.898694668896406,9.927004913935987,9.946418512539625,9.422791974342156,0.9524872394868266,0.16935066937661336,24192,12
mean_12,Все категории,4296.795758928572,5387.45094583543,14.020427377348419,13.242091293746194,14.40613890514494,-4026.1948991402114,0.7770418249816283,-1.7366915650359052,24192,12
mean_12,Здоровье,172.39666694223988,236.76108033652767,11.697888981513792,11.037267589401436,11.654964458499924,-139.37822420634922,0.8849935220420246,-0.1476945346193983,24192,12
mean_12,Маркетплейсы,1665.647934578924,1949.1668988073186,35.24896218839492,34.2269174786762,43.057132932204674,-1661.4951636904761,-0.35554977530745124,-3.579696009202779,24192,12
mean_12,Общественное питание,244.28337880291005,395.5034955878186,19.46478926216974,21.11135129329045,22.296454164399073,-206.40653935185185,0.913201636276765,-0.05965872489808732,24192,12
mean_12,Продовольствие,1318.8054866622574,1661.9977027830994,10.485566082861432,9.994463868994275,10.673427411883516,-1155.4791666666667,0.7085943500973211,-1.0246059394050602,24192,12
mean_12,Транспорт,230.46557401895942,324.80249990099634,12.884331624935152,12.197275157183656,12.73152764727361,-161.9379546957672,0.8882492980771959,-0.25824105888316096,24192,12
mean_3,Все категории,2720.7270309744267,3665.7117494200643,8.87772142115444,8.665414532131855,9.046443941403135,-1832.2893931878307,0.8967777393298278,-0.2748499297529723,24192,12
mean_3,Здоровье,126.94214340828923,175.1820084864095,8.613595187214916,9.048868737738895,9.194365892727262,-55.38024966931217,0.9370376861151258,0.15642373129679166,24192,12
mean_3,Маркетплейсы,795.1871830908291,1116.7088507231415,16.827999703641318,16.38812900773898,18.178186855536417,-462.4238177910052,0.5550642205574257,-0.18568176989688157,24192,12
mean_3,Общественное питание,239.50338955026456,378.9679658438196,19.083914051035354,21.263327507110606,23.989488257064785,-217.59614748677248,0.9203077870445138,-0.2628688098840697,24192,12
mean_3,Продовольствие,932.9991043871253,1238.787485022953,7.41809452814867,7.286975285507581,7.518098105003709,-502.1726603835979,0.8381060021079695,-0.11337706880036902,24192,12
mean_3,Транспорт,197.33630952380952,268.4674464179134,11.03221799771469,11.025732773500067,11.603673133180614,-125.77521494708995,0.9236525041307435,-0.0755675032485914,24192,12
mean_6,Все категории,3321.710469025573,4243.304932199672,10.838727976021815,10.480025134725402,11.148084667272778,-2744.9610201719574,0.8616862909784984,-0.7434931541080498,24192,12
mean_6,Здоровье,161.0033344356261,216.09291296124618,10.9248001442656,10.775268725666773,11.373201000641755,-127.49731316137566,0.9041962022377517,-0.11602639968351092,24192,12
mean_6,Маркетплейсы,1153.6339010141094,1478.6149705974176,24.413561180548538,23.528538714467572,28.13070961253277,-1097.641162367725,0.21994071179124253,-1.3324863118480117,24192,12
mean_6,Общественное питание,200.44141313932982,321.1008551906155,15.971409456049651,19.032207720298675,19.72683228993512,-145.03125,0.9427871199893926,0.11880672846356033,24192,12
mean_6,Продовольствие,1063.3082148368608,1383.2321663598952,8.45415693662234,8.163925929697808,8.555748239530054,-775.2497933201058,0.798150680853317,-0.3791046311348194,24192,12
mean_6,Транспорт,183.8459270282187,249.05873091855113,10.278029166865213,10.46739622930544,10.645752637605778,-82.25347222222223,0.9342924801542675,0.10655600239887453,24192,12
naive,Все категории,2692.1417410714284,3637.1512799386996,8.784447734521178,9.364004423744598,8.82517510093682,1618.6525710978835,0.8983799338447542,-0.3322895415261027,24192,12
naive,Здоровье,135.215980489418,181.42873291547517,9.175012233976059,10.2128846692475,9.906325049574532,10.241443452380953,0.9324673467891189,-0.009525933511059348,24192,12
naive,Маркетплейсы,849.9696180555555,1101.5868587403977,17.987322714568,18.264000135965137,17.925263432614248,132.67604993386243,0.5670328895730898,-0.008846288873205932,24192,12
naive,Общественное питание,233.96734457671957,360.7152296958417,18.642795423628094,22.360967525344805,25.786605593192142,-208.02521494708995,0.9277995601134313,-0.5910760071550669,24192,12
naive,Продовольствие,1513.9819361772486,1812.237237441658,12.037376095714238,12.583133605281011,11.593566774196523,1331.3690062830688,0.6535287288968596,-1.3293138488050547,24192,12
naive,Транспорт,191.61119378306879,256.4971512664502,10.71215158385293,11.150893130638488,11.414893735445792,-74.20858134920636,0.9303090113728769,-0.06139307667967908,24192,12
prophet_default,Все категории,2720.1377713387456,3712.9674366266654,8.87579866931982,8.684298512706953,8.354197085977377,1608.914952090354,0.8940992528735358,-0.10018448784667311,24192,12
prophet_default,Здоровье,179.52367525873427,240.69741742590438,12.181488540225736,14.06287254243597,15.41050591688207,-79.8114434276932,0.8811375880828632,-7.2288825940461905,24192,12
prophet_default,Маркетплейсы,957.152017751091,1216.60072634949,20.25555015669217,20.155836338511733,18.25331660838858,771.4264647583569,0.47190317407851046,0.0880331475613676,24192,12
prophet_default,Общественное питание,181.98691655887282,281.56503595682864,14.50093328760004,24.274508117787498,27.708814967122713,-48.638566717316095,0.9560085442213182,-81.70767239169908,24192,12
prophet_default,Продовольствие,1085.733662723262,1417.451173750324,8.632457313841533,8.92599724222007,8.420180067251694,776.4045429103388,0.7880402760337732,-0.41539056792345885,24192,12
prophet_default,Транспорт,241.2485620976861,318.59017840717775,13.487161765208544,15.069743305898239,15.774452909238414,55.35234325930058,0.8924832075748327,-32.97790398856361,24192,12
prophet_yearly,Все категории,9140.19825614875,10110.113812364005,29.824430355715805,30.860777667494197,26.269740128035508,9127.513988388744,0.21482071657747592,-6.837568390043235,24192,12
prophet_yearly,Здоровье,267.4770384223278,340.2705268727771,18.149519686577285,19.930858149365537,18.06164046933786,192.28894778838858,0.7624525653838877,-3.8372512630257063,24192,12
prophet_yearly,Маркетплейсы,1544.0198056493398,1819.5961793849094,32.67502970921951,33.195029462028344,28.14110566835714,1417.2883906017407,-0.18131970131290442,-4.113537253131515,24192,12
prophet_yearly,Общественное питание,169.1574393481617,240.51628437357013,13.478665331941134,28.037110786503643,34.60313032053855,-77.66765809974726,0.9679003824823638,-248.72895977414927,24192,12
prophet_yearly,Продовольствие,4968.810306717,5287.572272041392,39.50604494082375,40.03551669836514,32.97818444008597,4967.807656834698,-1.9495092496116215,-13.523429100751843,24192,12
prophet_yearly,Транспорт,230.19503572359852,315.6102151675309,12.869207001097028,15.539415630384065,15.589304392066516,69.42429055448909,0.8944851378488199,-36.46631735445685,24192,12
ridge_diff,Все категории,3594.9495322217235,4178.52957742005,11.73030594647476,12.801984276957832,13.386674434931791,-1978.3760622243897,0.8658768623988873,-1.4387935218773884,24192,12
ridge_diff,Здоровье,156.08740621235992,202.77296878312274,10.591232311332234,10.581483034876982,11.195485100482848,-121.31395561004668,0.9156428697751302,-0.06536323446406,24192,12
ridge_diff,Маркетплейсы,1720.6021463926777,2045.8097035859446,36.41192039468943,39.56215060332104,54.36221991674897,-1276.7268401558167,-0.49330281157599365,-13.852027448562698,24192,12
ridge_diff,Общественное питание,173.57194439461213,243.144510211119,13.830418328182722,25.98568040935704,26.515454073400495,-86.35843438840764,0.9671950165976001,-3.9655590463952928,24192,12
ridge_diff,Продовольствие,1379.0015903380836,1590.3836339080137,10.964173602626246,11.562201870508012,12.000247526550304,-704.3623462575949,0.733166148263654,-1.6176354600682021,24192,12
ridge_diff,Транспорт,185.64086257651678,242.06655386367385,10.378376235828124,11.048827459657002,11.35403085651582,-82.71090923036967,0.937930091064904,-0.04082904576481927,24192,12
ridge_logdiff,Все категории,4389.954738703721,5243.757202071254,14.324404755787054,13.917460220169836,14.764805372535445,-3199.047933067287,0.7887766663841934,-1.6928269047944582,24192,12
ridge_logdiff,Здоровье,177.1673337895361,240.12695599909628,12.021600176963744,11.345151733148287,12.088082872610592,-145.59030136980263,0.881700336699009,-0.20149438068362224,24192,12
ridge_logdiff,Маркетплейсы,2131.6025876038543,2550.262628112686,45.10964018943632,45.400675444007874,55.210753810758085,-543.3259593255399,-1.3205302162024322,-8.019904801666396,24192,12
ridge_logdiff,Общественное питание,209.8832662470856,335.7476525926664,16.723747506585244,18.77722042830808,20.299200937114783,-171.50132678728406,0.9374486257606839,0.08552921916774181,24192,12
ridge_logdiff,Продовольствие,1414.2966933336081,1634.5712244454876,11.244798106090839,11.27526996844861,11.645532345635479,-821.6954045526412,0.71813261404694,-1.1748798637118796,24192,12
ridge_logdiff,Транспорт,214.23636594589595,290.81464227980314,11.977026923512707,11.556312229122618,12.029427148654106,-137.66379751969342,0.910413190218105,-0.105531991143067,24192,12
seasonal_naive,Все категории,4079.2546709656085,4663.042766572267,13.310591677330267,12.876821523169305,13.891413797550486,-4026.1948991402114,0.8329695926144287,-1.2375228782248784,24192,12
seasonal_naive,Здоровье,177.79637896825398,223.7523523050362,12.064283720651185,11.918517934874846,12.585708467106812,-139.37822420634922,0.8972842841908844,-0.2914811180846557,24192,12
seasonal_naive,Маркетплейсы,1661.9038938492063,1752.4193997218517,35.16972962827592,36.83602230375848,46.240134793809474,-1661.4951636904761,-0.0957046858534687,-3.788343909076545,24192,12
seasonal_naive,Общественное питание,243.70333167989418,360.0698521182122,19.418570419664125,23.156176874134655,24.093602911528972,-206.40653935185185,0.9280576853979075,-0.25196164182835257,24192,12
seasonal_naive,Продовольствие,1201.1972552910054,1366.869357670715,9.550485895219222,9.350609707038107,9.901132777512977,-1155.4791666666667,0.8028979484061105,-0.5046536370222745,24192,12
seasonal_naive,Транспорт,232.56097056878306,296.4229024187791,13.001476166581325,13.247194774433058,13.611773863106444,-161.9379546957672,0.9069245715728174,-0.38677802984317466,24192,12
seasonal_naive_growth,Все категории,4079.2546709656085,4663.042766572267,13.310591677330267,12.876821523169305,13.891413797550486,-4026.1948991402114,0.8329695926144287,-1.2375228782248784,24192,12
seasonal_naive_growth,Здоровье,177.79637896825398,223.7523523050362,12.064283720651185,11.918517934874846,12.585708467106812,-139.37822420634922,0.8972842841908844,-0.2914811180846557,24192,12
seasonal_naive_growth,Маркетплейсы,1661.9038938492063,1752.4193997218517,35.16972962827592,36.83602230375848,46.240134793809474,-1661.4951636904761,-0.0957046858534687,-3.788343909076545,24192,12
seasonal_naive_growth,Общественное питание,243.70333167989418,360.0698521182122,19.418570419664125,23.156176874134655,24.093602911528972,-206.40653935185185,0.9280576853979075,-0.25196164182835257,24192,12
seasonal_naive_growth,Продовольствие,1201.1972552910054,1366.869357670715,9.550485895219222,9.350609707038107,9.901132777512977,-1155.4791666666667,0.8028979484061105,-0.5046536370222745,24192,12
seasonal_naive_growth,Транспорт,232.56097056878306,296.4229024187791,13.001476166581325,13.247194774433058,13.611773863106444,-161.9379546957672,0.9069245715728174,-0.38677802984317466,24192,12
